_step,_timestamp,grad_norm,lr,loss_metrics/global_avg_loss,loss_metrics/global_max_loss,n_tokens_seen,throughput(tps),tflops,mfu(%),source
1,1777630045.897246,3.264857530593872,1.1399999999999999e-07,12.92279052734375,13.020349502563477,100663296.0,148.0957754843357,22.036774228629167,7.390208562034915,wandb
10,1777630465.7910435,4.143004417419434,1.1399999999999999e-06,12.186076164245605,12.58765983581543,1006632960.0,354.07535391941695,52.686706347470796,17.668908539646964,wandb
20,1777630970.6011257,37.09210968017578,2.2799999999999998e-06,11.255186080932617,12.013626098632812,2013265920.0,355.51610246541424,52.90109092612966,17.740804123471328,wandb
30,1777631432.7068424,30.846275329589844,3.42e-06,9.657363891601562,10.95577621459961,3019898880.0,357.2377629319461,53.15727543156367,17.826717647196563,wandb
40,1777631951.4612553,6.02797269821167,4.5599999999999995e-06,8.701909065246582,10.467958450317383,4026531840.0,355.7311510924384,52.9330903402008,17.751535383019345,wandb
50,1777632779.1956587,2.8118672370910645,5.7e-06,8.18942642211914,9.838132858276367,5033164800.0,57.980156528226466,8.62749538246113,2.8932996083223546,wandb
60,1777633822.4399188,5.389185905456543,6.84e-06,7.815255165100098,10.038485527038574,6039797760.0,107.66129422974846,16.020089879970456,5.372465323972751,wandb
70,1777635425.5722222,1.706251621246338,7.98e-06,7.418858051300049,9.914665222167969,7046430720.0,258.457738686879,38.45872589179437,12.897441450448296,wandb
80,1777635931.7796764,3.2819182872772217,9.119999999999999e-06,7.134178638458252,8.764008522033691,8053063680.0,352.4205918785553,52.44047638326476,17.58633335097252,wandb
90,1777636404.6503842,2.5312421321868896,1.026e-05,6.919586181640625,8.515484809875488,9059696640.0,351.6806286064383,52.33036923461861,17.549408037665604,wandb
100,1777636870.623037,6.887425899505615,1.14e-05,6.711829662322998,9.047646522521973,10066329600.0,355.17176104471224,52.849852637118666,17.72362095327479,wandb
110,1777638652.5231552,5.8200907707214355,1.254e-05,6.5556182861328125,8.951559066772461,11072962560.0,354.3979455118964,52.73470824400211,17.685006359729847,wandb
120,1777639118.5997267,5.172796726226807,1.368e-05,6.387203216552734,8.081679344177246,12079595520.0,350.99289698109436,52.228034198335315,17.51508916442714,wandb
130,1777639650.0885725,3.008155107498169,1.4819999999999999e-05,6.2921366691589355,8.150320053100586,13086228480.0,354.14281185818385,52.69674414471162,17.672274795267835,wandb
140,1777640124.1154094,1.6965512037277222,1.596e-05,6.133498191833496,7.845345497131348,14092861440.0,303.2154830070021,45.11871537049213,15.130922211193761,wandb
150,1777640590.2200632,4.192391395568848,1.71e-05,6.073124885559082,8.008624076843262,15099494400.0,348.55178934186335,51.86479535686542,17.393274112530523,wandb
160,1777641053.9072511,1.8368725776672363,1.8239999999999998e-05,5.940753936767578,7.478317737579346,16106127360.0,335.80546197527946,49.96813127240396,16.75721263588839,wandb
170,1777641519.318703,3.8620073795318604,1.9379999999999997e-05,5.8808207511901855,7.995597839355469,17112760320.0,354.22420389455937,52.708855347234106,17.67633638394001,wandb
180,1777641987.4271073,1.134085774421692,2.052e-05,5.758518218994141,7.703139781951904,18119393280.0,356.91835097812924,53.10974666790266,17.81077849600745,wandb
190,1777642469.2352703,2.757537364959717,2.166e-05,5.715704441070557,7.228445053100586,19126026240.0,350.0192707006835,52.083157800245594,17.46650370511756,wandb
200,1777642932.1075222,2.4182732105255127,2.28e-05,5.678431510925293,7.322397232055664,20132659200.0,354.4033751910158,52.73551618475867,17.685277309127194,wandb
210,1777820108.076025,2.0359318256378174,2.28e-05,5.550464630126953,7.245835304260254,21139292160.0,340.912515881763,50.72806512968351,17.01206253544181,wandb
220,1777820604.9713218,1.9229812622070312,2.28e-05,5.476641654968262,6.920172214508057,22145925120.0,344.83939625276554,51.31238818600034,17.20801994776475,wandb
230,1777821070.7378302,1.677409291267395,2.28e-05,5.4164862632751465,7.2259521484375,23152558080.0,350.0427198098303,52.086647047136275,17.467673851981118,wandb
240,1777821533.0498261,1.8408973217010498,2.28e-05,5.359870910644531,6.749533653259277,24159191040.0,353.4159101223688,52.58858056350097,17.63600127285162,wandb
250,1777821996.2649896,1.3130310773849487,2.28e-05,5.243538856506348,6.592347621917725,25165824000.0,343.45184523946506,51.105919444330915,17.138779003212367,wandb
260,1777822468.2772617,1.4936004877090454,2.28e-05,5.20904541015625,6.5872650146484375,26172456960.0,351.62047125289996,52.32141777051519,17.546406092554513,wandb
270,1777822944.2469563,1.2025253772735596,2.28e-05,5.120477199554443,7.290133953094482,27179089920.0,351.604288353513,52.31900974166367,17.545598540811618,wandb
280,1777823419.7544203,1.3549391031265259,2.28e-05,5.0493059158325195,6.564244270324707,28185722880.0,346.4493508897184,51.551950771339705,17.28835917758806,wandb
290,1777823888.358634,1.3131049871444702,2.28e-05,4.993442058563232,6.057370662689209,29192355840.0,356.35791698259874,53.02635362452135,17.782811971650627,wandb
300,1777824352.9851592,1.3970597982406616,2.28e-05,4.929127216339111,6.465484142303467,30198988800.0,352.7682247216385,52.49220443865612,17.603680768243514,wandb
310,1777826088.8957965,1.255953073501587,2.28e-05,4.858715534210205,7.272115707397461,31205621760.0,350.47252206259407,52.150601978842694,17.489121650056173,wandb
320,1777826556.1159804,0.9814012050628662,2.28e-05,4.786373138427734,6.61680793762207,32212254720.0,356.55624535853735,53.05586505136251,17.792708864773765,wandb
330,1777827272.7570705,1.0196129083633423,2.28e-05,4.746849060058594,6.5289459228515625,33218887680.0,160.46934222693622,23.87797122305933,8.007668706222141,wandb
340,1777827821.1628268,1.2137038707733154,2.28e-05,4.699458122253418,6.180660724639893,34225520640.0,355.95985138683983,52.9671211337009,17.7629478819127,wandb
350,1777828284.670998,1.132779598236084,2.28e-05,4.654481410980225,5.972794532775879,35232153600.0,348.79971963265876,51.90168758977908,17.40564621802666,wandb
360,1777828744.9021354,1.3209257125854492,2.28e-05,4.6038970947265625,5.703866004943848,36238786560.0,356.2830730266137,53.01521678179221,17.77907714233137,wandb
370,1777829276.6449277,0.792110800743103,2.28e-05,4.542190074920654,6.035439491271973,37245419520.0,357.66161606770964,53.22034512972602,17.84786857511953,wandb
380,1777829739.936219,1.1660442352294922,2.28e-05,4.531307697296143,6.404870510101318,38252052480.0,344.7479327062504,51.29877833441537,17.203455775138224,wandb
390,1777830200.223739,0.9407910704612732,2.28e-05,4.467540264129639,5.70999813079834,39258685440.0,355.6765241819293,52.92496181060731,17.748809415580766,wandb
400,1777830661.2343478,1.1459319591522217,2.28e-05,4.426302909851074,5.7363691329956055,40265318400.0,355.2192832123742,52.85692397508355,17.725992383041735,wandb
410,1777832429.5363116,0.8209352493286133,2.28e-05,4.396252632141113,6.234432220458984,41271951360.0,350.4092177369558,52.14118224268058,17.485962666163378,wandb
420,1777832893.4572287,0.8372257947921753,2.28e-05,4.346471309661865,5.819012641906738,42278584320.0,346.5690339455242,51.569759709313516,17.294331547433547,wandb
430,1777833370.208088,0.8757113814353943,2.28e-05,4.305109977722168,5.304726600646973,43285217280.0,352.77321131909616,52.4929464484939,17.603929607179715,wandb
440,1777833830.306005,0.713115394115448,2.28e-05,4.279963970184326,5.41140604019165,44291850240.0,356.47805467163346,53.044230212296725,17.78880702839836,wandb
450,1777834290.1519227,0.7018316388130188,2.28e-05,4.243155479431152,5.835919380187988,45298483200.0,357.26586701626326,53.161457342620714,17.828120084530575,wandb
460,1777834749.6799111,0.7428019046783447,2.28e-05,4.213321685791016,5.441335678100586,46305116160.0,357.69245936615454,53.22493463811729,17.849407703480914,wandb
470,1777835208.143514,0.7750916481018066,2.28e-05,4.162907123565674,5.582822799682617,47311749120.0,356.820571262645,53.0951969651362,17.80589913676711,wandb
480,1777835666.370503,0.965263307094574,2.28e-05,4.1651740074157715,5.660820960998535,48318382080.0,358.6635821932612,53.369438520278884,17.897868236593354,wandb
490,1777836126.8461251,0.5685245990753174,2.28e-05,4.102766513824463,5.307287693023682,49325015040.0,354.10565792905584,52.69121560924042,17.67042075666169,wandb
500,1777836589.3805885,0.8374180197715759,2.28e-05,4.066380023956299,5.614503860473633,50331648000.0,351.0924036080196,52.24284086695656,17.52005469922296,wandb
510,1777838363.8262522,0.6626917123794556,2.28e-05,4.037066459655762,5.635889053344727,51338280960.0,351.5919978099219,52.31718089858305,17.54498522365127,wandb
520,1777838836.2992322,0.8355193734169006,2.28e-05,4.032753944396973,5.785953521728516,52344913920.0,351.52689397686095,52.307493394223854,17.541736441551073,wandb
530,1777839301.437301,0.5904913544654846,2.28e-05,3.980614185333252,5.8257622718811035,53351546880.0,356.3778572916664,53.02932075904991,17.783807023955934,wandb
540,1777839763.9874854,1.4205892086029053,2.28e-05,4.023486614227295,5.608001232147217,54358179840.0,356.66162287721045,53.07154531354539,17.797967366160428,wandb
550,1777840872.2622225,0.5533231496810913,2.28e-05,3.934406280517578,6.480639457702637,55364812800.0,164.1034857449734,24.418734792847257,8.18901809620189,wandb
560,1777841901.9854336,0.7063217163085938,2.28e-05,3.919341564178467,5.293901443481445,56371445760.0,304.38191256483776,45.292281056181416,15.18912885265356,wandb
570,1777842383.2589614,0.7176527976989746,2.28e-05,3.8981943130493164,4.769455432891846,57378078720.0,325.54009198699293,48.44063570363844,16.244954774840117,wandb
580,1777842881.2858863,0.7494626641273499,2.28e-05,3.8725719451904297,5.026784420013428,58384711680.0,342.11287087279766,50.906678947971905,17.071962108560722,wandb
590,1777843362.957528,0.5838485360145569,2.28e-05,3.8496081829071045,5.211126804351807,59391344640.0,356.98275429175783,53.119329934389285,17.813992321103033,wandb
600,1777843839.8069766,0.9579327702522278,2.28e-05,3.851050853729248,5.170698165893555,60397977600.0,327.17944312444143,48.68457251263419,16.32676093556639,wandb
610,1777845632.1337981,0.5421112179756165,2.28e-05,3.8025572299957275,4.86018180847168,61404610560.0,358.76545230086197,53.38459687678502,17.902951712735362,wandb
620,1777846105.107003,0.8743631839752197,2.28e-05,3.8136837482452393,5.609762191772461,62411243520.0,327.0618165104208,48.66706957490369,16.320891185350927,wandb
630,1777846589.2306385,0.7932019829750061,2.28e-05,3.7832369804382324,5.909794807434082,63417876480.0,348.08324855453344,51.795076099084255,17.369893201583782,wandb
640,1777847083.3240879,0.6255492568016052,2.28e-05,3.767765522003174,4.886887073516846,64424509440.0,358.4991950674673,53.344977579611495,17.889665064419418,wandb
650,1777847554.3181312,0.48260825872421265,2.28e-05,3.7383317947387695,4.940386772155762,65431142400.0,355.0568657681669,52.83275612466998,17.71788750102954,wandb
660,1777848016.0670247,0.5636411905288696,2.28e-05,3.7286040782928467,5.030996322631836,66437775360.0,356.0626423753721,52.98241651805346,17.768077311439416,wandb
670,1777848480.920439,0.6615889072418213,2.28e-05,3.7186338901519775,5.1022138595581055,67444408320.0,351.47170498208396,52.29928122602507,17.538982425236988,wandb
680,1777848944.4381917,0.4959352910518646,2.28e-05,3.684156894683838,5.1920881271362305,68451041280.0,353.84955220339924,52.65310686483839,17.65764068430417,wandb
690,1777849407.6684427,0.46309077739715576,2.28e-05,3.6746346950531006,5.841612815856934,69457674240.0,354.52336518704897,52.75337079569291,17.691264995765405,wandb
700,1777849890.5884795,0.6308141946792603,2.28e-05,3.6664905548095703,5.7503509521484375,70464307200.0,354.8194098471249,52.79742248666349,17.706038082806426,wandb
710,1777851707.1017413,0.6370449662208557,2.28e-05,3.663238048553467,6.140646457672119,71470940160.0,354.8323584592358,52.79934925088569,17.706684238605103,wandb
720,1777852171.6384876,0.4776032269001007,2.28e-05,3.62845516204834,4.453038692474365,72477573120.0,353.2357075421012,52.56176627008992,17.627008885005043,wandb
730,1777852660.0055864,0.6442669630050659,2.28e-05,3.639836549758911,5.268254280090332,73484206080.0,354.3917839654003,52.73379140077286,17.68469888901691,wandb
740,1777853141.4508688,0.5880893468856812,2.28e-05,3.6043174266815186,5.178013801574707,74490839040.0,313.22243941157575,46.60775878366262,15.630284834193176,wandb
750,1777853622.3974876,0.611078679561615,2.28e-05,3.6192283630371094,5.123744964599609,75497472000.0,343.6849307823935,51.14060276644914,17.15041033279893,wandb
760,1777854100.0672102,0.42726045846939087,2.28e-05,3.5738160610198975,4.543887138366699,76504104960.0,357.10860782406786,53.13805704438497,17.820272607282693,wandb
770,1777854565.3813326,0.7668808698654175,2.28e-05,3.583162307739258,4.8554229736328125,77510737920.0,352.6137569100721,52.46921950017326,17.59597258521221,wandb
780,1777855044.6127143,0.4415956139564514,2.28e-05,3.554440498352051,5.832193374633789,78517370880.0,356.0610732420609,52.98218302971525,17.76799900925697,wandb
790,1777855510.4216843,0.43026047945022583,2.28e-05,3.532334566116333,4.834911346435547,79524003840.0,336.0605459301597,50.006087976466986,16.769941720301695,wandb
800,1777855989.8330517,0.7069220542907715,2.28e-05,3.535540819168091,5.051373481750488,80530636800.0,356.2800796423952,53.014771363737665,17.778927767822825,wandb
810,1779631736.4443364,0.4382062554359436,2.28e-05,3.519605875015259,5.220679759979248,81537269760.0,147.64270533228634,21.96935701420972,7.367599659749031,wandb
820,1779632385.3250487,0.5881778597831726,2.28e-05,3.5274829864501953,4.914311408996582,82543902720.0,159.74160898536695,23.769683913102757,7.9713536903809805,wandb
830,1779633503.3608305,0.5737389326095581,2.28e-05,3.511842966079712,4.725873947143555,83550535680.0,301.60144066224643,44.87854453084121,15.050378998420198,wandb
840,1779633973.4752934,0.632757842540741,2.28e-05,3.5025599002838135,4.372649669647217,84557168640.0,343.8636894448615,51.16720220369397,17.15933066691102,wandb
850,1779634667.527854,0.44714072346687317,2.28e-05,3.479701280593872,4.245388984680176,85563801600.0,353.63820451221744,52.6216581530903,17.647094107186557,wandb
860,1779636871.4189265,0.42916545271873474,2.28e-05,3.4673585891723633,4.85758113861084,86570434560.0,351.09214986988167,52.24280311051118,17.5200420372969,wandb
870,1779637346.096325,0.42837682366371155,2.28e-05,3.4543581008911133,5.196272850036621,87577067520.0,329.60412927386227,49.04536782279969,16.44775652968847,wandb
880,1779637835.73664,0.5046955347061157,2.28e-05,3.448929786682129,4.853896141052246,88583700480.0,330.5429210360923,49.18506081569096,16.494603692590385,wandb
890,1779638336.4266374,0.5654439926147461,2.28e-05,3.444730281829834,4.552011489868164,89590333440.0,325.2410599631899,48.39613949046744,16.23003261372239,wandb
900,1779638845.345546,0.43144673109054565,2.28e-05,3.419386863708496,4.884021759033203,90596966400.0,321.6944894129063,47.86840685091776,16.053053250463385,wandb
910,1779640629.1149724,0.3739486038684845,2.28e-05,3.4073877334594727,5.8701677322387695,91603599360.0,354.21718958999304,52.7078116128967,17.675986359278653,wandb
920,1779641343.1778154,0.42748165130615234,2.28e-05,3.4029130935668945,5.227692604064941,92610232320.0,347.29271369495524,51.67744385627779,17.330444287739105,wandb
930,1779641816.7124655,0.5198553204536438,2.28e-05,3.4071528911590576,5.038966178894043,93616865280.0,341.7046848149046,50.84594052399158,17.051592992088093,wandb
940,1779642282.655956,0.4548780918121338,2.28e-05,3.3844282627105713,4.991932392120361,94623498240.0,353.3490850152853,52.57863693213953,17.63266659651185,wandb
950,1779642790.441341,0.6708726286888123,2.28e-05,3.402165174484253,4.778497219085693,95630131200.0,235.20425426964135,34.99858812313929,11.73705656387473,wandb
960,1779643257.1061718,0.44221916794776917,2.28e-05,3.3700618743896484,4.789746284484863,96636764160.0,351.6083654261337,52.319616413451314,17.54580199304981,wandb
970,1779643737.228072,0.3935859501361847,2.28e-05,3.3610153198242188,4.798111915588379,97643397120.0,352.184567611604,52.40535577657444,17.574555374505827,wandb
980,1779644233.661555,0.39609313011169434,2.28e-05,3.351292610168457,4.428315162658691,98650030080.0,334.93924461169604,49.83923741022742,16.713987047879538,wandb
990,1779644700.5001862,0.6094932556152344,2.28e-05,3.3556971549987793,4.554511070251465,99656663040.0,341.8327985239472,50.86500395015975,17.057986064587183,wandb
1000,1779645165.344411,0.4028019309043884,2.28e-05,3.335064172744751,4.6385650634765625,100663296000.0,341.80287147708884,50.86055078076454,17.05649265859903,wandb
1010,1779646916.4886053,0.5823110342025757,2.28e-05,3.359259605407715,5.274978160858154,101669928960.0,294.2402454197181,43.78319257308322,14.68304395506579,wandb
1020,1779647381.8450792,0.4810992479324341,2.28e-05,3.328589916229248,4.535102844238281,102676561920.0,356.8775335568672,53.103673001763276,17.808741643469933,wandb
1030,1779647863.027222,0.322506844997406,2.28e-05,3.3071041107177734,4.39420223236084,103683194880.0,341.72235939326373,50.84857051591142,17.05247498092196,wandb
1040,1779648334.1226902,0.47919678688049316,2.28e-05,3.318293333053589,4.415213584899902,104689827840.0,353.9239325239233,52.664174718226384,17.661352377495863,wandb
1050,1779648825.124086,0.3833159804344177,2.28e-05,3.301569938659668,5.003277778625488,105696460800.0,287.1999982352537,42.73559795257229,14.331724716881482,wandb
1060,1779649304.382946,0.4532874524593353,2.28e-05,3.298614025115967,4.219760894775391,106703093760.0,356.44839239285585,53.03981644061154,17.787326834747496,wandb
1070,1779649776.5563293,0.44357815384864807,2.28e-05,3.285552978515625,4.923890590667725,107709726720.0,330.25847900598853,49.142735605683924,16.480409594754704,wandb
1080,1779650245.0028543,0.3724292814731598,2.28e-05,3.287233591079712,4.534702777862549,108716359680.0,356.1481642819766,52.9951422486915,17.77234498703221,wandb
1090,1779650708.5483263,0.4684339165687561,2.28e-05,3.271944522857666,4.731786727905273,109722992640.0,356.94497333006285,53.113708095952035,17.812106992600672,wandb
1100,1779651175.8407762,0.3174026310443878,2.28e-05,3.255472183227539,4.877612113952637,110729625600.0,319.34130224310456,47.5182506482237,15.935625566159322,wandb
1110,1779652933.7701824,0.40486055612564087,2.28e-05,3.263760566711426,4.510622978210449,111736258560.0,356.4679416496822,53.04272538624223,17.788302372940308,wandb
1120,1779653399.2295203,0.31752684712409973,2.28e-05,3.2541255950927734,4.610201835632324,112742891520.0,355.47170413911067,52.89448441834995,17.73858857822626,wandb
1130,1779653867.407186,0.4222641587257385,2.28e-05,3.244185209274292,4.988683700561523,113749524480.0,355.14624386790234,52.846055660044385,17.7223476066319,wandb
1140,1779654337.8885384,0.3909373879432678,2.28e-05,3.248975992202759,4.905023574829102,114756157440.0,355.7315493236203,52.93314959733097,17.75155525537209,wandb
1150,1779654799.644364,0.4078367054462433,2.28e-05,3.234448194503784,5.533415794372559,115762790400.0,356.96066637244,53.11604323367419,17.812890099720107,wandb
1160,1779655258.3621721,0.3736974895000458,2.28e-05,3.2201054096221924,4.739574432373047,116769423360.0,355.0047378312313,52.82499944441696,17.715286236242594,wandb
1170,1779655728.2515337,0.3687903583049774,2.28e-05,3.213590621948242,4.114860534667969,117776056320.0,346.4511433882004,51.55221749660059,17.288448626038466,wandb
1180,1779656190.6544406,0.4722404181957245,2.28e-05,3.2113702297210693,4.304730415344238,118782689280.0,352.91756261021357,52.514426040342904,17.61113296017252,wandb
1190,1779656735.5453427,0.3486877381801605,2.28e-05,3.2050647735595703,4.362875938415527,119789322240.0,356.012987348615,52.97502780888614,17.765599448700332,wandb
1200,1779657231.8299901,0.43293386697769165,2.28e-05,3.1977293491363525,4.723611831665039,120795955200.0,356.11384337345794,52.99003526903679,17.77063232054215,wandb
1210,1779659011.685282,0.3183000683784485,2.28e-05,3.1874451637268066,4.377132415771484,121802588160.0,335.957686162834,49.990782357772915,16.764808858606663,wandb
1220,1779659476.3381846,0.31622034311294556,2.28e-05,3.1825273036956787,5.011205673217773,122809221120.0,360.65658432438426,53.66599889046568,17.99732212962582,wandb
1230,1779660144.7179732,0.4136549234390259,2.28e-05,3.179717779159546,5.149761199951172,123815854080.0,347.35791252838914,51.68714549677127,17.333697810505047,wandb
1240,1779660611.7772768,0.2592789828777313,2.28e-05,3.1669414043426514,4.131640434265137,124822487040.0,345.7825036462673,51.4527233484044,17.25508246735102,wandb
1250,1779661077.8376906,0.3486435115337372,2.28e-05,3.1656765937805176,4.398562431335449,125829120000.0,343.6870637785214,51.140920158042164,17.150516772609222,wandb
1260,1779661541.4631467,0.4050493836402893,2.28e-05,3.1612706184387207,4.533357620239258,126835752960.0,333.31359512207507,49.59733941779311,16.632864620600476,wandb
1270,1779662002.5171716,0.2859035134315491,2.28e-05,3.153761386871338,4.591097831726074,127842385920.0,353.79917594118183,52.645610835236354,17.65512683079859,wandb
1280,1779662461.0546956,0.2672490179538727,2.28e-05,3.1487224102020264,4.641810417175293,128849018880.0,358.81260649787265,53.39161346041178,17.905304780196904,wandb
1290,1779663076.3324037,0.37435537576675415,2.28e-05,3.1343894004821777,4.200654029846191,129855651840.0,357.0425984615694,53.1282347964944,17.816978637861112,wandb
1300,1779663923.767508,0.3391590416431427,2.28e-05,3.1402459144592285,4.883241653442383,130862284800.0,127.99802424350882,19.04621217411534,6.3872996484493525,wandb
1310,1779665677.5468946,0.344254732131958,2.28e-05,3.1354591846466064,5.386483192443848,131868917760.0,341.9696318746012,50.885364866232116,17.06481426070735,wandb
1320,1779666142.459893,0.337100088596344,2.28e-05,3.12839674949646,4.0226945877075195,132875550720.0,355.18939776581226,52.85247699584694,17.724501052972798,wandb
1330,1779666619.314946,0.26992106437683105,2.28e-05,3.120205879211426,4.733968257904053,133882183680.0,354.56557685580805,52.75965192701631,17.693371423412383,wandb
1340,1779667082.948331,0.2861281931400299,2.28e-05,3.112804889678955,4.657176971435547,134888816640.0,353.2554322538428,52.564701323557536,17.62799317866987,wandb
1350,1779667554.4175642,0.388053834438324,2.28e-05,3.1132168769836426,4.63535213470459,135895449600.0,314.82724840120744,46.84655569241258,15.710367288245763,wandb
1360,1779668020.474105,0.3271503746509552,2.28e-05,3.10762095451355,4.079388618469238,136902082560.0,352.49524474575304,52.451584791823855,17.590058644665344,wandb
1370,1779668480.1402614,0.3264513909816742,2.28e-05,3.0921976566314697,4.336490631103516,137908715520.0,355.35041469897436,52.876436449055355,17.73253604731477,wandb
1380,1779668943.6872659,0.3051893413066864,2.28e-05,3.095546007156372,5.266722679138184,138915348480.0,351.0567953228121,52.23754232458275,17.518277790642287,wandb
1390,1779669612.4078224,0.3145522475242615,2.28e-05,3.0959537029266357,4.349331855773926,139921981440.0,358.1640801434801,53.29511220096447,17.872942310698615,wandb
1400,1779670073.4747999,0.30617958307266235,2.28e-05,3.09226655960083,4.689126014709473,140928614400.0,359.3670920663585,53.47412137291499,17.93297446883149,wandb
1410,1779675126.7533221,0.28294771909713745,2.28e-05,3.088820457458496,4.772700309753418,141935247360.0,346.6499446923392,51.5817992955502,17.298369119011245,wandb
1420,1779675600.62342,0.3473546802997589,2.28e-05,3.079303026199341,4.498360633850098,142941880320.0,346.7546411384764,51.597378213574835,17.30359363382355,wandb
1430,1779676092.0029633,0.2785980999469757,2.28e-05,3.074037551879883,4.239635467529297,143948513280.0,336.4744550665419,50.06767799927344,16.790596427254627,wandb
1440,1779676574.0329201,0.33694231510162354,2.28e-05,3.075904369354248,3.9875879287719727,144955146240.0,347.9908946585167,51.781333762754954,17.36528459913818,wandb
1450,1779677045.568924,0.32947197556495667,2.28e-05,3.0646796226501465,3.8031435012817383,145961779200.0,352.00463839546387,52.3785821599723,17.565576627952588,wandb
1460,1779677518.403063,0.3461351990699768,2.28e-05,3.0613155364990234,4.407694339752197,146968412160.0,345.27788132632094,51.377635128642446,17.229901032044946,wandb
1470,1779677989.6483002,0.36444854736328125,2.28e-05,3.055321216583252,4.965672492980957,147975045120.0,349.15587647292745,51.95468402302179,17.423418995958865,wandb
1480,1779678459.1224365,0.30196842551231384,2.28e-05,3.0540952682495117,4.472565174102783,148981678080.0,346.4801711676171,51.556536854254595,17.28989715718853,wandb
1490,1779679130.5460446,0.29108551144599915,2.28e-05,3.0433573722839355,4.2716569900512695,149988311040.0,351.4151198801325,52.29086131592075,17.536158741012656,wandb
1500,1779679604.000286,0.24668875336647034,2.28e-05,3.0345053672790527,4.4600324630737305,150994944000.0,345.0058208992559,51.337152311437364,17.21632479537708,wandb
1510,1779681399.432317,0.30832406878471375,2.28e-05,3.036914348602295,5.542361259460449,152001576960.0,348.6884438376882,51.885129659190866,17.40009338351771,wandb
1520,1779681976.4263406,0.26671499013900757,2.28e-05,3.0335917472839355,4.834887504577637,153008209920.0,347.7633887185242,51.74748069018154,17.353931700379604,wandb
1530,1779682452.6533804,0.24798133969306946,2.28e-05,3.0253634452819824,4.623775005340576,154014842880.0,344.8515194693383,51.31419213068185,17.208624915047732,wandb
1540,1779682929.510168,0.28500470519065857,2.28e-05,3.022488594055176,4.6587629318237305,155021475840.0,345.4495917330438,51.40318577958628,17.238469647279267,wandb
1550,1779683403.8360746,0.2722066044807434,2.28e-05,3.017498731613159,4.522239685058594,156028108800.0,346.9104300076489,51.62055972652523,17.31136773967541,wandb
1560,1779683874.9259229,0.3232685923576355,2.28e-05,3.0172324180603027,4.5586700439453125,157034741760.0,353.19400032869413,52.55556020214132,17.62492763046141,wandb
1570,1779684344.98867,0.29105138778686523,2.28e-05,3.0138485431671143,4.441364288330078,158041374720.0,347.41260943355195,51.695284441627294,17.336427270785254,wandb
1580,1779684810.3950987,0.2880900502204895,2.28e-05,3.0052199363708496,3.9920272827148438,159048007680.0,350.31278881019887,52.12683353839714,17.481150713372582,wandb
1590,1779685277.264094,0.2630653381347656,2.28e-05,3.0030972957611084,4.1442975997924805,160054640640.0,350.9118578682882,52.21597551113268,17.511045187187673,wandb
1600,1779685744.7092142,0.22775526344776154,2.28e-05,2.993924617767334,4.249683380126953,161061273600.0,347.3688569687231,51.68877403857072,17.334243955028064,wandb
1610,1779687505.3528514,0.22333605587482452,2.28e-05,2.9966893196105957,4.882647514343262,162067906560.0,352.08864903059236,52.3910830121612,17.56976888875813,wandb
1620,1779687973.662343,0.2636084258556366,2.28e-05,2.989269256591797,3.8798694610595703,163074539520.0,351.9474515749414,52.37007271364551,17.562722917039643,wandb
1630,1779688441.39504,0.3051111400127411,2.28e-05,2.9827022552490234,4.054677963256836,164081172480.0,348.97465218098426,51.92771769806596,17.414375623117287,wandb
1640,1779688911.875144,0.2933453619480133,2.28e-05,2.9837915897369385,4.016039848327637,165087805440.0,349.3785194407109,51.987813481296946,17.434529224872612,wandb
1650,1779689390.2484093,0.2186649739742279,2.28e-05,2.974820613861084,4.697786331176758,166094438400.0,348.8307763633946,51.90630885707227,17.407195996989913,wandb
1660,1779689857.0839703,0.30635663866996765,2.28e-05,2.9695372581481934,3.845221996307373,167101071360.0,350.1581071526362,52.103816779452664,17.473431859094863,wandb
1670,1779690322.5162659,0.2894741892814636,2.28e-05,2.967973232269287,4.6902055740356445,168107704320.0,350.55506931201256,52.16288507802415,17.49324088564834,wandb
1680,1779690788.7572415,0.23543405532836914,2.28e-05,2.961149215698242,4.308509826660156,169114337280.0,349.1397494497747,51.952284308600255,17.422614232526595,wandb
1690,1779691268.8100717,0.2689768970012665,2.28e-05,2.963674306869507,4.553980827331543,170120970240.0,355.6048801672038,52.91430112179174,17.74523426828631,wandb
1700,1779691733.0206115,0.22925841808319092,2.28e-05,2.9619579315185547,4.5783586502075195,171127603200.0,351.3015465758352,52.273961514039065,17.530491257230008,wandb
1710,1779693501.3252823,0.27710965275764465,2.28e-05,2.958710193634033,4.1254167556762695,172134236160.0,350.67054343888077,52.18006772388101,17.499003223421205,wandb
1720,1779693969.2664862,0.2457484006881714,2.28e-05,2.9553840160369873,4.115207672119141,173140869120.0,347.96080395142593,51.77685624058141,17.363783026250957,wandb
1730,1779694438.0616643,0.28574037551879883,2.28e-05,2.952836036682129,4.666733264923096,174147502080.0,354.298459480372,52.71990463999359,17.68004185267642,wandb
1740,1779694911.3278148,0.25417718291282654,2.28e-05,2.950718402862549,4.731372356414795,175154135040.0,336.82583031554657,50.119962927770025,16.808130596377204,wandb
1750,1779695382.459436,0.23003654181957245,2.28e-05,2.94450306892395,5.152113914489746,176160768000.0,351.7276448912146,52.33736529679051,17.551754223093056,wandb
1760,1779695849.3163004,0.2412455528974533,2.28e-05,2.93685245513916,4.590372085571289,177167400960.0,352.8856041286748,52.509670591782296,17.609538182447597,wandb
1770,1779696315.2499924,0.25684884190559387,2.28e-05,2.935987710952759,3.86381196975708,178174033920.0,349.2340458987492,51.96631569842091,17.42731977137334,wandb
1780,1779696782.5215874,0.2027580887079239,2.28e-05,2.9388952255249023,4.047416687011719,179180666880.0,354.88869648984155,52.80773239656884,17.709495593586627,wandb
1790,1779697246.904921,0.262687087059021,2.28e-05,2.9314017295837402,4.078652858734131,180187299840.0,355.9276739222435,52.96233310027969,17.761342176594052,wandb
1800,1779697710.171992,0.2967304289340973,2.28e-05,2.934521436691284,4.563370704650879,181193932800.0,354.9122315546499,52.81123443373325,17.71067002977082,wandb
1810,1779699463.417554,0.25459012389183044,2.28e-05,2.9235048294067383,4.197500228881836,182200565760.0,316.9117251347887,47.15672755931785,15.81438590561344,wandb
1820,1779699936.89222,0.2500346601009369,2.28e-05,2.922318935394287,4.7104949951171875,183207198720.0,353.55393781137957,52.60911919811146,17.642889068305536,wandb
1830,1779700407.2975762,0.2648765742778778,2.28e-05,2.919536590576172,4.829038619995117,184213831680.0,352.6739433488659,52.47817529218682,17.598975981722592,wandb
1840,1779700880.0363364,0.24357570707798004,2.28e-05,2.9131479263305664,3.816347599029541,185220464640.0,352.05175279247004,52.385592821325375,17.56792770933227,wandb
1850,1779701347.6967661,0.35147279500961304,2.28e-05,2.922624111175537,4.124129295349121,186227097600.0,351.51325812907754,52.30546436876356,17.541055991627974,wandb
1860,1779701824.815359,0.25829458236694336,2.28e-05,2.907528877258301,4.34958028793335,187233730560.0,350.86094309186035,52.20839935016946,17.508504460988963,wandb
1870,1779702292.4975657,0.2077590972185135,2.28e-05,2.9066128730773926,4.392352104187012,188240363520.0,351.6216534353513,52.32159368024449,17.546465085289757,wandb
1880,1779702765.0576093,0.20274953544139862,2.28e-05,2.901088237762451,4.369868755340576,189246996480.0,313.03295658594317,46.57956358204385,15.620829347729979,wandb
1890,1779703238.310029,0.23639295995235443,2.28e-05,2.893728256225586,3.9247231483459473,190253629440.0,352.58418653393716,52.46481940367753,17.594496977645548,wandb
1900,1779703710.6715763,0.24326074123382568,2.28e-05,2.896061897277832,4.3861613273620605,191260262400.0,353.1477147940157,52.548672876190096,17.622617910595604,wandb
1910,1779705459.4061244,0.3505018353462219,2.28e-05,2.891205072402954,4.940631866455078,192266895360.0,347.87032593854764,51.76339303721903,17.35926803327926,wandb
1920,1779705932.924433,0.2230616956949234,2.28e-05,2.8872690200805664,3.7664012908935547,193273528320.0,346.7542349362411,51.597317770345306,17.303573363702895,wandb
1930,1779706407.9641228,0.17407655715942383,2.28e-05,2.884995937347412,4.488916397094727,194280161280.0,333.42584201854214,49.614041849089475,16.638465914578102,wandb
1940,1779706881.7325578,0.18590344488620758,2.28e-05,2.8796401023864746,4.376154899597168,195286794240.0,342.7045392032382,50.99471968629484,17.101487274604157,wandb
1950,1779707416.5041387,0.23537099361419678,2.28e-05,2.881467342376709,4.360988616943359,196293427200.0,151.34528361299462,22.52030373344564,7.552364050375346,wandb
1960,1779707893.7365322,0.2216637283563614,2.28e-05,2.8796868324279785,3.872422695159912,197300060160.0,349.18654677227784,51.959247789004294,17.4249494913975,wandb
1970,1779708362.6763387,0.19175608456134796,2.28e-05,2.870802879333496,4.120397567749023,198306693120.0,353.6218528821023,52.619225016966475,17.646278135519,wandb
1980,1779708830.678604,0.24049124121665955,2.28e-05,2.8724112510681152,5.008241653442383,199313326080.0,353.26953503195404,52.5667998286379,17.62869692913949,wandb
1990,1779709307.6071541,0.17943552136421204,2.28e-05,2.8704099655151367,4.079239845275879,200319959040.0,342.85972141293234,51.01781092781167,17.109231107208473,wandb
2000,1779709778.6468792,0.2452896535396576,2.28e-05,2.870335578918457,4.4416022300720215,201326592000.0,352.04746220151924,52.38495437783311,17.56771360219871,wandb
2010,1779763261.2834115,0.18125049769878387,2.28e-05,2.8668932914733887,4.543125152587891,202333224960.0,347.0468815813396,51.6408638338688,17.318176884533823,wandb
2020,1779763735.5672724,0.2547331750392914,2.28e-05,2.861213207244873,4.365096569061279,203339857920.0,338.2251742550029,50.32818646663297,16.877960026209223,wandb
2030,1779764225.4058876,0.17351563274860382,2.28e-05,2.8572537899017334,3.9842984676361084,204346490880.0,310.75025935729286,46.239896341060295,15.506919220661642,wandb
2040,1779764738.571895,0.1991233080625534,2.28e-05,2.8579273223876953,3.72223162651062,205353123840.0,353.56395946577544,52.61061042859792,17.643389164381063,wandb
2050,1779765301.0581267,0.21395054459571838,2.28e-05,2.850677013397217,3.5976428985595703,206359756800.0,340.6961953483361,50.69587645488469,17.00126780579441,wandb
2060,1779765811.7278771,0.22483301162719727,2.28e-05,2.852531909942627,4.160734176635742,207366389760.0,351.63773777694524,52.32398704361467,17.547267718846136,wandb
2070,1779766275.2471616,0.2132776379585266,2.28e-05,2.8461828231811523,4.839773654937744,208373022720.0,354.1085466396577,52.69164545177399,17.670564907794656,wandb
2080,1779766742.1888425,0.2335040271282196,2.28e-05,2.842149257659912,4.2249579429626465,209379655680.0,352.8190172867545,52.499762414474766,17.60621539590849,wandb
2090,1779767206.0609257,0.24892859160900116,2.28e-05,2.841174364089966,4.126823425292969,210386288640.0,354.221553594693,52.70846098041573,17.67620412987199,wandb
2100,1779767669.9216735,0.17803947627544403,2.28e-05,2.8324639797210693,4.240636825561523,211392921600.0,352.1914872669659,52.40638542703173,17.5749006760253,wandb
2110,1779769406.8257263,0.25248509645462036,2.28e-05,2.8308422565460205,5.286027908325195,212399554560.0,346.3286831045581,51.533995304821154,17.28233766822267,wandb
2120,1779769876.7329922,0.22982828319072723,2.28e-05,2.8332324028015137,4.635229110717773,213406187520.0,329.57018389543543,49.040316722334126,16.446062602731597,wandb
2130,1779770350.6698177,0.20373505353927612,2.28e-05,2.8264012336730957,4.426258087158203,214412820480.0,354.0216699700965,52.678718131284306,17.666229627432116,wandb
2140,1779770814.6833444,0.199919193983078,2.28e-05,2.828526020050049,4.539626598358154,215419453440.0,354.56109767754265,52.758985421575204,17.69314790547975,wandb
2150,1779771291.909061,0.16982035338878632,2.28e-05,2.826305866241455,4.402627944946289,216426086400.0,351.0313629541559,52.23375796703208,17.517008676057614,wandb
2160,1779771756.9590063,0.19748125970363617,2.28e-05,2.8216559886932373,4.429884433746338,217432719360.0,351.7795643009752,52.34509094802692,17.55434508205101,wandb
2170,1779772221.4072948,0.22955991327762604,2.28e-05,2.826026201248169,4.252047538757324,218439352320.0,355.9891679530219,52.97148346306513,17.76441082396962,wandb
2180,1779772685.0435097,0.21815352141857147,2.28e-05,2.819793701171875,3.77376127243042,219445985280.0,356.7789741645212,53.08900728243308,17.803823377146653,wandb
2190,1779773150.3673913,0.16113506257534027,2.28e-05,2.816577911376953,3.9197096824645996,220452618240.0,353.58450483380545,52.61366759640194,17.644414410065682,wandb
2200,1779773612.4277048,0.21292933821678162,2.28e-05,2.815035343170166,4.020755767822266,221459251200.0,353.8288891660891,52.65003218774788,17.65660956674023,wandb
2210,1779775355.1863854,0.19968858361244202,2.28e-05,2.8180902004241943,4.645355224609375,222465884160.0,350.5512468679317,52.162316295174435,17.493050139768645,wandb
2220,1779775826.8437052,0.211287260055542,2.28e-05,2.809817314147949,3.75484037399292,223472517120.0,355.5864750571429,52.911562426148734,17.744315824789105,wandb
2230,1779776309.375772,0.15731069445610046,2.28e-05,2.801361083984375,3.8751749992370605,224479150080.0,322.6091666741653,48.004511586063,16.098697062419177,wandb
2240,1779776798.407878,0.24001838266849518,2.28e-05,2.8062846660614014,3.8129124641418457,225485783040.0,257.980952080693,38.38777964932801,12.873649060369809,wandb
2250,1779777379.6027977,0.1915282905101776,2.28e-05,2.8019309043884277,4.52616548538208,226492416000.0,354.8055597789577,52.7953615850324,17.705346942954396,wandb
2260,1779777844.1922417,0.2428876757621765,2.28e-05,2.79986834526062,3.6582083702087402,227499048960.0,349.1228724330078,51.949772994506866,17.421772043251412,wandb
2270,1779778310.855923,0.20356012880802155,2.28e-05,2.794340133666992,4.589982032775879,228505681920.0,346.3296016882854,51.534131990841686,17.282383506973332,wandb
2280,1779778795.3528726,0.20311997830867767,2.28e-05,2.795362949371338,3.969855308532715,229512314880.0,292.6702557021132,43.54957680089134,14.604699036614164,wandb
2290,1779779299.7926614,0.1953633725643158,2.28e-05,2.7984423637390137,4.427716255187988,230518947840.0,331.9934288405768,49.40089758010745,16.56698627852805,wandb
2300,1779779825.7563527,0.2355274260044098,2.28e-05,2.7920284271240234,4.390812873840332,231525580800.0,355.3003321772927,52.86898412828868,17.730036851916868,wandb
2310,1779781592.7304645,0.19106005132198334,2.28e-05,2.7877821922302246,3.932131290435791,232532213760.0,353.53945242847436,52.606963761120404,17.64216622526413,wandb
2320,1779782057.1011348,0.22882166504859924,2.28e-05,2.7909538745880127,3.8242013454437256,233538846720.0,354.2493921894886,52.712603386411764,17.677593318867697,wandb
2330,1779782520.002038,0.1517023742198944,2.28e-05,2.782576084136963,4.451325416564941,234545479680.0,354.997685821536,52.82395009952508,17.714934330036904,wandb
2340,1779782981.456934,0.2355862855911255,2.28e-05,2.7819457054138184,4.647353172302246,235552112640.0,356.6415229250035,53.0685544239853,17.79696434741523,wandb
2350,1779783490.882301,0.22465603053569794,2.28e-05,2.778897523880005,4.918417930603027,236558745600.0,284.52426899752265,42.337447222641046,14.19820168384629,wandb
2360,1779783970.4095109,0.15638113021850586,2.28e-05,2.77335262298584,4.491170406341553,237565378560.0,350.7162560007427,52.18686979100189,17.50128435105607,wandb
2370,1779784440.2629812,0.17188625037670135,2.28e-05,2.7742974758148193,3.7206192016601562,238572011520.0,348.14586120654394,51.80439291363686,17.37301766989131,wandb
2380,1779784905.2096379,0.2480425238609314,2.28e-05,2.775665760040283,3.90813946723938,239578644480.0,358.3366897890088,53.320796659388485,17.881555799342056,wandb
2390,1779785379.1616929,0.23059627413749695,2.28e-05,2.772503137588501,3.9358878135681152,240585277440.0,327.29152160976764,48.70124988421311,16.33235382556726,wandb
2400,1779785849.7800508,0.19562655687332153,2.28e-05,2.7696075439453125,4.4646196365356445,241591910400.0,358.73550142583645,53.380140161738765,17.90145711768476,wandb
2410,1779787656.4719799,0.16048404574394226,2.28e-05,2.766545295715332,4.088769912719727,242598543360.0,327.1065447405182,48.673725172641575,16.323123193306248,wandb
2420,1779788156.3380227,0.17223095893859863,2.28e-05,2.762866497039795,4.542248725891113,243605176320.0,323.0333638045143,48.067632470905,16.119865156204728,wandb
2430,1779788649.6346014,0.26276695728302,2.28e-05,2.7599425315856934,4.624841690063477,244611809280.0,348.34458948466704,51.83396384625476,17.382934518752805,wandb
2440,1779789144.597738,0.1919531375169754,2.28e-05,2.755464553833008,3.6603269577026367,245618442240.0,313.2183806893599,46.60715484243043,15.6300822976686,wandb
2450,1779789645.0675476,0.17269165813922882,2.28e-05,2.7561981678009033,3.907505750656128,246625075200.0,264.27410985048715,39.32420674527017,13.187687379697078,wandb
2460,1779790143.7692218,0.22243700921535492,2.28e-05,2.7510571479797363,4.212619781494141,247631708160.0,307.19856911532236,45.711401887141136,15.329684376858262,wandb
2470,1779790652.3190837,0.19417420029640198,2.28e-05,2.7529683113098145,4.282099723815918,248638341120.0,323.5006830426162,48.137169961147826,16.1431851099531,wandb
2480,1779791148.3586085,0.18192854523658752,2.28e-05,2.749638795852661,4.2022504806518555,249644974080.0,311.0995521442203,46.291871397472505,15.52434947170132,wandb
2490,1779791643.9342272,0.21963241696357727,2.28e-05,2.742281913757324,3.7820827960968018,250651607040.0,354.4685486585332,52.74521405078274,17.688529566094616,wandb
2500,1779792135.8741834,0.16357815265655518,2.28e-05,2.748307228088379,4.0100998878479,251658240000.0,320.0403722988127,47.62227285234973,15.97051024463351,wandb
2510,1779793963.3207428,0.18664637207984924,2.28e-05,2.7431211471557617,4.5308356285095215,252664872960.0,320.55946817616206,47.699514749458196,15.996413932870114,wandb
2520,1779794487.9020243,0.15999113023281097,2.28e-05,2.74350643157959,3.612124443054199,253671505920.0,256.81985020931194,38.21500672780217,12.815708278715423,wandb
2530,1779794994.5425053,0.2183583378791809,2.28e-05,2.7452423572540283,4.327754497528076,254678138880.0,335.38067032598826,49.90492192265025,16.73601487468686,wandb
2540,1779795497.998112,0.16938601434230804,2.28e-05,2.7376036643981934,4.207289695739746,255684771840.0,354.852162954644,52.80229617622906,17.707672513598453,wandb
2550,1779796032.5835772,0.20220384001731873,2.28e-05,2.735590934753418,4.191861629486084,256691404800.0,328.7838142540633,48.92330426745151,16.406821539726348,wandb
2560,1779796510.7539122,0.25200366973876953,2.28e-05,2.736431121826172,3.7149131298065186,257698037760.0,320.4476471877085,47.682875693627516,15.99083389236199,wandb
2570,1779797000.1791995,0.23584149777889252,2.28e-05,2.7309982776641846,3.9991328716278076,258704670720.0,344.46657845250473,51.25691258809154,17.18941576212505,wandb
2580,1779797485.7666824,0.22349846363067627,2.28e-05,2.732408046722412,4.805848121643066,259711303680.0,356.5951082473411,53.06164788145094,17.794648183114504,wandb
2590,1779797969.469345,0.19632209837436676,2.28e-05,2.7324166297912598,3.915649890899658,260717936640.0,356.52637488592796,53.05142030026247,17.791218281928252,wandb
2600,1779798478.9774945,0.22690525650978088,2.28e-05,2.727745771408081,4.334105014801025,261724569600.0,317.4141547702825,47.23148950581457,15.839457922569382,wandb
2610,1779830331.0739343,0.17521466314792633,2.28e-05,2.7290091514587402,4.401487350463867,262731202560.0,186.7490980458469,27.788420686393902,9.319069222718593,wandb
2620,1779830841.2158406,0.15403275191783905,2.28e-05,2.7281570434570312,4.279477119445801,263737835520.0,348.2755739307496,51.82369427458758,17.379490535723534,wandb
2630,1779831317.318096,0.19883345067501068,2.28e-05,2.7233123779296875,3.8121180534362793,264744468480.0,348.5744246156417,51.868163504378245,17.394403647748756,wandb
2640,1779831786.8586438,0.17014314234256744,2.28e-05,2.720999240875244,3.5655248165130615,265751101440.0,351.04035915699444,52.23509660947627,17.517457600512248,wandb
2650,1779832257.1124306,0.1832217127084732,2.28e-05,2.7166390419006348,3.486204147338867,266757734400.0,352.2173557850588,52.410234683980335,17.57619155514236,wandb
2660,1779832737.0014067,0.2532566487789154,2.28e-05,2.7189714908599854,4.007781028747559,267764367360.0,348.48714201469437,51.855175780961595,17.390048110781358,wandb
2670,1779833216.8915296,0.16133470833301544,2.28e-05,2.7116026878356934,4.729738235473633,268771000320.0,350.4421045693628,52.1460758306204,17.487603770034422,wandb
2680,1779833688.8997126,0.17703871428966522,2.28e-05,2.7126095294952393,4.028879165649414,269777633280.0,346.49349472705643,51.55851941095027,17.2905620234396,wandb
2690,1779834161.1101778,0.1906696856021881,2.28e-05,2.711477279663086,4.0341596603393555,270784266240.0,347.25833971189803,51.672328979087716,17.328728972747374,wandb
2700,1779834644.4100184,0.18323126435279846,2.28e-05,2.708218574523926,4.100358963012695,271790899200.0,344.2580797359657,51.22588780613335,17.1790113532545,wandb
2710,1779836400.267659,0.23820486664772034,2.28e-05,2.704568862915039,5.149731636047363,272797532160.0,343.32802022084206,51.08749417885439,17.13259994300738,wandb
2720,1779837014.3968818,0.2148764282464981,2.28e-05,2.7046313285827637,4.454951286315918,273804165120.0,350.3684725532475,52.1351193255491,17.48392941839167,wandb
2730,1779837488.5993497,0.19634470343589783,2.28e-05,2.702223300933838,4.270096778869629,274810798080.0,338.57889278427916,50.38082007717757,16.89561112864654,wandb
2740,1779837962.9527063,0.24334217607975006,2.28e-05,2.7053558826446533,4.462785720825195,275817431040.0,348.2291790722323,51.81679068115845,17.377175360428847,wandb
2750,1779838435.9235187,0.19671638309955597,2.28e-05,2.7030715942382812,4.312161445617676,276824064000.0,341.27289814044406,50.78169030869071,17.03004616829697,wandb
2760,1779838930.051289,0.17146655917167664,2.28e-05,2.697227954864502,4.3415374755859375,277830696960.0,352.80379707781634,52.49749763476052,17.605455883909965,wandb
2770,1779839394.0337152,0.16797147691249847,2.28e-05,2.7017269134521484,4.149357795715332,278837329920.0,353.60254026127,52.61635128296797,17.64531440582878,wandb
2780,1779839857.3555267,0.1693854182958603,2.28e-05,2.6980502605438232,3.635188102722168,279843962880.0,353.99231383641546,52.67434991424341,17.664764710895717,wandb
2790,1779840337.4128184,0.17437925934791565,2.28e-05,2.6953773498535156,3.781981945037842,280850595840.0,352.33592785378056,52.42787830615455,17.582108485011695,wandb
2800,1779840814.9727857,0.21332381665706635,2.28e-05,2.692394495010376,3.8976731300354004,281857228800.0,294.83460833494445,43.871634267857274,14.712703585063313,wandb
2810,1779842560.1167607,0.17758584022521973,2.28e-05,2.6950979232788086,4.44625186920166,282863861760.0,340.4767749994161,50.66322652496937,16.99031839055302,wandb
2820,1779843045.670924,0.19308258593082428,2.28e-05,2.6909165382385254,3.6727304458618164,283870494720.0,348.2542182597599,51.82051653303107,17.37842485466626,wandb
2830,1779843517.7074964,0.1991068422794342,2.28e-05,2.684438467025757,3.754009246826172,284877127680.0,347.4232306545528,51.696864888121894,17.336957286162956,wandb
2840,1779843997.238594,0.1776554435491562,2.28e-05,2.6864147186279297,3.648383617401123,285883760640.0,348.47872289324766,51.85392300870717,17.389627983581935,wandb
2850,1779844474.0554936,0.19482100009918213,2.28e-05,2.684554100036621,4.411532402038574,286890393600.0,354.03761722019533,52.68109109532629,17.66702541991057,wandb
2860,1779845086.4872444,0.15307161211967468,2.28e-05,2.681255340576172,3.5255019664764404,287897026560.0,219.3587102712312,32.64075803324785,10.946339377350139,wandb
2870,1779845735.7692318,0.14359834790229797,2.28e-05,2.679685115814209,4.516892433166504,288903659520.0,353.6845797786904,52.62855883120699,17.64940830480789,wandb
2880,1779846247.0274255,0.16697192192077637,2.28e-05,2.676194667816162,3.8223276138305664,289910292480.0,314.38979572599914,46.78146237150084,15.68853772224203,wandb
2890,1779846721.2526324,0.2207295447587967,2.28e-05,2.678709030151367,4.362496376037598,290916925440.0,355.2207571163368,52.85714329321571,17.726065933132197,wandb
2900,1779847191.7266903,0.17472612857818604,2.28e-05,2.676119804382324,4.25767707824707,291923558400.0,351.57167407914676,52.31415671058638,17.543971038008937,wandb
2910,1779848958.4828315,0.20987938344478607,2.28e-05,2.6738412380218506,3.7866711616516113,292930191360.0,352.6758404788542,52.47845758670263,17.599070651447214,wandb
2920,1779849456.9118624,0.19844748079776764,2.28e-05,2.67551326751709,3.6273629665374756,293936824320.0,352.043398449101,52.38434968810264,17.56751081465925,wandb
2930,1779849999.2903516,0.13807784020900726,2.28e-05,2.6710572242736816,4.310488224029541,294943457280.0,320.4646140040675,47.68540036997469,15.991680562775896,wandb
2940,1779850739.841784,0.13973572850227356,2.28e-05,2.669508457183838,4.595419406890869,295950090240.0,142.3670050605982,21.184328437905688,7.104334045378528,wandb
2950,1779851275.1800792,0.18974119424819946,2.28e-05,2.6675424575805664,4.784640312194824,296956723200.0,329.811134878122,49.07617042841227,16.458086429943805,wandb
2960,1779851804.8028448,0.16507799923419952,2.28e-05,2.671816110610962,4.434014320373535,297963356160.0,351.79804206248394,52.347840454265615,17.555267150967985,wandb
2970,1779852289.7361267,0.1516900509595871,2.28e-05,2.6651833057403564,3.6102097034454346,298969989120.0,349.83951471202744,52.05640996003677,17.45753360288407,wandb
2980,1779852764.6308398,0.15463492274284363,2.28e-05,2.666010856628418,3.8382720947265625,299976622080.0,340.54377248695494,50.67319580668555,16.99366166894449,wandb
2990,1779853234.7413518,0.21436657011508942,2.28e-05,2.6621086597442627,3.8205833435058594,300983255040.0,354.1187115136215,52.69315799345096,17.67107215074844,wandb
3000,1779853695.699772,0.19818049669265747,2.28e-05,2.664376735687256,4.393589019775391,301989888000.0,355.9721268690878,52.96894773564117,17.763560447488697,wandb
3010,1779855471.2989073,0.1866394579410553,2.28e-05,2.6616575717926025,4.0139617919921875,302996520960.0,349.6972430656758,52.03523982105385,17.450434027385956,wandb
3020,1779856013.202845,0.17414043843746185,2.28e-05,2.6587295532226562,4.425340175628662,304003153920.0,130.76628750854164,19.45813204406051,6.525440272760247,wandb
3030,1779856548.087397,0.15342290699481964,2.28e-05,2.654477119445801,4.502763271331787,305009786880.0,325.46107230829557,48.428877509906194,16.241011570490308,wandb
3040,1779857133.1338737,0.18072167038917542,2.28e-05,2.6549606323242188,3.573617935180664,306016419840.0,244.88359664553428,36.438882297105906,12.220070739446252,wandb
3050,1779857650.8981566,0.20083466172218323,2.28e-05,2.6548516750335693,3.813044786453247,307023052800.0,332.53016685277197,49.480764641514064,16.593770336616956,wandb
3060,1779858132.7668726,0.16856332123279572,2.28e-05,2.6491787433624268,4.122368812561035,308029685760.0,339.64306734258025,50.53917013412172,16.94871508726073,wandb
3070,1779858703.0404963,0.20794178545475006,2.28e-05,2.652043581008911,4.209712982177734,309036318720.0,309.0924320286646,45.99321025949211,15.424191069380242,wandb
3080,1779859490.3674183,0.1913999319076538,2.28e-05,2.6513750553131104,4.098918437957764,310042951680.0,157.50092642199945,23.43626848916193,7.859540160181043,wandb
3090,1779860086.675931,0.19077301025390625,2.28e-05,2.6428864002227783,3.694265127182007,311049584640.0,354.6876192489074,52.777811936336334,17.699461527842875,wandb
3100,1779860551.065576,0.14110156893730164,2.28e-05,2.647059679031372,3.7855868339538574,312056217600.0,353.3320492150732,52.57610199093779,17.631816483696834,wandb
3110,1779862355.4666398,0.18130169808864594,2.28e-05,2.643723487854004,4.209127902984619,313062850560.0,318.6855173486675,47.42066931199723,15.902900884271048,wandb
3120,1779862893.0994372,0.18470411002635956,2.28e-05,2.6465468406677246,3.5057101249694824,314069483520.0,269.4680463317901,40.097068801746715,13.446872854294567,wandb
3130,1779863383.0773346,0.194829061627388,2.28e-05,2.6468091011047363,4.217988014221191,315076116480.0,351.199402323576,52.25876236458038,17.52539410084496,wandb
3140,1779863865.4494247,0.15654416382312775,2.28e-05,2.639871835708618,4.085731506347656,316082749440.0,354.9288171051422,52.81370237740322,17.71149767442748,wandb
3150,1779864332.0692656,0.22136102616786957,2.28e-05,2.638195037841797,4.081148624420166,317089382400.0,347.83508080184777,51.758148531644366,17.35750924637155,wandb
3160,1779864800.070409,0.16470304131507874,2.28e-05,2.639981746673584,3.5974209308624268,318096015360.0,351.76897110849956,52.343514672200136,17.553816465340123,wandb
3170,1779865291.7310367,0.176040917634964,2.28e-05,2.634298324584961,3.92293381690979,319102648320.0,209.71122673402897,31.205204480903415,10.464915007171099,wandb
3180,1779865772.0147855,0.1960677206516266,2.28e-05,2.638246536254883,4.710078239440918,320109281280.0,347.4138956069418,51.695475825294515,17.33649145282939,wandb
3190,1779866235.9229977,0.162940114736557,2.28e-05,2.6380257606506348,3.799675464630127,321115914240.0,353.0705775041754,52.5371947834811,17.618768640365133,wandb
3200,1779866699.2514904,0.16261379420757294,2.28e-05,2.6334164142608643,4.241983890533447,322122547200.0,354.96195665807295,52.818633570366586,17.713151389444068,wandb
3210,1779868475.5128186,0.15459778904914856,2.28e-05,2.655518054962158,3.773688793182373,323129180160.0,353.1270705972258,52.54560100258463,17.6215877332028,wandb
3220,1779868941.6437986,0.18092407286167145,2.28e-05,2.65468430519104,4.3656158447265625,324135813120.0,356.23449127645364,53.00798777707274,17.776652837756732,wandb
3230,1779869406.6682181,0.15061867237091064,2.28e-05,2.6535656452178955,3.705291748046875,325142446080.0,353.59038254510824,52.61454220471901,17.644707716962877,wandb
3240,1779869870.7887259,0.16100120544433594,2.28e-05,2.64652681350708,4.47285270690918,326149079040.0,353.83741059364127,52.65130018323566,17.65703479917276,wandb
3250,1779870343.7316668,0.22284500300884247,2.28e-05,2.653923988342285,4.0463457107543945,327155712000.0,353.25567994376195,52.56473818002295,17.628005538780446,wandb
3260,1779870807.7207806,0.1641872525215149,2.28e-05,2.648414134979248,3.614159345626831,328162344960.0,352.44280604729414,52.44378186999841,17.587441872397093,wandb
3270,,0.161,,2.62272,,,347.0,51.66,17.33,olog
3271,,0.164,,2.62252,,,343.0,51.05,17.12,olog
3272,,0.1676,,2.62443,,,342.0,50.85,17.05,olog
3273,,0.1434,,2.62504,,,310.0,46.09,15.46,olog
3274,,0.1575,,2.62031,,,348.0,51.75,17.35,olog
3275,,0.1816,,2.62268,,,347.0,51.61,17.31,olog
3276,,0.1637,,2.62401,,,350.0,52.07,17.46,olog
3277,,0.147,,2.62146,,,337.0,50.16,16.82,olog
3278,,0.1655,,2.62532,,,345.0,51.33,17.21,olog
3279,,0.219,,2.62103,,,273.0,40.6,13.62,olog
3280,,0.1982,,2.62365,,,293.0,43.66,14.64,olog
3281,,0.1543,,2.62258,,,349.0,51.89,17.4,olog
3282,,0.1514,,2.62498,,,266.0,39.63,13.29,olog
3283,,0.1527,,2.62151,,,342.0,50.88,17.06,olog
3284,,0.1526,,2.62256,,,201.0,29.88,10.02,olog
3285,,0.1663,,2.62218,,,275.0,40.99,13.75,olog
3286,,0.1717,,2.62076,,,315.0,46.86,15.71,olog
3287,,0.1634,,2.62446,,,300.0,44.6,14.96,olog
3288,,0.1741,,2.6218,,,231.0,34.43,11.55,olog
3289,,0.2074,,2.62359,,,256.0,38.02,12.75,olog
3290,,0.1905,,2.62127,,,336.0,49.95,16.75,olog
3291,,0.1626,,2.61946,,,258.0,38.43,12.89,olog
3292,,0.1748,,2.62182,,,340.0,50.63,16.98,olog
3293,,0.179,,2.62102,,,318.0,47.31,15.87,olog
3294,,0.1637,,2.62375,,,308.0,45.9,15.39,olog
3295,,0.1557,,2.62211,,,274.0,40.77,13.67,olog
3296,,0.1465,,2.62044,,,325.0,48.42,16.24,olog
3297,,0.1531,,2.61903,,,311.0,46.34,15.54,olog
3298,,0.193,,2.62243,,,352.0,52.31,17.54,olog
3299,,0.1934,,2.61809,,,348.0,51.79,17.37,olog
3300,,0.1672,,2.61866,,,349.0,51.93,17.41,olog
3301,,0.1643,,2.61912,,,12.0,1.85,0.62,olog
3302,,0.1998,,2.61765,,,347.0,51.63,17.31,olog
3303,,0.2005,,2.61663,,,344.0,51.15,17.15,olog
3304,,0.1513,,2.61439,,,345.0,51.38,17.23,olog
3305,,0.2154,,2.61806,,,311.0,46.27,15.52,olog
3306,,0.1777,,2.61962,,,163.0,24.3,8.15,olog
3307,,0.1281,,2.61966,,,206.0,30.59,10.26,olog
3308,,0.1433,,2.61581,,,222.0,33.09,11.1,olog
3309,,0.1725,,2.61449,,,224.0,33.32,11.17,olog
3310,,0.1566,,2.61754,,,243.0,36.12,12.11,olog
3311,,0.1397,,2.61526,,,234.0,34.84,11.68,olog
3312,,0.144,,2.62101,,,158.0,23.44,7.86,olog
3313,,0.1472,,2.61763,,,195.0,29.01,9.73,olog
3314,,0.1557,,2.62218,,,104.0,15.43,5.17,olog
3315,,0.1766,,2.61784,,,109.0,16.25,5.45,olog
3316,,0.1803,,2.61883,,,99.0,14.69,4.93,olog
3317,,0.1971,,2.61676,,,122.0,18.12,6.08,olog
3318,,0.2151,,2.62146,,,103.0,15.28,5.12,olog
3319,,0.1888,,2.61781,,,112.0,16.66,5.59,olog
3320,,0.1415,,2.61974,,,93.0,13.88,4.66,olog
3321,,0.1448,,2.61655,,,108.0,16.0,5.37,olog
3322,,0.1462,,2.61645,,,91.0,13.5,4.53,olog
3323,,0.165,,2.62192,,,79.0,11.69,3.92,olog
3324,,0.1833,,2.6197,,,96.0,14.22,4.77,olog
3325,,0.1956,,2.61479,,,32.0,4.72,1.58,olog
3326,,0.1853,,2.61755,,,92.0,13.64,4.57,olog
3327,,0.1849,,2.61489,,,80.0,11.97,4.01,olog
3328,,0.2148,,2.62137,,,160.0,23.76,7.97,olog
3329,,0.1825,,2.61926,,,329.0,48.93,16.41,olog
3330,,0.1345,,2.61503,,,345.0,51.31,17.21,olog
3331,,0.1487,,2.61468,,,340.0,50.58,16.96,olog
3332,,0.1879,,2.61626,,,344.0,51.22,17.18,olog
3333,,0.1692,,2.61526,,,250.0,37.25,12.49,olog
3334,,0.1677,,2.61793,,,347.0,51.68,17.33,olog
3335,,0.1775,,2.61611,,,262.0,38.95,13.06,olog
3336,,0.1761,,2.61785,,,347.0,51.62,17.31,olog
3337,,0.1885,,2.61446,,,282.0,41.93,14.06,olog
3338,,0.1948,,2.61435,,,346.0,51.41,17.24,olog
3339,,0.1612,,2.61414,,,350.0,52.03,17.45,olog
3340,,0.139,,2.61751,,,320.0,47.69,15.99,olog
3341,,0.1575,,2.61555,,,316.0,47.03,15.77,olog
3342,,0.1979,,2.61579,,,348.0,51.8,17.37,olog
3343,,0.1977,,2.6167,,,347.0,51.59,17.3,olog
3344,,0.1643,,2.6171,,,306.0,45.58,15.29,olog
3345,,0.1603,,2.61478,,,345.0,51.28,17.2,olog
3346,,0.1735,,2.61346,,,268.0,39.88,13.37,olog
3347,,0.1704,,2.61144,,,322.0,47.86,16.05,olog
3348,,0.1772,,2.611,,,293.0,43.6,14.62,olog
3349,,0.1728,,2.61506,,,349.0,51.93,17.41,olog
3350,,0.1547,,2.6152,,,321.0,47.84,16.04,olog
3351,,0.1612,,2.61537,,,314.0,46.77,15.69,olog
3352,,0.1566,,2.61253,,,334.0,49.68,16.66,olog
3353,,0.122,,2.61137,,,347.0,51.65,17.32,olog
3354,,0.1404,,2.61409,,,314.0,46.75,15.68,olog
3355,,0.1652,,2.61308,,,346.0,51.43,17.25,olog
3356,,0.1532,,2.61356,,,348.0,51.83,17.38,olog
3357,,0.1666,,2.61285,,,345.0,51.29,17.2,olog
3358,,0.1928,,2.61326,,,319.0,47.42,15.9,olog
3359,,0.182,,2.61329,,,349.0,51.9,17.41,olog
3360,,0.167,,2.61165,,,350.0,52.04,17.45,olog
3361,,0.1716,,2.613,,,344.0,51.14,17.15,olog
3362,,0.1875,,2.61396,,,347.0,51.64,17.32,olog
3363,,0.2013,,2.61345,,,350.0,52.01,17.44,olog
3364,,0.1719,,2.61612,,,347.0,51.61,17.31,olog
3365,,0.1386,,2.61087,,,349.0,51.89,17.4,olog
3366,,0.1359,,2.60873,,,350.0,52.01,17.44,olog
3367,,0.141,,2.61022,,,349.0,51.88,17.4,olog
3368,,0.1674,,2.61439,,,337.0,50.13,16.81,olog
3369,,0.1903,,2.61023,,,346.0,51.51,17.27,olog
3370,,0.1668,,2.61624,,,349.0,51.92,17.41,olog
3371,,0.1514,,2.60932,,,349.0,51.87,17.4,olog
3372,,0.1554,,2.61561,,,351.0,52.2,17.5,olog
3373,,0.1429,,2.60882,,,352.0,52.35,17.56,olog
3374,,0.1448,,2.61073,,,350.0,52.01,17.44,olog
3375,,0.1782,,2.61118,,,349.0,51.95,17.42,olog
3376,,0.195,,2.61135,,,351.0,52.22,17.51,olog
3377,,0.1696,,2.61096,,,348.0,51.73,17.35,olog
3378,,0.1332,,2.61052,,,345.0,51.29,17.2,olog
3379,,0.1342,,2.61036,,,349.0,51.98,17.43,olog
3380,,0.1553,,2.61373,,,351.0,52.22,17.51,olog
3381,,0.1706,,2.61268,,,348.0,51.74,17.35,olog
3382,,0.1804,,2.61217,,,349.0,51.9,17.4,olog
3383,,0.1644,,2.61352,,,346.0,51.47,17.26,olog
3384,,0.1602,,2.61111,,,350.0,52.02,17.45,olog
3385,,0.1894,,2.6082,,,344.0,51.2,17.17,olog
3386,,0.2041,,2.6077,,,348.0,51.78,17.36,olog
3387,,0.1923,,2.60869,,,321.0,47.82,16.04,olog
3388,,0.1858,,2.60743,,,351.0,52.18,17.5,olog
3389,,0.1976,,2.61129,,,338.0,50.3,16.87,olog
3390,,0.1791,,2.60949,,,350.0,52.07,17.46,olog
3391,,0.1677,,2.60748,,,348.0,51.84,17.38,olog
3392,,0.1564,,2.60579,,,346.0,51.46,17.26,olog
3393,,0.1615,,2.61117,,,343.0,51.08,17.13,olog
3394,,0.1884,,2.60703,,,348.0,51.75,17.36,olog
3395,,0.1911,,2.60912,,,350.0,52.02,17.45,olog
3396,,0.2044,,2.60679,,,344.0,51.22,17.18,olog
3397,,0.1982,,2.60882,,,335.0,49.91,16.74,olog
3398,,0.1736,,2.61081,,,294.0,43.73,14.67,olog
3399,,0.1646,,2.61413,,,334.0,49.67,16.66,olog
3400,,0.1619,,2.60894,,,334.0,49.7,16.67,olog
3401,,0.1607,,2.60682,,,12.0,1.83,0.61,olog
3402,,0.1828,,2.6073,,,270.0,40.15,13.46,olog
3403,,0.1903,,2.60906,,,308.0,45.86,15.38,olog
3404,,0.1794,,2.60965,,,319.0,47.53,15.94,olog
3405,,0.1579,,2.60996,,,327.0,48.71,16.33,olog
3406,,0.1797,,2.60772,,,326.0,48.48,16.26,olog
3407,,0.1928,,2.60863,,,348.0,51.72,17.34,olog
3408,,0.1785,,2.60601,,,268.0,39.85,13.36,olog
3409,,0.1429,,2.60674,,,336.0,49.97,16.76,olog
3410,,0.1576,,2.61104,,,320.0,47.65,15.98,olog
3411,,0.1783,,2.6045,,,305.0,45.41,15.23,olog
3412,,0.1528,,2.604,,,326.0,48.54,16.28,olog
3413,,0.1404,,2.60571,,,347.0,51.65,17.32,olog
3414,,0.1685,,2.6056,,,290.0,43.12,14.46,olog
3415,,0.1847,,2.60963,,,265.0,39.39,13.21,olog
3416,,0.1763,,2.60537,,,339.0,50.43,16.91,olog
3417,,0.1624,,2.60706,,,343.0,51.09,17.13,olog
3418,,0.183,,2.60605,,,309.0,45.91,15.4,olog
3419,,0.1777,,2.60561,,,311.0,46.31,15.53,olog
3420,,0.161,,2.60661,,,345.0,51.26,17.19,olog
3421,,0.1573,,2.60263,,,339.0,50.49,16.93,olog
3422,,0.1759,,2.60333,,,314.0,46.74,15.67,olog
3423,,0.1603,,2.60762,,,322.0,47.92,16.07,olog
3424,,0.1316,,2.60686,,,306.0,45.51,15.26,olog
3425,,0.1615,,2.60518,,,318.0,47.28,15.86,olog
3426,,0.1766,,2.60636,,,226.0,33.67,11.29,olog
3427,,0.1692,,2.60734,,,277.0,41.21,13.82,olog
3428,,0.1665,,2.60256,,,237.0,35.24,11.82,olog
3429,,0.1743,,2.60167,,,319.0,47.39,15.89,olog
3430,,0.1716,,2.60138,,,317.0,47.22,15.84,olog
3431,,0.1739,,2.60638,,,279.0,41.57,13.94,olog
3432,,0.1834,,2.60355,,,321.0,47.72,16.0,olog
3433,,0.1653,,2.60552,,,224.0,33.39,11.2,olog
3434,,0.164,,2.6044,,,342.0,50.82,17.04,olog
3435,,0.1475,,2.60427,,,314.0,46.69,15.66,olog
3436,,0.1532,,2.60697,,,306.0,45.58,15.29,olog
3437,,0.1596,,2.60798,,,344.0,51.19,17.17,olog
3438,,0.1526,,2.60455,,,247.0,36.73,12.32,olog
3439,,0.1545,,2.6051,,,200.0,29.78,9.99,olog
3440,,0.1649,,2.60504,,,299.0,44.55,14.94,olog
3441,,0.1602,,2.60019,,,316.0,47.01,15.76,olog
3442,,0.1567,,2.60624,,,346.0,51.44,17.25,olog
3443,,0.1711,,2.60263,,,349.0,51.98,17.43,olog
3444,,0.2007,,2.59926,,,346.0,51.51,17.27,olog
3445,,0.2072,,2.59996,,,344.0,51.24,17.18,olog
3446,,0.1904,,2.6058,,,341.0,50.8,17.04,olog
3447,,0.1719,,2.60342,,,349.0,51.91,17.41,olog
3448,,0.1677,,2.60342,,,335.0,49.82,16.71,olog
3449,,0.1569,,2.60245,,,348.0,51.72,17.35,olog
3450,,0.1789,,2.60266,,,347.0,51.63,17.31,olog
3451,,0.1746,,2.60267,,,350.0,52.03,17.45,olog
3452,,0.1573,,2.60471,,,346.0,51.56,17.29,olog
3453,,0.1663,,2.60224,,,345.0,51.36,17.22,olog
3454,,0.1626,,2.60002,,,350.0,52.03,17.45,olog
3455,,0.1608,,2.60491,,,350.0,52.13,17.48,olog
3456,,0.1834,,2.60245,,,349.0,51.98,17.43,olog
3457,,0.1603,,2.60033,,,348.0,51.72,17.35,olog
3458,,0.152,,2.59987,,,267.0,39.77,13.34,olog
3459,,0.2005,,2.60145,,,347.0,51.62,17.31,olog
3460,,0.1826,,2.60232,,,350.0,52.03,17.45,olog
3461,,0.1451,,2.59885,,,352.0,52.36,17.56,olog
3462,,0.1573,,2.60083,,,347.0,51.66,17.33,olog
3463,,0.1901,,2.59778,,,349.0,51.93,17.42,olog
3464,,0.1742,,2.60008,,,349.0,51.89,17.4,olog
3465,,0.1771,,2.60083,,,350.0,52.14,17.49,olog
3466,,0.2088,,2.60253,,,349.0,51.87,17.4,olog
3467,,0.18,,2.59964,,,349.0,52.0,17.44,olog
3468,,0.123,,2.59847,,,348.0,51.72,17.35,olog
3469,,0.1274,,2.60308,,,348.0,51.74,17.35,olog
3470,,0.1453,,2.59765,,,171.0,25.43,8.53,olog
3471,,0.1322,,2.59757,,,348.0,51.82,17.38,olog
3472,,0.1351,,2.60134,,,351.0,52.25,17.52,olog
3473,,0.1548,,2.59854,,,351.0,52.19,17.5,olog
3474,,0.2042,,2.59953,,,350.0,52.09,17.47,olog
3475,,0.1958,,2.60297,,,348.0,51.75,17.35,olog
3476,,0.1788,,2.59733,,,348.0,51.78,17.36,olog
3477,,0.191,,2.59819,,,345.0,51.31,17.21,olog
3478,,0.1886,,2.60024,,,350.0,52.03,17.45,olog
3479,,0.162,,2.59867,,,347.0,51.67,17.33,olog
3480,,0.1569,,2.59665,,,305.0,45.43,15.24,olog
3481,,0.1575,,2.59648,,,351.0,52.27,17.53,olog
3482,,0.1589,,2.59741,,,346.0,51.42,17.24,olog
3483,,0.187,,2.59706,,,350.0,52.03,17.45,olog
3484,,0.2245,,2.59833,,,350.0,52.05,17.46,olog
3485,,0.17,,2.59819,,,349.0,51.91,17.41,olog
3486,,0.146,,2.59986,,,346.0,51.53,17.28,olog
3487,,0.1766,,2.59784,,,350.0,52.03,17.45,olog
3488,,0.1748,,2.59597,,,344.0,51.25,17.19,olog
3489,,0.1702,,2.59783,,,349.0,51.99,17.44,olog
3490,,0.1722,,2.59931,,,325.0,48.4,16.23,olog
3491,,0.1575,,2.59773,,,319.0,47.48,15.92,olog
3492,,0.1766,,2.59938,,,346.0,51.48,17.26,olog
3493,,0.1765,,2.59975,,,342.0,50.93,17.08,olog
3494,,0.1733,,2.59794,,,343.0,51.01,17.11,olog
3495,,0.1641,,2.60195,,,308.0,45.88,15.39,olog
3496,,0.1437,,2.59793,,,326.0,48.58,16.29,olog
3497,,0.138,,2.59824,,,325.0,48.3,16.2,olog
3498,,0.1555,,2.59607,,,317.0,47.18,15.82,olog
3499,,0.1705,,2.59526,,,344.0,51.2,17.17,olog
3500,,0.1891,,2.59726,,,324.0,48.17,16.15,olog
3501,,0.1868,,2.60103,,,12.0,1.79,0.6,olog
3502,,0.1677,,2.59695,,,345.0,51.28,17.2,olog
3503,,0.1544,,2.59479,,,341.0,50.76,17.02,olog
3504,,0.1278,,2.59472,,,267.0,39.76,13.33,olog
3505,,0.1382,,2.59789,,,335.0,49.81,16.7,olog
3506,,0.181,,2.59505,,,345.0,51.33,17.21,olog
3507,,0.1917,,2.59398,,,314.0,46.71,15.66,olog
3508,,0.1739,,2.59442,,,292.0,43.47,14.58,olog
3509,,0.1695,,2.59373,,,315.0,46.87,15.72,olog
3510,,0.1706,,2.59596,,,275.0,40.93,13.73,olog
3511,,0.1663,,2.59519,,,343.0,50.99,17.1,olog
3512,,0.1458,,2.59741,,,269.0,40.01,13.42,olog
3513,,0.1311,,2.60008,,,324.0,48.28,16.19,olog
3514,,0.1364,,2.59339,,,343.0,50.99,17.1,olog
3515,,0.1586,,2.59344,,,345.0,51.34,17.22,olog
3516,,0.1836,,2.59727,,,341.0,50.81,17.04,olog
3517,,0.1862,,2.59224,,,319.0,47.49,15.93,olog
3518,,0.1727,,2.59287,,,298.0,44.35,14.87,olog
3519,,0.1741,,2.59319,,,302.0,45.01,15.09,olog
3520,,0.1936,,2.5968,,,313.0,46.52,15.6,olog
3521,,0.2126,,2.59659,,,252.0,37.44,12.56,olog
3522,,0.1854,,2.59473,,,315.0,46.9,15.73,olog
3523,,0.1432,,2.59396,,,305.0,45.37,15.22,olog
3524,,0.132,,2.59168,,,348.0,51.84,17.38,olog
3525,,0.1638,,2.59391,,,348.0,51.73,17.35,olog
3526,,0.1649,,2.59666,,,350.0,52.09,17.47,olog
3527,,0.1596,,2.59228,,,348.0,51.81,17.37,olog
3528,,0.1956,,2.59614,,,350.0,52.11,17.47,olog
3529,,0.1891,,2.59549,,,350.0,52.09,17.47,olog
3530,,0.1396,,2.59293,,,351.0,52.23,17.52,olog
3531,,0.169,,2.59258,,,342.0,50.93,17.08,olog
3532,,0.2009,,2.59102,,,351.0,52.16,17.49,olog
3533,,0.1695,,2.5945,,,352.0,52.42,17.58,olog
3534,,0.1376,,2.59049,,,349.0,51.92,17.41,olog
3535,,0.1356,,2.5908,,,349.0,51.88,17.4,olog
3536,,0.1633,,2.59142,,,349.0,51.93,17.42,olog
3537,,0.1733,,2.59513,,,350.0,52.12,17.48,olog
3538,,0.1689,,2.5926,,,346.0,51.52,17.28,olog
3539,,0.1683,,2.59049,,,348.0,51.8,17.37,olog
3540,,0.1655,,2.59271,,,346.0,51.56,17.29,olog
3541,,0.1685,,2.59297,,,350.0,52.13,17.48,olog
3542,,0.1679,,2.5904,,,349.0,51.92,17.41,olog
3543,,0.1672,,2.59167,,,341.0,50.73,17.01,olog
3544,,0.1558,,2.58889,,,274.0,40.79,13.68,olog
3545,,0.1385,,2.59274,,,347.0,51.63,17.31,olog
3546,,0.153,,2.59092,,,345.0,51.41,17.24,olog
3547,,0.1863,,2.59247,,,350.0,52.15,17.49,olog
3548,,0.1968,,2.59333,,,350.0,52.05,17.45,olog
3549,,0.1439,,2.59464,,,349.0,51.88,17.4,olog
3550,,0.1346,,2.59363,,,352.0,52.37,17.56,olog
3551,,0.1743,,2.58945,,,351.0,52.21,17.51,olog
3552,,0.1919,,2.59373,,,350.0,52.12,17.48,olog
3553,,0.1887,,2.59425,,,352.0,52.32,17.55,olog
3554,,0.1873,,2.59941,,,351.0,52.19,17.5,olog
3555,,0.1848,,2.59214,,,343.0,51.09,17.13,olog
3556,,0.1723,,2.59689,,,348.0,51.85,17.39,olog
3557,,0.156,,2.59652,,,351.0,52.23,17.51,olog
3558,,0.1608,,2.59704,,,351.0,52.3,17.54,olog
3559,,0.1653,,2.59848,,,351.0,52.23,17.52,olog
3560,,0.1568,,2.59348,,,351.0,52.21,17.51,olog
3561,,0.1585,,2.59419,,,350.0,52.1,17.47,olog
3562,,0.1769,,2.58906,,,349.0,51.99,17.44,olog
3563,,0.1865,,2.59149,,,351.0,52.17,17.49,olog
3564,,0.2019,,2.59211,,,350.0,52.08,17.47,olog
3565,,0.188,,2.59337,,,348.0,51.82,17.38,olog
3566,,0.1681,,2.59122,,,342.0,50.84,17.05,olog
3567,,0.1431,,2.59156,,,350.0,52.13,17.48,olog
3568,,0.1244,,2.59065,,,341.0,50.69,17.0,olog
3569,,0.179,,2.59124,,,350.0,52.11,17.48,olog
3570,,0.2094,,2.59119,,,347.0,51.56,17.29,olog
3571,,0.1821,,2.59004,,,348.0,51.8,17.37,olog
3572,,0.1575,,2.59134,,,344.0,51.2,17.17,olog
3573,,0.1472,,2.59353,,,350.0,52.07,17.46,olog
3574,,0.1684,,2.59222,,,346.0,51.51,17.27,olog
3575,,0.1936,,2.58878,,,350.0,52.09,17.47,olog
3576,,0.1895,,2.58876,,,347.0,51.64,17.32,olog
3577,,0.1648,,2.58743,,,351.0,52.16,17.49,olog
3578,,0.1574,,2.58898,,,349.0,52.01,17.44,olog
3579,,0.1493,,2.58944,,,353.0,52.54,17.62,olog
3580,,0.1762,,2.59143,,,336.0,49.94,16.75,olog
3581,,0.192,,2.5871,,,351.0,52.26,17.53,olog
3582,,0.1808,,2.58758,,,345.0,51.31,17.21,olog
3583,,0.184,,2.58421,,,349.0,52.0,17.44,olog
3584,,0.1752,,2.58788,,,346.0,51.45,17.25,olog
3585,,0.1824,,2.59021,,,352.0,52.42,17.58,olog
3586,,0.1605,,2.59289,,,349.0,51.95,17.42,olog
3587,,0.1198,,2.58735,,,348.0,51.77,17.36,olog
3588,,0.1321,,2.58607,,,350.0,52.06,17.46,olog
3589,,0.1601,,2.58543,,,350.0,52.12,17.48,olog
3590,,0.1593,,2.58828,,,347.0,51.65,17.32,olog
3591,,0.1473,,2.58959,,,350.0,52.01,17.44,olog
3592,,0.1727,,2.58647,,,347.0,51.61,17.31,olog
3593,,0.1864,,2.58657,,,349.0,51.94,17.42,olog
3594,,0.175,,2.58593,,,348.0,51.73,17.35,olog
3595,,0.1668,,2.58675,,,353.0,52.55,17.62,olog
3596,,0.1595,,2.58281,,,344.0,51.24,17.19,olog
3597,,0.1465,,2.58502,,,333.0,49.53,16.61,olog
3598,,0.1472,,2.58689,,,351.0,52.21,17.51,olog
3599,,0.1712,,2.58335,,,338.0,50.36,16.89,olog
3600,,0.1845,,2.58958,,,354.0,52.69,17.67,olog
3601,,0.1726,,2.5852,,,12.0,1.82,0.61,olog
3602,,0.1541,,2.58609,,,348.0,51.75,17.36,olog
3603,,0.1723,,2.58985,,,342.0,50.89,17.07,olog
3604,,0.1749,,2.58433,,,347.0,51.57,17.29,olog
3605,,0.1556,,2.58656,,,347.0,51.68,17.33,olog
3606,,0.1453,,2.58526,,,343.0,51.01,17.11,olog
3607,,0.1502,,2.58354,,,341.0,50.8,17.04,olog
3608,,0.1646,,2.58579,,,346.0,51.55,17.29,olog
3609,,0.1538,,2.58367,,,336.0,50.02,16.77,olog
3610,,0.1445,,2.5857,,,346.0,51.48,17.26,olog
3611,,0.1417,,2.58383,,,338.0,50.35,16.89,olog
3612,,0.1495,,2.58772,,,326.0,48.46,16.25,olog
3613,,0.1806,,2.58247,,,352.0,52.41,17.58,olog
3614,,0.1941,,2.5821,,,332.0,49.42,16.57,olog
3615,,0.1834,,2.58395,,,347.0,51.59,17.3,olog
3616,,0.1861,,2.58633,,,287.0,42.78,14.35,olog
3617,,0.1613,,2.58447,,,349.0,51.87,17.39,olog
3618,,0.1319,,2.58133,,,344.0,51.14,17.15,olog
3619,,0.1432,,2.58004,,,348.0,51.77,17.36,olog
3620,,0.1814,,2.58382,,,340.0,50.66,16.99,olog
3621,,0.2003,,2.58338,,,352.0,52.37,17.56,olog
3622,,0.1761,,2.58353,,,349.0,51.89,17.4,olog
3623,,0.152,,2.58363,,,281.0,41.74,14.0,olog
3624,,0.1622,,2.58172,,,350.0,52.12,17.48,olog
3625,,0.1577,,2.58014,,,349.0,51.94,17.42,olog
3626,,0.1495,,2.58452,,,350.0,52.03,17.45,olog
3627,,0.1361,,2.5813,,,340.0,50.58,16.96,olog
3628,,0.1602,,2.58254,,,347.0,51.67,17.33,olog
3629,,0.1769,,2.58429,,,349.0,51.97,17.43,olog
3630,,0.146,,2.57993,,,348.0,51.78,17.36,olog
3631,,0.1373,,2.58012,,,350.0,52.01,17.44,olog
3632,,0.1722,,2.58405,,,348.0,51.73,17.35,olog
3633,,0.1856,,2.57864,,,350.0,52.07,17.46,olog
3634,,0.1531,,2.57839,,,306.0,45.59,15.29,olog
3635,,0.1647,,2.58274,,,352.0,52.35,17.56,olog
3636,,0.1758,,2.58297,,,338.0,50.22,16.84,olog
3637,,0.1717,,2.58336,,,352.0,52.32,17.55,olog
3638,,0.1726,,2.58232,,,274.0,40.8,13.68,olog
3639,,0.193,,2.58172,,,345.0,51.39,17.23,olog
3640,,0.1876,,2.58031,,,347.0,51.6,17.3,olog
3641,,0.1691,,2.57854,,,338.0,50.34,16.88,olog
3642,,0.1434,,2.57953,,,351.0,52.19,17.5,olog
3643,,0.1552,,2.57941,,,348.0,51.79,17.37,olog
3644,,0.152,,2.58327,,,351.0,52.25,17.52,olog
3645,,0.1371,,2.58397,,,294.0,43.73,14.67,olog
3646,,0.1446,,2.58546,,,352.0,52.33,17.55,olog
3647,,0.1569,,2.57945,,,347.0,51.57,17.29,olog
3648,,0.1619,,2.58291,,,351.0,52.26,17.53,olog
3649,,0.1619,,2.57825,,,329.0,48.91,16.4,olog
3650,,0.1608,,2.58038,,,351.0,52.27,17.53,olog
3651,,0.1678,,2.58149,,,351.0,52.19,17.5,olog
3652,,0.1906,,2.58122,,,349.0,51.92,17.41,olog
3653,,0.1827,,2.57841,,,349.0,51.93,17.42,olog
3654,,0.1426,,2.57672,,,350.0,52.11,17.48,olog
3655,,0.1365,,2.57639,,,351.0,52.28,17.53,olog
3656,,0.1597,,2.58186,,,353.0,52.48,17.6,olog
3657,,0.1907,,2.57907,,,299.0,44.44,14.9,olog
3658,,0.1834,,2.57611,,,348.0,51.75,17.36,olog
3659,,0.1737,,2.58363,,,217.0,32.32,10.84,olog
3660,,0.1566,,2.5758,,,289.0,42.99,14.42,olog
3661,,0.1338,,2.57906,,,223.0,33.14,11.11,olog
3662,,0.1389,,2.57676,,,341.0,50.77,17.02,olog
3663,,0.1753,,2.58023,,,321.0,47.78,16.02,olog
3664,,0.1789,,2.57715,,,312.0,46.36,15.55,olog
3665,,0.1862,,2.57908,,,354.0,52.71,17.68,olog
3666,,0.1722,,2.58255,,,288.0,42.91,14.39,olog
3667,,0.1316,,2.57763,,,352.0,52.37,17.56,olog
3668,,0.143,,2.57921,,,317.0,47.12,15.8,olog
3669,,0.1949,,2.58007,,,352.0,52.38,17.57,olog
3670,,0.1946,,2.5786,,,269.0,40.02,13.42,olog
3671,,0.1598,,2.57556,,,348.0,51.78,17.36,olog
3672,,0.1929,,2.57749,,,301.0,44.75,15.01,olog
3673,,0.2052,,2.57454,,,351.0,52.17,17.49,olog
3674,,0.1908,,2.576,,,310.0,46.16,15.48,olog
3675,,0.1821,,2.57605,,,351.0,52.24,17.52,olog
3676,,0.1463,,2.57926,,,307.0,45.61,15.3,olog
3677,,0.1206,,2.57604,,,353.0,52.54,17.62,olog
3678,,0.1517,,2.57264,,,355.0,52.86,17.73,olog
3679,,0.1787,,2.57515,,,354.0,52.64,17.65,olog
3680,,0.1711,,2.57814,,,246.0,36.55,12.26,olog
3681,,0.1615,,2.58221,,,351.0,52.19,17.5,olog
3682,,0.1638,,2.57477,,,351.0,52.29,17.53,olog
3683,,0.2097,,2.57403,,,279.0,41.46,13.91,olog
3684,,0.226,,2.57544,,,193.0,28.73,9.64,olog
3685,,0.2185,,2.572,,,254.0,37.82,12.68,olog
3686,,0.1367,,2.57756,,,353.0,52.57,17.63,olog
3687,,0.1379,,2.57547,,,329.0,48.96,16.42,olog
3688,,0.1461,,2.57326,,,323.0,48.04,16.11,olog
3689,,0.1566,,2.57403,,,285.0,42.37,14.21,olog
3690,,0.1609,,2.56994,,,353.0,52.47,17.6,olog
3691,,0.1649,,2.57262,,,353.0,52.5,17.61,olog
3692,,0.1775,,2.57588,,,350.0,52.12,17.48,olog
3693,,0.1883,,2.57627,,,352.0,52.36,17.56,olog
3694,,0.1785,,2.57695,,,271.0,40.31,13.52,olog
3695,,0.1641,,2.57856,,,346.0,51.5,17.27,olog
3696,,0.1445,,2.58097,,,352.0,52.36,17.56,olog
3697,,0.1392,,2.57715,,,337.0,50.09,16.8,olog
3698,,0.1443,,2.5722,,,298.0,44.38,14.88,olog
3699,,0.1603,,2.57637,,,349.0,51.93,17.42,olog
3700,,0.1394,,2.5762,,,349.0,51.99,17.44,olog
3701,,0.1444,,2.57318,,,12.0,1.74,0.58,olog
3702,,0.172,,2.57643,,,244.0,36.35,12.19,olog
3703,,0.1619,,2.57547,,,346.0,51.5,17.27,olog
3704,,0.1645,,2.5764,,,347.0,51.68,17.33,olog
3705,,0.1762,,2.57411,,,312.0,46.38,15.56,olog
3706,,0.1782,,2.57139,,,347.0,51.69,17.33,olog
3707,,0.1744,,2.5744,,,339.0,50.42,16.91,olog
3708,,0.1684,,2.57151,,,342.0,50.93,17.08,olog
3709,,0.1545,,2.57149,,,272.0,40.41,13.55,olog
3710,,0.1683,,2.57332,,,268.0,39.93,13.39,olog
3711,,0.188,,2.57561,,,350.0,52.03,17.45,olog
3712,,0.1635,,2.57352,,,342.0,50.94,17.08,olog
3713,,0.1394,,2.57299,,,349.0,51.88,17.4,olog
3714,,0.1337,,2.57154,,,244.0,36.38,12.2,olog
3715,,0.1446,,2.57542,,,349.0,51.95,17.42,olog
3716,,0.1295,,2.57016,,,343.0,50.99,17.1,olog
3717,,0.1371,,2.57492,,,351.0,52.19,17.5,olog
3718,,0.1624,,2.57125,,,284.0,42.31,14.19,olog
3719,,0.1759,,2.57843,,,349.0,51.87,17.4,olog
3720,,0.1536,,2.5738,,,345.0,51.34,17.22,olog
3721,,0.12,,2.56937,,,196.0,29.09,9.76,olog
3722,,0.1529,,2.56841,,,325.0,48.41,16.23,olog
3723,,0.2075,,2.57463,,,351.0,52.26,17.53,olog
3724,,0.2023,,2.57536,,,346.0,51.56,17.29,olog
3725,,0.1884,,2.57439,,,267.0,39.71,13.32,olog
3726,,0.1549,,2.5699,,,336.0,50.0,16.77,olog
3727,,0.1437,,2.56991,,,344.0,51.19,17.17,olog
3728,,0.1547,,2.57106,,,305.0,45.38,15.22,olog
3729,,0.1437,,2.56881,,,340.0,50.61,16.97,olog
3730,,0.1469,,2.5722,,,337.0,50.08,16.8,olog
3731,,0.1513,,2.57476,,,350.0,52.05,17.46,olog
3732,,0.1633,,2.57098,,,251.0,37.3,12.51,olog
3733,,0.2069,,2.56847,,,344.0,51.18,17.16,olog
3734,,0.2054,,2.57336,,,332.0,49.37,16.56,olog
3735,,0.1492,,2.56902,,,266.0,39.61,13.28,olog
3736,,0.1212,,2.56941,,,274.0,40.8,13.68,olog
3737,,0.1539,,2.57435,,,346.0,51.44,17.25,olog
3738,,0.1917,,2.57104,,,238.0,35.39,11.87,olog
3739,,0.1746,,2.57214,,,348.0,51.77,17.36,olog
3740,,0.1555,,2.56905,,,343.0,51.1,17.14,olog
3741,,0.1583,,2.56949,,,350.0,52.06,17.46,olog
3742,,0.1618,,2.56903,,,347.0,51.6,17.3,olog
3743,,0.1437,,2.57326,,,261.0,38.91,13.05,olog
3744,,0.1316,,2.57006,,,342.0,50.9,17.07,olog
3745,,0.1423,,2.57081,,,348.0,51.79,17.37,olog
3746,,0.1464,,2.56881,,,348.0,51.82,17.38,olog
3747,,0.1676,,2.56583,,,239.0,35.59,11.94,olog
3748,,0.1833,,2.56613,,,333.0,49.52,16.61,olog
3749,,0.1614,,2.56747,,,345.0,51.27,17.2,olog
3750,,0.1395,,2.56733,,,350.0,52.11,17.47,olog
3751,,0.1692,,2.56703,,,346.0,51.55,17.29,olog
3752,,0.1891,,2.56696,,,326.0,48.51,16.27,olog
3753,,0.1547,,2.56693,,,350.0,52.11,17.47,olog
3754,,0.1189,,2.56681,,,346.0,51.55,17.29,olog
3755,,0.14,,2.57452,,,348.0,51.81,17.37,olog
3756,,0.2068,,2.57361,,,224.0,33.31,11.17,olog
3757,,0.1954,,2.57155,,,345.0,51.28,17.2,olog
3758,,0.1463,,2.5687,,,349.0,51.91,17.41,olog
3759,,0.1456,,2.56591,,,289.0,42.96,14.41,olog
3760,,0.1762,,2.57018,,,337.0,50.22,16.84,olog
3761,,0.1884,,2.57016,,,348.0,51.77,17.36,olog
3762,,0.1624,,2.56558,,,336.0,49.98,16.76,olog
3763,,0.1543,,2.56874,,,350.0,52.05,17.46,olog
3764,,0.1809,,2.56971,,,338.0,50.3,16.87,olog
3765,,0.1937,,2.56342,,,316.0,47.04,15.78,olog
3766,,0.2075,,2.56685,,,353.0,52.56,17.63,olog
3767,,0.1806,,2.56997,,,349.0,51.97,17.43,olog
3768,,0.1337,,2.56883,,,349.0,52.01,17.44,olog
3769,,0.1451,,2.56573,,,347.0,51.68,17.33,olog
3770,,0.1735,,2.56648,,,333.0,49.58,16.63,olog
3771,,0.1513,,2.56919,,,350.0,52.08,17.47,olog
3772,,0.1587,,2.56884,,,224.0,33.34,11.18,olog
3773,,0.1679,,2.56918,,,348.0,51.81,17.38,olog
3774,,0.1832,,2.57147,,,314.0,46.72,15.67,olog
3775,,0.1792,,2.56586,,,336.0,49.99,16.76,olog
3776,,0.1533,,2.56868,,,321.0,47.82,16.04,olog
3777,,0.1503,,2.56448,,,337.0,50.15,16.82,olog
3778,,0.1618,,2.56906,,,351.0,52.16,17.49,olog
3779,,0.1816,,2.56417,,,332.0,49.47,16.59,olog
3780,,0.1852,,2.57089,,,344.0,51.25,17.19,olog
3781,,0.1809,,2.56819,,,346.0,51.53,17.28,olog
3782,,0.1725,,2.56655,,,353.0,52.55,17.62,olog
3783,,0.1903,,2.56471,,,344.0,51.18,17.16,olog
3784,,0.1915,,2.5667,,,221.0,32.85,11.02,olog
3785,,0.1678,,2.56708,,,349.0,51.91,17.41,olog
3786,,0.1282,,2.56844,,,349.0,51.95,17.42,olog
3787,,0.1508,,2.56397,,,265.0,39.46,13.23,olog
3788,,0.1708,,2.56242,,,330.0,49.11,16.47,olog
3789,,0.14,,2.56475,,,344.0,51.15,17.15,olog
3790,,0.1209,,2.56876,,,329.0,48.89,16.4,olog
3791,,0.1333,,2.5653,,,245.0,36.5,12.24,olog
3792,,0.1438,,2.56751,,,279.0,41.52,13.92,olog
3793,,0.1438,,2.56493,,,351.0,52.23,17.52,olog
3794,,0.1503,,2.56315,,,337.0,50.15,16.82,olog
3795,,0.1627,,2.56191,,,308.0,45.82,15.37,olog
3796,,0.1788,,2.56365,,,298.0,44.35,14.87,olog
3797,,0.1742,,2.56552,,,333.0,49.62,16.64,olog
3798,,0.1882,,2.565,,,196.0,29.16,9.78,olog
3799,,0.1897,,2.56208,,,349.0,51.97,17.43,olog
3800,,0.1514,,2.56412,,,235.0,34.91,11.71,olog
3810,1780033247.001534,0.19511409103870392,2.28e-05,2.56630802154541,4.214372634887695,383527157760.0,325.1373607267209,48.380708958068546,16.22485786121697,wandb
3820,1780033737.898606,0.1486358344554901,2.28e-05,2.5655910968780518,4.190438270568848,384533790720.0,324.4625910498672,48.28030267047176,16.191185809283166,wandb
3830,1780034316.7947865,0.14690522849559784,2.28e-05,2.5640811920166016,3.6677706241607666,385540423680.0,312.6403792920256,46.52114775508961,15.601239132754017,wandb
3840,1780034815.1065037,0.19161590933799744,2.28e-05,2.5623652935028076,3.3555502891540527,386547056640.0,337.5746910426252,50.23139402509437,16.845499906466767,wandb
3850,1780035412.1633244,0.1872536689043045,2.28e-05,2.561062812805176,3.364899158477783,387553689600.0,338.8854121729313,50.426430416448454,16.910906920866395,wandb
3860,1780035920.0705326,0.18138203024864197,2.28e-05,2.561173439025879,3.8333215713500977,388560322560.0,325.71228822844756,48.46625864719334,16.25354763398,wandb
3870,1780036422.6846147,0.1789351999759674,2.28e-05,2.5571212768554688,4.613119125366211,389566955520.0,332.8939568051635,49.53489688817186,16.61192401866598,wandb
3880,1780036906.4002128,0.16221246123313904,2.28e-05,2.557097911834717,3.8593547344207764,390573588480.0,344.8208177657957,51.30962369172949,17.20709285249127,wandb
3890,1780037436.3158364,0.1270187348127365,2.28e-05,2.558079481124878,3.9324381351470947,391580221440.0,289.5913754033927,43.09143685869525,14.451058141249856,wandb
3900,1780037951.5481462,0.16231761872768402,2.28e-05,2.5538668632507324,3.912196636199951,392586854400.0,324.7643221389415,48.32520050679385,16.20624265793814,wandb
3910,1780039771.305169,0.14229047298431396,2.28e-05,2.5517592430114746,4.962700843811035,393593487360.0,315.7012654653983,46.9766101565089,15.753982093394823,wandb
3920,1780040279.1928601,0.154988095164299,2.28e-05,2.554410934448242,4.273162841796875,394600120320.0,329.7437463915286,49.06614296571246,16.45472364009395,wandb
3930,1780040792.1926625,0.17649947106838226,2.28e-05,2.552095413208008,4.073637962341309,395606753280.0,336.93066832070707,50.135562909894745,16.813362175204013,wandb
3940,1780041353.1641016,0.17630410194396973,2.28e-05,2.555320978164673,4.359870910644531,396613386240.0,344.419376734541,51.24988893330754,17.18706032329435,wandb
3950,1780041849.6801612,0.14163239300251007,2.28e-05,2.553379535675049,4.2011260986328125,397620019200.0,328.2239342526649,48.839993658856564,16.37888266053472,wandb
3960,1780042345.3445597,0.1543244570493698,2.28e-05,2.548262357711792,4.240807056427002,398626652160.0,344.841046827626,51.31263379290863,17.208102314006638,wandb
3970,1780042839.5026405,0.17415788769721985,2.28e-05,2.553337812423706,4.038901329040527,399633285120.0,321.7650180946567,47.87890157726152,16.05657274091499,wandb
3980,1780043379.884305,0.15810102224349976,2.28e-05,2.548804521560669,3.4866628646850586,400639918080.0,249.5240423774458,37.12938447098564,12.451636168422706,wandb
3990,1780043866.2408042,0.16481076180934906,2.28e-05,2.546978235244751,3.595903158187866,401646551040.0,345.9389942737938,51.47600928357993,17.2628915920316,wandb
4000,1780044357.3596952,0.15726545453071594,2.28e-05,2.549147605895996,3.755490303039551,402653184000.0,345.70915312537767,51.44180873005617,17.251422162756,wandb
4010,1780046140.8792963,0.16092143952846527,2.28e-05,2.5497961044311523,4.125947952270508,403659816960.0,309.18571585034704,46.007090969531795,15.428846076556795,wandb
4020,1780046675.8824956,0.15125198662281036,2.28e-05,2.547983169555664,3.580587863922119,404666449920.0,252.24625494446113,37.53445195886952,12.587478791580876,wandb
4030,1780047186.6727006,0.17832328379154205,2.28e-05,2.541548490524292,3.593207359313965,405673082880.0,340.95741581390877,50.734746276828595,17.01430311159527,wandb
4040,1780047680.3396485,0.18193894624710083,2.28e-05,2.5460150241851807,3.472324848175049,406679715840.0,314.103560208982,46.7388702891535,15.674254126631684,wandb
4050,1780048157.8652093,0.15985488891601562,2.28e-05,2.5430946350097656,4.261297225952148,407686348800.0,346.73990100660757,51.595184869726694,17.302858078414314,wandb
4060,1780048639.907972,0.15986919403076172,2.28e-05,2.5389788150787354,3.4728994369506836,408692981760.0,338.5475380757334,50.37615447053912,16.894046480129074,wandb
4070,1780049149.1209705,0.17043159902095795,2.28e-05,2.5393826961517334,4.424322128295898,409699614720.0,333.04715566002056,49.55769300484385,16.61956887879218,wandb
4080,1780049665.7409863,0.17726323008537292,2.28e-05,2.5363869667053223,3.6267919540405273,410706247680.0,301.41659954051585,44.85104001861308,15.041155140170616,wandb
4090,1780050273.214855,0.1563931554555893,2.28e-05,2.5419726371765137,4.285006523132324,411712880640.0,326.7341872051182,48.61831806252582,16.30454197559594,wandb
4100,1780050870.5785792,0.15800291299819946,2.28e-05,2.5367321968078613,4.092433929443359,412719513600.0,217.3925543929394,32.34819240774969,10.848225153912452,wandb
4110,1780052663.1582298,0.15218006074428558,2.28e-05,2.5368123054504395,3.6154346466064453,413726146560.0,346.801108835607,51.60429264545004,17.30591244387785,wandb
4120,1780053170.7481694,0.15257009863853455,2.28e-05,2.538071632385254,3.4512898921966553,414732779520.0,307.3240156610486,45.73006843719558,15.335944353777064,wandb
4130,1780053678.0410213,0.14355330169200897,2.28e-05,2.53531551361084,4.116572380065918,415739412480.0,329.18083001705133,48.98238054228489,16.426633241183065,wandb
4140,1780054179.3425071,0.14854374527931213,2.28e-05,2.533748149871826,4.53127384185791,416746045440.0,341.2183966675938,50.77358044432489,17.027326460391837,wandb
4150,1780054697.423429,0.15438926219940186,2.28e-05,2.5344583988189697,4.662959098815918,417752678400.0,285.60832234171244,42.4987552594137,14.25229762466387,wandb
4160,1780055235.5211475,0.16426412761211395,2.28e-05,2.532823324203491,4.360352516174316,418759311360.0,346.7143782468379,51.591387061903376,17.30158445317308,wandb
4170,1780055756.246403,0.15750835835933685,2.28e-05,2.5343892574310303,3.4900639057159424,419765944320.0,326.98852429963335,48.65616363314704,16.317233790520316,wandb
4180,1780056250.937874,0.15914443135261536,2.28e-05,2.5351414680480957,3.74635648727417,420772577280.0,313.3715219405376,46.62994238762715,15.637724283281985,wandb
4190,1780056738.431242,0.13405346870422363,2.28e-05,2.533034563064575,3.688199758529663,421779210240.0,346.40990800803195,51.54608163782925,17.2863909167042,wandb
4200,1780057248.985261,0.157929465174675,2.28e-05,2.533428430557251,4.307931900024414,422785843200.0,295.57396422259984,43.98165103719174,14.749598588944904,wandb
4210,1780059138.885222,0.1380181610584259,2.28e-05,2.53027606010437,3.9214377403259277,423792476160.0,260.11103795426527,38.70473819409399,12.979943644460823,wandb
4220,1780059726.01982,0.13658735156059265,2.28e-05,2.527695894241333,4.291197776794434,424799109120.0,333.4799158717829,49.62208808330272,16.641164283602443,wandb
4230,1780060212.4692843,0.10478704422712326,2.28e-05,2.5254693031311035,4.391726493835449,425805742080.0,324.83960717889084,48.33640298318274,16.209999498030356,wandb
4240,1780060743.2723868,0.1182394027709961,2.28e-05,2.523711681365967,3.4489083290100098,426812375040.0,351.0452416382737,52.23582312674035,17.517701243889896,wandb
4250,1780061246.3473125,0.1805875301361084,2.28e-05,2.525221586227417,3.7129104137420654,427819008000.0,317.50978413329653,47.24571923434988,15.844229975891073,wandb
4260,1780061752.0115652,0.15632471442222595,2.28e-05,2.5208983421325684,4.038022994995117,428825640960.0,355.03175809522804,52.82902008211137,17.71663458926404,wandb
4270,1780062230.6277432,0.13159188628196716,2.28e-05,2.5225868225097656,4.1286211013793945,429832273920.0,343.86895363624615,51.16798551973833,17.159593358214103,wandb
4280,1780062732.6902087,0.13640762865543365,2.28e-05,2.5231521129608154,3.9515841007232666,430838906880.0,346.89187499936685,51.61779872590259,17.31044181602481,wandb
4290,1780063602.8631916,0.17256473004817963,2.28e-05,2.516967535018921,3.5654215812683105,431845539840.0,43.76467150567883,6.5122194202141435,2.1839248892695307,wandb
4300,1780064298.9918833,0.15890014171600342,2.28e-05,2.5225014686584473,3.6546242237091064,432852172800.0,324.0302108812793,48.21596414275247,16.1696093692159,wandb
4310,1780066159.6693618,0.1397087424993515,2.28e-05,2.519987106323242,3.8140954971313477,433858805760.0,241.47851095163483,35.93220272153938,12.050151689647427,wandb
4320,1780066743.2474627,0.14302442967891693,2.28e-05,2.519693374633789,3.3869457244873047,434865438720.0,273.15394804374847,40.64553403372044,13.630805058312196,wandb
4330,1780067493.7875721,0.12514758110046387,2.28e-05,2.521346092224121,4.057592391967773,435872071680.0,295.945467972308,44.03693110328838,14.768137201426876,wandb
4340,1780068109.5573797,0.13665808737277985,2.28e-05,2.5174317359924316,3.927915096282959,436878704640.0,304.51147169558556,45.311559562298214,15.195594053934355,wandb
4350,1780068607.1391246,0.15196505188941956,2.28e-05,2.5155699253082275,3.9295549392700195,437885337600.0,341.51480741430726,50.81768660929078,17.042117815723053,wandb
4360,1780069097.8076372,0.15154512226581573,2.28e-05,2.517700672149658,3.443589448928833,438891970560.0,354.8020909214026,52.794845416151006,17.70517384158996,wandb
4370,1780069582.2451336,0.18556272983551025,2.28e-05,2.5142507553100586,3.833348035812378,439898603520.0,347.4774032595975,51.70492581668547,17.339660583055256,wandb
4380,1780070062.48526,0.13587231934070587,2.28e-05,2.516554355621338,4.626384735107422,440905236480.0,346.9470647932505,51.62601101300909,17.313195872215555,wandb
4390,1780071135.7927878,0.156264066696167,2.28e-05,2.518770217895508,3.6611194610595703,441911869440.0,202.79832138380038,30.17655843094919,10.119950323737573,wandb
4400,1780071769.4084482,0.16815386712551117,2.28e-05,2.5142757892608643,4.148039817810059,442918502400.0,335.93278669757746,49.987077296690124,16.763566336726974,wandb
4410,1783244466.965616,1.85848069190979,2.28e-05,3.159870147705078,4.893464088439941,443925135360.0,371.4973352177433,55.27911161514992,18.538292388966294,wandb
4420,1783244908.2560291,0.3184308409690857,2.28e-05,2.818227767944336,4.365427017211914,444931768320.0,371.19842257183177,55.234633165508185,18.523376184990244,wandb
4430,1783245349.7095473,0.24155424535274506,2.28e-05,2.7151246070861816,3.896495819091797,445938401280.0,371.2110244708145,55.23650833852933,18.524005039266843,wandb
4440,1783245791.2230933,0.2645937204360962,2.28e-05,2.673762559890747,3.603961944580078,446945034240.0,371.21490262612065,55.237085411255585,18.52419856522297,wandb
4450,1783246233.3290098,0.17952163517475128,2.28e-05,2.631040573120117,3.4311089515686035,447951667200.0,368.1255200479797,54.777382721170724,18.37003358985003,wandb
4460,1783246675.3369398,0.22027620673179626,2.28e-05,2.6187081336975098,3.885085344314575,448958300160.0,370.7336826496121,55.16547947960802,18.500184943099143,wandb
4470,1783247117.9390168,0.19349117577075958,2.28e-05,2.599168300628662,4.700095176696777,449964933120.0,371.20705722148244,55.235918008538135,18.523807067380844,wandb
4480,1783247560.1130009,0.1987942010164261,2.28e-05,2.5909290313720703,3.9213457107543945,450971566080.0,370.56449624715106,55.140304402591845,18.49174227958657,wandb
4490,1783248002.8830864,0.21022403240203857,2.28e-05,2.5796356201171875,3.9492030143737793,451978199040.0,370.3110839395397,55.10259644102897,18.479096612960973,wandb
4500,1783249893.9440172,0.19342148303985596,2.28e-05,2.5727128982543945,3.9328231811523438,452984832000.0,368.119592442625,54.77650068857735,18.36973779316237,wandb
4510,1783250337.0529373,0.15867821872234344,2.28e-05,2.5647048950195312,4.999028205871582,453991464960.0,369.84372033847706,55.03305234954078,18.455774445432148,wandb
4520,1783250781.1025512,0.1868053674697876,2.28e-05,2.564634323120117,4.278426170349121,454998097920.0,369.8272205406564,55.030597165939476,18.454951079966612,wandb
4530,1783251224.4107516,0.19641204178333282,2.28e-05,2.558131694793701,4.112308502197266,456004730880.0,369.54633091368737,54.98880055646539,18.440934252549187,wandb
4540,1783251667.891923,0.18528130650520325,2.28e-05,2.5580010414123535,4.379250526428223,457011363840.0,369.49890421260886,54.98174342400731,18.438567586712615,wandb
4550,1783252111.8505325,0.1373651921749115,2.28e-05,2.5536603927612305,4.222671031951904,458017996800.0,367.7389520300763,54.71986107947173,18.350743247054123,wandb
4560,1783252555.0836093,0.19688554108142853,2.28e-05,2.549220085144043,4.246306896209717,459024629760.0,369.64386870703544,55.00331426101734,18.445801539500252,wandb
4570,1783253000.5812788,0.17485231161117554,2.28e-05,2.5511653423309326,4.037310600280762,460031262720.0,369.5366861731923,54.98736541108,18.440452965061063,wandb
4580,1783253443.9379525,0.16032101213932037,2.28e-05,2.5445761680603027,3.476590633392334,461037895680.0,369.31736840804996,54.954730745715885,18.429508668909058,wandb
4590,1783253887.2845411,0.1401490718126297,2.28e-05,2.5409092903137207,3.582570791244507,462044528640.0,370.08958988343085,55.06963794176394,18.46804371651918,wandb
4600,1783255759.7382464,0.18333713710308075,2.28e-05,2.541945457458496,3.7679643630981445,463051161600.0,368.12493559343727,54.77729575385005,18.37000442466318,wandb
4610,1783256203.1630526,0.17498081922531128,2.28e-05,2.541123628616333,4.113019943237305,464057794560.0,369.37898031814456,54.96389864904135,18.43258319864507,wandb
4620,1783256646.9067807,0.16214975714683533,2.28e-05,2.5369017124176025,3.5709376335144043,465064427520.0,369.329435608847,54.95652635520351,18.430110840918072,wandb
4630,1783257090.510945,0.19272181391716003,2.28e-05,2.5292177200317383,3.586256504058838,466071060480.0,369.2966095147369,54.95164180517264,18.42847276798211,wandb
4640,1783257534.0939233,0.15628275275230408,2.28e-05,2.5324087142944336,3.4524712562561035,467077693440.0,369.0855046151412,54.920229221013955,18.417938306540673,wandb
4650,1783257978.0451777,0.19149450957775116,2.28e-05,2.529158592224121,4.248276710510254,468084326400.0,368.0687460699777,54.76893470615342,18.36720048041825,wandb
4660,1783258421.3805704,0.15372364223003387,2.28e-05,2.5276713371276855,3.3683817386627197,469090959360.0,370.15863536807655,55.07991196714831,18.471489193138144,wandb
4670,1783258864.8822622,0.18982182443141937,2.28e-05,2.523088216781616,4.417976379394531,470097592320.0,369.47871357508063,54.978739040396185,18.437560042629432,wandb
4680,1783259308.120354,0.17339164018630981,2.28e-05,2.520280361175537,3.6075172424316406,471104225280.0,369.8733953865399,55.03746802130621,18.457255276290127,wandb
4690,1783259751.5009174,0.15735942125320435,2.28e-05,2.5253472328186035,4.27522087097168,472110858240.0,370.15672296321765,55.07962739971908,18.47139376117382,wandb
4700,1783261641.6608126,0.14889758825302124,2.28e-05,2.5203871726989746,4.074865818023682,473117491200.0,370.0712818955276,55.06691369797856,18.467130119568058,wandb
4710,1783262085.6514645,0.1431952863931656,2.28e-05,2.520554542541504,3.602074384689331,474124124160.0,369.7044949896826,55.01233550216109,18.448826884900132,wandb
4720,1783262529.1939163,0.15785682201385498,2.28e-05,2.5216667652130127,3.4471914768218994,475130757120.0,369.7957754732445,55.02591811382679,18.45338192240178,wandb
4730,1783262972.5316906,0.19776733219623566,2.28e-05,2.51638126373291,4.107168197631836,476137390080.0,369.87355448731483,55.037491695633484,18.457263215665204,wandb
4740,1783263415.9445095,0.17522402107715607,2.28e-05,2.5153450965881348,4.528173446655273,477144023040.0,369.5214301853536,54.98509530743567,18.439691667639988,wandb
4750,1783263859.4895432,0.15978239476680756,2.28e-05,2.5155258178710938,4.64540433883667,478150656000.0,369.10295328384876,54.922825597390265,18.418809022133047,wandb
4760,1783264302.5550437,0.1594633013010025,2.28e-05,2.5126142501831055,4.347481727600098,479157288960.0,369.77386586313327,55.02265794566953,18.452288598924415,wandb
4770,1783264745.6456513,0.16087089478969574,2.28e-05,2.5145254135131836,3.4725537300109863,480163921920.0,369.8326714897547,55.03140827168654,18.455223090768847,wandb
4780,1783265188.5271165,0.14905379712581635,2.28e-05,2.515890121459961,3.7408039569854736,481170554880.0,370.0003848821891,55.056364163588974,18.463592248799745,wandb
4790,1783265631.6935086,0.14119216799736023,2.28e-05,2.5117874145507812,3.6765832901000977,482177187840.0,369.7439145869855,55.01820117093596,18.450793983857192,wandb
4800,1783267521.7055914,0.12055492401123047,2.28e-05,2.5121729373931885,4.295071601867676,483183820800.0,368.97808621876743,54.90424527453643,18.412577962195908,wandb
4810,1783267965.7521582,0.1491546928882599,2.28e-05,2.510115623474121,3.911126136779785,484190453760.0,368.874632342058,54.888851251873284,18.407415453522493,wandb
4820,1783268409.446853,0.14372310042381287,2.28e-05,2.5085833072662354,4.262598037719727,485197086720.0,369.3456794083844,54.95894344604793,18.430921431672797,wandb
4830,1783268853.2786782,0.17012768983840942,2.28e-05,2.50429105758667,4.373239517211914,486203719680.0,369.65715371496526,55.005291081216406,18.44646448197129,wandb
4840,1783269297.2770383,0.14820730686187744,2.28e-05,2.503270387649536,3.4413492679595947,487210352640.0,369.1462263235425,54.92926466158909,18.42096841383348,wandb
4850,1783269741.0027125,0.1460156887769699,2.28e-05,2.5049238204956055,3.7004735469818115,488216985600.0,368.23897721019375,54.79426524101409,18.37569527796285,wandb
4860,1783270184.6129189,0.17080995440483093,2.28e-05,2.499274492263794,4.025484561920166,489223618560.0,369.2109837984954,54.938900627574526,18.42419991212766,wandb
4870,1783270627.8572733,0.13502225279808044,2.28e-05,2.50168776512146,4.117415428161621,490230251520.0,369.78056021199905,55.02365407033332,18.452622657300783,wandb
4880,1783271071.3631206,0.1527089625597,2.28e-05,2.5013935565948486,3.9369850158691406,491236884480.0,369.5294234716832,54.98628471507146,18.440090545007546,wandb
4890,1783271514.891585,0.17758390307426453,2.28e-05,2.4949703216552734,3.542917013168335,492243517440.0,369.33001164829346,54.95661207035093,18.430139586178598,wandb
4900,1783273429.877539,0.18426348268985748,2.28e-05,2.500701904296875,3.6407318115234375,493250150400.0,369.4471337518098,54.97403993649992,18.43598416053853,wandb
4910,1783273876.8839924,0.17784595489501953,2.28e-05,2.497373104095459,3.7657666206359863,494256783360.0,366.80284385314104,54.580567406298194,18.304029999214656,wandb
4920,1783274323.8565924,0.1577358990907669,2.28e-05,2.4987897872924805,3.367725372314453,495263416320.0,366.6195462166698,54.55329256595687,18.294883163270008,wandb
4930,1783274768.7400932,0.13586865365505219,2.28e-05,2.4995460510253906,4.016873359680176,496270049280.0,365.47482240115016,54.38295671272784,18.237759671968846,wandb
4940,1783275217.3450491,0.2032744288444519,2.28e-05,2.493483304977417,3.888993501663208,497276682240.0,365.1152018468647,54.32944487596649,18.219814049342727,wandb
4950,1783275666.1816916,0.1472514569759369,2.28e-05,2.493961811065674,3.911068916320801,498283315200.0,364.6255408627678,54.25658291538847,18.195379207867116,wandb
4960,1783276114.8673646,0.14089877903461456,2.28e-05,2.496408462524414,3.4173083305358887,499289948160.0,365.71337027172206,54.41845283373008,18.249663580164675,wandb
4970,1783276563.454973,0.1683085709810257,2.28e-05,2.4930906295776367,3.816356658935547,500296581120.0,365.33747312157556,54.36251902600415,18.23090573019649,wandb
4980,1783277011.885752,0.11949863284826279,2.28e-05,2.4958372116088867,4.611804008483887,501303214080.0,365.090641442025,54.32579026735496,18.218588447102963,wandb
4990,1783277460.2507296,0.16352979838848114,2.28e-05,2.5026161670684814,3.647766351699829,502309847040.0,365.37682326435885,54.36837435988888,18.232869363265447,wandb
5000,1783279371.990661,0.14014095067977905,2.28e-05,2.5103697776794434,4.148716449737549,503316480000.0,365.43016372951814,54.37631146534731,18.235531135088674,wandb
5010,1783279820.6056018,0.19370420277118683,2.28e-05,2.549992322921753,3.6718897819519043,504323112960.0,365.39229204342035,54.370676127043666,18.2336412792981,wandb
5020,1783280269.2087564,0.17673461139202118,2.28e-05,2.5503604412078857,4.2985920906066895,505329745920.0,364.98987750537424,54.31079651000369,18.213560170604556,wandb
5030,1783280717.7739625,0.20014087855815887,2.28e-05,2.550471782684326,3.588879346847534,506336378880.0,365.098461499359,54.32695389837253,18.218978680075352,wandb
5040,1783281166.176266,0.16765055060386658,2.28e-05,2.5450937747955322,4.412631034851074,507343011840.0,365.51870032909005,54.3894857847994,18.23994924852959,wandb
5050,1783281614.7255754,0.17317120730876923,2.28e-05,2.5525033473968506,3.976724147796631,508349644800.0,364.3609867429132,54.21721704292233,18.182177547554545,wandb
5060,1783282063.0457,0.12763981521129608,2.28e-05,2.549408435821533,3.5177671909332275,509356277760.0,365.84514610583875,54.438061187146786,18.25623939837673,wandb
5070,1783282511.3367448,0.16188980638980865,2.28e-05,2.5480923652648926,3.482036590576172,510362910720.0,365.3495305617688,54.36431318310583,18.23150741513626,wandb
5080,1783282959.6906505,0.15754055976867676,2.28e-05,2.5480074882507324,3.9263033866882324,511369543680.0,365.467544592266,54.38187376872937,18.23739649803392,wandb
5090,1783283407.9577515,0.2012060582637787,2.28e-05,2.5428624153137207,3.765481948852539,512376176640.0,365.69951624521144,54.41639134309422,18.248972242785182,wandb
5100,1783285317.3320491,0.20291085541248322,2.28e-05,2.5456740856170654,3.9468870162963867,513382809600.0,365.5980005618052,54.40128572520219,18.2439064529594,wandb
5110,1783447519.4980168,0.1643448919057846,2.28e-05,2.516683578491211,4.1625471115112305,514389442560.0,380.01542400452803,56.546610291867054,18.96335821193387,wandb
5120,1783447950.9386618,0.14493297040462494,2.28e-05,2.5122735500335693,4.157783508300781,515396075520.0,379.87019798284746,56.52500053938472,18.956111208531212,wandb
5130,1783448382.7082672,0.12916560471057892,2.28e-05,2.509160041809082,3.6309814453125,516402708480.0,379.361840061945,56.449356459102034,18.930743360951862,wandb
5140,1783448814.6602123,0.14382848143577576,2.28e-05,2.505833625793457,3.2932448387145996,517409341440.0,379.05207216931996,56.40326273974555,18.915285463352596,wandb
5150,1783449247.1388679,0.15333443880081177,2.28e-05,2.498487949371338,3.3282523155212402,518415974400.0,376.3801520326617,56.005678807213364,18.781952510360338,wandb
5160,1783449679.6770303,0.13940896093845367,2.28e-05,2.4996540546417236,3.762582302093506,519422607360.0,378.4677839067242,56.31632016163924,18.886128574124598,wandb
5170,1783450112.8305447,0.1661199927330017,2.28e-05,2.492095947265625,4.596549987792969,520429240320.0,378.9782921137433,56.39228420627961,18.911603724311448,wandb
5180,1783450545.4110768,0.14646761119365692,2.28e-05,2.493328094482422,3.8030970096588135,521435873280.0,378.57399485587507,56.3321244389685,18.89142866498289,wandb
5190,1783450978.328818,0.17310690879821777,2.28e-05,2.4905457496643066,3.891787528991699,522442506240.0,377.79506340125357,56.216218792443925,18.85255877901649,wandb
5200,1783452854.998596,0.13104493916034698,2.28e-05,2.4862828254699707,3.8319268226623535,523449139200.0,376.96316903126774,56.09243222018356,18.811045961546363,wandb
5210,1783453288.652948,0.17434343695640564,2.28e-05,2.4861276149749756,4.904946327209473,524455772160.0,377.8864626546786,56.22981907716376,18.857119743318247,wandb
5220,1783453723.1962023,0.13307985663414001,2.28e-05,2.485267400741577,4.183865547180176,525462405120.0,377.6423698332247,56.19349786287107,18.844939133485585,wandb
5230,1783454157.1543624,0.15101654827594757,2.28e-05,2.484877109527588,3.995452880859375,526469038080.0,377.54943149356967,56.17966856084362,18.840301366397274,wandb
5240,1783454591.1181896,0.13482032716274261,2.28e-05,2.484799385070801,4.326567649841309,527475671040.0,377.7659825888477,56.21189154343713,18.85110760143813,wandb
5250,1783455025.2058542,0.18154561519622803,2.28e-05,2.4849963188171387,4.1576738357543945,528482304000.0,377.70954568873736,56.2034936858897,18.8482913127152,wandb
5260,1783455459.1060445,0.1867067962884903,2.28e-05,2.4827749729156494,4.205047607421875,529488936960.0,378.0924861083118,56.260475537948466,18.867400632736196,wandb
5270,1783455892.82343,0.1660495102405548,2.28e-05,2.484680414199829,3.9957211017608643,530495569920.0,377.9185697406544,56.23459663818786,18.85872193663473,wandb
5280,1783456328.3705168,0.12086322903633118,2.28e-05,2.480570077896118,3.425663948059082,531502202880.0,377.8356145637287,56.222252839054974,18.85458234482817,wandb
5290,1783456761.9870608,0.14380508661270142,2.28e-05,2.4773354530334473,3.493900775909424,532508835840.0,377.64410717170443,56.193756380277875,18.845025829366453,wandb
5300,1783458623.4523435,0.1330171525478363,2.28e-05,2.4774160385131836,3.6906890869140625,533515468800.0,377.89722083048713,56.231419902647325,18.857656592952964,wandb
5310,1783459057.7904415,0.1562930792570114,2.28e-05,2.482132911682129,3.9214906692504883,534522101760.0,377.0223954236937,56.10124515650128,18.814001450256107,wandb
5320,1783459492.005989,0.14297735691070557,2.28e-05,2.4778127670288086,3.53420090675354,535528734720.0,377.7552067565878,56.21028809065896,18.85056987071914,wandb
5330,1783459926.148827,0.1617661416530609,2.28e-05,2.471214771270752,3.526463508605957,536535367680.0,377.7792735383626,56.213869247749,18.85177084040346,wandb
5340,1783460359.6355648,0.15292099118232727,2.28e-05,2.4753379821777344,3.3807992935180664,537542000640.0,377.8125514276353,56.21882102527479,18.85343145861776,wandb
5350,1783460793.696558,0.134975403547287,2.28e-05,2.4734809398651123,4.212385177612305,538548633600.0,377.2913470688289,56.141265384376645,18.82742255389091,wandb
5360,1783461230.072831,0.14079371094703674,2.28e-05,2.4717116355895996,3.2819087505340576,539555266560.0,375.5300722718823,55.87918623371923,18.739532213724736,wandb
5370,1783461666.3938982,0.16583094000816345,2.28e-05,2.469534158706665,4.376748085021973,540561899520.0,376.2354207726361,55.984142675675656,18.77473019633053,wandb
5380,1783462102.372195,0.13386008143424988,2.28e-05,2.4670746326446533,3.532233238220215,541568532480.0,375.5840384407699,55.88721644441141,18.742225209133075,wandb
5390,1783462538.5665543,0.1683671921491623,2.28e-05,2.471385955810547,4.243564605712891,542575165440.0,375.3002602084406,55.84499000806379,18.728064235834406,wandb
5401,,0.165,,2.47525,,,26.0,3.79,1.27,olog
5402,,0.1721,,2.46952,,,327.0,48.62,16.3,olog
5403,,0.1535,,2.46699,,,346.0,51.46,17.26,olog
5404,,0.1289,,2.46418,,,352.0,52.43,17.58,olog
5405,,0.1238,,2.47419,,,341.0,50.81,17.04,olog
5406,,0.164,,2.46694,,,346.0,51.41,17.24,olog
5407,,0.173,,2.46915,,,333.0,49.56,16.62,olog
5408,,0.1613,,2.46753,,,347.0,51.59,17.3,olog
5409,,0.1405,,2.46993,,,349.0,51.91,17.41,olog
5410,,0.124,,2.46819,,,349.0,52.01,17.44,olog
5411,,0.1264,,2.4651,,,350.0,52.04,17.45,olog
5412,,0.137,,2.46697,,,352.0,52.42,17.58,olog
5413,,0.1771,,2.46446,,,350.0,52.01,17.44,olog
5414,,0.1894,,2.46823,,,345.0,51.37,17.23,olog
5415,,0.1681,,2.4635,,,345.0,51.3,17.2,olog
5416,,0.1482,,2.46091,,,345.0,51.4,17.24,olog
5417,,0.1595,,2.46139,,,309.0,46.01,15.43,olog
5418,,0.1567,,2.46557,,,354.0,52.63,17.65,olog
5419,,0.1481,,2.46485,,,347.0,51.67,17.33,olog
5420,,0.1651,,2.46405,,,349.0,51.98,17.43,olog
5421,,0.1518,,2.45994,,,347.0,51.68,17.33,olog
5422,,0.1263,,2.46014,,,248.0,36.95,12.39,olog
5423,,0.1483,,2.46151,,,345.0,51.36,17.22,olog
5424,,0.1582,,2.46176,,,347.0,51.63,17.31,olog
5425,,0.1698,,2.45957,,,305.0,45.46,15.24,olog
5426,,0.1735,,2.45576,,,342.0,50.94,17.08,olog
5427,,0.1576,,2.46127,,,346.0,51.52,17.28,olog
5428,,0.1543,,2.45778,,,348.0,51.84,17.39,olog
5429,,0.1602,,2.4529,,,347.0,51.61,17.31,olog
5430,,0.1582,,2.45835,,,336.0,49.94,16.75,olog
5431,,0.1524,,2.45698,,,348.0,51.72,17.35,olog
5432,,0.1397,,2.46042,,,340.0,50.58,16.96,olog
5433,,0.1431,,2.45316,,,353.0,52.47,17.59,olog
5434,,0.1513,,2.45387,,,335.0,49.91,16.74,olog
5435,,0.16,,2.45821,,,349.0,51.88,17.4,olog
5436,,0.1476,,2.45377,,,345.0,51.41,17.24,olog
5437,,0.1538,,2.45539,,,350.0,52.09,17.47,olog
5438,,0.1848,,2.45791,,,344.0,51.14,17.15,olog
5439,,0.181,,2.45475,,,349.0,51.99,17.44,olog
5440,,0.1674,,2.4561,,,336.0,50.03,16.78,olog
5441,,0.1459,,2.45314,,,353.0,52.54,17.62,olog
5442,,0.1301,,2.4527,,,335.0,49.87,16.72,olog
5443,,0.1532,,2.45286,,,352.0,52.33,17.55,olog
5444,,0.1579,,2.45135,,,334.0,49.77,16.69,olog
5445,,0.1321,,2.45215,,,353.0,52.58,17.63,olog
5446,,0.1517,,2.45216,,,352.0,52.37,17.56,olog
5447,,0.1668,,2.45447,,,353.0,52.5,17.61,olog
5448,,0.1348,,2.45452,,,353.0,52.6,17.64,olog
5449,,0.1253,,2.452,,,335.0,49.84,16.72,olog
5450,,0.1165,,2.44898,,,335.0,49.89,16.73,olog
5451,,0.1214,,2.44744,,,338.0,50.35,16.88,olog
5452,,0.1606,,2.44574,,,344.0,51.16,17.16,olog
5453,,0.1787,,2.44674,,,339.0,50.47,16.93,olog
5454,,0.1579,,2.44914,,,343.0,51.06,17.12,olog
5455,,0.1376,,2.44836,,,341.0,50.68,16.99,olog
5456,,0.1315,,2.44825,,,339.0,50.45,16.92,olog
5457,,0.1416,,2.44677,,,336.0,50.03,16.78,olog
5458,,0.1652,,2.45225,,,341.0,50.71,17.01,olog
5459,,0.1635,,2.44577,,,350.0,52.03,17.45,olog
5460,,0.1418,,2.45178,,,344.0,51.16,17.16,olog
5461,,0.1304,,2.44612,,,330.0,49.14,16.48,olog
5462,,0.138,,2.44801,,,332.0,49.4,16.57,olog
5463,,0.1671,,2.44784,,,345.0,51.35,17.22,olog
5464,,0.1761,,2.44898,,,346.0,51.51,17.28,olog
5465,,0.1529,,2.44734,,,345.0,51.26,17.19,olog
5466,,0.1401,,2.44744,,,349.0,51.91,17.41,olog
5467,,0.1531,,2.4483,,,330.0,49.12,16.47,olog
5468,,0.1626,,2.44413,,,330.0,49.12,16.47,olog
5469,,0.1644,,2.44314,,,353.0,52.54,17.62,olog
5470,,0.1482,,2.44126,,,348.0,51.74,17.35,olog
5471,,0.1205,,2.44507,,,290.0,43.18,14.48,olog
5472,,0.131,,2.44574,,,342.0,50.84,17.05,olog
5473,,0.1295,,2.44744,,,347.0,51.67,17.33,olog
5474,,0.1456,,2.44213,,,342.0,50.95,17.09,olog
5475,,0.1664,,2.44426,,,353.0,52.45,17.59,olog
5476,,0.1691,,2.44477,,,319.0,47.53,15.94,olog
5477,,0.1454,,2.44023,,,317.0,47.2,15.83,olog
5478,,0.1264,,2.44863,,,316.0,46.97,15.75,olog
5479,,0.1477,,2.44282,,,347.0,51.65,17.32,olog
5480,,0.1553,,2.44181,,,344.0,51.21,17.17,olog
5481,,0.1575,,2.44862,,,350.0,52.01,17.44,olog
5482,,0.1508,,2.44823,,,348.0,51.82,17.38,olog
5483,,0.1281,,2.44635,,,352.0,52.31,17.54,olog
5484,,0.1383,,2.44503,,,353.0,52.48,17.6,olog
5485,,0.153,,2.44373,,,345.0,51.3,17.21,olog
5486,,0.1491,,2.44088,,,347.0,51.65,17.32,olog
5487,,0.1497,,2.44219,,,345.0,51.32,17.21,olog
5488,,0.1554,,2.44184,,,348.0,51.8,17.37,olog
5489,,0.1462,,2.4444,,,343.0,51.1,17.14,olog
5490,,0.1514,,2.44096,,,345.0,51.35,17.22,olog
5491,,0.1628,,2.44253,,,348.0,51.74,17.35,olog
5492,,0.1603,,2.44146,,,350.0,52.07,17.46,olog
5493,,0.1483,,2.44138,,,348.0,51.79,17.37,olog
5494,,0.1324,,2.44315,,,331.0,49.18,16.49,olog
5495,,0.136,,2.44264,,,351.0,52.25,17.52,olog
5496,,0.1336,,2.44038,,,342.0,50.88,17.06,olog
5497,,0.1519,,2.43713,,,349.0,51.86,17.39,olog
5498,,0.1726,,2.44477,,,349.0,51.89,17.4,olog
5499,,0.1786,,2.43797,,,348.0,51.73,17.35,olog
5500,,0.1529,,2.43977,,,343.0,51.08,17.13,olog
5501,,0.1342,,2.43874,,,343.0,51.03,17.11,olog
5502,,0.1332,,2.43898,,,331.0,49.25,16.52,olog
5503,,0.1372,,2.43641,,,346.0,51.47,17.26,olog
5504,,0.1402,,2.43462,,,338.0,50.36,16.89,olog
5505,,0.1571,,2.43924,,,336.0,49.98,16.76,olog
5506,,0.1589,,2.44056,,,334.0,49.67,16.66,olog
5507,,0.1541,,2.44196,,,345.0,51.34,17.22,olog
5508,,0.1422,,2.4374,,,344.0,51.22,17.18,olog
5509,,0.1644,,2.43462,,,345.0,51.31,17.21,olog
5510,,0.1788,,2.43697,,,342.0,50.84,17.05,olog
5511,,0.1539,,2.4337,,,340.0,50.6,16.97,olog
5512,,0.1395,,2.4409,,,338.0,50.35,16.88,olog
5513,,0.1827,,2.43925,,,321.0,47.8,16.03,olog
5514,,0.1602,,2.44074,,,333.0,49.49,16.6,olog
5515,,0.1154,,2.43928,,,338.0,50.34,16.88,olog
5516,,0.1286,,2.43984,,,332.0,49.37,16.56,olog
5517,,0.1492,,2.4389,,,346.0,51.55,17.29,olog
5518,,0.1431,,2.44243,,,329.0,48.97,16.42,olog
5519,,0.1589,,2.438,,,344.0,51.12,17.14,olog
5520,,0.169,,2.4391,,,341.0,50.75,17.02,olog
5521,,0.1439,,2.43681,,,338.0,50.23,16.85,olog
5522,,0.1435,,2.43815,,,332.0,49.4,16.57,olog
5523,,0.1387,,2.44324,,,339.0,50.48,16.93,olog
5524,,0.1326,,2.43831,,,341.0,50.81,17.04,olog
5525,,0.1408,,2.43808,,,345.0,51.31,17.21,olog
5526,,0.1421,,2.43895,,,337.0,50.08,16.79,olog
5527,,0.1269,,2.4367,,,341.0,50.7,17.0,olog
5528,,0.1328,,2.44057,,,336.0,49.99,16.77,olog
5529,,0.1642,,2.44023,,,332.0,49.35,16.55,olog
5530,,0.1666,,2.43848,,,336.0,49.98,16.76,olog
5531,,0.15,,2.43445,,,350.0,52.06,17.46,olog
5532,,0.1302,,2.43513,,,347.0,51.68,17.33,olog
5533,,0.1359,,2.43538,,,345.0,51.27,17.19,olog
5534,,0.1478,,2.43973,,,344.0,51.24,17.18,olog
5535,,0.1376,,2.43676,,,340.0,50.53,16.94,olog
5536,,0.1424,,2.4402,,,337.0,50.11,16.8,olog
5537,,0.1672,,2.43598,,,339.0,50.37,16.89,olog
5538,,0.1785,,2.43612,,,344.0,51.19,17.17,olog
5539,,0.1502,,2.43448,,,336.0,49.98,16.76,olog
5540,,0.1243,,2.43717,,,346.0,51.45,17.25,olog
5541,,0.1198,,2.43792,,,339.0,50.39,16.9,olog
5542,,0.115,,2.43627,,,343.0,50.97,17.09,olog
5543,,0.1311,,2.43723,,,342.0,50.91,17.07,olog
5544,,0.1408,,2.44151,,,326.0,48.46,16.25,olog
5545,,0.1497,,2.43572,,,337.0,50.21,16.84,olog
5546,,0.1296,,2.43583,,,333.0,49.48,16.59,olog
5547,,0.131,,2.43643,,,338.0,50.28,16.86,olog
5548,,0.1695,,2.43371,,,313.0,46.61,15.63,olog
5549,,0.1696,,2.43404,,,346.0,51.44,17.25,olog
5550,,0.1721,,2.44004,,,348.0,51.73,17.35,olog
5551,,0.1744,,2.43694,,,338.0,50.32,16.88,olog
5552,,0.1341,,2.43298,,,333.0,49.6,16.63,olog
5553,,0.1175,,2.43519,,,326.0,48.51,16.27,olog
5554,,0.1088,,2.436,,,322.0,47.91,16.07,olog
5555,,0.1308,,2.43393,,,219.0,32.59,10.93,olog
5556,,0.1545,,2.43587,,,345.0,51.37,17.23,olog
5557,,0.148,,2.43622,,,329.0,48.92,16.41,olog
5558,,0.1551,,2.43361,,,341.0,50.81,17.04,olog
5559,,0.1649,,2.43345,,,239.0,35.5,11.9,olog
5560,,0.1795,,2.43437,,,347.0,51.62,17.31,olog
5561,,0.169,,2.43506,,,345.0,51.36,17.23,olog
5562,,0.1502,,2.4345,,,342.0,50.84,17.05,olog
5563,,0.1358,,2.43561,,,325.0,48.33,16.21,olog
5564,,0.147,,2.43527,,,308.0,45.81,15.36,olog
5565,,0.1341,,2.43311,,,336.0,50.0,16.77,olog
5566,,0.1297,,2.4316,,,341.0,50.81,17.04,olog
5567,,0.1355,,2.43386,,,332.0,49.44,16.58,olog
5568,,0.129,,2.43648,,,345.0,51.41,17.24,olog
5569,,0.1357,,2.43085,,,110.0,16.36,5.49,olog
5570,,0.1344,,2.43832,,,114.0,16.98,5.69,olog
5571,,0.1471,,2.43288,,,243.0,36.11,12.11,olog
5572,,0.1532,,2.43821,,,283.0,42.09,14.12,olog
5573,,0.1424,,2.43085,,,321.0,47.8,16.03,olog
5574,,0.1558,,2.43361,,,338.0,50.32,16.87,olog
5575,,0.1597,,2.43399,,,308.0,45.88,15.39,olog
5576,,0.1673,,2.43258,,,184.0,27.31,9.16,olog
5577,,0.152,,2.43492,,,268.0,39.87,13.37,olog
5578,,0.1325,,2.43339,,,335.0,49.79,16.7,olog
5579,,0.1547,,2.4339,,,304.0,45.2,15.16,olog
5580,,0.1685,,2.43751,,,345.0,51.32,17.21,olog
5581,,0.1323,,2.43459,,,341.0,50.73,17.01,olog
5582,,0.1198,,2.43475,,,340.0,50.61,16.97,olog
5583,,0.1306,,2.4373,,,342.0,50.82,17.04,olog
5584,,0.1655,,2.43296,,,332.0,49.42,16.57,olog
5585,,0.1716,,2.43249,,,333.0,49.55,16.62,olog
5586,,0.1573,,2.43379,,,349.0,52.0,17.44,olog
5587,,0.1618,,2.43311,,,351.0,52.28,17.53,olog
5588,,0.1769,,2.43112,,,350.0,52.08,17.46,olog
5589,,0.1594,,2.43445,,,345.0,51.33,17.21,olog
5590,,0.1364,,2.43245,,,325.0,48.38,16.23,olog
5591,,0.152,,2.42975,,,339.0,50.43,16.91,olog
5592,,0.149,,2.43396,,,183.0,27.17,9.11,olog
5593,,0.1449,,2.43729,,,312.0,46.47,15.59,olog
5594,,0.1596,,2.43032,,,350.0,52.02,17.45,olog
5595,,0.1553,,2.43351,,,350.0,52.12,17.48,olog
5596,,0.1384,,2.4312,,,345.0,51.39,17.23,olog
5597,,0.1408,,2.43521,,,344.0,51.14,17.15,olog
5598,,0.1412,,2.43287,,,336.0,49.98,16.76,olog
5599,,0.1138,,2.43616,,,351.0,52.25,17.52,olog
5600,,0.139,,2.43462,,,340.0,50.54,16.95,olog
5601,,0.1607,,2.432,,,347.0,51.6,17.3,olog
5602,,0.1486,,2.42934,,,342.0,50.91,17.07,olog
5603,,0.1248,,2.43164,,,346.0,51.42,17.25,olog
5604,,0.1487,,2.43393,,,332.0,49.41,16.57,olog
5605,,0.1592,,2.43442,,,347.0,51.57,17.3,olog
5606,,0.1457,,2.43229,,,332.0,49.44,16.58,olog
5607,,0.14,,2.43326,,,165.0,24.49,8.21,olog
5608,,0.1291,,2.43009,,,242.0,35.97,12.06,olog
5609,,0.1245,,2.43124,,,327.0,48.59,16.3,olog
5610,,0.1299,,2.43829,,,324.0,48.16,16.15,olog
5611,,0.1498,,2.43028,,,334.0,49.69,16.66,olog
5612,,0.165,,2.4302,,,319.0,47.49,15.93,olog
5613,,0.1332,,2.43168,,,339.0,50.44,16.91,olog
5614,,0.1641,,2.43113,,,232.0,34.54,11.58,olog
5615,,0.1526,,2.4341,,,345.0,51.41,17.24,olog
5616,,0.1202,,2.42902,,,346.0,51.48,17.26,olog
5617,,0.1365,,2.43258,,,334.0,49.76,16.69,olog
5618,,0.1516,,2.42954,,,353.0,52.56,17.63,olog
5619,,0.1546,,2.42951,,,234.0,34.75,11.66,olog
5620,,0.1408,,2.43302,,,348.0,51.72,17.34,olog
5621,,0.114,,2.42659,,,339.0,50.45,16.92,olog
5622,,0.1327,,2.4302,,,347.0,51.66,17.32,olog
5623,,0.1624,,2.43322,,,345.0,51.29,17.2,olog
5624,,0.1672,,2.43396,,,341.0,50.79,17.03,olog
5625,,0.1537,,2.42859,,,322.0,47.85,16.05,olog
5626,,0.1267,,2.43188,,,338.0,50.36,16.89,olog
5627,,0.1115,,2.43067,,,341.0,50.71,17.01,olog
5628,,0.1418,,2.42915,,,337.0,50.13,16.81,olog
5629,,0.1793,,2.42646,,,333.0,49.51,16.6,olog
5630,,0.1597,,2.42751,,,319.0,47.47,15.92,olog
5631,,0.1661,,2.43125,,,352.0,52.35,17.56,olog
5632,,0.1738,,2.42944,,,285.0,42.45,14.24,olog
5633,,0.1402,,2.42971,,,341.0,50.81,17.04,olog
5634,,0.125,,2.42788,,,339.0,50.4,16.9,olog
5635,,0.1425,,2.4304,,,344.0,51.26,17.19,olog
5636,,0.1803,,2.4314,,,343.0,51.01,17.11,olog
5637,,0.1761,,2.4319,,,348.0,51.82,17.38,olog
5638,,0.1499,,2.43046,,,346.0,51.45,17.26,olog
5639,,0.1457,,2.43148,,,347.0,51.64,17.32,olog
5640,,0.1409,,2.43248,,,331.0,49.2,16.5,olog
5641,,0.1364,,2.42516,,,345.0,51.34,17.22,olog
5642,,0.1376,,2.43572,,,346.0,51.46,17.26,olog
5643,,0.1681,,2.43034,,,346.0,51.42,17.24,olog
5644,,0.174,,2.42728,,,336.0,49.98,16.76,olog
5645,,0.1548,,2.42714,,,352.0,52.31,17.54,olog
5646,,0.1324,,2.43194,,,328.0,48.78,16.36,olog
5647,,0.1138,,2.43019,,,308.0,45.82,15.37,olog
5648,,0.1158,,2.42806,,,345.0,51.29,17.2,olog
5649,,0.1572,,2.43074,,,349.0,51.89,17.4,olog
5650,,0.2028,,2.43043,,,340.0,50.59,16.97,olog
5651,,0.1677,,2.42856,,,345.0,51.4,17.24,olog
5652,,0.1229,,2.43262,,,340.0,50.58,16.96,olog
5653,,0.1489,,2.42975,,,342.0,50.91,17.07,olog
5654,,0.1624,,2.42746,,,350.0,52.1,17.47,olog
5655,,0.1362,,2.4319,,,351.0,52.21,17.51,olog
5656,,0.138,,2.42995,,,344.0,51.25,17.19,olog
5657,,0.1504,,2.42755,,,347.0,51.57,17.29,olog
5658,,0.1565,,2.4272,,,334.0,49.69,16.66,olog
5659,,0.1551,,2.42745,,,344.0,51.2,17.17,olog
5660,,0.135,,2.42611,,,344.0,51.24,17.18,olog
5661,,0.1404,,2.42655,,,347.0,51.65,17.32,olog
5662,,0.1458,,2.42746,,,349.0,51.95,17.42,olog
5663,,0.1577,,2.42658,,,350.0,52.14,17.49,olog
5664,,0.1777,,2.42869,,,346.0,51.42,17.24,olog
5665,,0.1349,,2.4294,,,338.0,50.34,16.88,olog
5666,,0.1303,,2.4318,,,344.0,51.25,17.19,olog
5667,,0.1395,,2.42783,,,337.0,50.17,16.83,olog
5668,,0.126,,2.42733,,,349.0,51.87,17.39,olog
5669,,0.1267,,2.43259,,,346.0,51.43,17.25,olog
5670,,0.1558,,2.42664,,,346.0,51.47,17.26,olog
5671,,0.1638,,2.42584,,,347.0,51.61,17.31,olog
5672,,0.1413,,2.43097,,,349.0,51.95,17.42,olog
5673,,0.1252,,2.42659,,,324.0,48.15,16.15,olog
5674,,0.1418,,2.42876,,,349.0,51.87,17.4,olog
5675,,0.1442,,2.43095,,,350.0,52.15,17.49,olog
5676,,0.1606,,2.42747,,,352.0,52.34,17.55,olog
5677,,0.1695,,2.4273,,,349.0,51.88,17.4,olog
5678,,0.1633,,2.42577,,,354.0,52.63,17.65,olog
5679,,0.1372,,2.42836,,,347.0,51.67,17.33,olog
5680,,0.1379,,2.42446,,,352.0,52.44,17.59,olog
5681,,0.1383,,2.426,,,347.0,51.61,17.31,olog
5682,,0.1237,,2.4279,,,340.0,50.53,16.94,olog
5683,,0.1368,,2.42761,,,346.0,51.5,17.27,olog
5684,,0.1537,,2.4275,,,329.0,48.89,16.39,olog
5685,,0.1754,,2.42843,,,343.0,51.03,17.11,olog
5686,,0.1744,,2.42809,,,347.0,51.7,17.34,olog
5687,,0.134,,2.42846,,,345.0,51.33,17.22,olog
5688,,0.1254,,2.42536,,,351.0,52.21,17.51,olog
5689,,0.1676,,2.42913,,,341.0,50.76,17.02,olog
5690,,0.1667,,2.42843,,,349.0,51.97,17.43,olog
5691,,0.1432,,2.42788,,,345.0,51.27,17.19,olog
5692,,0.1648,,2.43098,,,351.0,52.16,17.49,olog
5693,,0.1722,,2.42894,,,348.0,51.8,17.37,olog
5694,,0.1472,,2.42773,,,347.0,51.7,17.34,olog
5695,,0.1341,,2.43339,,,353.0,52.57,17.63,olog
5696,,0.1531,,2.42907,,,344.0,51.24,17.18,olog
5697,,0.1845,,2.42958,,,348.0,51.74,17.35,olog
5698,,0.1734,,2.4283,,,344.0,51.17,17.16,olog
5699,,0.1485,,2.42459,,,347.0,51.58,17.3,olog
5700,,0.1541,,2.42495,,,353.0,52.52,17.61,olog
5701,,0.1485,,2.48365,,,342.0,50.82,17.04,olog
5702,,0.1354,,2.47816,,,343.0,51.03,17.11,olog
5703,,0.1379,,2.47629,,,343.0,51.08,17.13,olog
5704,,0.1504,,2.47566,,,343.0,51.02,17.11,olog
5705,,0.1624,,2.47709,,,320.0,47.55,15.95,olog
5706,,0.1515,,2.47201,,,335.0,49.83,16.71,olog
5707,,0.1445,,2.47269,,,332.0,49.47,16.59,olog
5708,,0.1392,,2.47362,,,340.0,50.55,16.95,olog
5709,,0.1366,,2.47262,,,352.0,52.33,17.55,olog
5710,,0.1362,,2.47305,,,345.0,51.37,17.23,olog
5711,,0.1451,,2.47304,,,344.0,51.18,17.16,olog
5712,,0.162,,2.47545,,,343.0,51.11,17.14,olog
5713,,0.1848,,2.4783,,,275.0,40.85,13.7,olog
5714,,0.1718,,2.47015,,,350.0,52.08,17.47,olog
5715,,0.1448,,2.47068,,,345.0,51.4,17.24,olog
5716,,0.1569,,2.47736,,,343.0,50.99,17.1,olog
5717,,0.1619,,2.47152,,,347.0,51.63,17.31,olog
5718,,0.1499,,2.47385,,,345.0,51.39,17.23,olog
5719,,0.1426,,2.47202,,,350.0,52.13,17.48,olog
5720,,0.1646,,2.47517,,,340.0,50.63,16.98,olog
5721,,0.2128,,2.47413,,,348.0,51.72,17.35,olog
5722,,0.2135,,2.4731,,,345.0,51.26,17.19,olog
5723,,0.1778,,2.47321,,,339.0,50.5,16.93,olog
5724,,0.1561,,2.47199,,,342.0,50.92,17.08,olog
5725,,0.1368,,2.47278,,,345.0,51.29,17.2,olog
5726,,0.1256,,2.47351,,,346.0,51.47,17.26,olog
5727,,0.1517,,2.47013,,,349.0,51.88,17.4,olog
5728,,0.1777,,2.47386,,,340.0,50.64,16.98,olog
5729,,0.1875,,2.47294,,,350.0,52.06,17.46,olog
5730,,0.1517,,2.47192,,,346.0,51.52,17.28,olog
5731,,0.1662,,2.47125,,,349.0,51.86,17.39,olog
5732,,0.1624,,2.4696,,,345.0,51.29,17.2,olog
5733,,0.1351,,2.47209,,,132.0,19.7,6.61,olog
5734,,0.1298,,2.46956,,,346.0,51.56,17.29,olog
5735,,0.1485,,2.46981,,,347.0,51.63,17.31,olog
5736,,0.1781,,2.47117,,,345.0,51.38,17.23,olog
5737,,0.1716,,2.4747,,,349.0,51.89,17.4,olog
5738,,0.1731,,2.47128,,,353.0,52.48,17.6,olog
5739,,0.187,,2.47002,,,348.0,51.75,17.35,olog
5740,,0.1635,,2.47015,,,345.0,51.35,17.22,olog
5741,,0.121,,2.4721,,,341.0,50.7,17.0,olog
5742,,0.1508,,2.4687,,,331.0,49.23,16.51,olog
5743,,0.1873,,2.46839,,,349.0,51.88,17.4,olog
5744,,0.194,,2.4666,,,343.0,50.99,17.1,olog
5745,,0.171,,2.47069,,,343.0,51.01,17.11,olog
5746,,0.1599,,2.46914,,,338.0,50.25,16.85,olog
5747,,0.1636,,2.47042,,,338.0,50.24,16.85,olog
5748,,0.1446,,2.47241,,,269.0,40.02,13.42,olog
5749,,0.1445,,2.47149,,,348.0,51.83,17.38,olog
5750,,0.1395,,2.47018,,,348.0,51.81,17.37,olog
5751,,0.1488,,2.46701,,,338.0,50.28,16.86,olog
5752,,0.1573,,2.47013,,,339.0,50.5,16.94,olog
5753,,0.1676,,2.47346,,,344.0,51.26,17.19,olog
5754,,0.1673,,2.47613,,,303.0,45.03,15.1,olog
5755,,0.1624,,2.46864,,,350.0,52.03,17.45,olog
5756,,0.1628,,2.47258,,,348.0,51.71,17.34,olog
5757,,0.1707,,2.47083,,,332.0,49.43,16.58,olog
5758,,0.1786,,2.47216,,,210.0,31.28,10.49,olog
5759,,0.17,,2.47386,,,350.0,52.06,17.46,olog
5760,,0.1476,,2.4682,,,140.0,20.79,6.97,olog
5761,,0.1501,,2.47041,,,254.0,37.84,12.69,olog
5762,,0.1322,,2.46473,,,314.0,46.78,15.69,olog
5763,,0.1499,,2.46741,,,330.0,49.07,16.45,olog
5764,,0.161,,2.46815,,,347.0,51.62,17.31,olog
5765,,0.1615,,2.47085,,,321.0,47.72,16.0,olog
5766,,0.1831,,2.46913,,,345.0,51.36,17.23,olog
5767,,0.1606,,2.46949,,,351.0,52.27,17.53,olog
5768,,0.1442,,2.46813,,,347.0,51.63,17.31,olog
5769,,0.136,,2.46863,,,348.0,51.8,17.37,olog
5770,,0.1359,,2.47126,,,349.0,51.9,17.4,olog
5771,,0.1386,,2.46808,,,349.0,51.9,17.4,olog
5772,,0.18,,2.46999,,,349.0,51.97,17.43,olog
5773,,0.2177,,2.46971,,,353.0,52.51,17.61,olog
5774,,0.2005,,2.47031,,,63.0,9.41,3.16,olog
5775,,0.1696,,2.46922,,,353.0,52.56,17.62,olog
5776,,0.1479,,2.4678,,,344.0,51.21,17.17,olog
5777,,0.1789,,2.46568,,,345.0,51.41,17.24,olog
5778,,0.1808,,2.46796,,,343.0,51.09,17.13,olog
5779,,0.1674,,2.46871,,,351.0,52.18,17.5,olog
5780,,0.1603,,2.46941,,,343.0,50.97,17.09,olog
5781,,0.1538,,2.46749,,,351.0,52.23,17.52,olog
5782,,0.1449,,2.46753,,,338.0,50.36,16.89,olog
5783,,0.1262,,2.46365,,,347.0,51.63,17.31,olog
5784,,0.1362,,2.46727,,,343.0,51.05,17.12,olog
5785,,0.1661,,2.46842,,,353.0,52.46,17.59,olog
5786,,0.1765,,2.47255,,,356.0,52.93,17.75,olog
5787,,0.1626,,2.4675,,,347.0,51.62,17.31,olog
5788,,0.1452,,2.46732,,,345.0,51.28,17.2,olog
5789,,0.1334,,2.46438,,,351.0,52.2,17.51,olog
5790,,0.1346,,2.46655,,,352.0,52.33,17.55,olog
5791,,0.1592,,2.46995,,,349.0,51.91,17.41,olog
5792,,0.1712,,2.46603,,,353.0,52.46,17.59,olog
5793,,0.1743,,2.46657,,,343.0,51.09,17.13,olog
5794,,0.1823,,2.46712,,,342.0,50.86,17.06,olog
5795,,0.1909,,2.46658,,,343.0,51.11,17.14,olog
5796,,0.1815,,2.46233,,,347.0,51.67,17.33,olog
5797,,0.1797,,2.4661,,,350.0,52.07,17.46,olog
5798,,0.1716,,2.46856,,,349.0,52.0,17.44,olog
5799,,0.1626,,2.46393,,,351.0,52.21,17.51,olog
5800,,0.1536,,2.46861,,,350.0,52.07,17.46,olog
5801,,0.1662,,2.4671,,,355.0,52.76,17.69,olog
5802,,0.1645,,2.46783,,,347.0,51.66,17.32,olog
5803,,0.1388,,2.46959,,,350.0,52.02,17.44,olog
5804,,0.1218,,2.46445,,,348.0,51.73,17.35,olog
5805,,0.1373,,2.46555,,,344.0,51.15,17.15,olog
5806,,0.1442,,2.46609,,,343.0,51.03,17.11,olog
5807,,0.1466,,2.46471,,,350.0,52.09,17.47,olog
5808,,0.1603,,2.46532,,,332.0,49.41,16.57,olog
5809,,0.1585,,2.46456,,,321.0,47.78,16.02,olog
5810,,0.146,,2.46577,,,300.0,44.63,14.97,olog
5811,,0.1639,,2.46409,,,327.0,48.65,16.32,olog
5812,,0.173,,2.46746,,,334.0,49.76,16.69,olog
5813,,0.1595,,2.46438,,,349.0,51.9,17.4,olog
5814,,0.1528,,2.46439,,,348.0,51.79,17.37,olog
5815,,0.166,,2.46436,,,336.0,50.05,16.79,olog
5816,,0.1897,,2.46708,,,345.0,51.4,17.24,olog
5817,,0.1826,,2.46457,,,345.0,51.31,17.21,olog
5818,,0.1489,,2.46166,,,350.0,52.02,17.44,olog
5819,,0.133,,2.46139,,,349.0,51.91,17.41,olog
5820,,0.1514,,2.46502,,,349.0,51.87,17.4,olog
5821,,0.1784,,2.46322,,,349.0,51.92,17.41,olog
5822,,0.1808,,2.46473,,,351.0,52.16,17.49,olog
5823,,0.1763,,2.46337,,,352.0,52.31,17.54,olog
5824,,0.1598,,2.46302,,,350.0,52.05,17.46,olog
5825,,0.1581,,2.46283,,,336.0,50.06,16.79,olog
5826,,0.1568,,2.46492,,,334.0,49.63,16.64,olog
5827,,0.149,,2.46244,,,346.0,51.42,17.24,olog
5828,,0.1544,,2.46302,,,347.0,51.71,17.34,olog
5829,,0.1757,,2.46619,,,344.0,51.16,17.16,olog
5830,,0.1794,,2.46043,,,350.0,52.01,17.44,olog
5831,,0.1523,,2.46226,,,347.0,51.57,17.29,olog
5832,,0.1516,,2.46739,,,348.0,51.83,17.38,olog
5833,,0.1641,,2.461,,,320.0,47.65,15.98,olog
5834,,0.1697,,2.46251,,,349.0,51.91,17.41,olog
5835,,0.1587,,2.46472,,,338.0,50.3,16.87,olog
5836,,0.1487,,2.46399,,,341.0,50.75,17.02,olog
5837,,0.1849,,2.46566,,,353.0,52.5,17.61,olog
5838,,0.1737,,2.46478,,,349.0,51.96,17.43,olog
5839,,0.1571,,2.46502,,,349.0,51.97,17.43,olog
5840,,0.1576,,2.46143,,,353.0,52.53,17.62,olog
5841,,0.1453,,2.46107,,,352.0,52.33,17.55,olog
5842,,0.1336,,2.46331,,,342.0,50.91,17.07,olog
5843,,0.1368,,2.4612,,,347.0,51.6,17.3,olog
5844,,0.1332,,2.46595,,,345.0,51.28,17.2,olog
5845,,0.1532,,2.46777,,,347.0,51.64,17.32,olog
5846,,0.1362,,2.46871,,,352.0,52.33,17.55,olog
5847,,0.123,,2.46244,,,348.0,51.85,17.39,olog
5848,,0.1272,,2.46485,,,348.0,51.84,17.38,olog
5849,,0.1258,,2.46008,,,342.0,50.96,17.09,olog
5850,,0.1339,,2.4625,,,342.0,50.85,17.05,olog
5851,,0.1624,,2.4641,,,348.0,51.8,17.37,olog
5852,,0.1973,,2.46076,,,345.0,51.28,17.2,olog
5853,,0.187,,2.46145,,,353.0,52.49,17.6,olog
5854,,0.1598,,2.45878,,,343.0,51.06,17.12,olog
5855,,0.1519,,2.45902,,,348.0,51.84,17.39,olog
5856,,0.1554,,2.46543,,,352.0,52.37,17.56,olog
5857,,0.1644,,2.46067,,,352.0,52.42,17.58,olog
5858,,0.1599,,2.45746,,,352.0,52.4,17.57,olog
5859,,0.1552,,2.46661,,,342.0,50.92,17.08,olog
5860,,0.1864,,2.45825,,,349.0,51.87,17.4,olog
5861,,0.1695,,2.45944,,,347.0,51.64,17.32,olog
5862,,0.1504,,2.45979,,,354.0,52.65,17.66,olog
5863,,0.1743,,2.46234,,,346.0,51.49,17.27,olog
5864,,0.1805,,2.45975,,,348.0,51.75,17.36,olog
5865,,0.1545,,2.46266,,,350.0,52.09,17.47,olog
5866,,0.1615,,2.46327,,,350.0,52.03,17.45,olog
5867,,0.1921,,2.45865,,,351.0,52.24,17.52,olog
5868,,0.1826,,2.46016,,,353.0,52.47,17.6,olog
5869,,0.1683,,2.45948,,,349.0,51.91,17.41,olog
5870,,0.1729,,2.4591,,,348.0,51.79,17.37,olog
5871,,0.1616,,2.45795,,,345.0,51.28,17.2,olog
5872,,0.1444,,2.46034,,,298.0,44.33,14.87,olog
5873,,0.1567,,2.45941,,,347.0,51.64,17.32,olog
5874,,0.1668,,2.46039,,,349.0,51.94,17.42,olog
5875,,0.1531,,2.46033,,,347.0,51.61,17.31,olog
5876,,0.133,,2.46206,,,350.0,52.03,17.45,olog
5877,,0.1642,,2.45882,,,353.0,52.59,17.64,olog
5878,,0.1656,,2.45565,,,350.0,52.11,17.48,olog
5879,,0.1704,,2.45916,,,310.0,46.13,15.47,olog
5880,,0.1611,,2.46251,,,347.0,51.63,17.31,olog
5881,,0.1435,,2.46568,,,349.0,51.91,17.41,olog
5882,,0.1339,,2.45722,,,351.0,52.16,17.49,olog
5883,,0.1376,,2.45793,,,339.0,50.45,16.92,olog
5884,,0.153,,2.45928,,,346.0,51.41,17.24,olog
5885,,0.1414,,2.4552,,,348.0,51.73,17.35,olog
5886,,0.1316,,2.46193,,,352.0,52.33,17.55,olog
5887,,0.1346,,2.45968,,,348.0,51.81,17.37,olog
5888,,0.1569,,2.45676,,,344.0,51.23,17.18,olog
5889,,0.1867,,2.4568,,,352.0,52.34,17.55,olog
5890,,0.173,,2.45306,,,350.0,52.15,17.49,olog
5891,,0.1521,,2.45728,,,350.0,52.06,17.46,olog
5892,,0.1442,,2.45875,,,357.0,53.16,17.83,olog
5893,,0.1459,,2.4581,,,349.0,51.92,17.41,olog
5894,,0.1468,,2.46053,,,354.0,52.68,17.67,olog
5895,,0.1495,,2.46214,,,351.0,52.19,17.5,olog
5896,,0.1649,,2.46286,,,346.0,51.48,17.26,olog
5897,,0.1647,,2.45988,,,354.0,52.73,17.68,olog
5898,,0.1358,,2.45357,,,352.0,52.32,17.55,olog
5899,,0.1314,,2.45792,,,355.0,52.79,17.7,olog
5900,,0.1609,,2.46054,,,339.0,50.48,16.93,olog
5901,,0.1607,,2.4583,,,350.0,52.05,17.46,olog
5902,,0.1449,,2.46022,,,349.0,51.92,17.41,olog
5903,,0.1375,,2.45933,,,344.0,51.19,17.17,olog
5904,,0.1722,,2.4596,,,346.0,51.49,17.27,olog
5905,,0.1876,,2.45759,,,342.0,50.91,17.07,olog
5906,,0.169,,2.45555,,,340.0,50.66,16.99,olog
5907,,0.1418,,2.4577,,,336.0,50.07,16.79,olog
5908,,0.1369,,2.45617,,,345.0,51.4,17.24,olog
5909,,0.1527,,2.45533,,,355.0,52.83,17.72,olog
5910,,0.1573,,2.457,,,344.0,51.12,17.14,olog
5911,,0.1457,,2.45905,,,351.0,52.28,17.53,olog
5912,,0.1664,,2.45683,,,349.0,51.95,17.42,olog
5913,,0.195,,2.45627,,,347.0,51.63,17.32,olog
5914,,0.1787,,2.45694,,,352.0,52.32,17.55,olog
5915,,0.1283,,2.45828,,,352.0,52.32,17.55,olog
5916,,0.1196,,2.45712,,,349.0,51.89,17.4,olog
5917,,0.1439,,2.45889,,,345.0,51.29,17.2,olog
5918,,0.1421,,2.45484,,,350.0,52.13,17.48,olog
5919,,0.1457,,2.46171,,,352.0,52.41,17.58,olog
5920,,0.1708,,2.45711,,,349.0,51.99,17.43,olog
5921,,0.1924,,2.4548,,,354.0,52.68,17.67,olog
5922,,0.1791,,2.45441,,,347.0,51.59,17.3,olog
5923,,0.1722,,2.46004,,,348.0,51.82,17.38,olog
5924,,0.1379,,2.45907,,,343.0,51.04,17.12,olog
5925,,0.127,,2.45819,,,351.0,52.16,17.49,olog
5926,,0.1451,,2.45551,,,345.0,51.39,17.23,olog
5927,,0.1728,,2.45712,,,351.0,52.23,17.52,olog
5928,,0.1695,,2.45533,,,348.0,51.81,17.38,olog
5929,,0.1634,,2.45566,,,351.0,52.27,17.53,olog
5930,,0.1889,,2.45902,,,353.0,52.51,17.61,olog
5931,,0.186,,2.4599,,,353.0,52.51,17.61,olog
5932,,0.1563,,2.45523,,,346.0,51.53,17.28,olog
5933,,0.1702,,2.4526,,,344.0,51.24,17.18,olog
5934,,0.1925,,2.45735,,,346.0,51.5,17.27,olog
5935,,0.1579,,2.45458,,,351.0,52.18,17.5,olog
5936,,0.1333,,2.4559,,,351.0,52.28,17.53,olog
5937,,0.1438,,2.45969,,,352.0,52.31,17.54,olog
5938,,0.1524,,2.45812,,,352.0,52.35,17.56,olog
5939,,0.13,,2.45847,,,347.0,51.69,17.33,olog
5940,,0.1329,,2.45389,,,340.0,50.59,16.97,olog
5941,,0.1505,,2.4543,,,353.0,52.51,17.61,olog
5942,,0.1688,,2.45498,,,343.0,50.97,17.09,olog
5943,,0.1645,,2.45899,,,355.0,52.86,17.73,olog
5944,,0.1363,,2.45558,,,337.0,50.1,16.8,olog
5945,,0.1335,,2.45699,,,304.0,45.31,15.19,olog
5946,,0.1289,,2.45291,,,346.0,51.49,17.27,olog
5947,,0.1393,,2.4523,,,333.0,49.62,16.64,olog
5948,,0.1513,,2.45268,,,271.0,40.33,13.52,olog
5949,,0.1631,,2.45373,,,347.0,51.56,17.29,olog
5950,,0.1674,,2.45313,,,349.0,51.86,17.39,olog
5951,,0.1494,,2.4523,,,344.0,51.16,17.16,olog
5952,,0.1397,,2.45152,,,356.0,53.01,17.78,olog
5953,,0.198,,2.45342,,,350.0,52.02,17.45,olog
5954,,0.1959,,2.45349,,,348.0,51.76,17.36,olog
5955,,0.1388,,2.45706,,,356.0,52.96,17.76,olog
5956,,0.144,,2.45904,,,354.0,52.73,17.68,olog
5957,,0.1717,,2.45504,,,354.0,52.63,17.65,olog
5958,,0.154,,2.45351,,,352.0,52.39,17.57,olog
5959,,0.1349,,2.45356,,,357.0,53.12,17.81,olog
5960,,0.1279,,2.45591,,,344.0,51.17,17.16,olog
5961,,0.1672,,2.45686,,,348.0,51.8,17.37,olog
5962,,0.2009,,2.45368,,,345.0,51.35,17.22,olog
5963,,0.1619,,2.45383,,,351.0,52.18,17.5,olog
5964,,0.1248,,2.45561,,,349.0,51.97,17.43,olog
5965,,0.1491,,2.45084,,,345.0,51.33,17.21,olog
5966,,0.16,,2.45218,,,344.0,51.22,17.18,olog
5967,,0.1301,,2.4545,,,348.0,51.84,17.38,olog
5968,,0.1249,,2.45626,,,356.0,52.98,17.77,olog
5969,,0.1663,,2.4513,,,351.0,52.19,17.5,olog
5970,,0.1726,,2.45215,,,345.0,51.31,17.21,olog
5971,,0.1408,,2.45582,,,346.0,51.56,17.29,olog
5972,,0.1376,,2.4539,,,340.0,50.59,16.96,olog
5973,,0.1556,,2.45548,,,353.0,52.48,17.6,olog
5974,,0.1656,,2.45756,,,357.0,53.17,17.83,olog
5975,,0.1633,,2.45326,,,345.0,51.28,17.2,olog
5976,,0.1879,,2.45573,,,354.0,52.73,17.68,olog
5977,,0.2215,,2.45381,,,353.0,52.51,17.61,olog
5978,,0.1975,,2.45747,,,344.0,51.17,17.16,olog
5979,,0.1417,,2.45116,,,356.0,53.0,17.77,olog
5980,,0.1789,,2.45607,,,351.0,52.3,17.54,olog
5981,,0.1564,,2.45505,,,337.0,50.19,16.83,olog
5982,,0.1178,,2.45333,,,340.0,50.58,16.96,olog
5983,,0.1438,,2.4536,,,349.0,51.93,17.41,olog
5984,,0.1791,,2.45442,,,347.0,51.69,17.33,olog
5985,,0.16,,2.45437,,,351.0,52.27,17.53,olog
5986,,0.1269,,2.4558,,,352.0,52.31,17.54,olog
5987,,0.1309,,2.45258,,,355.0,52.84,17.72,olog
5988,,0.1442,,2.45117,,,340.0,50.65,16.99,olog
5989,,0.1501,,2.45507,,,346.0,51.43,17.25,olog
5990,,0.1888,,2.45919,,,352.0,52.33,17.55,olog
5991,,0.1961,,2.45712,,,354.0,52.66,17.66,olog
5992,,0.1594,,2.45815,,,350.0,52.1,17.47,olog
5993,,0.1306,,2.45771,,,351.0,52.2,17.51,olog
5994,,0.1231,,2.45474,,,354.0,52.66,17.66,olog
5995,,0.1552,,2.4537,,,356.0,52.98,17.77,olog
5996,,0.1674,,2.45707,,,351.0,52.28,17.53,olog
5997,,0.1774,,2.46175,,,350.0,52.07,17.46,olog
5998,,0.1883,,2.46104,,,351.0,52.18,17.5,olog
5999,,0.1653,,2.45909,,,354.0,52.74,17.69,olog
6000,,0.1431,,2.46192,,,343.0,51.06,17.12,olog
6010,1784799454.6293902,0.16523349285125732,2.28e-05,2.4428815841674805,2.8305580615997314,152001576960.0,471.5451163591686,70.16630443262561,23.53083161829874,wandb
6011,,0.1824,,2.43993,,,382.0,56.83,19.06,olog
6012,,0.1553,,2.43996,,,382.0,56.86,19.07,olog
6013,,0.1362,,2.43968,,,382.0,56.82,19.06,olog
6014,,0.1459,,2.44146,,,382.0,56.79,19.05,olog
6015,,0.1462,,2.43809,,,382.0,56.78,19.04,olog
6016,,0.1553,,2.43473,,,382.0,56.82,19.06,olog
6017,,0.1694,,2.43599,,,382.0,56.83,19.06,olog
6018,,0.1885,,2.43922,,,382.0,56.86,19.07,olog
6019,,0.1719,,2.43798,,,382.0,56.78,19.04,olog
6020,,0.1393,,2.43784,,,382.0,56.82,19.06,olog
6021,,0.1325,,2.43365,,,382.0,56.79,19.04,olog
6022,,0.1506,,2.43394,,,382.0,56.82,19.06,olog
6023,,0.1486,,2.43687,,,382.0,56.84,19.06,olog
6024,,0.1271,,2.43463,,,382.0,56.82,19.05,olog
6025,,0.1363,,2.43425,,,381.0,56.69,19.01,olog
6026,,0.1523,,2.4307,,,382.0,56.77,19.04,olog
6027,,0.1547,,2.4354,,,382.0,56.86,19.07,olog
6028,,0.1719,,2.43316,,,382.0,56.83,19.06,olog
6029,,0.1743,,2.42983,,,382.0,56.79,19.04,olog
6030,,0.1484,,2.43451,,,382.0,56.78,19.04,olog
6031,,0.1457,,2.43079,,,382.0,56.8,19.05,olog
6032,,0.1453,,2.43466,,,382.0,56.81,19.05,olog
6033,,0.1382,,2.42966,,,382.0,56.83,19.06,olog
6034,,0.1317,,2.42785,,,382.0,56.81,19.05,olog
6035,,0.1411,,2.43251,,,382.0,56.82,19.06,olog
6036,,0.1441,,2.42983,,,382.0,56.77,19.04,olog
6037,,0.1273,,2.43054,,,382.0,56.79,19.04,olog
6038,,0.1252,,2.43304,,,382.0,56.79,19.04,olog
6039,,0.1297,,2.43033,,,382.0,56.79,19.05,olog
6040,,0.1254,,2.43055,,,381.0,56.74,19.03,olog
6041,,0.1423,,2.42778,,,382.0,56.82,19.06,olog
6042,,0.1628,,2.42747,,,382.0,56.78,19.04,olog
6043,,0.1506,,2.42668,,,382.0,56.8,19.05,olog
6044,,0.1409,,2.42691,,,382.0,56.81,19.05,olog
6045,,0.1332,,2.42734,,,382.0,56.84,19.06,olog
6046,,0.1265,,2.42532,,,382.0,56.8,19.05,olog
6047,,0.1362,,2.42743,,,382.0,56.8,19.05,olog
6048,,0.1638,,2.42963,,,382.0,56.84,19.06,olog
6049,,0.172,,2.42697,,,382.0,56.8,19.05,olog
6050,,0.1753,,2.4248,,,378.0,56.31,18.88,olog
6051,,0.1989,,2.423,,,381.0,56.72,19.02,olog
6052,,0.1758,,2.42052,,,381.0,56.75,19.03,olog
6053,,0.1271,,2.42117,,,381.0,56.74,19.03,olog
6054,,0.1275,,2.42264,,,381.0,56.75,19.03,olog
6055,,0.1679,,2.42319,,,381.0,56.71,19.02,olog
6056,,0.2012,,2.42486,,,382.0,56.77,19.04,olog
6057,,0.1659,,2.42141,,,381.0,56.72,19.02,olog
6058,,0.1396,,2.4266,,,381.0,56.76,19.03,olog
6059,,0.1395,,2.42039,,,382.0,56.81,19.05,olog
6060,,0.1451,,2.42506,,,382.0,56.77,19.04,olog
6061,,0.1451,,2.42196,,,382.0,56.8,19.05,olog
6062,,0.129,,2.42284,,,382.0,56.83,19.06,olog
6063,,0.1298,,2.42442,,,382.0,56.79,19.05,olog
6064,,0.1435,,2.42459,,,382.0,56.79,19.04,olog
6065,,0.1398,,2.42483,,,382.0,56.8,19.05,olog
6066,,0.1426,,2.42365,,,378.0,56.19,18.84,olog
6067,,0.1572,,2.42524,,,382.0,56.77,19.04,olog
6068,,0.1439,,2.41955,,,382.0,56.77,19.04,olog
6069,,0.1245,,2.41711,,,382.0,56.78,19.04,olog
6070,,0.1631,,2.41932,,,381.0,56.77,19.04,olog
6071,,0.204,,2.42027,,,381.0,56.73,19.03,olog
6072,,0.1733,,2.42259,,,381.0,56.77,19.04,olog
6073,,0.1457,,2.42368,,,382.0,56.82,19.05,olog
6074,,0.1325,,2.41933,,,382.0,56.8,19.05,olog
6075,,0.1377,,2.42014,,,381.0,56.76,19.03,olog
6076,,0.1323,,2.42123,,,382.0,56.79,19.04,olog
6077,,0.1347,,2.41849,,,381.0,56.7,19.02,olog
6078,,0.1434,,2.42264,,,381.0,56.75,19.03,olog
6079,,0.1507,,2.4202,,,382.0,56.78,19.04,olog
6080,,0.1787,,2.41979,,,382.0,56.83,19.06,olog
6081,,0.1543,,2.42105,,,381.0,56.75,19.03,olog
6082,,0.1323,,2.42405,,,381.0,56.73,19.03,olog
6083,,0.1268,,2.42095,,,381.0,56.73,19.03,olog
6084,,0.1262,,2.41993,,,381.0,56.72,19.02,olog
6085,,0.1295,,2.41952,,,382.0,56.77,19.04,olog
6086,,0.1476,,2.41702,,,381.0,56.69,19.01,olog
6101,,0.2196,,2.18871,,,59.0,8.73,2.93,olog
6102,,0.2961,,2.10977,,,443.0,65.9,22.1,olog
6103,,0.2382,,2.09078,,,444.0,66.05,22.15,olog
6104,,0.2493,,2.0713,,,444.0,66.01,22.14,olog
6105,,0.2736,,2.09573,,,443.0,65.98,22.13,olog
6106,,0.21,,2.07542,,,443.0,65.93,22.11,olog
6107,,0.2079,,2.06129,,,443.0,65.93,22.11,olog
6108,,0.199,,2.03164,,,443.0,65.94,22.11,olog
6109,,0.2159,,2.01779,,,443.0,65.91,22.1,olog
6110,,0.2282,,2.00635,,,442.0,65.84,22.08,olog
6111,,0.2303,,2.37792,,,443.0,65.85,22.08,olog
6112,,0.1445,,2.40769,,,363.0,54.03,18.12,olog
6113,,0.1121,,2.43063,,,443.0,65.87,22.09,olog
6114,,0.1029,,2.43724,,,443.0,65.87,22.09,olog
6115,,0.098,,2.43343,,,443.0,65.87,22.09,olog
6116,,0.104,,2.42701,,,443.0,65.88,22.09,olog
6117,,0.0922,,2.42499,,,443.0,65.88,22.09,olog
6118,,0.0967,,2.42403,,,443.0,65.93,22.11,olog
6119,,0.1061,,2.42004,,,442.0,65.78,22.06,olog
6120,,0.1083,,2.41561,,,442.0,65.81,22.07,olog
6121,,0.1043,,2.40998,,,443.0,65.86,22.09,olog
6122,,0.1002,,2.40567,,,442.0,65.81,22.07,olog
6123,,0.1176,,2.40569,,,442.0,65.83,22.08,olog
6124,,0.1311,,2.40233,,,442.0,65.84,22.08,olog
6125,,0.154,,2.40101,,,442.0,65.74,22.05,olog
6126,,0.139,,2.39488,,,442.0,65.83,22.08,olog
6127,,0.1448,,2.39797,,,442.0,65.8,22.07,olog
6128,,0.159,,2.39286,,,442.0,65.8,22.07,olog
6129,,0.1562,,2.38634,,,442.0,65.81,22.07,olog
6130,,0.1514,,2.39566,,,442.0,65.79,22.06,olog
6131,,0.2263,,2.39288,,,442.0,65.84,22.08,olog
6132,,0.195,,2.39817,,,442.0,65.78,22.06,olog
6133,,0.165,,2.38683,,,442.0,65.8,22.07,olog
6134,,0.2085,,2.38906,,,442.0,65.79,22.06,olog
6135,,0.1993,,2.38662,,,442.0,65.82,22.07,olog
6136,,0.1745,,2.38657,,,441.0,65.6,22.0,olog
6137,,0.1466,,2.38296,,,442.0,65.83,22.08,olog
6138,,0.1345,,2.38583,,,443.0,65.86,22.09,olog
6139,,0.1438,,2.38223,,,442.0,65.83,22.08,olog
6140,,0.147,,2.38457,,,443.0,65.85,22.08,olog
6141,,0.142,,2.37886,,,441.0,65.56,21.99,olog
6142,,0.1421,,2.38328,,,443.0,65.92,22.11,olog
6143,,0.1566,,2.38014,,,443.0,65.86,22.09,olog
6144,,0.1638,,2.38415,,,442.0,65.74,22.05,olog
6145,,0.1577,,2.38573,,,443.0,65.86,22.09,olog
6146,,0.1578,,2.38535,,,443.0,65.87,22.09,olog
6147,,0.1503,,2.38899,,,443.0,65.88,22.09,olog
6148,,0.1336,,2.39435,,,443.0,65.85,22.08,olog
6149,,0.1346,,2.39246,,,442.0,65.81,22.07,olog
6150,,0.1538,,2.39631,,,440.0,65.5,21.97,olog
6151,,0.1705,,2.45771,,,71.0,10.53,3.53,olog
6152,,0.1519,,2.4526,,,442.0,65.81,22.07,olog
6153,,0.1316,,2.45325,,,442.0,65.79,22.06,olog
6154,,0.1343,,2.45344,,,442.0,65.83,22.08,olog
6155,,0.1497,,2.45238,,,443.0,65.85,22.08,olog
6156,,0.1601,,2.45252,,,442.0,65.76,22.05,olog
6157,,0.1654,,2.44873,,,442.0,65.76,22.05,olog
6158,,0.1675,,2.45327,,,442.0,65.74,22.05,olog
6159,,0.1729,,2.44738,,,442.0,65.76,22.05,olog
6160,,0.1857,,2.45179,,,442.0,65.74,22.05,olog
6161,,0.1849,,2.4475,,,442.0,65.74,22.05,olog
6162,,0.1726,,2.44811,,,442.0,65.75,22.05,olog
6163,,0.167,,2.4487,,,442.0,65.78,22.06,olog
6164,,0.154,,2.44858,,,442.0,65.83,22.08,olog
6165,,0.1377,,2.44798,,,442.0,65.76,22.05,olog
6166,,0.1314,,2.4472,,,442.0,65.71,22.04,olog
6167,,0.1323,,2.44876,,,442.0,65.74,22.05,olog
6168,,0.1698,,2.44434,,,442.0,65.78,22.06,olog
6169,,0.1789,,2.4421,,,442.0,65.81,22.07,olog
6170,,0.1447,,2.44262,,,442.0,65.79,22.06,olog
6171,,0.1593,,2.44421,,,292.0,43.48,14.58,olog
6172,,0.1664,,2.44596,,,442.0,65.77,22.06,olog
6173,,0.155,,2.44603,,,442.0,65.8,22.07,olog
6174,,0.1502,,2.44134,,,442.0,65.79,22.06,olog
6175,,0.1696,,2.442,,,442.0,65.78,22.06,olog
6176,,0.1709,,2.44288,,,442.0,65.79,22.06,olog
6177,,0.1736,,2.43988,,,442.0,65.8,22.07,olog
6178,,0.1675,,2.44395,,,442.0,65.73,22.04,olog
6179,,0.1533,,2.44017,,,442.0,65.79,22.06,olog
6180,,0.1456,,2.43965,,,442.0,65.8,22.07,olog
6181,,0.1592,,2.44164,,,442.0,65.78,22.06,olog
6182,,0.1829,,2.44439,,,442.0,65.79,22.06,olog
6183,,0.1621,,2.44196,,,442.0,65.79,22.06,olog
6184,,0.1783,,2.4405,,,442.0,65.77,22.06,olog
6185,,0.1656,,2.44022,,,442.0,65.78,22.06,olog
6186,,0.155,,2.43653,,,442.0,65.8,22.07,olog
6187,,0.173,,2.43942,,,442.0,65.79,22.06,olog
6188,,0.164,,2.4369,,,442.0,65.76,22.05,olog
6189,,0.1598,,2.43952,,,442.0,65.76,22.05,olog
6190,,0.1564,,2.43762,,,439.0,65.38,21.93,olog
6191,,0.1579,,2.43598,,,442.0,65.77,22.06,olog
6192,,0.1863,,2.43693,,,442.0,65.82,22.07,olog
6193,,0.2064,,2.4358,,,442.0,65.78,22.06,olog
6194,,0.1929,,2.43791,,,442.0,65.79,22.06,olog
6195,,0.1652,,2.43791,,,442.0,65.71,22.04,olog
6196,,0.137,,2.43393,,,442.0,65.83,22.08,olog
6197,,0.1234,,2.43154,,,442.0,65.79,22.06,olog
6198,,0.1365,,2.4376,,,442.0,65.76,22.05,olog
6199,,0.1575,,2.4331,,,442.0,65.77,22.06,olog
6200,,0.1942,,2.43312,,,441.0,65.57,21.99,olog
6201,,0.1994,,2.43283,,,443.0,65.93,22.11,olog
6202,,0.1888,,2.43235,,,443.0,65.93,22.11,olog
6203,,0.1854,,2.43131,,,443.0,65.9,22.1,olog
6204,,0.1509,,2.4289,,,443.0,65.92,22.11,olog
6205,,0.1308,,2.43093,,,443.0,65.89,22.1,olog
6206,,0.1342,,2.43388,,,443.0,65.9,22.1,olog
6207,,0.1405,,2.43395,,,443.0,65.91,22.1,olog
6208,,0.1415,,2.43178,,,442.0,65.82,22.07,olog
6209,,0.145,,2.4277,,,443.0,65.88,22.09,olog
6210,,0.161,,2.43039,,,443.0,65.85,22.08,olog
6211,,0.1627,,2.42612,,,443.0,65.86,22.09,olog
6212,,0.1442,,2.43259,,,442.0,65.84,22.08,olog
6213,,0.1436,,2.43094,,,443.0,65.85,22.08,olog
6214,,0.1469,,2.4331,,,443.0,65.9,22.1,olog
6215,,0.1432,,2.42931,,,443.0,65.86,22.09,olog
6216,,0.1629,,2.43309,,,443.0,65.88,22.09,olog
6217,,0.1982,,2.43027,,,443.0,65.94,22.11,olog
6218,,0.1911,,2.43429,,,443.0,65.9,22.1,olog
6219,,0.1603,,2.42897,,,443.0,65.89,22.1,olog
6220,,0.1367,,2.43123,,,443.0,65.98,22.13,olog
6221,,0.1557,,2.42835,,,443.0,65.96,22.12,olog
6222,,0.1538,,2.43085,,,443.0,65.99,22.13,olog
6223,,0.1306,,2.43423,,,443.0,65.97,22.12,olog
6224,,0.143,,2.4313,,,444.0,66.0,22.14,olog
6225,,0.176,,2.42805,,,443.0,65.92,22.11,olog
6226,,0.1979,,2.43142,,,443.0,65.98,22.13,olog
6227,,0.192,,2.42674,,,444.0,66.03,22.14,olog
6228,,0.158,,2.4325,,,441.0,65.64,22.01,olog
6229,,0.1313,,2.4305,,,443.0,65.96,22.12,olog
6230,,0.1292,,2.42768,,,444.0,66.0,22.14,olog
6231,,0.1526,,2.42634,,,444.0,66.0,22.13,olog
6232,,0.1629,,2.42767,,,443.0,65.97,22.12,olog
6233,,0.1632,,2.42661,,,443.0,65.98,22.13,olog
6234,,0.1432,,2.43108,,,443.0,65.99,22.13,olog
6235,,0.1534,,2.4287,,,443.0,65.98,22.13,olog
6236,,0.1804,,2.4279,,,443.0,65.95,22.12,olog
6237,,0.1757,,2.42882,,,443.0,65.91,22.1,olog
6238,,0.1622,,2.42691,,,443.0,65.95,22.12,olog
6239,,0.156,,2.42562,,,443.0,65.96,22.12,olog
6240,,0.1449,,2.42858,,,443.0,65.94,22.11,olog
6241,,0.1408,,2.42804,,,443.0,65.96,22.12,olog
6242,,0.164,,2.42813,,,443.0,65.98,22.13,olog
6243,,0.1506,,2.42781,,,443.0,65.95,22.12,olog
6244,,0.1437,,2.42854,,,443.0,65.89,22.1,olog
6245,,0.1437,,2.42769,,,443.0,65.9,22.1,olog
6246,,0.1466,,2.42578,,,443.0,65.93,22.11,olog
6247,,0.142,,2.42347,,,443.0,65.94,22.12,olog
6248,,0.1524,,2.42337,,,443.0,65.94,22.11,olog
6249,,0.1693,,2.42454,,,443.0,65.92,22.11,olog
6250,,0.1863,,2.42763,,,443.0,65.9,22.1,olog
6251,,0.1755,,2.42768,,,71.0,10.59,3.55,olog
6252,,0.147,,2.4239,,,442.0,65.84,22.08,olog
6253,,0.126,,2.42227,,,442.0,65.77,22.06,olog
6254,,0.1477,,2.42622,,,442.0,65.83,22.08,olog
6255,,0.159,,2.42278,,,442.0,65.81,22.07,olog
6256,,0.1407,,2.4227,,,443.0,65.86,22.09,olog
6257,,0.146,,2.42507,,,442.0,65.83,22.08,olog
6258,,0.1572,,2.424,,,442.0,65.75,22.05,olog
6259,,0.1365,,2.42232,,,442.0,65.78,22.06,olog
6260,,0.1369,,2.42332,,,442.0,65.74,22.05,olog
6261,,0.1691,,2.425,,,442.0,65.78,22.06,olog
6262,,0.1564,,2.42403,,,442.0,65.83,22.08,olog
6263,,0.1347,,2.42359,,,442.0,65.78,22.06,olog
6264,,0.1588,,2.42748,,,442.0,65.78,22.06,olog
6265,,0.1733,,2.4215,,,442.0,65.79,22.06,olog
6266,,0.1474,,2.41949,,,442.0,65.83,22.08,olog
6267,,0.1408,,2.42195,,,443.0,65.87,22.09,olog
6268,,0.1474,,2.42441,,,442.0,65.81,22.07,olog
6269,,0.1628,,2.4197,,,443.0,65.84,22.08,olog
6270,,0.1791,,2.42686,,,443.0,65.86,22.09,olog
6271,,0.1818,,2.41962,,,443.0,65.86,22.09,olog
6272,,0.1552,,2.42576,,,443.0,65.91,22.1,olog
6273,,0.1477,,2.41975,,,443.0,65.87,22.09,olog
6274,,0.1594,,2.42198,,,443.0,65.88,22.09,olog
6275,,0.1788,,2.42271,,,442.0,65.83,22.08,olog
6276,,0.1693,,2.42238,,,440.0,65.51,21.97,olog
6277,,0.177,,2.42263,,,443.0,65.88,22.09,olog
6278,,0.1953,,2.42303,,,442.0,65.83,22.08,olog
6279,,0.1752,,2.42039,,,442.0,65.8,22.07,olog
6280,,0.1477,,2.42287,,,442.0,65.82,22.07,olog
6281,,0.1438,,2.42365,,,442.0,65.81,22.07,olog
6282,,0.1368,,2.42319,,,442.0,65.77,22.06,olog
6283,,0.1365,,2.42392,,,442.0,65.8,22.07,olog
6284,,0.1328,,2.42212,,,442.0,65.79,22.06,olog
6285,,0.1262,,2.4203,,,442.0,65.79,22.06,olog
6286,,0.1343,,2.42074,,,442.0,65.77,22.06,olog
6287,,0.1367,,2.42023,,,442.0,65.82,22.07,olog
6288,,0.1506,,2.41784,,,442.0,65.78,22.06,olog
6289,,0.1512,,2.42041,,,443.0,65.86,22.09,olog
6290,,0.1572,,2.42076,,,443.0,65.86,22.09,olog
6291,,0.1512,,2.41827,,,443.0,65.86,22.09,olog
6292,,0.1489,,2.41798,,,442.0,65.79,22.06,olog
6293,,0.1732,,2.42608,,,443.0,65.86,22.09,olog
6294,,0.2037,,2.41882,,,443.0,65.88,22.09,olog
6295,,0.1899,,2.41961,,,442.0,65.84,22.08,olog
6296,,0.1461,,2.41798,,,442.0,65.79,22.06,olog
6297,,0.147,,2.42159,,,442.0,65.83,22.08,olog
6298,,0.1432,,2.42078,,,443.0,65.87,22.09,olog
6299,,0.1587,,2.42383,,,442.0,65.81,22.07,olog
6300,,0.175,,2.4207,,,441.0,65.62,22.0,olog
6301,,0.153,,2.42024,,,442.0,65.74,22.05,olog
6302,,0.1333,,2.41696,,,442.0,65.76,22.05,olog
6303,,0.154,,2.41919,,,442.0,65.75,22.05,olog
6304,,0.1604,,2.4203,,,442.0,65.77,22.06,olog
6305,,0.1728,,2.42061,,,442.0,65.75,22.05,olog
6306,,0.1765,,2.41815,,,442.0,65.76,22.05,olog
6307,,0.1602,,2.42048,,,442.0,65.73,22.04,olog
6308,,0.1401,,2.41694,,,442.0,65.74,22.05,olog
6309,,0.136,,2.41973,,,441.0,65.69,22.03,olog
6310,,0.1318,,2.42278,,,442.0,65.76,22.05,olog
6311,,0.1348,,2.41814,,,442.0,65.72,22.04,olog
6312,,0.1381,,2.41585,,,442.0,65.74,22.05,olog
6313,,0.1488,,2.41832,,,442.0,65.72,22.04,olog
6314,,0.157,,2.41853,,,442.0,65.71,22.04,olog
6315,,0.1609,,2.42045,,,440.0,65.49,21.96,olog
6316,,0.1687,,2.41672,,,442.0,65.72,22.04,olog
6317,,0.1698,,2.41948,,,440.0,65.47,21.95,olog
6318,,0.1717,,2.41639,,,442.0,65.71,22.04,olog
6319,,0.1568,,2.41614,,,442.0,65.72,22.04,olog
6320,,0.162,,2.42031,,,442.0,65.78,22.06,olog
6321,,0.1948,,2.41676,,,442.0,65.76,22.05,olog
6322,,0.1649,,2.41606,,,442.0,65.79,22.06,olog
6323,,0.1362,,2.41976,,,442.0,65.77,22.06,olog
6324,,0.1327,,2.4182,,,442.0,65.7,22.03,olog
6325,,0.1496,,2.41582,,,442.0,65.76,22.05,olog
6326,,0.1454,,2.41753,,,442.0,65.71,22.04,olog
6327,,0.1478,,2.41823,,,442.0,65.73,22.04,olog
6328,,0.1544,,2.41518,,,442.0,65.73,22.04,olog
6329,,0.149,,2.41429,,,442.0,65.8,22.07,olog
6330,,0.1335,,2.41192,,,442.0,65.76,22.05,olog
6331,,0.1432,,2.41774,,,442.0,65.72,22.04,olog
6332,,0.1599,,2.4148,,,442.0,65.71,22.04,olog
6333,,0.1684,,2.41731,,,442.0,65.76,22.05,olog
6334,,0.1693,,2.41589,,,442.0,65.74,22.05,olog
6335,,0.156,,2.41534,,,442.0,65.8,22.07,olog
6336,,0.1379,,2.41698,,,443.0,65.85,22.08,olog
6337,,0.1445,,2.41832,,,442.0,65.84,22.08,olog
6338,,0.163,,2.41637,,,442.0,65.84,22.08,olog
6339,,0.1529,,2.41694,,,443.0,65.9,22.1,olog
6340,,0.1506,,2.41755,,,443.0,65.88,22.09,olog
6341,,0.1587,,2.4125,,,443.0,65.88,22.09,olog
6342,,0.1618,,2.41892,,,397.0,59.07,19.81,olog
6343,,0.1643,,2.41628,,,443.0,65.85,22.08,olog
6344,,0.1468,,2.41145,,,443.0,65.85,22.08,olog
6345,,0.1431,,2.41235,,,443.0,65.91,22.1,olog
6346,,0.1433,,2.41921,,,443.0,65.86,22.09,olog
6347,,0.1513,,2.41694,,,443.0,65.85,22.08,olog
6348,,0.1651,,2.41595,,,442.0,65.81,22.07,olog
6349,,0.1391,,2.41452,,,443.0,65.91,22.1,olog
6350,,0.1342,,2.41542,,,443.0,65.91,22.1,olog
6351,,0.1489,,2.41316,,,70.0,10.45,3.5,olog
6352,,0.1497,,2.4169,,,442.0,65.82,22.07,olog
6353,,0.1477,,2.41501,,,443.0,65.85,22.08,olog
6354,,0.1389,,2.41304,,,443.0,65.86,22.09,olog
6355,,0.1559,,2.41558,,,443.0,65.89,22.1,olog
6356,,0.1762,,2.41491,,,442.0,65.84,22.08,olog
6357,,0.1687,,2.41321,,,443.0,65.85,22.08,olog
6358,,0.1325,,2.41103,,,442.0,65.84,22.08,olog
6359,,0.1498,,2.41327,,,442.0,65.83,22.08,olog
6360,,0.1709,,2.41165,,,442.0,65.83,22.08,olog
6361,,0.1614,,2.41157,,,442.0,65.84,22.08,olog
6362,,0.1612,,2.41257,,,443.0,65.88,22.09,olog
6363,,0.1627,,2.40992,,,443.0,65.91,22.1,olog
6364,,0.1469,,2.41323,,,442.0,65.72,22.04,olog
6365,,0.1441,,2.41253,,,443.0,65.85,22.08,olog
6366,,0.162,,2.41529,,,443.0,65.89,22.1,olog
6367,,0.1534,,2.41375,,,442.0,65.82,22.07,olog
6368,,0.1305,,2.4122,,,443.0,65.88,22.09,olog
6369,,0.1483,,2.41608,,,443.0,65.87,22.09,olog
6370,,0.1742,,2.41231,,,443.0,65.85,22.08,olog
6371,,0.1631,,2.41006,,,442.0,65.84,22.08,olog
6372,,0.1518,,2.41351,,,443.0,65.86,22.09,olog
6373,,0.1648,,2.41252,,,442.0,65.82,22.07,olog
6374,,0.1556,,2.41252,,,442.0,65.78,22.06,olog
6375,,0.1383,,2.41525,,,442.0,65.8,22.07,olog
6376,,0.1395,,2.41091,,,442.0,65.84,22.08,olog
6377,,0.1293,,2.41153,,,442.0,65.81,22.07,olog
6378,,0.1322,,2.41232,,,442.0,65.79,22.06,olog
6379,,0.1325,,2.4111,,,442.0,65.81,22.07,olog
6380,,0.1492,,2.40895,,,442.0,65.83,22.08,olog
6381,,0.154,,2.40853,,,442.0,65.8,22.07,olog
6382,,0.1588,,2.41062,,,443.0,65.86,22.09,olog
6383,,0.1931,,2.4108,,,442.0,65.8,22.07,olog
6384,,0.1909,,2.41099,,,442.0,65.81,22.07,olog
6385,,0.1299,,2.41137,,,442.0,65.83,22.08,olog
6386,,0.1204,,2.41219,,,443.0,65.91,22.1,olog
6387,,0.1378,,2.41068,,,443.0,65.87,22.09,olog
6388,,0.1231,,2.40909,,,443.0,65.89,22.1,olog
6389,,0.1267,,2.41112,,,443.0,65.91,22.1,olog
6390,,0.1434,,2.41363,,,443.0,65.86,22.09,olog
6391,,0.171,,2.41075,,,442.0,65.83,22.08,olog
6392,,0.1735,,2.41177,,,443.0,65.9,22.1,olog
6393,,0.1571,,2.41334,,,443.0,65.89,22.1,olog
6394,,0.1496,,2.41112,,,443.0,65.89,22.1,olog
6395,,0.1374,,2.4151,,,443.0,65.89,22.1,olog
6396,,0.1506,,2.41207,,,443.0,65.87,22.09,olog
6397,,0.1583,,2.41089,,,443.0,65.93,22.11,olog
6398,,0.158,,2.40926,,,443.0,65.91,22.1,olog
6399,,0.1586,,2.40838,,,443.0,65.85,22.08,olog
6400,,0.1782,,2.40729,,,443.0,65.88,22.09,olog
6401,,0.1679,,2.43785,,,442.0,65.74,22.05,olog
6402,,0.1247,,2.4398,,,442.0,65.72,22.04,olog
6403,,0.1495,,2.43911,,,442.0,65.75,22.05,olog
6404,,0.1759,,2.43806,,,442.0,65.72,22.04,olog
6405,,0.1664,,2.43901,,,442.0,65.76,22.05,olog
6406,,0.1448,,2.43442,,,442.0,65.82,22.07,olog
6407,,0.1412,,2.43515,,,442.0,65.79,22.06,olog
6408,,0.1517,,2.43709,,,442.0,65.77,22.06,olog
6409,,0.1709,,2.43593,,,441.0,65.64,22.01,olog
6410,,0.1566,,2.43612,,,442.0,65.78,22.06,olog
6411,,0.153,,2.43609,,,442.0,65.8,22.07,olog
6412,,0.1529,,2.43933,,,442.0,65.81,22.07,olog
6413,,0.1464,,2.44264,,,442.0,65.78,22.06,olog
6414,,0.1379,,2.43553,,,442.0,65.82,22.07,olog
6415,,0.1529,,2.4347,,,442.0,65.81,22.07,olog
6416,,0.1599,,2.44007,,,442.0,65.82,22.07,olog
6417,,0.1662,,2.43492,,,442.0,65.83,22.08,olog
6418,,0.1575,,2.43719,,,442.0,65.82,22.07,olog
6419,,0.143,,2.437,,,442.0,65.83,22.08,olog
6420,,0.144,,2.43905,,,442.0,65.79,22.06,olog
6421,,0.1593,,2.43881,,,442.0,65.84,22.08,olog
6422,,0.1577,,2.437,,,443.0,65.86,22.09,olog
6423,,0.1568,,2.43716,,,443.0,65.84,22.08,olog
6424,,0.1832,,2.4341,,,443.0,65.84,22.08,olog
6425,,0.1888,,2.43702,,,442.0,65.81,22.07,olog
6426,,0.1837,,2.43944,,,442.0,65.81,22.07,olog
6427,,0.1946,,2.43679,,,442.0,65.74,22.05,olog
6428,,0.1731,,2.43941,,,442.0,65.73,22.04,olog
6429,,0.1299,,2.43669,,,442.0,65.73,22.04,olog
6430,,0.1599,,2.43602,,,441.0,65.68,22.03,olog
6431,,0.1608,,2.4362,,,442.0,65.76,22.05,olog
6432,,0.1558,,2.43505,,,442.0,65.71,22.04,olog
6433,,0.1608,,2.43778,,,441.0,65.69,22.03,olog
6434,,0.1636,,2.43509,,,442.0,65.74,22.05,olog
6435,,0.1429,,2.43596,,,442.0,65.77,22.06,olog
6436,,0.1321,,2.43556,,,441.0,65.63,22.01,olog
6437,,0.1431,,2.43706,,,442.0,65.7,22.03,olog
6438,,0.1626,,2.43577,,,442.0,65.77,22.06,olog
6439,,0.1751,,2.43371,,,442.0,65.76,22.05,olog
6440,,0.1701,,2.43619,,,442.0,65.76,22.05,olog
6441,,0.1815,,2.43703,,,442.0,65.75,22.05,olog
6442,,0.1785,,2.43275,,,442.0,65.81,22.07,olog
6443,,0.1661,,2.4334,,,442.0,65.84,22.08,olog
6444,,0.1493,,2.4325,,,336.0,50.03,16.78,olog
6445,,0.1458,,2.43409,,,442.0,65.76,22.05,olog
6446,,0.1517,,2.43441,,,442.0,65.74,22.05,olog
6447,,0.1533,,2.4355,,,442.0,65.81,22.07,olog
6448,,0.1372,,2.43637,,,442.0,65.74,22.05,olog
6449,,0.1493,,2.43717,,,442.0,65.79,22.06,olog
6450,,0.184,,2.43452,,,441.0,65.62,22.01,olog
6451,,0.1821,,2.43111,,,70.0,10.44,3.5,olog
6452,,0.1692,,2.43528,,,442.0,65.73,22.04,olog
6453,,0.15,,2.43757,,,442.0,65.75,22.05,olog
6454,,0.1544,,2.441,,,442.0,65.74,22.05,olog
6455,,0.1598,,2.43277,,,442.0,65.7,22.03,olog
6456,,0.1503,,2.43704,,,441.0,65.64,22.01,olog
6457,,0.1274,,2.43614,,,442.0,65.73,22.04,olog
6458,,0.1234,,2.43589,,,442.0,65.82,22.07,olog
6459,,0.1337,,2.43894,,,442.0,65.7,22.03,olog
6460,,0.1453,,2.43251,,,441.0,65.69,22.03,olog
6461,,0.1702,,2.43508,,,442.0,65.78,22.06,olog
6462,,0.1831,,2.43001,,,442.0,65.77,22.06,olog
6463,,0.164,,2.43288,,,442.0,65.72,22.04,olog
6464,,0.1577,,2.43414,,,442.0,65.75,22.05,olog
6465,,0.1754,,2.4356,,,442.0,65.75,22.05,olog
6466,,0.1651,,2.43405,,,442.0,65.79,22.06,olog
6467,,0.1652,,2.43359,,,442.0,65.73,22.04,olog
6468,,0.1647,,2.43389,,,442.0,65.7,22.03,olog
6469,,0.1644,,2.43369,,,442.0,65.74,22.05,olog
6470,,0.1625,,2.4364,,,442.0,65.76,22.05,olog
6471,,0.164,,2.4341,,,442.0,65.78,22.06,olog
6472,,0.1547,,2.43472,,,442.0,65.8,22.07,olog
6473,,0.1406,,2.43597,,,442.0,65.79,22.06,olog
6474,,0.1409,,2.43558,,,442.0,65.76,22.05,olog
6475,,0.1395,,2.43412,,,442.0,65.77,22.06,olog
6476,,0.1458,,2.43298,,,442.0,65.76,22.05,olog
6477,,0.1698,,2.43307,,,442.0,65.76,22.05,olog
6478,,0.1909,,2.43464,,,442.0,65.77,22.06,olog
6479,,0.1639,,2.43402,,,442.0,65.79,22.06,olog
6480,,0.1646,,2.43622,,,442.0,65.79,22.06,olog
6481,,0.1457,,2.43135,,,442.0,65.79,22.06,olog
6482,,0.13,,2.43435,,,442.0,65.72,22.04,olog
6483,,0.163,,2.4295,,,442.0,65.74,22.05,olog
6484,,0.1893,,2.43452,,,442.0,65.8,22.07,olog
6485,,0.1866,,2.43642,,,442.0,65.8,22.07,olog
6486,,0.154,,2.43871,,,442.0,65.78,22.06,olog
6487,,0.1383,,2.43397,,,442.0,65.79,22.06,olog
6488,,0.1517,,2.43343,,,442.0,65.73,22.04,olog
6489,,0.1704,,2.43086,,,425.0,63.28,21.22,olog
6490,,0.1568,,2.43215,,,442.0,65.75,22.05,olog
6491,,0.1479,,2.43669,,,442.0,65.83,22.08,olog
6492,,0.1768,,2.43432,,,442.0,65.78,22.06,olog
6493,,0.1719,,2.43313,,,442.0,65.73,22.04,olog
6494,,0.1665,,2.43224,,,419.0,62.37,20.92,olog
6495,,0.1726,,2.43373,,,442.0,65.81,22.07,olog
6496,,0.1583,,2.42907,,,443.0,65.87,22.09,olog
6497,,0.1531,,2.43104,,,442.0,65.74,22.05,olog
6498,,0.1742,,2.43518,,,442.0,65.81,22.07,olog
6499,,0.1904,,2.42962,,,442.0,65.73,22.04,olog
6500,,0.1733,,2.43432,,,442.0,65.72,22.04,olog
6501,,0.1577,,2.4328,,,443.0,65.9,22.1,olog
6502,,0.1584,,2.4331,,,443.0,65.93,22.11,olog
6503,,0.1628,,2.43458,,,443.0,65.91,22.1,olog
6504,,0.176,,2.43182,,,443.0,65.94,22.11,olog
6505,,0.1816,,2.4342,,,443.0,65.98,22.13,olog
6506,,0.1527,,2.43233,,,443.0,65.97,22.12,olog
6507,,0.1306,,2.43008,,,443.0,65.97,22.13,olog
6508,,0.1515,,2.43123,,,443.0,65.95,22.12,olog
6509,,0.1706,,2.43078,,,443.0,65.91,22.1,olog
6510,,0.179,,2.43211,,,443.0,65.9,22.1,olog
6511,,0.1726,,2.43157,,,443.0,65.91,22.1,olog
6512,,0.149,,2.43535,,,443.0,65.92,22.11,olog
6513,,0.1394,,2.43152,,,443.0,65.85,22.08,olog
6514,,0.1547,,2.43161,,,443.0,65.96,22.12,olog
6515,,0.1653,,2.43075,,,443.0,65.93,22.11,olog
6516,,0.1662,,2.43407,,,443.0,65.92,22.11,olog
6517,,0.1457,,2.43174,,,443.0,65.89,22.1,olog
6518,,0.1517,,2.42872,,,443.0,65.92,22.11,olog
6519,,0.1766,,2.42823,,,443.0,65.9,22.1,olog
6520,,0.1707,,2.43227,,,443.0,65.9,22.1,olog
6521,,0.1596,,2.42974,,,443.0,65.91,22.1,olog
6522,,0.1597,,2.43092,,,443.0,65.92,22.11,olog
6523,,0.1606,,2.43079,,,443.0,65.91,22.1,olog
6524,,0.1458,,2.43018,,,443.0,65.88,22.09,olog
6525,,0.1451,,2.42907,,,443.0,65.88,22.09,olog
6526,,0.1653,,2.43149,,,443.0,65.89,22.1,olog
6527,,0.1878,,2.42949,,,443.0,65.96,22.12,olog
6528,,0.1856,,2.43042,,,443.0,65.95,22.12,olog
6529,,0.1654,,2.43434,,,443.0,65.97,22.12,olog
6530,,0.1641,,2.429,,,443.0,65.85,22.08,olog
6531,,0.1578,,2.42749,,,443.0,65.94,22.11,olog
6532,,0.1502,,2.43468,,,443.0,65.96,22.12,olog
6533,,0.1637,,2.42784,,,444.0,66.0,22.13,olog
6534,,0.1785,,2.42802,,,443.0,65.94,22.11,olog
6535,,0.163,,2.43057,,,443.0,65.93,22.11,olog
6536,,0.1299,,2.43112,,,443.0,65.97,22.12,olog
6537,,0.1202,,2.43306,,,444.0,66.0,22.13,olog
6538,,0.1389,,2.43153,,,444.0,66.01,22.14,olog
6539,,0.1519,,2.43076,,,444.0,66.04,22.15,olog
6540,,0.1773,,2.42993,,,444.0,66.01,22.14,olog
6541,,0.1673,,2.42833,,,444.0,66.03,22.14,olog
6542,,0.1479,,2.4304,,,443.0,65.96,22.12,olog
6543,,0.1722,,2.43035,,,443.0,65.86,22.09,olog
6544,,0.1775,,2.43223,,,443.0,65.88,22.09,olog
6545,,0.1435,,2.43457,,,443.0,65.9,22.1,olog
6546,,0.1248,,2.43489,,,443.0,65.85,22.08,olog
6547,,0.1302,,2.42991,,,442.0,65.81,22.07,olog
6548,,0.1498,,2.43323,,,443.0,65.87,22.09,olog
6549,,0.1613,,2.42777,,,442.0,65.84,22.08,olog
6550,,0.1644,,2.42953,,,442.0,65.81,22.07,olog
6551,,0.1819,,2.33145,,,17.0,2.57,0.86,olog
6552,,0.1402,,2.3005,,,379.0,56.38,18.91,olog
6553,,0.1411,,2.29618,,,380.0,56.54,18.96,olog
6554,,0.1362,,2.29162,,,380.0,56.57,18.97,olog
6555,,0.1522,,2.29886,,,380.0,56.51,18.95,olog
6556,,0.1288,,2.28831,,,379.0,56.46,18.93,olog
6557,,0.1362,,2.28724,,,378.0,56.31,18.89,olog
6558,,0.1499,,2.27776,,,378.0,56.25,18.87,olog
6559,,0.1564,,2.27449,,,378.0,56.19,18.84,olog
6560,,0.1384,,2.26975,,,379.0,56.36,18.9,olog
6561,,0.1344,,2.39064,,,378.0,56.24,18.86,olog
6562,,0.1226,,2.39622,,,379.0,56.34,18.89,olog
6563,,0.1041,,2.40518,,,379.0,56.36,18.9,olog
6564,,0.1033,,2.41177,,,378.0,56.3,18.88,olog
6565,,0.1164,,2.4095,,,378.0,56.28,18.87,olog
6566,,0.1292,,2.40453,,,376.0,56.0,18.78,olog
6567,,0.1466,,2.40306,,,378.0,56.18,18.84,olog
6568,,0.1598,,2.40352,,,377.0,56.17,18.84,olog
6569,,0.1699,,2.40099,,,378.0,56.29,18.88,olog
6570,,0.1754,,2.39855,,,378.0,56.27,18.87,olog
6571,,0.1877,,2.39379,,,378.0,56.22,18.85,olog
6572,,0.1776,,2.39133,,,378.0,56.23,18.86,olog
6573,,0.1612,,2.39275,,,379.0,56.39,18.91,olog
6574,,0.1413,,2.38904,,,379.0,56.45,18.93,olog
6575,,0.1457,,2.38802,,,379.0,56.33,18.89,olog
6576,,0.1409,,2.3824,,,379.0,56.34,18.89,olog
6577,,0.1314,,2.38694,,,379.0,56.43,18.93,olog
6578,,0.1566,,2.38303,,,379.0,56.39,18.91,olog
6579,,0.1758,,2.37857,,,380.0,56.48,18.94,olog
6580,,0.158,,2.38432,,,379.0,56.45,18.93,olog
6581,,0.1296,,2.37974,,,379.0,56.42,18.92,olog
6582,,0.1327,,2.38002,,,379.0,56.36,18.9,olog
6583,,0.1604,,2.37522,,,378.0,56.32,18.89,olog
6584,,0.1569,,2.37462,,,379.0,56.44,18.93,olog
6585,,0.1283,,2.37638,,,379.0,56.46,18.94,olog
6586,,0.1393,,2.37353,,,379.0,56.47,18.94,olog
6587,,0.1743,,2.37422,,,379.0,56.46,18.93,olog
6588,,0.1652,,2.37545,,,379.0,56.45,18.93,olog
6589,,0.1438,,2.37244,,,380.0,56.52,18.95,olog
6590,,0.1542,,2.37392,,,378.0,56.28,18.87,olog
6591,,0.1485,,2.37052,,,379.0,56.41,18.92,olog
6592,,0.117,,2.36959,,,379.0,56.45,18.93,olog
6593,,0.1309,,2.37069,,,379.0,56.44,18.93,olog
6594,,0.1639,,2.36958,,,379.0,56.44,18.93,olog
6595,,0.1785,,2.37184,,,379.0,56.37,18.9,olog
6596,,0.1595,,2.37033,,,379.0,56.4,18.91,olog
6597,,0.1307,,2.37351,,,379.0,56.44,18.93,olog
6598,,0.1189,,2.37555,,,379.0,56.44,18.93,olog
6599,,0.1399,,2.37328,,,379.0,56.35,18.9,olog
6600,,0.154,,2.37284,,,375.0,55.83,18.72,olog
6601,,0.127,,2.39415,,,379.0,56.36,18.9,olog
6602,,0.1131,,2.39613,,,379.0,56.43,18.92,olog
6603,,0.1383,,2.39849,,,379.0,56.41,18.92,olog
6604,,0.1665,,2.39837,,,379.0,56.39,18.91,olog
6605,,0.1846,,2.39799,,,379.0,56.38,18.91,olog
6606,,0.1582,,2.39849,,,379.0,56.37,18.9,olog
6607,,0.1344,,2.39483,,,378.0,56.25,18.86,olog
6608,,0.1354,,2.39968,,,379.0,56.37,18.91,olog
6609,,0.134,,2.39489,,,379.0,56.35,18.9,olog
6610,,0.1577,,2.39943,,,379.0,56.41,18.92,olog
6611,,0.1979,,2.3969,,,379.0,56.38,18.91,olog
6612,,0.1753,,2.39731,,,379.0,56.36,18.9,olog
6613,,0.1332,,2.39801,,,379.0,56.41,18.92,olog
6614,,0.1439,,2.39785,,,379.0,56.38,18.91,olog
6615,,0.1736,,2.39804,,,379.0,56.39,18.91,olog
6616,,0.1558,,2.39714,,,379.0,56.35,18.9,olog
6617,,0.1522,,2.39817,,,379.0,56.38,18.91,olog
6618,,0.1691,,2.39385,,,379.0,56.37,18.9,olog
6619,,0.1675,,2.39273,,,379.0,56.41,18.92,olog
6620,,0.1345,,2.39311,,,372.0,55.34,18.56,olog
6621,,0.1295,,2.39435,,,378.0,56.31,18.88,olog
6622,,0.152,,2.39627,,,379.0,56.41,18.92,olog
6623,,0.1627,,2.39868,,,379.0,56.4,18.91,olog
6624,,0.1636,,2.39309,,,379.0,56.37,18.91,olog
6625,,0.1639,,2.39398,,,379.0,56.45,18.93,olog
6626,,0.1685,,2.39531,,,379.0,56.42,18.92,olog
6627,,0.1404,,2.39366,,,379.0,56.41,18.92,olog
6628,,0.139,,2.39714,,,379.0,56.4,18.92,olog
6629,,0.1522,,2.39384,,,379.0,56.4,18.92,olog
6630,,0.1703,,2.39437,,,379.0,56.39,18.91,olog
6631,,0.142,,2.39501,,,379.0,56.42,18.92,olog
6632,,0.1306,,2.39716,,,379.0,56.43,18.92,olog
6633,,0.1761,,2.39581,,,379.0,56.42,18.92,olog
6634,,0.1659,,2.396,,,379.0,56.4,18.92,olog
6635,,0.147,,2.39434,,,379.0,56.42,18.92,olog
6636,,0.149,,2.39186,,,379.0,56.37,18.9,olog
6637,,0.1413,,2.39328,,,379.0,56.4,18.91,olog
6638,,0.1521,,2.39332,,,379.0,56.42,18.92,olog
6639,,0.1471,,2.39551,,,379.0,56.39,18.91,olog
6640,,0.1375,,2.3942,,,379.0,56.44,18.93,olog
6641,,0.164,,2.39178,,,379.0,56.38,18.91,olog
6642,,0.1633,,2.39396,,,379.0,56.4,18.92,olog
6643,,0.1502,,2.39234,,,197.0,29.25,9.81,olog
6644,,0.1599,,2.39323,,,379.0,56.45,18.93,olog
6645,,0.1662,,2.3938,,,379.0,56.41,18.92,olog
6646,,0.1622,,2.39154,,,379.0,56.44,18.93,olog
6647,,0.1542,,2.38862,,,379.0,56.42,18.92,olog
6648,,0.1502,,2.39395,,,378.0,56.3,18.88,olog
6649,,0.1307,,2.38931,,,379.0,56.39,18.91,olog
6650,,0.1298,,2.38919,,,378.0,56.27,18.87,olog
6651,,0.1667,,2.39116,,,379.0,56.35,18.9,olog
6652,,0.1855,,2.38921,,,379.0,56.38,18.91,olog
6653,,0.1824,,2.38891,,,379.0,56.37,18.91,olog
6654,,0.1733,,2.38624,,,379.0,56.4,18.92,olog
6655,,0.15,,2.38924,,,377.0,56.17,18.84,olog
6656,,0.1295,,2.39148,,,379.0,56.43,18.92,olog
6657,,0.1487,,2.39201,,,379.0,56.43,18.92,olog
6658,,0.1759,,2.38884,,,379.0,56.39,18.91,olog
6659,,0.1578,,2.38595,,,379.0,56.43,18.92,olog
6660,,0.1431,,2.38725,,,379.0,56.35,18.9,olog
6661,,0.1386,,2.38412,,,379.0,56.42,18.92,olog
6662,,0.1383,,2.39142,,,379.0,56.38,18.91,olog
6663,,0.1458,,2.39071,,,379.0,56.4,18.91,olog
6664,,0.1667,,2.39188,,,379.0,56.39,18.91,olog
6665,,0.1719,,2.38909,,,379.0,56.37,18.9,olog
6666,,0.1355,,2.39189,,,379.0,56.4,18.91,olog
6667,,0.1149,,2.38948,,,379.0,56.44,18.93,olog
6668,,0.1196,,2.39231,,,379.0,56.42,18.92,olog
6669,,0.1438,,2.38848,,,379.0,56.42,18.92,olog
6670,,0.1537,,2.39015,,,379.0,56.39,18.91,olog
6671,,0.138,,2.38748,,,379.0,56.4,18.91,olog
6672,,0.1293,,2.39028,,,378.0,56.23,18.86,olog
6673,,0.1299,,2.39575,,,379.0,56.4,18.91,olog
6674,,0.1465,,2.39186,,,379.0,56.37,18.9,olog
6675,,0.1824,,2.38906,,,379.0,56.44,18.93,olog
6676,,0.1606,,2.39104,,,379.0,56.46,18.93,olog
6677,,0.1284,,2.38841,,,378.0,56.28,18.88,olog
6678,,0.1146,,2.39079,,,379.0,56.41,18.92,olog
6679,,0.1317,,2.39147,,,379.0,56.41,18.92,olog
6680,,0.1532,,2.38722,,,379.0,56.36,18.9,olog
6681,,0.1489,,2.38717,,,379.0,56.35,18.9,olog
6682,,0.1487,,2.38733,,,379.0,56.37,18.9,olog
6683,,0.1505,,2.38785,,,379.0,56.34,18.9,olog
6684,,0.1723,,2.39073,,,379.0,56.36,18.9,olog
6685,,0.1684,,2.39015,,,379.0,56.35,18.9,olog
6686,,0.1536,,2.38893,,,379.0,56.36,18.9,olog
6687,,0.1577,,2.38731,,,378.0,56.24,18.86,olog
6688,,0.1432,,2.38921,,,379.0,56.37,18.9,olog
6689,,0.1247,,2.38688,,,379.0,56.33,18.89,olog
6690,,0.1402,,2.38985,,,379.0,56.4,18.92,olog
6691,,0.1458,,2.38909,,,379.0,56.38,18.91,olog
6692,,0.1619,,2.3893,,,379.0,56.37,18.9,olog
6693,,0.1665,,2.3881,,,378.0,56.23,18.86,olog
6694,,0.1475,,2.38835,,,379.0,56.36,18.9,olog
6695,,0.1502,,2.38736,,,379.0,56.42,18.92,olog
6696,,0.1494,,2.38719,,,381.0,56.7,19.02,olog
6697,,0.1483,,2.38452,,,380.0,56.53,18.96,olog
6698,,0.1386,,2.3846,,,382.0,56.86,19.07,olog
6699,,0.1304,,2.38663,,,382.0,56.78,19.04,olog
6700,,0.1291,,2.38756,,,381.0,56.65,19.0,olog
6701,,0.15,,2.27943,,,14.0,2.15,0.72,olog
6702,,0.1397,,2.23702,,,382.0,56.88,19.08,olog
6703,,0.1675,,2.22852,,,383.0,57.03,19.13,olog
6704,,0.1373,,2.22439,,,383.0,57.06,19.14,olog
6705,,0.1265,,2.23464,,,383.0,57.02,19.12,olog
6706,,0.1403,,2.22379,,,367.0,54.58,18.31,olog
6707,,0.1461,,2.21683,,,383.0,57.02,19.12,olog
6708,,0.151,,2.20735,,,383.0,57.06,19.13,olog
6709,,0.158,,2.1995,,,383.0,56.97,19.11,olog
6710,,0.1477,,2.1886,,,383.0,56.97,19.11,olog
6711,,0.1486,,2.2996,,,383.0,56.99,19.11,olog
6712,,0.1562,,2.32603,,,383.0,56.96,19.1,olog
6713,,0.176,,2.34464,,,382.0,56.87,19.07,olog
6714,,0.1382,,2.35542,,,383.0,56.97,19.11,olog
6715,,0.1354,,2.35583,,,383.0,56.96,19.1,olog
6716,,0.1698,,2.35085,,,383.0,56.96,19.1,olog
6717,,0.1545,,2.34802,,,383.0,56.96,19.1,olog
6718,,0.1178,,2.34555,,,383.0,56.96,19.1,olog
6719,,0.1106,,2.34015,,,383.0,56.94,19.09,olog
6720,,0.1287,,2.33777,,,383.0,56.97,19.1,olog
6721,,0.1627,,2.3331,,,383.0,56.94,19.1,olog
6722,,0.1781,,2.32893,,,383.0,57.01,19.12,olog
6723,,0.1486,,2.32855,,,383.0,56.96,19.1,olog
6724,,0.1204,,2.32455,,,383.0,56.93,19.09,olog
6725,,0.1268,,2.3232,,,383.0,57.0,19.11,olog
6726,,0.1319,,2.3172,,,383.0,56.98,19.11,olog
6727,,0.1437,,2.32175,,,383.0,56.99,19.11,olog
6728,,0.1784,,2.31948,,,383.0,57.0,19.12,olog
6729,,0.1642,,2.31089,,,383.0,56.97,19.11,olog
6730,,0.1407,,2.31622,,,383.0,57.0,19.11,olog
6731,,0.1511,,2.31591,,,382.0,56.91,19.08,olog
6732,,0.1304,,2.31455,,,383.0,56.95,19.1,olog
6733,,0.1389,,2.31,,,383.0,56.97,19.1,olog
6734,,0.1333,,2.30882,,,383.0,56.95,19.1,olog
6735,,0.1415,,2.30956,,,382.0,56.9,19.08,olog
6736,,0.1545,,2.30895,,,383.0,56.96,19.1,olog
6737,,0.141,,2.3075,,,382.0,56.9,19.08,olog
6738,,0.1632,,2.31145,,,382.0,56.78,19.04,olog
6739,,0.1274,,2.30485,,,382.0,56.85,19.06,olog
6740,,0.127,,2.30414,,,382.0,56.87,19.07,olog
6741,,0.1551,,2.30548,,,382.0,56.9,19.08,olog
6742,,0.1362,,2.30567,,,383.0,56.95,19.1,olog
6743,,0.1421,,2.30383,,,379.0,56.41,18.92,olog
6744,,0.1583,,2.30423,,,379.0,56.46,18.93,olog
6745,,0.1494,,2.30595,,,379.0,56.39,18.91,olog
6746,,0.1514,,2.3049,,,378.0,56.26,18.87,olog
6747,,0.1335,,2.30546,,,379.0,56.36,18.9,olog
6748,,0.1461,,2.31115,,,376.0,55.96,18.77,olog
6749,,0.15,,2.30823,,,379.0,56.43,18.92,olog
6750,,0.1471,,2.30766,,,377.0,56.09,18.81,olog
6751,,0.128,,2.32312,,,379.0,56.44,18.93,olog
6752,,0.1297,,2.33341,,,380.0,56.5,18.95,olog
6753,,0.1322,,2.33808,,,380.0,56.47,18.94,olog
6754,,0.1405,,2.33923,,,379.0,56.44,18.93,olog
6755,,0.1627,,2.33739,,,379.0,56.46,18.94,olog
6756,,0.1731,,2.34082,,,379.0,56.43,18.92,olog
6757,,0.14,,2.33356,,,379.0,56.43,18.92,olog
6758,,0.1269,,2.33891,,,379.0,56.41,18.92,olog
6759,,0.1335,,2.33446,,,379.0,56.45,18.93,olog
6760,,0.1366,,2.33895,,,379.0,56.43,18.92,olog
6761,,0.1337,,2.33462,,,380.0,56.48,18.94,olog
6762,,0.1262,,2.33415,,,379.0,56.47,18.94,olog
6763,,0.1371,,2.33624,,,379.0,56.46,18.93,olog
6764,,0.1603,,2.33676,,,379.0,56.44,18.93,olog
6765,,0.1665,,2.33449,,,380.0,56.49,18.95,olog
6766,,0.1575,,2.33728,,,379.0,56.41,18.92,olog
6767,,0.1637,,2.33509,,,379.0,56.47,18.94,olog
6768,,0.1355,,2.33269,,,379.0,56.36,18.9,olog
6769,,0.1316,,2.33056,,,379.0,56.42,18.92,olog
6770,,0.1464,,2.33233,,,379.0,56.46,18.93,olog
6771,,0.1358,,2.33301,,,379.0,56.41,18.92,olog
6772,,0.1528,,2.3352,,,380.0,56.48,18.94,olog
6773,,0.1707,,2.3376,,,379.0,56.46,18.94,olog
6774,,0.1537,,2.33249,,,379.0,56.45,18.93,olog
6775,,0.1371,,2.33126,,,379.0,56.43,18.93,olog
6776,,0.1405,,2.33615,,,379.0,56.43,18.92,olog
6777,,0.1405,,2.33184,,,379.0,56.41,18.92,olog
6778,,0.1532,,2.33849,,,379.0,56.41,18.92,olog
6779,,0.1458,,2.33128,,,379.0,56.4,18.91,olog
6780,,0.1508,,2.3349,,,379.0,56.41,18.92,olog
6781,,0.1546,,2.33467,,,379.0,56.43,18.92,olog
6782,,0.1298,,2.3367,,,379.0,56.4,18.91,olog
6783,,0.138,,2.33559,,,378.0,56.31,18.88,olog
6784,,0.1556,,2.33465,,,379.0,56.38,18.91,olog
6785,,0.1554,,2.33389,,,379.0,56.43,18.93,olog
6786,,0.1506,,2.3312,,,378.0,56.32,18.89,olog
6787,,0.1419,,2.33513,,,379.0,56.46,18.93,olog
6788,,0.1438,,2.33189,,,379.0,56.43,18.92,olog
6789,,0.139,,2.33531,,,379.0,56.44,18.93,olog
6790,,0.1404,,2.33279,,,383.0,56.99,19.11,olog
6791,,0.1371,,2.33436,,,374.0,55.69,18.68,olog
6792,,0.1475,,2.33193,,,382.0,56.88,19.08,olog
6793,,0.1464,,2.3342,,,382.0,56.82,19.05,olog
6794,,0.161,,2.33441,,,382.0,56.89,19.08,olog
6795,,0.169,,2.33488,,,383.0,56.93,19.09,olog
6796,,0.1564,,2.33144,,,382.0,56.89,19.08,olog
6797,,0.1518,,2.33015,,,382.0,56.86,19.07,olog
6798,,0.1492,,2.33495,,,383.0,56.99,19.11,olog
6799,,0.1424,,2.33122,,,383.0,56.95,19.1,olog
6800,,0.1588,,2.33289,,,383.0,56.93,19.09,olog
6810,1785905668.1757865,0.1988057792186737,2.28e-05,2.1120829582214355,3.5357487201690674,901943132160.0,347.7638206137002,51.74754495654196,17.353953252617792,wandb
6820,1785906156.9850998,0.13041168451309204,2.28e-05,2.28281831741333,4.035483360290527,902949765120.0,334.8930436466825,49.83236266831248,16.711681548170983,wandb
6830,1785906654.9307725,0.1554470807313919,2.28e-05,2.255152463912964,3.40140962600708,903956398080.0,330.8975200498272,49.23782544305332,16.51229873256585,wandb
6840,1785907164.729001,0.15386144816875458,2.28e-05,2.247675657272339,2.9829845428466797,904963031040.0,331.8936483246853,49.386050156580836,16.56200707624862,wandb
6850,1785907639.687741,0.14667640626430511,2.28e-05,2.2477869987487793,3.0896897315979004,905969664000.0,342.6396889282293,50.9850699115841,17.09825114544346,wandb
6860,1785908114.9006813,0.16236552596092224,2.28e-05,2.2817137241363525,3.5287652015686035,906976296960.0,338.0927348330729,50.308479370799226,16.871351093937538,wandb
6870,1785908594.8849874,0.14697261154651642,2.28e-05,2.275325298309326,4.424921989440918,907982929920.0,351.55673762425266,52.31193415370925,17.54322568577668,wandb
6880,1785909073.0455434,0.14326125383377075,2.28e-05,2.2777109146118164,3.609713554382324,908989562880.0,351.5419493951915,52.30973365295901,17.542487730243053,wandb
6890,1785909561.2007723,0.13781847059726715,2.28e-05,2.2812321186065674,3.714200496673584,909996195840.0,346.77480265639616,51.600378264164064,17.30459972479317,wandb
6900,1785911550.1337998,0.13414765894412994,2.28e-05,2.2922353744506836,3.5585825443267822,911002828800.0,351.6920664844813,52.33207120035844,17.54997880549452,wandb
6910,1785912064.8240154,0.16160552203655243,2.28e-05,2.3607871532440186,4.7334394454956055,912009461760.0,338.0127087009621,50.296571415964266,16.867357666003638,wandb
6920,1785912546.672002,0.1365351527929306,2.28e-05,2.361825466156006,3.962345838546753,913016094720.0,337.69557083305506,50.24938103817287,16.85153199522345,wandb
6930,1785913051.6446886,0.15819093585014343,2.28e-05,2.3587160110473633,3.766697883605957,914022727680.0,335.85673070583863,49.97576010203551,16.759771024946442,wandb
6940,1785913533.3794804,0.1631747931241989,2.28e-05,2.3618950843811035,4.262542724609375,915029360640.0,347.11762777039826,51.651390925480435,17.321707228936983,wandb
6950,1785914060.5275583,0.1445544809103012,2.28e-05,2.367941379547119,4.027666091918945,916035993600.0,353.2891054773724,52.56971192714867,17.629673524675862,wandb
6960,1785914534.1702187,0.15701811015605927,2.28e-05,2.412752151489258,4.167463302612305,917042626560.0,339.7089444761385,50.54897270623632,16.952002458253403,wandb
6970,1785915034.4963763,0.18815365433692932,2.28e-05,2.4161767959594727,3.9551761150360107,918049259520.0,347.0609067800164,51.64295079506496,17.318876763669515,wandb
6980,1785915513.7847838,0.14859114587306976,2.28e-05,2.410576581954956,3.384929656982422,919055892480.0,346.09492268828643,51.49921156098969,17.27067266141106,wandb
6990,1785915989.8114522,0.18205823004245758,2.28e-05,2.410315752029419,3.379359722137451,920062525440.0,352.2233038179335,52.41111975620562,17.576488371194905,wandb
7000,1785917896.906197,0.15484263002872467,2.28e-05,2.4087343215942383,3.6387548446655273,921069158400.0,347.699308284515,51.73794546845009,17.350733987477092,wandb
7010,1785918547.1018326,0.16914892196655273,2.28e-05,2.409954309463501,3.5359039306640625,922075791360.0,293.21418684094317,43.630514205507474,14.631842042862601,wandb
7020,1785919031.2579775,0.1699414998292923,2.28e-05,2.4062650203704834,3.4968974590301514,923082424320.0,345.64319912560654,51.43199472018534,17.24813095602026,wandb
7030,1785919541.574912,0.15210437774658203,2.28e-05,2.400951385498047,3.447197437286377,924089057280.0,345.03695754886627,51.34178547072537,17.21787856241595,wandb
7040,1785920024.4644547,0.13862653076648712,2.28e-05,2.405118703842163,3.2880678176879883,925095690240.0,351.7732275579723,52.34414803541214,17.554028868761048,wandb
7050,1785920496.7515419,0.15518927574157715,2.28e-05,2.4039368629455566,4.161125183105469,926102323200.0,353.09786217652936,52.541254765358374,17.620130187773107,wandb
7060,1785920973.6273239,0.15927654504776,2.28e-05,2.3984289169311523,3.19750714302063,927108956160.0,352.2402784632248,52.41364559750442,17.577335432284652,wandb
7070,1785921445.2703297,0.16250866651535034,2.28e-05,2.3992161750793457,4.330018043518066,928115589120.0,349.1619302818769,51.955584834814736,17.42372109040136,wandb
7080,1785921929.1027348,0.17317688465118408,2.28e-05,2.394864797592163,3.386627197265625,929122222080.0,351.15249970372315,52.25178321584336,17.523053587473225,wandb
7090,1785922412.6751978,0.12512727081775665,2.28e-05,2.3987820148468018,4.202005863189697,930128855040.0,303.93592808802623,45.2259181961145,15.16687353653608,wandb
7100,1785924424.7327538,0.15853966772556305,2.28e-05,2.3934264183044434,3.921674966812134,931135488000.0,335.4586954589346,49.91653212714983,16.73990844966338,wandb
7101,,0.1605,,2.28321,,,26.0,3.9,1.31,olog
7102,,0.141,,2.24199,,,382.0,56.83,19.06,olog
7103,,0.1332,,2.21887,,,382.0,56.8,19.05,olog
7104,,0.1449,,2.22434,,,383.0,57.01,19.12,olog
7105,,0.1561,,2.23187,,,383.0,57.0,19.11,olog
7106,,0.1349,,2.22064,,,383.0,57.02,19.12,olog
7107,,0.1208,,2.21217,,,383.0,56.99,19.11,olog
7108,,0.1318,,2.19986,,,383.0,57.02,19.12,olog
7109,,0.1446,,2.19379,,,383.0,57.03,19.12,olog
7110,,0.1376,,2.18329,,,383.0,57.05,19.13,olog
7111,,0.1362,,2.26035,,,383.0,56.98,19.11,olog
7112,,0.1595,,2.28031,,,383.0,56.96,19.1,olog
7113,,0.1678,,2.30147,,,383.0,57.02,19.12,olog
7114,,0.128,,2.31708,,,382.0,56.91,19.09,olog
7115,,0.129,,2.31835,,,383.0,56.97,19.11,olog
7116,,0.1489,,2.31666,,,383.0,56.94,19.09,olog
7117,,0.1351,,2.31485,,,382.0,56.85,19.06,olog
7118,,0.131,,2.312,,,383.0,56.99,19.11,olog
7119,,0.145,,2.30508,,,383.0,56.98,19.11,olog
7120,,0.1402,,2.30058,,,383.0,57.0,19.12,olog
7121,,0.1424,,2.29416,,,383.0,57.01,19.12,olog
7122,,0.1372,,2.28988,,,383.0,56.96,19.1,olog
7123,,0.1314,,2.28985,,,383.0,56.97,19.11,olog
7124,,0.141,,2.28557,,,383.0,57.0,19.12,olog
7125,,0.1525,,2.28208,,,383.0,56.97,19.11,olog
7126,,0.1537,,2.27622,,,383.0,56.92,19.09,olog
7127,,0.1481,,2.27999,,,383.0,56.93,19.09,olog
7128,,0.1346,,2.27756,,,383.0,56.98,19.11,olog
7129,,0.1246,,2.27277,,,383.0,56.93,19.09,olog
7130,,0.1187,,2.27466,,,383.0,56.96,19.1,olog
7131,,0.1275,,2.27193,,,382.0,56.91,19.09,olog
7132,,0.1371,,2.27351,,,383.0,56.96,19.1,olog
7133,,0.1382,,2.26636,,,383.0,56.97,19.1,olog
7134,,0.1364,,2.2685,,,383.0,56.97,19.1,olog
7135,,0.1484,,2.27196,,,383.0,56.97,19.1,olog
7136,,0.1323,,2.26408,,,383.0,56.98,19.11,olog
7137,,0.1164,,2.26513,,,383.0,56.99,19.11,olog
7138,,0.1147,,2.26978,,,383.0,56.99,19.11,olog
7139,,0.1231,,2.2655,,,382.0,56.89,19.08,olog
7140,,0.1362,,2.26354,,,382.0,56.86,19.07,olog
7141,,0.1396,,2.26071,,,382.0,56.89,19.08,olog
7142,,0.1387,,2.26094,,,382.0,56.86,19.07,olog
7143,,0.1495,,2.26216,,,382.0,56.87,19.07,olog
7144,,0.1445,,2.26042,,,382.0,56.86,19.07,olog
7145,,0.1252,,2.25956,,,382.0,56.87,19.07,olog
7146,,0.1268,,2.25798,,,382.0,56.89,19.08,olog
7147,,0.1469,,2.26081,,,382.0,56.83,19.06,olog
7148,,0.1521,,2.26229,,,382.0,56.86,19.07,olog
7149,,0.1308,,2.25923,,,382.0,56.85,19.06,olog
7150,,0.1219,,2.25955,,,379.0,56.42,18.92,olog
7151,,0.1201,,2.27015,,,12.0,1.83,0.62,olog
7152,,0.1257,,2.27648,,,381.0,56.76,19.03,olog
7153,,0.1434,,2.28543,,,382.0,56.79,19.05,olog
7154,,0.1286,,2.28711,,,381.0,56.72,19.02,olog
7155,,0.1372,,2.28674,,,382.0,56.82,19.06,olog
7156,,0.1745,,2.28936,,,381.0,56.7,19.02,olog
7157,,0.1534,,2.28448,,,381.0,56.74,19.03,olog
7158,,0.1271,,2.28894,,,382.0,56.82,19.05,olog
7159,,0.1491,,2.28355,,,382.0,56.83,19.06,olog
7160,,0.1418,,2.2864,,,382.0,56.8,19.05,olog
7161,,0.148,,2.28335,,,171.0,25.47,8.54,olog
7162,,0.1749,,2.2868,,,382.0,56.77,19.04,olog
7163,,0.1774,,2.28578,,,382.0,56.78,19.04,olog
7164,,0.2602,,2.28633,,,381.0,56.75,19.03,olog
7165,,0.1384,,2.28464,,,382.0,56.78,19.04,olog
7166,,0.4041,,2.28459,,,167.0,24.9,8.35,olog
7167,,0.159,,2.28811,,,382.0,56.78,19.04,olog
7168,,0.1589,,2.28403,,,381.0,56.75,19.03,olog
7169,,0.1416,,2.27987,,,382.0,56.79,19.05,olog
7170,,0.1256,,2.28281,,,381.0,56.72,19.02,olog
7171,,0.1362,,2.28315,,,381.0,56.76,19.04,olog
7172,,0.1395,,2.2852,,,381.0,56.73,19.03,olog
7173,,0.126,,2.2866,,,382.0,56.77,19.04,olog
7174,,0.1232,,2.28246,,,381.0,56.74,19.03,olog
7175,,0.1461,,2.28182,,,382.0,56.83,19.06,olog
7176,,0.1539,,2.28323,,,67.0,9.92,3.33,olog
7177,,0.1354,,2.28114,,,381.0,56.75,19.03,olog
7178,,0.1339,,2.2853,,,381.0,56.74,19.03,olog
7179,,0.1396,,2.28076,,,382.0,56.79,19.04,olog
7180,,0.1245,,2.28236,,,382.0,56.8,19.05,olog
7181,,0.1175,,2.28175,,,382.0,56.82,19.06,olog
7182,,0.1316,,2.28456,,,382.0,56.81,19.05,olog
7183,,0.1342,,2.28197,,,72.0,10.75,3.6,olog
7184,,0.13,,2.28289,,,48.0,7.1,2.38,olog
7185,,0.1256,,2.28104,,,382.0,56.78,19.04,olog
7186,,0.1267,,2.27634,,,382.0,56.84,19.06,olog
7187,,0.1411,,2.28115,,,382.0,56.79,19.05,olog
7188,,0.153,,2.27975,,,382.0,56.82,19.05,olog
7189,,0.1387,,2.28214,,,382.0,56.79,19.04,olog
7190,,0.1271,,2.27953,,,42.0,6.26,2.1,olog
7191,,0.1366,,2.27933,,,254.0,37.83,12.69,olog
7192,,0.1418,,2.28092,,,382.0,56.85,19.07,olog
7193,,0.1291,,2.28076,,,382.0,56.88,19.08,olog
7194,,0.1156,,2.28061,,,382.0,56.85,19.07,olog
7195,,0.1199,,2.28327,,,382.0,56.85,19.06,olog
7196,,0.131,,2.2776,,,38.0,5.65,1.89,olog
7197,,0.1337,,2.27729,,,382.0,56.86,19.07,olog
7198,,0.1315,,2.28326,,,382.0,56.8,19.05,olog
7199,,0.1659,,2.27818,,,382.0,56.91,19.09,olog
7200,,0.1649,,2.28009,,,381.0,56.66,19.0,olog
7201,,0.1401,,2.20716,,,19.0,2.82,0.94,olog
7202,,0.1439,,2.15664,,,382.0,56.89,19.08,olog
7203,,0.1956,,2.12415,,,383.0,57.0,19.12,olog
7204,,0.1856,,2.12396,,,384.0,57.11,19.15,olog
7205,,0.1809,,2.13985,,,383.0,57.01,19.12,olog
7206,,0.206,,2.1299,,,290.0,43.12,14.46,olog
7207,,0.2007,,2.12299,,,383.0,56.98,19.11,olog
7208,,0.1875,,2.10295,,,383.0,57.03,19.13,olog
7209,,0.2354,,2.09081,,,383.0,57.0,19.12,olog
7210,,0.2919,,2.08386,,,383.0,56.95,19.1,olog
7211,,0.2313,,2.15715,,,35.0,5.27,1.77,olog
7212,,0.1946,,2.18845,,,383.0,56.94,19.1,olog
7213,,0.186,,2.21907,,,383.0,56.97,19.1,olog
7214,,0.1923,,2.24812,,,383.0,56.97,19.11,olog
7215,,0.1783,,2.25538,,,383.0,57.01,19.12,olog
7216,,0.1633,,2.2577,,,101.0,15.09,5.06,olog
7217,,0.1647,,2.26044,,,382.0,56.91,19.09,olog
7218,,0.1849,,2.25853,,,383.0,56.99,19.11,olog
7219,,0.1616,,2.24733,,,383.0,56.97,19.1,olog
7220,,0.1518,,2.23854,,,383.0,56.98,19.11,olog
7221,,0.1598,,2.23141,,,63.0,9.37,3.14,olog
7222,,0.1527,,2.22425,,,383.0,57.02,19.12,olog
7223,,0.1596,,2.22565,,,383.0,56.99,19.11,olog
7224,,0.162,,2.22002,,,383.0,56.98,19.11,olog
7225,,0.1536,,2.21551,,,383.0,56.99,19.11,olog
7226,,0.1527,,2.211,,,54.0,8.05,2.7,olog
7227,,0.1495,,2.21311,,,383.0,57.05,19.13,olog
7228,,0.1461,,2.21078,,,383.0,56.97,19.1,olog
7229,,0.1515,,2.20574,,,383.0,56.92,19.09,olog
7230,,0.1502,,2.20799,,,382.0,56.88,19.07,olog
7231,,0.1463,,2.20813,,,153.0,22.79,7.64,olog
7232,,0.1501,,2.20787,,,383.0,56.93,19.09,olog
7233,,0.1535,,2.20125,,,382.0,56.87,19.07,olog
7234,,0.1535,,2.20249,,,378.0,56.28,18.88,olog
7235,,0.1702,,2.20721,,,382.0,56.87,19.07,olog
7236,,0.1764,,2.2031,,,382.0,56.87,19.07,olog
7237,,0.1481,,2.19893,,,382.0,56.88,19.07,olog
7238,,0.1581,,2.2071,,,382.0,56.88,19.08,olog
7239,,0.1555,,2.20382,,,382.0,56.86,19.07,olog
7240,,0.1701,,2.20224,,,62.0,9.23,3.09,olog
7241,,0.1522,,2.19781,,,377.0,56.05,18.8,olog
7242,,0.1562,,2.19966,,,382.0,56.88,19.08,olog
7243,,0.1606,,2.19939,,,74.0,11.06,3.71,olog
7244,,0.1597,,2.19954,,,383.0,56.96,19.1,olog
7245,,0.1593,,2.19859,,,382.0,56.9,19.08,olog
7246,,0.1541,,2.19613,,,382.0,56.91,19.09,olog
7247,,0.1491,,2.19863,,,382.0,56.77,19.04,olog
7248,,0.1404,,2.20079,,,48.0,7.17,2.41,olog
7249,,0.1467,,2.19836,,,373.0,55.54,18.63,olog
7250,,0.1475,,2.19948,,,380.0,56.51,18.95,olog
7251,,0.1628,,2.21167,,,11.0,1.7,0.57,olog
7252,,0.1575,,2.21656,,,382.0,56.9,19.08,olog
7253,,0.1501,,2.22957,,,383.0,56.95,19.1,olog
7254,,0.1477,,2.23268,,,382.0,56.81,19.05,olog
7260,1786129964.975964,0.276397705078125,2.28e-05,1.9683576822280884,3.2708122730255127,947241615360.0,296.29005673089785,44.08820619638226,14.785332714167083,wandb
7270,1786134814.883245,0.22392286360263824,2.28e-05,2.182309627532959,3.9594244956970215,948248248320.0,26.495216181627093,3.9425101440182213,1.3221523222931986,wandb
7280,1786140342.4690402,0.16539257764816284,2.28e-05,2.146637439727783,3.3004775047302246,949254881280.0,38.499574905948116,5.728768679092489,1.921188414552287,wandb
7290,1786147386.677893,0.1643650382757187,2.28e-05,2.1421966552734375,2.8968820571899414,950261514240.0,26.709698285579677,3.9744252589864018,1.3328553114625372,wandb
7310,1786165070.7022836,0.2851283848285675,2.28e-05,1.9145994186401367,3.162672758102417,952274780160.0,63.77206161070083,9.489335662771067,3.182324642230381,wandb
7320,1786165628.4064229,0.1951427161693573,2.28e-05,2.1446967124938965,3.926034450531006,953281413120.0,346.0518081911301,51.492796088051946,17.268521181228785,wandb
7330,1786166104.876651,0.1896331012248993,2.28e-05,2.098536729812622,3.2610549926757812,954288046080.0,348.5669903227861,51.86705727543503,17.3940326650213,wandb
7340,1786166585.0007174,0.18415841460227966,2.28e-05,2.0963385105133057,2.8437108993530273,955294679040.0,345.0084967128183,51.33755047471488,17.216458322618045,wandb
7350,1786167061.2875726,0.18398477137088776,2.28e-05,2.097355365753174,2.9638733863830566,956301312000.0,346.53526281186475,51.56473453661386,17.29264631556043,wandb
7360,1786167538.7784781,0.11281806975603104,2.28e-05,2.3028016090393066,3.5616812705993652,957307944960.0,349.48791261959474,52.00409127704994,17.439988113923103,wandb
7370,1786168012.0466697,0.12947851419448853,2.28e-05,2.274116039276123,4.4177093505859375,958314577920.0,347.0464758130729,51.64080345521415,17.318156636068878,wandb
7380,1786168485.9543495,0.1675882488489151,2.28e-05,2.2681994438171387,3.6190996170043945,959321210880.0,347.616890824234,51.725681681999944,17.3466212285639,wandb
7390,1786168957.0393705,0.15470696985721588,2.28e-05,2.268495798110962,3.6945483684539795,960327843840.0,346.26188297186286,51.52405538966941,17.279004238143557,wandb
7400,1786170965.1653857,0.13496507704257965,2.28e-05,2.275040626525879,3.537346839904785,961334476800.0,350.61567665706025,52.171903501237416,17.496265286032678,wandb
7410,1786171442.659363,0.19997285306453705,2.28e-05,2.368063449859619,4.752312660217285,962341109760.0,340.02343690557706,50.59576944058937,16.96769611755685,wandb
7420,1786171921.1271641,0.1466778814792633,2.28e-05,2.365077495574951,3.952627658843994,963347742720.0,349.3505157629855,51.98364651082403,17.433131797983034,wandb
7430,1786172393.9478335,0.13845539093017578,2.28e-05,2.3594908714294434,3.7569100856781006,964354375680.0,348.42671611277314,51.84618435663605,17.38703276469004,wandb
7440,1786172882.296824,0.1638757437467575,2.28e-05,2.360870838165283,4.2676920890808105,965361008640.0,342.4823495781143,50.961657685783436,17.09039966819124,wandb
7450,1786173378.8148415,0.1972273737192154,2.28e-05,2.3613476753234863,4.001745700836182,966367641600.0,344.04590962112593,51.19431671706281,17.168423735922612,wandb
7460,1786173854.893941,0.19415047764778137,2.28e-05,2.3910508155822754,4.158263206481934,967374274560.0,347.2449204401183,51.67033218031641,17.32805933030228,wandb
7470,1786174332.2183166,0.14656127989292145,2.28e-05,2.3928489685058594,3.945626735687256,968380907520.0,346.9899240670008,51.63238850849233,17.315334616354583,wandb
7480,1786174808.816332,0.1795891672372818,2.28e-05,2.3889148235321045,3.365367889404297,969387540480.0,351.02324981881054,52.23255072576334,17.51660381803855,wandb
7490,1786175283.8115618,0.17015786468982697,2.28e-05,2.386180877685547,3.354264736175537,970394173440.0,350.8177214499919,52.20196793400967,17.506347634119614,wandb
7500,1786177244.6260412,0.19056424498558044,2.28e-05,2.386453866958618,3.62406063079834,971400806400.0,346.45959348652747,51.55347487824051,17.288870299032194,wandb
7510,1786177741.9365928,0.14961160719394684,2.28e-05,2.3883707523345947,3.4015259742736816,972407439360.0,345.0554618757109,51.344538929908076,17.218801956984326,wandb
7520,1786178216.0794425,0.16794347763061523,2.28e-05,2.384359359741211,3.4820289611816406,973414072320.0,347.58223179575316,51.720524389814415,17.344891689364058,wandb
7530,1786178695.8784847,0.16548950970172882,2.28e-05,2.379638671875,3.4224534034729004,974420705280.0,343.18400054423864,51.06606393152013,17.125413138092416,wandb
7540,1786179165.7070668,0.156759113073349,2.28e-05,2.384537696838379,3.257955551147461,975427338240.0,348.5865919686715,51.869974016601155,17.395010817509295,wandb
7550,1786179637.4241858,0.15483997762203217,2.28e-05,2.381786346435547,4.14546012878418,976433971200.0,343.48207925167014,51.11041829042433,17.14028772724674,wandb
7560,1786180107.836108,0.12578605115413666,2.28e-05,2.3785507678985596,3.1795198917388916,977440604160.0,345.08585200226213,51.349061005945686,17.220318471366358,wandb
7570,1786180591.6801164,0.1768462210893631,2.28e-05,2.3786792755126953,4.311917304992676,978447237120.0,350.14316024115203,52.10159266662625,17.47268598506257,wandb
7580,1786181067.2396898,0.16515421867370605,2.28e-05,2.3746814727783203,3.334460735321045,979453870080.0,351.8756515909732,52.359388816477264,17.559139986638417,wandb
7590,1786181538.0535724,0.21657122671604156,2.28e-05,2.3815906047821045,4.191652297973633,980460503040.0,349.70023942722355,52.035685682137455,17.45058355046784,wandb
7600,1786183454.614747,0.1748305857181549,2.28e-05,2.3824472427368164,3.9033565521240234,981467136000.0,350.9198116528967,52.21715904087961,17.51144209335817,wandb
7610,1786337282.4700613,0.15961316227912903,2.28e-05,2.0826187133789062,3.480133295059204,982473768960.0,344.0164891807607,51.18993893113397,17.16695561038308,wandb
7620,1786337777.8481297,0.11500013619661331,2.28e-05,2.201694965362549,3.967705249786377,983480401920.0,326.99683515098457,48.657400294721455,16.317648514874286,wandb
7630,1786338282.8644524,0.12397172302007675,2.28e-05,2.155672550201416,3.315793514251709,984487034880.0,342.0502167217024,50.89735595832107,17.06883556938459,wandb
7640,1786338829.6232502,0.12786372005939484,2.28e-05,2.1393728256225586,2.8872861862182617,985493667840.0,317.71920167138893,47.276880737717306,15.854680235380172,wandb
7650,1786339341.418705,0.1375739872455597,2.28e-05,2.121843099594116,2.9732277393341064,986500300800.0,332.10556612905054,49.417583701643494,16.572582102897055,wandb
7660,1786339818.4733717,0.14873014390468597,2.28e-05,2.2501983642578125,3.5017056465148926,987506933760.0,348.57083595751845,51.86762950907292,17.39422456815042,wandb
7670,1786340291.5745494,0.13353753089904785,2.28e-05,2.232165813446045,4.393678665161133,988513566720.0,346.03806329502913,51.49075083611155,17.26783528962575,wandb
7680,1786340767.2839398,0.1565791368484497,2.28e-05,2.231938362121582,3.5723519325256348,989520199680.0,325.38907077096917,48.41816362143107,16.237418582264347,wandb
7690,1786341258.8757093,0.14045988023281097,2.28e-05,2.2350213527679443,3.665386199951172,990526832640.0,349.49956539982037,52.005825220412795,17.440569605703768,wandb
7700,1786343171.576151,0.15720973908901215,2.28e-05,2.24133038520813,3.488518238067627,991533465600.0,343.5317038820506,51.117802476585595,17.14276407315955,wandb
7710,1786343675.450664,0.14319151639938354,2.28e-05,2.3196887969970703,4.688179016113281,992540098560.0,336.8256464556561,50.11993556926583,16.808121421483914,wandb
7720,1786344191.610834,0.16169029474258423,2.28e-05,2.3172249794006348,3.874889373779297,993546731520.0,320.84464935141904,47.741949944877106,16.010644915193698,wandb
7730,1786344694.6400838,0.17160822451114655,2.28e-05,2.315741539001465,3.6929540634155273,994553364480.0,345.7269573456019,51.44445801279306,17.25231062091972,wandb
7740,1786345220.080599,0.16475802659988403,2.28e-05,2.319183349609375,4.247859954833984,995559997440.0,295.80024837390255,44.01532230659471,14.760890518555597,wandb
7750,1786345720.7385807,0.17228016257286072,2.28e-05,2.317790985107422,3.9666357040405273,996566630400.0,309.40731421302434,46.04006498970072,15.439904178057901,wandb
7760,1786347122.8762548,0.1569257378578186,2.28e-05,2.3491711616516113,4.13381290435791,997573263360.0,33.217172182493414,4.942742772406316,1.6575883374581188,wandb
7770,1786347678.0781808,0.1514396071434021,2.28e-05,2.351346492767334,3.9225847721099854,998579896320.0,340.291458211623,50.6356512332366,16.981070795830227,wandb
7780,1786349879.4798095,0.17309194803237915,2.28e-05,2.346306324005127,3.327899932861328,999586529280.0,44.53988050660478,6.62757116254128,2.222609019031325,wandb
7790,1786351505.208627,0.15339861810207367,2.28e-05,2.34619140625,3.3217172622680664,1000593162240.0,346.0731462116832,51.49597120320885,17.269585981501937,wandb
7800,1786353389.5718288,0.16336002945899963,2.28e-05,2.346700668334961,3.5835063457489014,1001599795200.0,349.18183418325316,51.95854655184862,17.424714325906475,wandb
7810,1786353870.5731354,0.1741257607936859,2.28e-05,2.3486874103546143,3.3671114444732666,1002606428160.0,347.8312044624144,51.757571729121494,17.35731581103029,wandb
7820,1786354346.6459546,0.1481911540031433,2.28e-05,2.345355749130249,3.4482831954956055,1003613061120.0,351.8349551156817,52.353333147198605,17.55710916949215,wandb
7830,1786354819.26924,0.133292093873024,2.28e-05,2.341545581817627,3.376274585723877,1004619694080.0,346.58018886207054,51.571419570147945,17.294888195045537,wandb
7840,1786355307.849619,0.15025663375854492,2.28e-05,2.3463287353515625,3.2117815017700195,1005626327040.0,346.7980922283988,51.60384377179536,17.30576191050615,wandb
7850,1786355779.3537683,0.20189200341701508,2.28e-05,2.346864938735962,4.119958877563477,1006632960000.0,350.5107029679626,52.1562833292303,17.491026936367263,wandb
7860,1786356252.8880517,0.13682545721530914,2.28e-05,2.3418102264404297,3.1405141353607178,1007639592960.0,352.0829484694335,52.39023476393248,17.56948442192748,wandb
7870,1786356725.3509405,0.15338926017284393,2.28e-05,2.3438892364501953,4.289196014404297,1008646225920.0,351.97751007413723,52.37454544325758,17.56422288270303,wandb
7880,1786357192.5014029,0.17522038519382477,2.28e-05,2.3399429321289062,3.2497715950012207,1009652858880.0,353.2641583669964,52.565999776432584,17.62842862523092,wandb
7890,1786357663.5532777,0.1679680049419403,2.28e-05,2.3526666164398193,4.17604923248291,1010659491840.0,352.9362644521702,52.51720888993811,17.612066211050887,wandb
7900,1786359545.0387924,0.1486506313085556,2.28e-05,2.360132932662964,3.870924711227417,1011666124800.0,350.0547344581634,52.088434836773665,17.468273401540788,wandb
7910,1786360026.8084896,0.18764165043830872,2.28e-05,2.4438695907592773,3.513444423675537,1012672757760.0,343.9192913087734,51.175475807162464,17.16210528603437,wandb
7920,1786360513.349852,0.20836275815963745,2.28e-05,2.4433181285858154,3.3984131813049316,1013679390720.0,337.9345532265495,50.28494181654639,16.863457586786087,wandb
7930,1786360999.3744507,0.22649264335632324,2.28e-05,2.4387242794036865,4.0090742111206055,1014686023680.0,341.73091112021757,50.849843019975296,17.05290172534156,wandb
7940,1786361481.8970563,0.17077317833900452,2.28e-05,2.4375123977661133,4.49128532409668,1015692656640.0,335.4103692774548,49.90934115126196,16.737496898361695,wandb
7950,1786361967.7081175,0.18139736354351044,2.28e-05,2.4357309341430664,4.578793525695801,1016699289600.0,338.82314429460376,50.417164904505846,16.907799657299616,wandb
7960,1786362453.0160449,0.23064926266670227,2.28e-05,2.4342966079711914,4.315384864807129,1017705922560.0,341.84995944771424,50.86755750985024,17.058842421261375,wandb
7970,1786362934.8111982,0.18219953775405884,2.28e-05,2.4351673126220703,3.4071314334869385,1018712555520.0,341.24062815708515,50.77688850840089,17.028435846148778,wandb
7980,1786363418.7157667,0.2050868421792984,2.28e-05,2.4349327087402344,3.683638095855713,1019719188480.0,335.4056849891444,49.90864412527604,16.737263145120153,wandb
7990,1786363906.1882248,0.1706494241952896,2.28e-05,2.432084560394287,3.5990781784057617,1020725821440.0,338.4839882575368,50.3666982048807,16.89087524577741,wandb
8000,1786365884.6097527,0.19113437831401825,2.28e-05,2.4325544834136963,4.230788230895996,1021732454400.0,331.5622634170901,49.33673980746677,16.54547045612269,wandb
8010,1786366362.3047438,0.18259017169475555,2.28e-05,2.431321144104004,3.8416905403137207,1022739087360.0,350.60400771172664,52.17016715249308,17.495682987588093,wandb
8020,1786366843.6641192,0.2189951092004776,2.28e-05,2.4298598766326904,4.214465141296387,1023745720320.0,336.3963696094803,50.05605881849548,16.78669984201133,wandb
8030,1786367465.8834996,0.196213498711586,2.28e-05,2.4268598556518555,4.308287620544434,1024752353280.0,346.3324892818503,51.53456166715923,17.28252760236442,wandb
8040,1786367939.2606845,0.17457443475723267,2.28e-05,2.427779197692871,3.358733654022217,1025758986240.0,335.04406384404996,49.854834598942944,16.719217689914224,wandb
8050,1786368420.8685822,0.19607841968536377,2.28e-05,2.4290523529052734,3.649894952774048,1026765619200.0,341.01145962887034,50.742788041320985,17.016999981662952,wandb
8060,1786368901.7888095,0.16877128183841705,2.28e-05,2.4442086219787598,3.992570400238037,1027772252160.0,357.2055240427075,53.15247825810474,17.825108876693136,wandb
8070,1786369384.0877764,0.22946499288082123,2.28e-05,2.445690155029297,4.089655876159668,1028778885120.0,359.1757424341213,53.44564838892504,17.92342582582748,wandb
8080,1786369873.664721,0.24422778189182281,2.28e-05,2.4468624591827393,3.8858017921447754,1029785518080.0,327.5457170648168,48.73907437876431,16.345038572462915,wandb
8090,1786370351.711313,0.1769697219133377,2.28e-05,2.4395968914031982,3.4903056621551514,1030792151040.0,350.038172291502,52.08597037263713,17.4674469237735,wandb
8100,1786372371.177436,0.20680490136146545,2.28e-05,2.445880889892578,3.5950565338134766,1031798784000.0,299.06611445454627,44.50128588823446,14.923862294034672,wandb
8110,1786372897.999947,0.20046620070934296,2.28e-05,2.4418768882751465,3.727241039276123,1032805416960.0,336.36483603590375,50.051366596592075,16.785126267851805,wandb
8120,1786373381.0100145,0.20065352320671082,2.28e-05,2.4425668716430664,3.3065285682678223,1033812049920.0,330.62037258790866,49.19658567084265,16.49846864498018,wandb
8130,1786373861.124837,0.2008715271949768,2.28e-05,2.4441542625427246,3.9153120517730713,1034818682880.0,336.35547216808476,50.04997324529384,16.784658996345218,wandb
8140,1786374347.9798965,0.1522417962551117,2.28e-05,2.4379191398620605,3.8363113403320312,1035825315840.0,337.70595013428976,50.25092548680559,16.85204993843015,wandb
8150,1786374832.29999,0.21568630635738373,2.28e-05,2.436227798461914,3.845250129699707,1036831948800.0,327.35671319449943,48.71095044609371,16.33560698661174,wandb
8160,1786375308.9132192,0.17501690983772278,2.28e-05,2.4396376609802246,3.345911979675293,1037838581760.0,351.3501684622581,52.28119649106774,17.532917564666324,wandb
8170,1786375810.5004582,0.17259079217910767,2.28e-05,2.435049057006836,3.773974895477295,1038845214720.0,267.92825113436675,39.86794599920239,13.370034689164179,wandb
8180,1786376320.3676403,0.19718831777572632,2.28e-05,2.440326690673828,4.578418731689453,1039851847680.0,341.62318759814025,50.83381367053999,17.047526154751615,wandb
8190,1786376791.8108563,0.21416790783405304,2.28e-05,2.441504955291748,3.5781562328338623,1040858480640.0,346.52601337905253,51.563358213339555,17.292184754537914,wandb
8200,1786378812.046054,0.15028217434883118,2.28e-05,2.4427530765533447,4.09217643737793,1041865113600.0,322.2035604706144,47.94415704654862,16.07845668467381,wandb
8210,1786379321.9079692,0.26433277130126953,2.28e-05,2.4733006954193115,3.585446357727051,1042871746560.0,319.2400809359493,47.50318883376199,15.930574466164387,wandb
8220,1786379795.3391473,0.24787162244319916,2.28e-05,2.4749441146850586,4.24831485748291,1043878379520.0,340.4254878406593,50.65559495320674,16.987759081899366,wandb
8230,1786380276.793445,0.20990964770317078,2.28e-05,2.4735560417175293,3.4429807662963867,1044885012480.0,341.8696682771745,50.87049020002123,17.059825922375765,wandb
8240,1786380762.6078084,0.22383351624011993,2.28e-05,2.468644142150879,4.367544174194336,1045891645440.0,288.95907938119194,42.997350686140166,14.419505590464889,wandb
8250,1786381239.1932049,0.22563433647155762,2.28e-05,2.4750735759735107,3.914748430252075,1046898278400.0,343.6321717325803,51.132752176076465,17.14777757450195,wandb
8260,1786381720.4461389,0.15181760489940643,2.28e-05,2.4718146324157715,3.4303951263427734,1047904911360.0,346.2304079438917,51.51937187940065,17.27743358550041,wandb
8270,1786382197.7843595,0.1817956119775772,2.28e-05,2.4713964462280273,3.3974814414978027,1048911544320.0,338.5305608238078,50.373628241370966,16.89319928896423,wandb
8280,1786382678.5237691,0.19813145697116852,2.28e-05,2.471762180328369,3.864060401916504,1049918177280.0,352.4129394310517,52.43933769272898,17.585951481990264,wandb
8290,1786383154.1701577,0.2002662718296051,2.28e-05,2.4673349857330322,3.6634082794189453,1050924810240.0,331.7003976025045,49.35729428883045,16.552363565912085,wandb
8300,1786385059.332769,0.17076463997364044,2.28e-05,2.4699020385742188,3.8496227264404297,1051931443200.0,354.6219665598577,52.76804276175076,17.69618535697879,wandb
8310,1786385542.2822745,0.2191169708967209,2.28e-05,2.481799602508545,3.8017001152038574,1052938076160.0,337.0234515199634,50.14936912690218,16.817992200546158,wandb
8320,1786386032.5506716,0.22342680394649506,2.28e-05,2.480438709259033,3.651132106781006,1053944709120.0,343.88714041879643,51.17069172806666,17.16050090683039,wandb
8330,1786386518.9464083,0.22428107261657715,2.28e-05,2.4768691062927246,4.491440773010254,1054951342080.0,348.6436409218984,51.878462948160006,17.39785764863067,wandb
8340,1786387003.1495838,0.2421416938304901,2.28e-05,2.473417282104492,3.575916051864624,1055957975040.0,340.05614042776597,50.6006357518167,16.96932807396411,wandb
8350,1786387482.1752975,0.2571817934513092,2.28e-05,2.474273443222046,3.4032676219940186,1056964608000.0,341.0256554606664,50.744900392866825,17.01770837565557,wandb
8360,1786387960.9816325,0.15509934723377228,2.28e-05,2.4783711433410645,4.131279468536377,1057971240960.0,352.8758131464106,52.50821368550036,17.609049597268697,wandb
8370,1786388441.8831944,0.1902698576450348,2.28e-05,2.4761123657226562,3.8405284881591797,1058977873920.0,340.07623189249506,50.603625378433044,16.970330669171027,wandb
8380,1786388924.2984064,0.2069220244884491,2.28e-05,2.4766335487365723,4.391083717346191,1059984506880.0,327.3514337132606,48.71016485490635,16.33534353232125,wandb
8390,1786389427.0144584,0.1986260563135147,2.28e-05,2.4745607376098633,3.5295803546905518,1060991139840.0,330.9927824450813,49.25200056648156,16.51705247362797,wandb
8400,1786391360.5412812,0.19840405881404877,2.28e-05,2.474935531616211,3.4469032287597656,1061997772800.0,333.6207067529369,49.643037883196016,16.648189966623836,wandb
8410,1786391842.417246,0.1791931837797165,2.28e-05,2.473870277404785,3.7383670806884766,1063004405760.0,336.39404511788547,50.05571293221814,16.78658384628066,wandb
8420,1786392314.0223467,0.2490408569574356,2.28e-05,2.4770779609680176,3.9691076278686523,1064011038720.0,351.05052660807013,52.23660953462962,17.517964972067904,wandb
8430,1786392787.6160114,0.20673301815986633,2.28e-05,2.4726154804229736,4.218315124511719,1065017671680.0,329.81520285789395,49.07677574717648,16.458289428434764,wandb
8440,1786393264.428431,0.21330399811267853,2.28e-05,2.4736289978027344,3.79805588722229,1066024304640.0,349.75195060109843,52.04338034770135,17.45316401813259,wandb
8450,1786393748.2074924,0.19349707663059235,2.28e-05,2.469775915145874,3.7395358085632324,1067030937600.0,323.29964275564254,48.1072549996953,16.133152888269212,wandb
8460,1786394228.5158734,0.24943843483924866,2.28e-05,2.47029447555542,3.6515042781829834,1068037570560.0,333.107693499984,49.56670108564291,16.622589810765167,wandb
8470,1786394721.7286615,0.20960044860839844,2.28e-05,2.473679542541504,3.4827418327331543,1069044203520.0,335.62246153255654,49.940900654738904,16.74808063037207,wandb
8480,1786395212.5962162,0.25437086820602417,2.28e-05,2.4713497161865234,3.873950481414795,1070050836480.0,314.52064084647907,46.80093223395643,15.695067096402155,wandb
8490,1786395700.3349898,0.2403753697872162,2.28e-05,2.4680376052856445,3.9686055183410645,1071057469440.0,322.9986880249999,48.06247268615178,16.11813478110237,wandb
8500,1786397633.1818767,0.22597207129001617,2.28e-05,2.4715301990509033,3.3621606826782227,1072064102400.0,331.4610184089901,49.32167446628485,16.540418173413904,wandb
8510,1786398114.4423892,0.17936870455741882,2.28e-05,2.464735269546509,3.692686080932617,1073070735360.0,334.4501121888047,49.766454099995194,16.689578582426705,wandb
8520,1786398604.2867608,0.17415709793567657,2.28e-05,2.462904691696167,4.263113021850586,1074077368320.0,335.81600427356057,49.9696999751324,16.75773871290015,wandb
8530,1786399099.3676116,0.2276211977005005,2.28e-05,2.4666037559509277,3.493687391281128,1075084001280.0,311.11789132168906,46.29460028229111,15.525264625060066,wandb
8540,1786399600.8784423,0.23102469742298126,2.28e-05,2.4702682495117188,3.5781826972961426,1076090634240.0,305.0726579054146,45.395064535791064,15.223598114949676,wandb
8550,1786400171.0599644,0.17583157122135162,2.28e-05,2.468064308166504,3.9310178756713867,1077097267200.0,346.50185487962534,51.55976340858677,17.29097920800069,wandb
8560,1786400646.4435582,0.22227658331394196,2.28e-05,2.463616132736206,3.794224977493286,1078103900160.0,351.830288011442,52.35263867821666,17.55687627376235,wandb
8570,1786401118.370739,0.2290273904800415,2.28e-05,2.4686999320983887,4.46363639831543,1079110533120.0,349.1368640920235,51.95185496497365,17.422470248706073,wandb
8580,1786401589.1555738,0.18987096846103668,2.28e-05,2.4650449752807617,3.302969455718994,1080117166080.0,339.49567061901996,50.51723737939921,16.94135976247237,wandb
8590,1786402061.7355497,0.16122126579284668,2.28e-05,2.465358018875122,3.7704720497131348,1081123799040.0,322.39193914992313,47.97218795027857,16.087857072525384,wandb
8600,,0.2044,,2.46856,,,341.0,50.68,17.0,olog
8601,,0.2065,,2.46513,,,355.0,52.84,17.72,olog
8602,,0.2323,,2.46478,,,335.0,49.92,16.74,olog
8603,,0.2179,,2.46517,,,351.0,52.27,17.53,olog
8604,,0.2183,,2.46269,,,354.0,52.73,17.68,olog
8605,,0.2461,,2.4598,,,357.0,53.09,17.8,olog
8606,,0.2504,,2.46445,,,356.0,53.03,17.78,olog
8607,,0.2558,,2.46611,,,348.0,51.78,17.36,olog
8608,,0.2595,,2.46202,,,331.0,49.26,16.52,olog
8609,,0.2461,,2.46496,,,332.0,49.33,16.54,olog
8610,,0.2184,,2.46476,,,324.0,48.27,16.19,olog
8611,,0.1943,,2.46107,,,325.0,48.38,16.22,olog
8612,,0.1838,,2.46467,,,320.0,47.62,15.97,olog
8613,,0.205,,2.46376,,,300.0,44.7,14.99,olog
8614,,0.2392,,2.46541,,,330.0,49.16,16.49,olog
8615,,0.2341,,2.46139,,,354.0,52.71,17.68,olog
8616,,0.2116,,2.46073,,,334.0,49.63,16.65,olog
8617,,0.1937,,2.46584,,,350.0,52.11,17.48,olog
8618,,0.1902,,2.4616,,,352.0,52.45,17.59,olog
8619,,0.1884,,2.46375,,,346.0,51.46,17.26,olog
8620,,0.2034,,2.46116,,,342.0,50.9,17.07,olog
8621,,0.2096,,2.46233,,,343.0,51.08,17.13,olog
8622,,0.2039,,2.46571,,,332.0,49.44,16.58,olog
8623,,0.1912,,2.46473,,,338.0,50.35,16.89,olog
8624,,0.2011,,2.46251,,,324.0,48.16,16.15,olog
8625,,0.2406,,2.46001,,,342.0,50.85,17.05,olog
8626,,0.2596,,2.46743,,,307.0,45.69,15.32,olog
8627,,0.2235,,2.46667,,,330.0,49.07,16.45,olog
8628,,0.2115,,2.45957,,,348.0,51.75,17.36,olog
8629,,0.2291,,2.46333,,,344.0,51.17,17.16,olog
8630,,0.1903,,2.46441,,,347.0,51.66,17.32,olog
8631,,0.1594,,2.4643,,,333.0,49.56,16.62,olog
8632,,0.1563,,2.46277,,,353.0,52.54,17.62,olog
8633,,0.1935,,2.46671,,,337.0,50.07,16.79,olog
8634,,0.2286,,2.46128,,,328.0,48.85,16.38,olog
8635,,0.2672,,2.45927,,,330.0,49.15,16.48,olog
8636,,0.2646,,2.46216,,,346.0,51.49,17.27,olog
8637,,0.2189,,2.46285,,,347.0,51.6,17.31,olog
8638,,0.1904,,2.46129,,,345.0,51.31,17.21,olog
8639,,0.1865,,2.45865,,,343.0,50.98,17.1,olog
8640,,0.1955,,2.46056,,,333.0,49.61,16.64,olog
8641,,0.2064,,2.46095,,,342.0,50.96,17.09,olog
8642,,0.1956,,2.4594,,,340.0,50.63,16.98,olog
8643,,0.1915,,2.46106,,,343.0,51.05,17.12,olog
8644,,0.2295,,2.466,,,344.0,51.25,17.19,olog
8645,,0.2783,,2.46271,,,347.0,51.64,17.32,olog
8646,,0.2441,,2.46183,,,345.0,51.35,17.22,olog
8647,,0.2216,,2.46375,,,352.0,52.43,17.58,olog
8648,,0.212,,2.4667,,,343.0,51.06,17.12,olog
8649,,0.2107,,2.46167,,,348.0,51.82,17.38,olog
8650,,0.2159,,2.46377,,,344.0,51.2,17.17,olog
8651,,0.2217,,2.46561,,,322.0,47.94,16.08,olog
8652,,0.2469,,2.46539,,,345.0,51.37,17.23,olog
8653,,0.2502,,2.46301,,,334.0,49.7,16.67,olog
8654,,0.2386,,2.46316,,,328.0,48.83,16.38,olog
8655,,0.2328,,2.46233,,,337.0,50.11,16.81,olog
8656,,0.2179,,2.45972,,,340.0,50.62,16.97,olog
8657,,0.194,,2.46408,,,346.0,51.44,17.25,olog
8658,,0.2036,,2.46293,,,344.0,51.15,17.15,olog
8659,,0.2427,,2.46602,,,334.0,49.73,16.68,olog
8660,,0.2659,,2.45985,,,341.0,50.7,17.0,olog
8661,,0.2501,,2.46141,,,345.0,51.34,17.22,olog
8662,,0.2269,,2.46166,,,348.0,51.84,17.39,olog
8663,,0.1998,,2.4592,,,356.0,52.95,17.76,olog
8664,,0.2051,,2.46077,,,358.0,53.26,17.86,olog
8665,,0.2473,,2.46071,,,358.0,53.31,17.88,olog
8666,,0.2497,,2.46248,,,359.0,53.44,17.92,olog
8667,,0.1896,,2.45872,,,348.0,51.74,17.35,olog
8668,,0.1979,,2.46194,,,336.0,50.02,16.78,olog
8669,,0.1912,,2.46156,,,296.0,44.03,14.77,olog
8670,,0.1797,,2.46021,,,353.0,52.59,17.64,olog
8671,,0.2135,,2.46154,,,354.0,52.7,17.67,olog
8672,,0.249,,2.46026,,,335.0,49.8,16.7,olog
8673,,0.2307,,2.46079,,,292.0,43.44,14.57,olog
8674,,0.2366,,2.46079,,,348.0,51.8,17.37,olog
8675,,0.2272,,2.45987,,,354.0,52.66,17.66,olog
8676,,0.192,,2.45984,,,338.0,50.24,16.85,olog
8677,,0.1922,,2.45984,,,345.0,51.36,17.22,olog
8678,,0.2249,,2.46352,,,339.0,50.46,16.92,olog
8679,,0.218,,2.46041,,,343.0,51.08,17.13,olog
8680,,0.2193,,2.45753,,,335.0,49.84,16.71,olog
8681,,0.2498,,2.45894,,,346.0,51.49,17.27,olog
8682,,0.2477,,2.46072,,,334.0,49.66,16.65,olog
8683,,0.2187,,2.46231,,,355.0,52.75,17.69,olog
8684,,0.2218,,2.45811,,,343.0,51.02,17.11,olog
8685,,0.246,,2.45788,,,360.0,53.58,17.97,olog
8686,,0.2613,,2.461,,,357.0,53.18,17.84,olog
8687,,0.2387,,2.46105,,,357.0,53.11,17.81,olog
8688,,0.1913,,2.45856,,,358.0,53.34,17.89,olog
8689,,0.2056,,2.45808,,,337.0,50.16,16.82,olog
8690,,0.2359,,2.45649,,,334.0,49.75,16.68,olog
8691,,0.2176,,2.46115,,,335.0,49.82,16.71,olog
8692,,0.1865,,2.4608,,,336.0,50.04,16.78,olog
8693,,0.2117,,2.46015,,,336.0,50.01,16.77,olog
8694,,0.234,,2.46113,,,339.0,50.43,16.91,olog
8695,,0.2058,,2.46117,,,341.0,50.79,17.03,olog
8696,,0.2052,,2.46453,,,337.0,50.2,16.84,olog
8697,,0.1972,,2.46279,,,341.0,50.8,17.04,olog
8698,,0.1925,,2.45975,,,353.0,52.51,17.61,olog
8699,,0.172,,2.45914,,,354.0,52.71,17.68,olog
8700,,0.1873,,2.46009,,,358.0,53.33,17.89,olog
8710,1786858119.392815,0.16559761762619019,2.28e-05,2.3063416481018066,3.864107608795166,1093203394560.0,346.37694787311915,51.541177142415776,17.284746154924587,wandb
8720,1786858597.723364,0.20597653090953827,2.28e-05,2.3364648818969727,4.051234245300293,1094210027520.0,341.27129612739594,50.78145192782038,17.029966225364728,wandb
8730,1786859079.4393363,0.1532236784696579,2.28e-05,2.32102108001709,3.470423698425293,1095216660480.0,346.3618728760565,51.53893397034905,17.283993889223556,wandb
8740,1786859585.7693112,0.1876966655254364,2.28e-05,2.3123154640197754,3.048250436782837,1096223293440.0,312.0974304661816,46.44035651946054,15.57414514544495,wandb
8750,1786860096.3701608,0.13022814691066742,2.28e-05,2.3041634559631348,3.1611766815185547,1097229926400.0,332.0938953367073,49.41584707806259,16.571999712283827,wandb
8760,1786860584.2395434,0.19366179406642914,2.28e-05,2.3318991661071777,3.585876703262329,1098236559360.0,315.1531775342265,46.89505421774447,15.726631656770634,wandb
8770,1786861061.2524424,0.15723155438899994,2.28e-05,2.322648048400879,4.454892158508301,1099243192320.0,345.01285906222745,51.33819959592527,17.21667601060981,wandb
8780,1786861536.5132954,0.17230422794818878,2.28e-05,2.322514533996582,3.6465439796447754,1100249825280.0,341.2677879490142,50.78092990796734,17.02979116183014,wandb
8790,1786862023.4960947,0.18398328125476837,2.28e-05,2.3208141326904297,3.756337881088257,1101256458240.0,338.41707923700824,50.35674208712903,16.887536382026767,wandb
8800,1786864304.0237436,0.17817436158657074,2.28e-05,2.31626296043396,3.6100881099700928,1102263091200.0,345.9960654263558,51.48450151841825,17.265739530934177,wandb
8810,1786864784.8956916,0.1658797562122345,2.28e-05,2.3388266563415527,4.736536502838135,1103269724160.0,346.20461179356334,51.51553339083543,17.276146317646884,wandb
8820,1786865273.7462664,0.2012200504541397,2.28e-05,2.3405039310455322,3.9669885635375977,1104276357120.0,284.3537729223503,42.31207726523913,14.189693665637051,wandb
8830,1786865749.6870954,0.20045462250709534,2.28e-05,2.3380002975463867,3.758406400680542,1105282990080.0,348.0701815844696,51.793131723100494,17.369241139539945,wandb
8840,1786866228.388973,0.17995381355285645,2.28e-05,2.338304042816162,4.249342918395996,1106289623040.0,333.09697774934807,49.56510657306022,16.622055078212266,wandb
8850,1786866706.0116093,0.17751093208789825,2.28e-05,2.33610200881958,4.004050254821777,1107296256000.0,341.2210108399614,50.77396943534149,17.027456911641714,wandb
8860,1786867179.7303326,0.15872722864151,2.28e-05,2.349107503890991,4.1302080154418945,1108302888960.0,349.5470405598464,52.012889563602464,17.442938689716872,wandb
8870,1786867657.6070688,0.1709493100643158,2.28e-05,2.352229595184326,3.911837577819824,1109309521920.0,346.25356254485547,51.52281730322942,17.27858903594951,wandb
8880,1786868132.1273186,0.219019815325737,2.28e-05,2.349179744720459,3.328742265701294,1110316154880.0,348.8501770735814,51.90919569883978,17.408164122475352,wandb
8890,1786868606.3316538,0.17032891511917114,2.28e-05,2.345947027206421,3.309231758117676,1111322787840.0,340.8046171499543,50.712009708894854,17.006678221614912,wandb
8900,1786870485.3907473,0.16810274124145508,2.28e-05,2.346503734588623,3.5867156982421875,1112329420800.0,337.9012426669714,50.279985177652065,16.861795338272955,wandb
8910,1786870974.874367,0.15813608467578888,2.28e-05,2.349278211593628,3.364656686782837,1113336053760.0,340.72547408224466,50.700233154775226,17.00272885996229,wandb
8920,1786871450.1054082,0.13787215948104858,2.28e-05,2.3457138538360596,3.4549336433410645,1114342686720.0,335.51057855009225,49.924252374148,16.742497496266793,wandb
8930,1786871955.7461088,0.16734173893928528,2.28e-05,2.340160846710205,3.3904247283935547,1115349319680.0,238.60488815082374,35.504605265281,11.906753461324168,wandb
8940,1786872427.9849265,0.2343672662973404,2.28e-05,2.344487190246582,3.2078826427459717,1116355952640.0,347.6688837077114,51.73341826618636,17.349215753974114,wandb
8950,1786872901.35771,0.1587720811367035,2.28e-05,2.3426284790039062,4.119250297546387,1117362585600.0,347.7246135862894,51.74171091834336,17.35199676122757,wandb
8960,1786873374.3204525,0.16847312450408936,2.28e-05,2.340151786804199,3.130739212036133,1118369218560.0,349.5657973106425,52.015680583678524,17.44387468063137,wandb
8970,1786873975.9596314,0.16243065893650055,2.28e-05,2.338433265686035,4.290847301483154,1119375851520.0,137.43285617207192,20.450122990712522,6.858112374010199,wandb
8980,1786874605.4964445,0.21095721423625946,2.28e-05,2.3348073959350586,3.297018527984619,1120382484480.0,348.8462178458621,51.90860656247121,17.40796655088025,wandb
8990,1786875080.7222936,0.15540076792240143,2.28e-05,2.3422203063964844,4.173925399780273,1121389117440.0,350.97819486808714,52.22584651172532,17.51435550621798,wandb
9000,1786876951.9742067,0.15524432063102722,2.28e-05,2.3412957191467285,3.8568506240844727,1122395750400.0,346.9005434908424,51.61908860462414,17.310874387174884,wandb
9010,1786877513.4087555,0.2050282508134842,2.28e-05,2.3879079818725586,3.431044101715088,1123402383360.0,177.88647377532462,26.46965484392511,8.876810545508453,wandb
9020,1786878084.9018764,0.2332550436258316,2.28e-05,2.391116142272949,3.357393980026245,1124409016320.0,346.6857809563366,51.58713176135704,17.30015740408662,wandb
9030,1786878557.306607,0.1880955547094345,2.28e-05,2.3867580890655518,3.9252219200134277,1125415649280.0,346.7000019790893,51.58924786133812,17.300867055146984,wandb
9040,1786879030.168923,0.14958760142326355,2.28e-05,2.3867297172546387,4.468941688537598,1126422282240.0,345.6261341126974,51.42945543211005,17.24727938544642,wandb
9050,1786879501.5624835,0.1601298749446869,2.28e-05,2.3856449127197266,4.548313140869141,1127428915200.0,347.44217020380205,51.6996831087594,17.337902399003383,wandb
9060,1786879975.991373,0.21636489033699036,2.28e-05,2.38425350189209,4.2855730056762695,1128435548160.0,347.1988580881053,51.66347806413092,17.325760747597133,wandb
9070,1786880453.7595046,0.14415180683135986,2.28e-05,2.387195110321045,3.3589086532592773,1129442181120.0,340.2904075698895,50.63549489687521,16.98101836718053,wandb
9080,1786880928.8762503,0.16838818788528442,2.28e-05,2.3885438442230225,3.654933214187622,1130448814080.0,349.8034700764999,52.0510464883734,17.455734919746618,wandb
9090,1786881401.1930447,0.18910078704357147,2.28e-05,2.3845162391662598,3.5415472984313965,1131455447040.0,350.0843529576994,52.09284209407139,17.469751410539693,wandb
9100,1786883298.2838852,0.20929548144340515,2.28e-05,2.3879032135009766,4.204163551330566,1132462080000.0,348.7160566684283,51.889238471308175,17.401471306537392,wandb
9110,1786912734.093106,0.12292886525392532,2.28e-05,2.2222177982330322,3.7205750942230225,1133468712960.0,351.7156272790768,52.335577066136516,17.55115452563494,wandb
9120,1786913203.8012176,0.15903592109680176,2.28e-05,2.2718887329101562,4.015899658203125,1134475345920.0,346.6981980068579,51.58897942877381,17.30077703413871,wandb
9130,1786913677.4984598,0.1792801171541214,2.28e-05,2.2519922256469727,3.402170419692993,1135481978880.0,353.3823833959688,52.58359175880424,17.63432823727928,wandb
9140,1786914169.1202526,0.17407472431659698,2.28e-05,2.2407710552215576,2.986926317214966,1136488611840.0,351.583805565296,52.315961885787736,17.54457641795659,wandb
9150,1786914638.114549,0.17823335528373718,2.28e-05,2.232478380203247,3.08612322807312,1137495244800.0,350.0817671697302,52.092457326676815,17.469622375715254,wandb
9160,1786915139.767363,0.18785612285137177,2.28e-05,2.270214319229126,3.5162768363952637,1138501877760.0,344.89715548311347,51.32098280738393,17.210902222814514,wandb
9170,1786915609.0096016,0.1406843513250351,2.28e-05,2.261521816253662,4.410914897918701,1139508510720.0,354.5291798008392,52.754236015047766,17.691555153999,wandb
9180,1786916083.640462,0.1629088968038559,2.28e-05,2.2619307041168213,3.587993860244751,1140515143680.0,353.8994861055467,52.66053707089511,17.660132463357144,wandb
9190,1786916552.2405233,0.15347523987293243,2.28e-05,2.2596728801727295,3.6949777603149414,1141521776640.0,350.04409718427473,52.08685200159605,17.46774258509912,wandb
9200,1786918448.1699207,0.1701742261648178,2.28e-05,2.2554900646209717,3.5272021293640137,1142528409600.0,343.1548744659676,51.061729946915065,17.12395970167728,wandb
9210,1786918928.8302464,0.1663161665201187,2.28e-05,2.286642551422119,4.666322708129883,1143535042560.0,335.60581454311813,49.93842356890279,16.747249919816838,wandb
9220,1786919404.5958405,0.20619945228099823,2.28e-05,2.2889328002929688,3.8555610179901123,1144541675520.0,349.14409229561164,51.95293052766293,17.4228309472599,wandb
9230,1786919879.3973608,0.21885983645915985,2.28e-05,2.2892589569091797,3.6764352321624756,1145548308480.0,349.6729616257428,52.03162672265182,17.449222345927083,wandb
9240,1786920352.2278457,0.17905202507972717,2.28e-05,2.2893500328063965,4.224992752075195,1146554941440.0,346.3660554404329,51.539556339397436,17.28420260566374,wandb
9250,1786920822.82003,0.15541060268878937,2.28e-05,2.286489963531494,3.954967975616455,1147561574400.0,350.16100565853327,52.10424807953428,17.473576499028226,wandb
9260,1786921297.4743416,0.16052177548408508,2.28e-05,2.303647756576538,4.104893684387207,1148568207360.0,342.4945567610596,50.96347412473083,17.091008825526252,wandb
9270,1786921769.1355312,0.14201487600803375,2.28e-05,2.3059637546539307,3.885385751724243,1149574840320.0,347.7814849543623,51.75017342508399,17.35483473057472,wandb
9280,1786922246.5733023,0.18711766600608826,2.28e-05,2.3071441650390625,3.2992491722106934,1150581473280.0,358.76857719299176,53.385061863325845,17.903107649692355,wandb
9290,1786922708.9146326,0.1930399239063263,2.2798158468621273e-05,2.3043127059936523,3.276860237121582,1151588106240.0,349.10941582991137,51.94777064080468,17.421100537915805,wandb
9300,1786924592.5426905,0.15798479318618774,2.2792020030692187e-05,2.30444073677063,3.554245948791504,1152594739200.0,359.8235361482129,53.5420406308879,17.955751735440064,wandb
9310,1786925075.6226614,0.18715910613536835,2.2785881592763102e-05,2.3090710639953613,3.3349294662475586,1153601372160.0,350.9587593563929,52.22295449146462,17.51338564408342,wandb
9320,1786925537.0034418,0.15272603929042816,2.277974315483402e-05,2.304548740386963,3.424535036087036,1154608005120.0,351.134845711384,52.249156287140366,17.52217262591364,wandb
9330,1786925997.6898012,0.24787330627441406,2.2773604716904935e-05,2.300790786743164,3.3432440757751465,1155614638080.0,355.4114734864617,52.88552204727807,17.735582975376026,wandb
9340,1786926457.7612808,0.16195257008075714,2.2767466278975846e-05,2.3057632446289062,3.159529685974121,1156621271040.0,352.0041038581532,52.3785026203771,17.565549953712917,wandb
9350,1786926925.5560162,0.15079541504383087,2.2761327841046764e-05,2.3041059970855713,4.094770431518555,1157627904000.0,353.5837068347255,52.613548853476956,17.64437458867568,wandb
9360,1786927398.2872343,0.15143294632434845,2.275518940311768e-05,2.3001937866210938,3.098846912384033,1158634536960.0,355.1370172932707,52.8446827380863,17.721887186267995,wandb
9370,1786927861.0227208,0.13761760294437408,2.2749050965188594e-05,2.3006904125213623,4.270047664642334,1159641169920.0,361.2260379929178,53.750734068671115,18.025738749634836,wandb
9380,1786928338.927088,0.1604040265083313,2.274291252725951e-05,2.2971720695495605,3.184624195098877,1160647802880.0,358.15720307447316,53.29408888739213,17.872599134304213,wandb
9390,1786928853.444115,0.1512448787689209,2.2736774089330423e-05,2.3058207035064697,4.1569976806640625,1161654435840.0,258.5716158359671,38.475670906032946,12.903124096556592,wandb
9400,1786930792.5033114,0.13793988525867462,2.273063565140134e-05,2.3021583557128906,3.795860767364502,1162661068800.0,353.22295786949934,52.55986910823168,17.626372656595983,wandb
9410,1786931469.518621,0.14509007334709167,2.2724497213472256e-05,2.354739189147949,3.3920881748199463,1163667701760.0,234.01554421357298,34.82170708083265,11.67773809104589,wandb
9420,1786931941.3119211,0.21719323098659515,2.2718358775543168e-05,2.3564207553863525,3.3434994220733643,1164674334720.0,351.3293364746864,52.27809667403818,17.531878016222667,wandb
9430,1786932409.8815703,0.1528821736574173,2.2712220337614082e-05,2.3495399951934814,3.8574180603027344,1165680967680.0,339.7016802888325,50.547891789139975,16.951639964056323,wandb
9440,1786932869.686539,0.16370704770088196,2.2706081899685e-05,2.353146553039551,4.456853866577148,1166687600640.0,356.71578067813135,53.07960403924307,17.80066992430402,wandb
9450,1786933332.8500926,0.18310080468654633,2.2699943461755915e-05,2.3519515991210938,4.52642822265625,1167694233600.0,338.37018218166264,50.34976376639531,16.88519614633256,wandb
9460,1786933794.3332407,0.1666112095117569,2.269380502382683e-05,2.351471424102783,4.269909381866455,1168700866560.0,356.9789516673938,53.11876410072987,17.8138025642579,wandb
9470,1786934256.0833118,0.1755976676940918,2.2687666585897745e-05,2.3551793098449707,3.333104133605957,1169707499520.0,351.41627086473744,52.29103258338464,17.53621617692705,wandb
9480,1786934718.7846599,0.1907830536365509,2.268152814796866e-05,2.3562259674072266,3.6378414630889893,1170714132480.0,357.43922305201494,53.18725286452899,17.836770819202126,wandb
9490,1786935295.336197,0.1803564876317978,2.2675389710039578e-05,2.355074882507324,3.5106592178344727,1171720765440.0,212.66169850535866,31.64423712771658,10.612148118144134,wandb
9500,1786937233.9928992,0.18577940762043,2.266925127211049e-05,2.3636250495910645,4.172672271728516,1172727398400.0,358.3408094622928,53.321409670190164,17.88176137741933,wandb
9510,1788885496.2314985,0.17451408505439758,2.28e-05,2.2179484367370605,3.7259631156921387,1173734031360.0,339.29238379239763,50.486988130983576,16.93121543498065,wandb
9520,1788885997.571366,0.20725014805793762,2.28e-05,2.2628936767578125,4.018181800842285,1174740664320.0,328.39658284071874,48.865683911960616,16.38749809247048,wandb
9530,1788886484.6232584,0.16566896438598633,2.28e-05,2.2417092323303223,3.393636703491211,1175747297280.0,347.4100202964724,51.69489917588233,17.336298068835024,wandb
9540,1788886970.6937337,0.16075734794139862,2.28e-05,2.230421781539917,2.984333038330078,1176753930240.0,320.0304807031056,47.620800974704025,15.970016638687978,wandb
9550,1788887461.780703,0.14096364378929138,2.28e-05,2.2210803031921387,3.0700278282165527,1177760563200.0,339.64699594770576,50.53975471382294,16.948911130740974,wandb
9560,1788887953.8911917,0.18103809654712677,2.28e-05,2.2592525482177734,3.499755859375,1178767196160.0,336.9631798671632,50.140400654973796,16.814984551724876,wandb
9570,1788888455.7458768,0.14954760670661926,2.28e-05,2.249091625213623,4.40839958190918,1179773829120.0,339.56473447349435,50.52751413822932,16.944806155774234,wandb
9580,1788888937.2585378,0.16723738610744476,2.28e-05,2.2507405281066895,3.5803818702697754,1180780462080.0,338.2052669365529,50.32522424113568,16.876966620186835,wandb
9590,1788889464.6424782,0.15924297273159027,2.28e-05,2.2495956420898438,3.6878180503845215,1181787095040.0,340.98444324336606,50.73876798074948,17.015651822184292,wandb
9600,1788891505.6773977,0.1683311015367508,2.28e-05,2.2458572387695312,3.4812917709350586,1182793728000.0,324.209322916906,48.242616162216414,16.1785473371959,wandb
9610,1788891998.1645167,0.17402991652488708,2.28e-05,2.2723889350891113,4.654928207397461,1183800360960.0,321.4716862977795,47.83525356258508,16.04193502994917,wandb
9620,1788892494.359531,0.16244585812091827,2.28e-05,2.2744836807250977,3.8374838829040527,1184806993920.0,339.570888883741,50.52842991957874,16.94511327037727,wandb
9630,1788892975.015331,0.14456148445606232,2.28e-05,2.2734079360961914,3.650843381881714,1185813626880.0,347.8793796192509,51.764740232417175,17.35971982596837,wandb
9640,1788893451.507693,0.1670674830675125,2.28e-05,2.274512767791748,4.219911575317383,1186820259840.0,344.8359063202023,51.31186888114024,17.207845794724765,wandb
9650,1788894002.3412838,0.1664814054965973,2.28e-05,2.2706737518310547,3.9453184604644775,1187826892800.0,276.7118425032417,41.17495168035302,13.808349502178826,wandb
9660,1788894483.4575815,0.13336795568466187,2.28e-05,2.2872636318206787,4.091122627258301,1188833525760.0,340.4807900624384,50.663823969677345,16.99051874841622,wandb
9670,1788894959.4148462,0.16600629687309265,2.28e-05,2.29093074798584,3.8793463706970215,1189840158720.0,348.81649105191656,51.90418319087552,17.406483137822587,wandb
9680,1788895438.8821874,0.1612446904182434,2.28e-05,2.289686441421509,3.2870922088623047,1190846791680.0,346.58273196407316,51.57179798583529,17.295015099774133,wandb
9690,1788895916.847062,0.16018782556056976,2.28e-05,2.2888052463531494,3.268216609954834,1191853424640.0,346.8558012981716,51.612430929243764,17.308641682465527,wandb
9700,1788897853.587134,0.18175886571407318,2.28e-05,2.2873005867004395,3.539325714111328,1192860057600.0,335.40107038263477,49.90795746799988,16.737032869108386,wandb
9710,1788898409.1830876,0.1868768185377121,2.28e-05,2.2896366119384766,3.3156487941741943,1193866690560.0,336.0344464372675,50.002204350276656,16.768639315184426,wandb
9720,1788898898.9272866,0.15749770402908325,2.28e-05,2.2881553173065186,3.4201793670654297,1194873323520.0,340.22256139689705,50.62539933005961,16.977632738070515,wandb
9730,1788899392.2027287,0.14190220832824707,2.28e-05,2.283763885498047,3.320650100708008,1195879956480.0,329.1211332050477,48.97349760714383,16.423654277807827,wandb
9740,1788899873.0771568,0.15599781274795532,2.28e-05,2.286417007446289,3.113373279571533,1196886589440.0,334.23747201137644,49.7348130652216,16.678967508243637,wandb
9750,1788900351.4085205,0.1343386471271515,2.28e-05,2.286303997039795,4.074631214141846,1197893222400.0,340.0605821244541,50.601296679968,16.969549721507985,wandb
9760,1788900832.4573526,0.192218616604805,2.28e-05,2.2852160930633545,3.083242893218994,1198899855360.0,323.8680873988096,48.19184003408928,16.161519156349694,wandb
9770,1788901312.371671,0.16243615746498108,2.28e-05,2.2836148738861084,4.259708404541016,1199906488320.0,345.83163748297056,51.460034504059415,17.257534321899215,wandb
9780,1788901789.9975212,0.1472889930009842,2.28e-05,2.2814841270446777,3.13602876663208,1200913121280.0,345.5476113407791,51.41777117851868,17.243360977514474,wandb
9790,1788902268.7844048,0.16136294603347778,2.28e-05,2.28897762298584,4.1478729248046875,1201919754240.0,347.006318519318,51.63482801659534,17.316152724916346,wandb
9800,1788904174.6089964,0.1758253574371338,2.28e-05,2.2917566299438477,3.7806737422943115,1202926387200.0,320.16297306473103,47.64051594800836,15.976628212732457,wandb
9810,1788904650.5318265,0.17500151693820953,2.28e-05,2.370352268218994,3.4118571281433105,1203933020160.0,344.90986601434867,51.32287414497435,17.211536498008762,wandb
9820,1788905131.4136057,0.2103291153907776,2.28e-05,2.371821403503418,3.356093406677246,1204939653120.0,344.8638100371038,51.31602097735964,17.209238233414414,wandb
9830,1788905628.1713698,0.2287876158952713,2.28e-05,2.3636372089385986,3.88547945022583,1205946286080.0,338.10212127492844,50.30987608113282,16.871819491923514,wandb
9840,1788906106.901856,0.18036171793937683,2.28e-05,2.362508773803711,4.4645771980285645,1206952919040.0,334.21538999800674,49.731527243316485,16.677865581576665,wandb
9850,1788906587.8448284,0.23478277027606964,2.28e-05,2.3628153800964355,4.530912399291992,1207959552000.0,330.21572025545873,49.136373068139264,16.478275866880068,wandb
9860,1788907068.3841474,0.21502912044525146,2.28e-05,2.3625376224517822,4.279737949371338,1208966184960.0,336.00075076232173,49.997190405896184,16.766957848817995,wandb
9870,1788907641.3581126,0.17211556434631348,2.28e-05,2.36307954788208,3.341303825378418,1209972817920.0,320.2627217126751,47.65535862955795,15.981605824751952,wandb
9880,1788908118.1424515,0.2142350971698761,2.28e-05,2.364572525024414,3.636312484741211,1210979450880.0,344.94828605359237,51.32859107868093,17.213453717470586,wandb
9890,1788908596.3873158,0.19430938363075256,2.28e-05,2.361130475997925,3.5203936100006104,1211986083840.0,350.17930981998506,52.10697175394051,17.474489905033494,wandb
9900,1788910489.2752955,0.20266734063625336,2.28e-05,2.364197254180908,4.177202224731445,1212992716800.0,345.6102542968263,51.427092502337075,17.246486958040368,wandb
9910,1788910975.4737651,0.18874576687812805,2.28e-05,2.3630692958831787,3.785885810852051,1213999349760.0,327.6486055365197,48.75438426869351,16.350172866550825,wandb
9920,1788911573.4708114,0.2262505292892456,2.28e-05,2.362041711807251,4.127327919006348,1215005982720.0,284.31048614410764,42.305636156732845,14.18753358836175,wandb
9930,1788912192.289438,0.2468736469745636,2.28e-05,2.3585994243621826,4.2478437423706055,1216012615680.0,321.7576588894698,47.8778065214257,16.056205505178493,wandb
9940,1788912882.4633963,0.17293255031108856,2.28e-05,2.360705852508545,3.3067851066589355,1217019248640.0,192.86610637624287,28.69863659964821,9.624317412206029,wandb
9950,1788913484.631777,0.19427542388439178,2.28e-05,2.361603021621704,3.5978000164031982,1218025881600.0,295.76161182634144,44.009573156270925,14.758962494993414,wandb
9960,1788914105.346838,0.184907004237175,2.28e-05,2.3725292682647705,3.936150312423706,1219032514560.0,208.20865580382343,30.9816206801964,10.389934390626474,wandb
9970,1788914705.9656408,0.20332209765911102,2.28e-05,2.376565456390381,4.058598041534424,1220039147520.0,225.70325592110217,33.584831688368595,11.262942031480925,wandb
9980,1788915261.2633839,0.21532097458839417,2.28e-05,2.3793749809265137,3.8111979961395264,1221045780480.0,301.12003406845486,44.80691083038714,15.026356063804926,wandb
9990,1788915977.617544,0.21759344637393951,2.28e-05,2.3738718032836914,3.4375112056732178,1222052413440.0,263.879659463109,39.26551220045537,13.168003694456454,wandb
10000,1788918715.4466586,0.204691082239151,2.28e-05,2.3842225074768066,3.5165905952453613,1223059046400.0,260.6253361952263,38.78126619892852,13.005607923211242,wandb
10010,1789240179.1367784,0.14659641683101654,2.28e-05,2.2029266357421875,3.703216075897217,1224065679360.0,352.1767991789692,52.40419982735493,17.574167717685885,wandb
10020,1789240647.2541356,0.12141355872154236,2.28e-05,2.252246618270874,4.010851860046387,1225072312320.0,344.5296018337848,51.266290519500124,17.19256072645925,wandb
10030,1789241118.2615192,0.16136658191680908,2.28e-05,2.2367563247680664,3.3876657485961914,1226078945280.0,347.5845156296678,51.72086422619521,17.345005656213516,wandb
10040,1789241586.0377178,0.1561364382505417,2.28e-05,2.229562997817993,2.984525680541992,1227085578240.0,346.41067891206694,51.54619634898908,17.286429386009495,wandb
10050,1789242057.6277027,0.16260457038879395,2.28e-05,2.220320701599121,3.0676627159118652,1228092211200.0,343.6811937065695,51.14004668646685,17.150223846927467,wandb
10060,1789242527.587538,0.190042182803154,2.28e-05,2.2584266662597656,3.4860401153564453,1229098844160.0,345.41906067541925,51.39864273288807,17.236946100218407,wandb
10070,1789242996.2104976,0.150307297706604,2.28e-05,2.2516114711761475,4.40981388092041,1230105477120.0,353.4587599823916,52.59495665821375,17.638139547231066,wandb
10080,1789243464.862893,0.15415988862514496,2.28e-05,2.2514448165893555,3.577831506729126,1231112110080.0,348.90415536881756,51.91722771394268,17.41085772300726,wandb
10090,1789243938.001094,0.19069622457027435,2.28e-05,2.2509913444519043,3.686457633972168,1232118743040.0,348.0475084210175,51.78975793757279,17.368109713568312,wandb
10100,1789245828.1060624,0.15713931620121002,2.28e-05,2.245601177215576,3.4675493240356445,1233125376000.0,351.87639019848746,52.35949872188802,17.559176844297312,wandb
10110,1789246297.1900158,0.13343387842178345,2.28e-05,2.2682676315307617,4.64066219329834,1234132008960.0,348.88937537579113,51.91502843872124,17.410120178464528,wandb
10120,1789246773.301456,0.15728923678398132,2.28e-05,2.2724051475524902,3.830414295196533,1235138641920.0,349.9251783336864,52.069156777992454,17.461808350277558,wandb
10130,1789247245.1743665,0.14419123530387878,2.28e-05,2.266592502593994,3.6313743591308594,1236145274880.0,351.6737001499955,52.32933827455319,17.549062296958564,wandb
10140,1789247713.5324056,0.1601831316947937,2.28e-05,2.2695398330688477,4.211739540100098,1237151907840.0,352.0772963080525,52.38939371763086,17.569202370320703,wandb
10150,1789248179.6519015,0.17367638647556305,2.28e-05,2.264747381210327,3.9327592849731445,1238158540800.0,351.37612555922414,52.285058928626135,17.534212864006342,wandb
10160,1789248646.3419833,0.17190901935100555,2.28e-05,2.278115749359131,4.087084770202637,1239165173760.0,347.81559124593286,51.755248469558815,17.35653668734668,wandb
10170,1789249118.8564117,0.13145044445991516,2.28e-05,2.281928539276123,3.8804473876953125,1240171806720.0,349.6824586459654,52.03303988713816,17.449696261944833,wandb
10180,1789249593.1298752,0.1498943269252777,2.28e-05,2.2839913368225098,3.2898237705230713,1241178439680.0,353.65741552134074,52.624516767182236,17.648052766295123,wandb
10190,1789250056.1291912,0.16683132946491241,2.28e-05,2.281545877456665,3.262948751449585,1242185072640.0,354.8793899145522,52.80634757044653,17.709031181066,wandb
10200,1789251956.7616374,0.14693745970726013,2.28e-05,2.277998447418213,3.5324292182922363,1243191705600.0,355.1108806092025,52.84079357781815,17.720582925253446,wandb
10210,1789252422.8927264,0.16037510335445404,2.28e-05,2.280830144882202,3.312023878097534,1244198338560.0,355.0739936025613,52.83530476063437,17.71874220649279,wandb
10220,1789252890.9986975,0.19665253162384033,2.28e-05,2.280153512954712,3.414283275604248,1245204971520.0,350.50126861702154,52.15487948998505,17.490556147643723,wandb
10230,1789253353.8687444,0.17127259075641632,2.28e-05,2.27463960647583,3.312046766281128,1246211604480.0,355.72707852215285,52.932484338364354,17.751332155454648,wandb
10240,1789253819.7801087,0.197503462433815,2.28e-05,2.276552438735962,3.097745418548584,1247218237440.0,352.244658838184,52.41429740093161,17.577554019779285,wandb
10250,1789254288.5801933,0.1666434109210968,2.28e-05,2.2782785892486572,4.065906524658203,1248224870400.0,340.42745623398264,50.65588785176591,16.987857307774778,wandb
10260,1789254807.5659487,0.14359702169895172,2.28e-05,2.2755327224731445,3.077298402786255,1249231503360.0,324.9831620999775,48.35776407451063,16.217163110925235,wandb
10270,1789255296.7591236,0.15077093243598938,2.28e-05,2.2738494873046875,4.251472473144531,1250238136320.0,348.93824569153367,51.92230038223872,17.412558882908655,wandb
10280,1789255765.7946198,0.14649313688278198,2.28e-05,2.2700605392456055,3.1109061241149902,1251244769280.0,358.5733836292809,53.356016899144315,17.89336718855447,wandb
10290,1789256227.3918064,0.1816382259130478,2.28e-05,2.2789106369018555,4.132299423217773,1252251402240.0,354.54409894701104,52.75645599637267,17.692299642499204,wandb
10300,1789258129.569369,0.15820936858654022,2.28e-05,2.2751026153564453,3.765038251876831,1253258035200.0,354.7707211185626,52.79017756346904,17.70360843984383,wandb
10310,1789258599.0172606,0.14153006672859192,2.28e-05,2.344770908355713,3.387031078338623,1254264668160.0,355.79926530441134,52.943225791439026,17.75493438768962,wandb
10320,1789259066.0992322,0.16968724131584167,2.28e-05,2.3477253913879395,3.347500801086426,1255271301120.0,358.67630740981366,53.37133204305669,17.898503244607674,wandb
10330,1789259532.6738749,0.1715344786643982,2.28e-05,2.338780403137207,3.8455677032470703,1256277934080.0,353.31859053706665,52.57409932848725,17.631144874819995,wandb
10340,1789260001.3554533,0.1830977499485016,2.28e-05,2.3362369537353516,4.448678016662598,1257284567040.0,356.7555030152041,53.08551475594679,17.802652130444468,wandb
10350,1789260464.885517,0.18575821816921234,2.28e-05,2.337409734725952,4.515911102294922,1258291200000.0,356.64327068306636,53.06881449183471,17.79705156324943,wandb
10360,1789260926.8771164,0.17123766243457794,2.28e-05,2.3334171772003174,4.265328407287598,1259297832960.0,349.7566945253065,52.04408624755831,17.45340074729779,wandb
10370,1789261391.1629984,0.2082899957895279,2.28e-05,2.338310718536377,3.31809139251709,1260304465920.0,351.36694436480286,52.283692759281,17.533754708185217,wandb
10380,1789261877.906804,0.22089116275310516,2.28e-05,2.342250108718872,3.623406171798706,1261311098880.0,347.73904109169365,51.743857743114255,17.35271671609204,wandb
10390,1789262339.265714,0.1658959984779358,2.28e-05,2.337925910949707,3.496962547302246,1262317731840.0,359.18986819244327,53.44775031347984,17.92413072304521,wandb
10400,1789264231.834706,0.15287426114082336,2.28e-05,2.3413586616516113,4.1583757400512695,1263324364800.0,351.0605106937478,52.238095174859666,17.518463193406212,wandb
10410,1789264699.414678,0.21168452501296997,2.28e-05,2.3386917114257812,3.7615785598754883,1264330997760.0,356.43512354053576,53.037842024380595,17.786664698466403,wandb
10420,1789265161.7664354,0.14571456611156464,2.28e-05,2.338831901550293,4.105888366699219,1265337630720.0,356.0332439217963,52.978042003777134,17.766610283074726,wandb
10430,1789265765.0267138,0.16667678952217102,2.28e-05,2.3345158100128174,4.219823837280273,1266344263680.0,351.0241387621568,52.23268300127059,17.51664817768829,wandb
10440,1789266230.8108542,0.20572924613952637,2.28e-05,2.336519718170166,3.277041435241699,1267350896640.0,355.5599780719911,52.90761965278049,17.74299358419246,wandb
10450,1789266905.8843486,0.17211750149726868,2.28e-05,2.335814952850342,3.5761914253234863,1268357529600.0,239.35485038338442,35.6162002675347,11.944177738243255,wandb
10460,1789267461.4431462,0.21159613132476807,2.28e-05,2.351062297821045,3.9274206161499023,1269364162560.0,350.26963297453506,52.120411914255186,17.478997170334765,wandb
10470,1789268014.3467968,0.2476361095905304,2.28e-05,2.35036563873291,4.044342041015625,1270370795520.0,317.6521604487402,47.2669049481805,15.851334774538984,wandb
10480,1789268622.28663,0.13905760645866394,2.28e-05,2.3556182384490967,3.792673110961914,1271377428480.0,286.2728759030431,42.597641380547,14.285459876610725,wandb
10490,1789269150.5180516,0.22297435998916626,2.28e-05,2.351896047592163,3.418630599975586,1272384061440.0,256.80543630049954,38.21286192621542,12.814989002341944,wandb
10500,1789271135.5604017,0.22447730600833893,2.28e-05,2.3655853271484375,3.4944441318511963,1273390694400.0,330.8717821618956,49.23399562398106,16.51101437209616,wandb
10510,1789627977.7930877,0.1689351350069046,2.28e-05,2.202251672744751,3.703977584838867,1274397327360.0,347.81153170430326,51.754644406397176,17.35633410993209,wandb
10520,1789628452.861665,0.15437711775302887,2.28e-05,2.2551567554473877,4.008261203765869,1275403960320.0,343.1947147757094,51.06765821804978,17.12594779483662,wandb
10530,1789628943.689523,0.17386366426944733,2.28e-05,2.2367446422576904,3.38236665725708,1276410593280.0,350.95629095620416,52.222587191469145,17.513262467091035,wandb
10540,1789629412.7452376,0.16620032489299774,2.28e-05,2.2294936180114746,2.9867630004882812,1277417226240.0,354.99168993582265,52.82305790675771,17.714635126053597,wandb
10550,1789629885.488548,0.16211336851119995,2.28e-05,2.2200844287872314,3.069735527038574,1278423859200.0,351.1954250120261,52.258170537322805,17.525195626838702,wandb
10560,1789630365.1543672,0.1536913961172104,2.28e-05,2.2507550716400146,3.475874423980713,1279430492160.0,347.8965575915814,51.76729632894805,17.360577033392282,wandb
10570,1789630838.1585972,0.1363445222377777,2.28e-05,2.2373738288879395,4.40508508682251,1280437125120.0,349.8077835784203,52.05168834103695,17.45595017017304,wandb
10580,1789631328.7913651,0.1478140503168106,2.28e-05,2.237190008163452,3.570796251296997,1281443758080.0,348.6470384351209,51.878968500945554,17.398027189802416,wandb
10590,1789631799.3639624,0.158331498503685,2.28e-05,2.237873077392578,3.6753411293029785,1282450391040.0,351.3995942888638,52.288551095062424,17.535383989962877,wandb
10600,1789633713.3548858,0.1508631557226181,2.28e-05,2.2306761741638184,3.454896926879883,1283457024000.0,352.4914612454801,52.45102180384505,17.589869842141976,wandb
10610,1789634182.90476,0.14707021415233612,2.28e-05,2.257647752761841,4.631605625152588,1284463656960.0,340.830078089449,50.71579831780998,17.007948761928677,wandb
10620,1789634654.0992444,0.15815973281860352,2.28e-05,2.2593069076538086,3.812546968460083,1285470289920.0,356.8121491019308,53.093943740636256,17.805478857903534,wandb
10630,1789635130.3905628,0.14105264842510223,2.28e-05,2.2583775520324707,3.625324249267578,1286476922880.0,345.273271022195,51.37694911156453,17.22967097072879,wandb
10640,1789635600.317683,0.1596212089061737,2.28e-05,2.258293867111206,4.208837509155273,1287483555840.0,351.9259831346528,52.36687819192379,17.5616516086197,wandb
10650,1789636732.2629983,0.1739131212234497,2.28e-05,2.2555794715881348,3.929502010345459,1288490188800.0,54.026342118950154,8.03916451890899,2.6959981457750897,wandb
10660,1789637540.4586334,0.18802645802497864,2.28e-05,2.269956588745117,4.083521842956543,1289496821760.0,136.04270866379102,20.243267888436378,6.788741860336933,wandb
10670,1789638834.4787822,0.1484597623348236,2.28e-05,2.2711617946624756,3.874018907546997,1290503454720.0,347.08721601829217,51.646865631542326,17.32018963540627,wandb
10680,1789639312.1755016,0.18807075917720795,2.28e-05,2.2672691345214844,3.2791693210601807,1291510087680.0,353.6523438692642,52.62376210114661,17.64779968300171,wandb
10690,1789639785.8855646,0.16338497400283813,2.28e-05,2.2676000595092773,3.2514138221740723,1292516720640.0,350.6257400358504,52.17340094034836,17.496767464220106,wandb
10700,1789641655.3758252,0.18159405887126923,2.28e-05,2.267296314239502,3.5285134315490723,1293523353600.0,342.420507774009,50.95245557403851,17.087313666388045,wandb
10710,1789642126.354046,0.18438152968883514,2.28e-05,2.2724642753601074,3.3029236793518066,1294529986560.0,345.4747206666832,51.40692498575476,17.239723619986655,wandb
10720,1789642595.5336907,0.17374223470687866,2.28e-05,2.268040418624878,3.4023964405059814,1295536619520.0,353.8134740864547,52.6477384111124,17.655840330392156,wandb
10730,1789643066.631086,0.16890165209770203,2.28e-05,2.2629799842834473,3.3054935932159424,1296543252480.0,349.74355665922826,52.042131322188794,17.452745147433035,wandb
10740,1789643605.5298061,0.15356485545635223,2.28e-05,2.266836166381836,3.0864171981811523,1297549885440.0,240.8591251775254,35.84003760460857,12.019243380237143,wandb
10750,1789644177.238225,0.1764291524887085,2.28e-05,2.2659449577331543,4.053924560546875,1298556518400.0,293.9776461888119,43.744117589714065,14.669939846739403,wandb
10760,1789644734.4284847,0.18903768062591553,2.28e-05,2.266822338104248,3.0728516578674316,1299563151360.0,307.7011058997169,45.78617977748315,15.354761740710298,wandb
10770,1789645298.710094,0.142384871840477,2.28e-05,2.2634825706481934,4.24751091003418,1300569784320.0,300.333444321977,44.689865623682245,14.987104017214007,wandb
10780,1789645852.9164402,0.1500905454158783,2.28e-05,2.25920033454895,3.102458953857422,1301576417280.0,295.99303419093053,44.04400899607274,14.770510829404975,wandb
10790,1789646404.2988174,0.16627450287342072,2.28e-05,2.2645931243896484,4.127251148223877,1302583050240.0,325.4801469697378,48.43171583535008,16.241963425638417,wandb
10800,1789648327.7086034,0.1751745045185089,2.28e-05,2.258071184158325,3.738934278488159,1303589683200.0,331.0722006969308,49.26381806822945,16.52101556739537,wandb
10810,1789648798.7537189,0.1822468638420105,2.28e-05,2.3272805213928223,3.3719868659973145,1304596316160.0,355.42584162141515,52.887660037676646,17.73629996756305,wandb
10820,1789649348.6950684,0.17049740254878998,2.28e-05,2.3285231590270996,3.339885950088501,1305602949120.0,263.82152911647114,39.256862356660015,13.165102900129051,wandb
10830,1789649883.0127692,0.2205318659543991,2.28e-05,2.3189029693603516,3.8126721382141113,1306609582080.0,283.708388962239,42.216043596667305,14.157488006480223,wandb
10840,1789650439.6409867,0.21476924419403076,2.28e-05,2.3197035789489746,4.441159725189209,1307616215040.0,279.8396365657812,41.64037003117639,13.964431270113563,wandb
10850,1789650979.7047698,0.13971906900405884,2.28e-05,2.316500663757324,4.504757404327393,1308622848000.0,352.98409437995906,52.52432602286515,17.61445299852481,wandb
10860,1789651552.0903592,0.18966646492481232,2.28e-05,2.3133716583251953,4.257349967956543,1309629480960.0,291.0082893931245,43.30227483561249,14.521764343802479,wandb
10870,1789652095.519499,0.21867284178733826,2.28e-05,2.3179333209991455,3.3007354736328125,1310636113920.0,296.9947880185676,44.19307079651983,14.820499896884066,wandb
10880,1789652588.8079743,0.19522011280059814,2.28e-05,2.3194074630737305,3.6059184074401855,1311642746880.0,357.162737088027,53.14611152375906,17.822973741387692,wandb
10890,1789653053.9440465,0.1611655354499817,2.28e-05,2.315988302230835,3.4745497703552246,1312649379840.0,355.463191029988,52.89321766065138,17.73816376089625,wandb
10900,1789655057.1102424,0.1786665916442871,2.28e-05,2.3198800086975098,4.143759727478027,1313656012800.0,352.74563771140305,52.488843472798514,17.602553641450825,wandb
10904,1789655243.623814,0.2097918689250946,2.28e-05,2.315092086791992,3.213566780090332,1314058665984.0,353.6000951698401,52.615987451335144,17.64519239197956,wandb
