_step,_timestamp,grad_norm,lr,loss_metrics/global_avg_loss,loss_metrics/global_max_loss,n_tokens_seen,throughput(tps),tflops,mfu(%),source
1,1783422456.2754886,2.833008050918579,1.1399999999999999e-07,12.945427894592285,13.658313751220703,8388608.0,124.97928145168612,18.5970207428261,5.960583571418622,wandb
5,1783422889.969249,2.8975865840911865,5.699999999999999e-07,12.803165435791016,13.070941925048828,41943040.0,150.4149148154898,22.381864084691824,7.173674386119175,wandb
10,1783423398.0261424,3.4095911979675293,1.1399999999999999e-06,12.283869743347168,12.64406967163086,83886080.0,166.84200388927826,24.826228564156313,7.957124539793689,wandb
15,1783423920.7905471,5.640225410461426,1.71e-06,11.458211898803711,12.142679214477539,125829120.0,151.66987817090262,22.56860367289406,7.233526818235275,wandb
20,1783424416.3769581,55.08127975463867,2.2799999999999998e-06,12.667139053344727,13.833105087280273,167772160.0,162.191646826864,24.134251576076906,7.735337043614394,wandb
25,1783424930.3876925,37.5369873046875,2.85e-06,11.750483512878418,12.630109786987305,209715200.0,176.07516017055477,26.2001298771594,8.397477524730578,wandb
30,1783425424.6862383,14.229474067687988,3.42e-06,10.856996536254883,12.972800254821777,251658240.0,161.5957621008292,24.045583434592302,7.706917767497534,wandb
35,1783425955.7536697,27.63616943359375,3.99e-06,9.999445915222168,11.538362503051758,293601280.0,162.97329615168445,24.250561643941406,7.772615911519681,wandb
40,1783426495.3497272,14.2251558303833,4.5599999999999995e-06,9.502396583557129,10.65900993347168,335544320.0,148.52408640448198,22.100507248805144,7.083495913078572,wandb
45,1783427012.076214,5.112270832061768,5.13e-06,9.201662063598633,10.146934509277344,377487360.0,153.09002186295015,22.779922232194714,7.301257125703434,wandb
50,1783427553.6037476,3.584606170654297,5.7e-06,8.920353889465332,10.083324432373047,419430400.0,132.16221387360366,19.6658470450189,6.303156104172724,wandb
55,1783428069.9383273,3.8714661598205566,6.27e-06,8.709559440612793,10.00975513458252,461373440.0,152.83790709161116,22.7424073451054,7.2892331234312175,wandb
60,1783428570.593225,3.091974973678589,6.84e-06,8.369627952575684,9.169301986694336,503316480.0,167.2215371815918,24.88270343285266,7.975225459247647,wandb
65,1783429057.1218154,2.567140817642212,7.409999999999999e-06,8.168254852294922,9.576318740844727,545259520.0,166.8674894549618,24.83002083746877,7.958340012009221,wandb
70,1783429546.3720064,2.6372883319854736,7.98e-06,7.967991828918457,9.573150634765625,587202560.0,162.24496706137032,24.14218567119738,7.737880022819675,wandb
75,1783430049.0151203,2.161252498626709,8.55e-06,7.762922286987305,9.418282508850098,629145600.0,167.84074615572948,24.97484224180104,8.004757128782385,wandb
80,1783430570.9398642,2.128570556640625,9.119999999999999e-06,7.498434543609619,8.75271224975586,671088640.0,162.78263470639232,24.222191062739707,7.763522776519136,wandb
85,1783431084.7012308,3.586405038833618,9.689999999999999e-06,7.355772495269775,8.586568832397461,713031680.0,158.27268737875093,23.551107159655956,7.548431781941013,wandb
90,1783431620.9807749,2.97830867767334,1.026e-05,7.1615777015686035,9.457376480102539,754974720.0,160.22383978586808,23.841440256198844,7.641487261602192,wandb
95,1783432122.9609942,2.5090177059173584,1.083e-05,6.957551956176758,8.522381782531738,796917760.0,160.35987744575857,23.861682772825624,7.647975247700521,wandb
100,1783432781.6596792,2.7880699634552,1.14e-05,6.856266498565674,8.63698673248291,838860800.0,154.74078053417952,23.02555649167892,7.379986055025295,wandb
105,1783433311.639458,2.439948320388794,1.1969999999999999e-05,6.720757007598877,9.117714881896973,880803840.0,151.62241557576192,22.56154119936975,7.231263204926202,wandb
110,1783433844.9278371,2.605619430541992,1.254e-05,6.572900295257568,7.981348037719727,922746880.0,152.6339335380546,22.71205591115236,7.27950509972832,wandb
115,1783434377.0861917,2.61163330078125,1.3109999999999998e-05,6.492447853088379,7.720465183258057,964689920.0,154.74158365352966,23.025675996504358,7.380024357853961,wandb
120,1783434917.3907537,3.7700557708740234,1.368e-05,6.375481605529785,7.399646759033203,1006632960.0,167.22221126421417,24.88280373690598,7.975257607982686,wandb
125,1783435419.8440678,1.9987200498580933,1.4249999999999999e-05,6.268218040466309,7.610989570617676,1048576000.0,166.00702924082276,24.70198364390476,7.917302449969474,wandb
130,1783435938.2665777,2.165280818939209,1.4819999999999999e-05,6.148838043212891,7.714694023132324,1090519040.0,168.7847708537509,25.115313899878473,8.049780096114894,wandb
135,1783436467.019657,2.284742832183838,1.539e-05,6.042284965515137,7.442346572875977,1132462080.0,151.91301704625326,22.604782939215344,7.245122736927995,wandb
140,1783437006.2984617,2.4039971828460693,1.596e-05,5.952803134918213,7.272608757019043,1174405120.0,151.84583845514038,22.594786709137136,7.241918817031133,wandb
145,1783437515.5417318,1.5855064392089844,1.653e-05,5.8473405838012695,7.808427810668945,1216348160.0,180.09291133713722,26.7979745832304,8.589094417702052,wandb
150,1783438031.5819068,2.0355899333953857,1.71e-05,5.762326240539551,7.2810959815979,1258291200.0,159.32500212713327,23.707692467047195,7.598619380463845,wandb
155,1783438537.91982,4.205021858215332,1.767e-05,5.675074100494385,6.866018772125244,1300234240.0,146.95990665949498,21.867756005357833,7.0088961555634075,wandb
160,1783439065.9110787,1.5364266633987427,1.8239999999999998e-05,5.554048538208008,7.081939697265625,1342177280.0,169.14912961979547,25.169530786479637,8.06715730335886,wandb
165,1783439614.6435874,2.240718126296997,1.8809999999999998e-05,5.513751983642578,7.360742568969727,1384120320.0,171.74392192424511,25.555638033606275,8.190909626155857,wandb
170,1783440104.1453986,2.1167924404144287,1.9379999999999997e-05,5.44240140914917,6.5118513107299805,1426063360.0,165.61945872146478,24.6443128291578,7.898818214473654,wandb
175,1783440606.6182039,1.9094151258468628,1.9949999999999997e-05,5.386806011199951,7.469629287719727,1468006400.0,163.0779468064106,24.266133748166098,7.777606970566057,wandb
180,1783441130.2471683,1.1261769533157349,2.052e-05,5.292957305908203,6.205255508422852,1509949440.0,153.33849730327242,22.81689558381014,7.313107558913506,wandb
185,1783441650.0585003,1.2259503602981567,2.109e-05,5.26431941986084,6.2901291847229,1551892480.0,158.0614359173171,23.519672766974196,7.538356656081473,wandb
190,1783442160.5569186,1.3628654479980469,2.166e-05,5.190385341644287,5.934284210205078,1593835520.0,149.73420243400076,22.28057351771618,7.141209460806468,wandb
195,1783442701.0790222,1.652976393699646,2.223e-05,5.130255699157715,6.451716423034668,1635778560.0,158.51603222416819,23.587317074493992,7.5600375238762805,wandb
200,1783443371.7148404,1.5343457460403442,2.28e-05,5.0844526290893555,6.730815887451172,1677721600.0,162.2877561344354,24.148552720760435,7.739920743833473,wandb
205,1783443939.3792567,1.1814899444580078,2.28e-05,5.0048041343688965,6.107022762298584,1719664640.0,137.0524583255303,20.39351947562994,6.536384447317289,wandb
210,1783444453.3126993,1.1347098350524902,2.28e-05,4.945939064025879,5.80817174911499,1761607680.0,156.55836047003814,23.296013893708185,7.4666711197782645,wandb
215,1783444970.6949492,0.9056417346000671,2.28e-05,4.897799015045166,5.883825302124023,1803550720.0,159.8931972139814,23.792240367253928,7.625718066427542,wandb
220,1783445519.3408535,0.7577276825904846,2.28e-05,4.863994121551514,5.873482704162598,1845493760.0,155.6075180613097,23.154527754622663,7.421322998276495,wandb
225,1783446046.9462152,1.0406129360198975,2.28e-05,4.84188985824585,6.0665082931518555,1887436800.0,150.30878670230246,22.366072133422648,7.16861286327649,wandb
230,1783446589.026581,1.1544976234436035,2.28e-05,4.779860973358154,6.030124664306641,1929379840.0,139.67532121269093,20.783803648746837,6.661475528444499,wandb
235,1783447135.05246,0.7110032439231873,2.28e-05,4.730556011199951,6.486996173858643,1971322880.0,159.68581597546637,23.761381866952597,7.615827521459167,wandb
240,1783447632.4279594,0.8045676946640015,2.28e-05,4.693296432495117,5.669659614562988,2013265920.0,165.3756559892316,24.608034780381765,7.887190634737745,wandb
245,1783448132.8280497,0.8501967191696167,2.28e-05,4.616659164428711,5.592955589294434,2055208960.0,154.31492401086905,22.962188687787886,7.359675861470476,wandb
250,1783448656.9033399,0.8864046931266785,2.28e-05,4.581648826599121,5.609415054321289,2097152000.0,144.63886459457885,21.522383020933184,6.8981996861965325,wandb
255,1783449183.8502843,1.0995535850524902,2.28e-05,4.545599460601807,5.911651611328125,2139095040.0,155.51753802320476,23.141138650319604,7.417031618692181,wandb
260,1783449701.1468966,0.8067091107368469,2.28e-05,4.474975109100342,5.6170477867126465,2181038080.0,175.79191699985648,26.157983058426282,8.383968928982782,wandb
265,1783450208.904447,0.8690563440322876,2.28e-05,4.42616605758667,5.583012580871582,2222981120.0,148.4204418635437,22.0850848551466,7.0785528381880125,wandb
270,1783450728.0812325,1.3457475900650024,2.28e-05,4.43100118637085,5.430679798126221,2264924160.0,143.6760216654601,21.37911119445987,6.852279228993549,wandb
275,1783451269.652411,0.6865205764770508,2.28e-05,4.35823917388916,6.130866527557373,2306867200.0,157.36685618530095,23.416318726737977,7.505230361133966,wandb
280,1783451814.4808285,0.6384834051132202,2.28e-05,4.339361667633057,8.033868789672852,2348810240.0,152.6366808000669,22.712464706018476,7.27963612372387,wandb
285,1783452324.374368,0.5818163156509399,2.28e-05,4.257715225219727,5.275637149810791,2390753280.0,159.8293163685359,23.782734844466308,7.622671424508432,wandb
290,1783452851.5127769,0.6492581963539124,2.28e-05,4.21129846572876,5.543665409088135,2432696320.0,159.46303522383164,23.728231906326084,7.605202534078874,wandb
295,1783453399.7068176,0.6920614242553711,2.28e-05,4.191488265991211,5.194492340087891,2474639360.0,136.76559017551457,20.350833256967682,6.522702966976822,wandb
300,1783454051.9377177,0.7907851338386536,2.28e-05,4.147477626800537,5.325247764587402,2516582400.0,160.7837724051522,23.92475869437883,7.6681918892239835,wandb
305,1783772584.9845662,0.6091077327728271,2.28e-05,4.099618911743164,5.750750541687012,2558525440.0,145.49456568702198,21.649712053241434,6.9390102734748185,wandb
310,1783773093.4000566,0.6663920879364014,2.28e-05,4.059281349182129,5.221761703491211,2600468480.0,165.69319708736262,24.65528515916495,7.902334986911843,wandb
315,1783773599.4236813,0.5310224294662476,2.28e-05,3.97770357131958,5.285708427429199,2642411520.0,163.0083353701491,24.255775508711874,7.774287022023037,wandb
320,1783774164.7562387,0.6179339289665222,2.28e-05,3.990070343017578,5.237342834472656,2684354560.0,156.63497989675477,23.307414927954834,7.470325297421422,wandb
325,1783774663.599192,0.42751544713974,2.28e-05,3.903773307800293,4.991095542907715,2726297600.0,164.75265325553013,24.515331456863603,7.857478031046026,wandb
330,1783775191.774166,0.501885175704956,2.28e-05,3.8734889030456543,5.048781394958496,2768240640.0,156.82946670553815,23.336354726416943,7.479600873851584,wandb
335,1783775691.163429,0.4025050699710846,2.28e-05,3.8295774459838867,4.935105323791504,2810183680.0,171.34120114730638,25.49571284796507,8.17170283588624,wandb
340,1783776208.9207163,0.4473873972892761,2.28e-05,3.7764713764190674,4.787100791931152,2852126720.0,168.364271420606,25.052743235447462,8.02972539597675,wandb
345,1783776682.997139,0.4480319023132324,2.28e-05,3.713070869445801,4.858275413513184,2894069760.0,181.01075236312096,26.93455008919084,8.632868618330397,wandb
350,1783777181.3808687,0.5421559810638428,2.28e-05,3.670131206512451,4.776298522949219,2936012800.0,170.94528624656868,25.436800382347645,8.152820635367835,wandb
355,1783777671.7268653,0.500145673751831,2.28e-05,3.663958787918091,4.912691116333008,2977955840.0,159.82539398325108,23.782151190282548,7.62248435585979,wandb
360,1783778176.1918008,0.40794622898101807,2.28e-05,3.5866403579711914,4.899874210357666,3019898880.0,160.51111315657758,23.88418677203644,7.655188067960397,wandb
365,1783778673.8237789,0.475386381149292,2.28e-05,3.556920289993286,4.731106758117676,3061841920.0,161.91742265320548,24.093446791584018,7.72225858704616,wandb
370,1783779169.5127904,0.4692328870296478,2.28e-05,3.5286009311676025,4.798155784606934,3103784960.0,172.9294188881685,25.732040965136676,8.247449027287395,wandb
375,1783779669.01497,0.6121011972427368,2.28e-05,3.510981798171997,4.6761064529418945,3145728000.0,150.36550088326612,22.374511250591052,7.171317708522773,wandb
380,1783780184.328494,0.6316537857055664,2.28e-05,3.481739044189453,4.583673477172852,3187671040.0,166.3403262742205,24.751578518924234,7.933198243244947,wandb
385,1783780700.689367,0.3353483974933624,2.28e-05,3.429116725921631,4.826923370361328,3229614080.0,146.99030029651877,21.872278603756673,7.010345706332266,wandb
390,1783781214.4860518,0.2851376533508301,2.28e-05,3.41383957862854,4.545237064361572,3271557120.0,172.75972817154383,25.706790845754657,8.23935604030598,wandb
395,1783781729.5112476,0.35130828619003296,2.28e-05,3.362025737762451,4.986709117889404,3313500160.0,153.29066726836328,22.809778434943517,7.310826421456254,wandb
400,1783782427.5911107,0.5125067234039307,2.28e-05,3.3475050926208496,5.0452985763549805,3355443200.0,167.9000262380362,24.983663167217546,8.007584348467164,wandb
405,1783782956.7287369,0.5353882312774658,2.28e-05,3.3470115661621094,5.448756217956543,3397386240.0,156.58679745841437,23.30024534116534,7.468027352937609,wandb
410,1783783492.939396,0.6409220099449158,2.28e-05,3.291285753250122,4.494866371154785,3439329280.0,155.54905751381008,23.145828776665205,7.418534864315771,wandb
415,1783784014.2621286,0.3694496154785156,2.28e-05,3.30841064453125,4.736330032348633,3481272320.0,148.92411002154628,22.160031094819903,7.102574068852533,wandb
420,1783784549.691626,0.4493667483329773,2.28e-05,3.2619078159332275,4.547369956970215,3523215360.0,159.28974018694643,23.70244546109973,7.596937647788375,wandb
425,1783785063.8866448,0.4721095561981201,2.28e-05,3.2389347553253174,4.360196590423584,3565158400.0,158.49692610866128,23.58447406865919,7.559126304057433,wandb
430,1783785573.6891484,0.4100007712841034,2.28e-05,3.232419490814209,4.420869827270508,3607101440.0,153.4092556088382,22.827424478368098,7.31648220460516,wandb
435,1783786080.9861124,0.539846658706665,2.28e-05,3.2037038803100586,4.483856678009033,3649044480.0,167.7144325626286,24.95604667437808,7.998732908454513,wandb
440,1783786606.2524738,0.44225478172302246,2.28e-05,3.1871352195739746,4.900844097137451,3690987520.0,162.95505203960897,24.247846904932178,7.7717458028628785,wandb
445,1783787098.361279,0.759925127029419,2.28e-05,3.167856454849243,4.656494140625,3732930560.0,172.12487284187208,25.612323846125093,8.209078155809326,wandb
450,1783787601.2867277,0.598024308681488,2.28e-05,3.162412166595459,4.4395294189453125,3774873600.0,164.0769612337226,24.414787923572653,7.825252539606619,wandb
455,1783788113.6335418,0.2720170021057129,2.28e-05,3.1151392459869385,4.400743007659912,3816816640.0,162.9896826428607,24.252999967420045,7.773397425455142,wandb
460,1783788612.608187,0.26254287362098694,2.28e-05,3.099668502807617,4.266611099243164,3858759680.0,160.10669658530495,23.824009250791793,7.635900400894805,wandb
465,1783789130.881703,0.269277960062027,2.28e-05,3.121713638305664,4.84416389465332,3900702720.0,162.1609794796539,24.129688249375317,7.733874438902346,wandb
470,1783789633.366577,0.4354962110519409,2.28e-05,3.0811190605163574,4.376363754272461,3942645760.0,168.22936905312014,25.032669651272144,8.023291554894918,wandb
475,1783790164.5216134,0.4112533628940582,2.28e-05,3.0804455280303955,7.293702125549316,3984588800.0,149.22731785420055,22.205148671811564,7.1170348307088345,wandb
480,1783790669.9301674,0.2510082721710205,2.28e-05,3.046363592147827,4.529117107391357,4026531840.0,157.89263121614732,23.494554487426758,7.530305925457293,wandb
485,1783791190.9113295,0.20659209787845612,2.28e-05,3.027111053466797,5.032971382141113,4068474880.0,158.43746832044093,23.57562670045533,7.5562906091203,wandb
490,1783791707.7101662,0.4435119926929474,2.28e-05,3.0441744327545166,4.1822614669799805,4110417920.0,158.46778278740345,23.580137518283387,7.557736384065189,wandb
495,1783792227.6407888,0.37145453691482544,2.28e-05,3.011873722076416,4.345736026763916,4152360960.0,161.4070641003709,24.01750501561044,7.697918274234114,wandb
500,1783792882.6221027,0.38828182220458984,2.28e-05,2.998107433319092,4.469396591186523,4194304000.0,155.54925115722446,23.14585759096588,7.418544099668551,wandb
505,1783793379.3128862,0.5928252339363098,2.28e-05,2.9915695190429688,4.681621551513672,4236247040.0,159.48828838224418,23.731989597243846,7.606406922193542,wandb
510,1783793908.3361495,0.4218827784061432,2.28e-05,2.993755340576172,4.17006778717041,4278190080.0,157.24119237601025,23.39761984768493,7.499237130668247,wandb
515,1783794408.930522,0.25697851181030273,2.28e-05,2.9526126384735107,4.417000770568848,4320133120.0,160.4519932760845,23.875389684782675,7.652368488712396,wandb
520,1783794930.991779,0.2994753122329712,2.28e-05,2.9629735946655273,4.260997772216797,4362076160.0,153.1480216682015,22.788552651323478,7.304023285680601,wandb
525,1783795433.2767477,0.28550997376441956,2.28e-05,2.9635009765625,4.401769638061523,4404019200.0,160.23889714191023,23.843680803267087,7.642205385662527,wandb
530,1783795921.5580814,0.40839827060699463,2.28e-05,2.949497938156128,4.264705657958984,4445962240.0,168.3023138527632,25.043523897962366,8.026770480116143,wandb
535,1783796427.6279755,0.28742915391921997,2.28e-05,2.923733711242676,4.596256256103516,4487905280.0,166.01262434877077,24.70281620060823,7.91756929506674,wandb
540,1783796929.021894,0.34235090017318726,2.28e-05,2.9293837547302246,4.0354743003845215,4529848320.0,167.94616859465876,24.9905291881553,8.009784996203622,wandb
545,1783797448.5660548,0.3202770948410034,2.28e-05,2.896667957305908,4.11726713180542,4571791360.0,159.72018163239792,23.766495505208265,7.6174665080795725,wandb
550,1783797999.5932608,0.30099451541900635,2.28e-05,2.8959434032440186,4.412441253662109,4613734400.0,149.68089353264762,22.2726411089783,7.138667022108429,wandb
555,1783798502.7004592,0.33580297231674194,2.28e-05,2.8933887481689453,4.545174598693848,4655677440.0,164.05463974958158,24.411466468218133,7.824187970582735,wandb
560,1783799008.7730806,0.2256580889225006,2.28e-05,2.859969139099121,4.396115303039551,4697620480.0,160.4098974802963,23.869125795453456,7.650360831876108,wandb
565,1783799525.8377457,0.3026459813117981,2.28e-05,2.8496856689453125,4.3069987297058105,4739563520.0,157.74969977746733,23.473286170798122,7.52348915730709,wandb
570,1783800032.4151514,0.3954654932022095,2.28e-05,2.837493658065796,4.384263038635254,4781506560.0,179.86074091204472,26.763427431405194,8.57802161262987,wandb
575,1783800541.0298421,0.3916609287261963,2.28e-05,2.8778574466705322,4.541134834289551,4823449600.0,162.26543047523919,24.145230644154243,7.738855975690464,wandb
580,1783801082.2563653,0.28283828496932983,2.28e-05,2.862344264984131,7.0180511474609375,4865392640.0,166.74497131937107,24.811790037271425,7.952496806817765,wandb
585,1783801602.2767923,0.2503628730773926,2.28e-05,2.8359527587890625,4.163431167602539,4907335680.0,155.50393108929225,23.13911392726729,7.416382668995927,wandb
590,1783802122.9065182,0.3231114149093628,2.28e-05,2.834427833557129,4.207180023193359,4949278720.0,168.8752995802285,25.128784649466485,8.054097644059771,wandb
595,1783802639.5025563,0.519484281539917,2.28e-05,2.8767080307006836,4.14369535446167,4991221760.0,157.67163019557066,23.461669352257864,7.519765818031367,wandb
600,1783803323.441262,0.27802038192749023,2.28e-05,2.8288886547088623,4.418330669403076,5033164800.0,157.7237956990696,23.46943162244666,7.52225372514316,wandb
605,1783803843.1709144,0.5455894470214844,2.28e-05,2.8448541164398193,3.97393798828125,5075107840.0,149.59946124473223,22.26052391699329,7.134783306728618,wandb
610,1783804365.6063163,0.21900968253612518,2.28e-05,2.7993993759155273,4.295593738555908,5117050880.0,162.4152959808287,24.167530755690407,7.746003447336668,wandb
615,1783804887.4618638,0.19839604198932648,2.28e-05,2.7896809577941895,4.225107192993164,5158993920.0,139.87439193776694,20.81342553775537,6.6709697236395415,wandb
620,1783805401.4042172,0.1532883644104004,2.28e-05,2.7829041481018066,4.2257890701293945,5200936960.0,160.55941208673312,23.891373692904647,7.65749156823867,wandb
625,1783805928.2520645,0.16230694949626923,2.28e-05,2.757366180419922,4.210429668426514,5242880000.0,169.01811892764576,25.150036286822253,8.060909066289183,wandb
630,1783806437.905091,0.28865718841552734,2.28e-05,2.7891671657562256,4.259364128112793,5284823040.0,165.40936405318112,24.61305056825627,7.888798259056497,wandb
635,1783806942.1231759,0.37712720036506653,2.28e-05,2.7456517219543457,4.375287055969238,5326766080.0,160.83443373631624,23.932297142476575,7.670608058486081,wandb
640,1783807434.035092,0.4589713215827942,2.28e-05,2.8124923706054688,4.374115943908691,5368709120.0,166.47998118048395,24.7723592848116,7.939858745131923,wandb
645,1783807925.4170802,0.21670961380004883,2.28e-05,2.790757656097412,4.203382968902588,5410652160.0,168.3330680639126,25.04810015009017,8.028237227593003,wandb
650,1783808420.9540777,0.19013746082782745,2.28e-05,2.7751080989837646,4.495126724243164,5452595200.0,159.84825017605843,23.78555221073012,7.623574426516064,wandb
655,1783808924.7180383,0.2431073784828186,2.28e-05,2.734313488006592,4.370583534240723,5494538240.0,153.2749890439141,22.80744550214133,7.3100786865837595,wandb
660,1783809429.489333,0.5037207007408142,2.28e-05,2.759737968444824,4.392611503601074,5536481280.0,160.94542564598794,23.948812830696852,7.675901548300274,wandb
665,1783809940.002394,0.3070935308933258,2.28e-05,2.745285987854004,4.145508289337158,5578424320.0,153.4459138358858,22.832879252958577,7.318230529794417,wandb
670,1783810440.2060943,0.19634999334812164,2.28e-05,2.748729944229126,4.249989986419678,5620367360.0,165.7294669861637,24.660682150190254,7.904064791727646,wandb
675,1783810979.0819128,0.20870457589626312,2.28e-05,2.7306573390960693,4.25194787979126,5662310400.0,143.0118082986866,21.28027569455884,6.820601184153475,wandb
680,1783811488.6944275,0.17472192645072937,2.28e-05,2.724393844604492,4.192466735839844,5704253440.0,153.8087320832104,22.886866909096444,7.33553426573604,wandb
685,1783812020.7977822,0.21571573615074158,2.28e-05,2.6945536136627197,3.8465492725372314,5746196480.0,158.53559488906998,23.590228015257438,7.560970517710718,wandb
690,1783812531.1977732,0.3649853467941284,2.28e-05,2.7173898220062256,4.495942115783691,5788139520.0,150.63943408909935,22.415272738830197,7.184382288086601,wandb
695,1783813041.7695596,0.32180893421173096,2.28e-05,2.709594488143921,4.055366039276123,5830082560.0,155.4775018954344,23.135181241299808,7.415122192724298,wandb
700,1783813708.6396675,0.2851753532886505,2.28e-05,2.7210214138031006,4.061496734619141,5872025600.0,153.08504906449753,22.77918227566033,7.301019960147542,wandb
705,1783973400.2970803,0.2532595098018646,2.28e-05,2.716315746307373,3.9976983070373535,5913968640.0,157.26528044885404,23.401204172903697,7.500385952853748,wandb
710,1783973955.353046,0.3760681450366974,2.28e-05,2.707460403442383,4.165659427642822,5955911680.0,146.5492390446612,21.806648323646417,6.989310360143082,wandb
715,1783974527.627217,0.22317564487457275,2.28e-05,2.665438175201416,4.297060012817383,5997854720.0,147.69309907682927,21.97685564519629,7.043863988844966,wandb
720,1783975046.81148,0.21110907196998596,2.28e-05,2.7047200202941895,4.007131576538086,6039797760.0,159.73375075071692,23.7685146012689,7.618113654252853,wandb
725,1783975606.9844267,0.2789810001850128,2.28e-05,2.6716694831848145,4.027303695678711,6081740800.0,149.5122685552215,22.24754957247299,7.1306248629721125,wandb
730,1783976085.5287542,0.17807649075984955,2.28e-05,2.6671621799468994,4.051004409790039,6123683840.0,162.90790526295746,24.24083142546101,7.769497251750324,wandb
735,1783976650.9230618,0.19151003658771515,2.28e-05,2.6700661182403564,3.983445882797241,6165626880.0,132.4040726377035,19.70183582972429,6.3146909710654775,wandb
740,1783977171.0342853,0.29395583271980286,2.28e-05,2.6581573486328125,3.8334293365478516,6207569920.0,153.54666148766725,22.847870587107792,7.32303544458583,wandb
745,1783977706.8948622,0.2900795042514801,2.28e-05,2.6425323486328125,4.082045078277588,6249512960.0,150.2682195598551,22.360035708978472,7.166678111852074,wandb
750,1783978213.9565668,0.24168521165847778,2.28e-05,2.6317391395568848,3.878114700317383,6291456000.0,163.77905642319706,24.37045944067228,7.811044692523167,wandb
755,1783978705.3442338,0.25171148777008057,2.28e-05,2.6557199954986572,4.148984432220459,6333399040.0,160.716090038807,23.914687502128203,7.664963942989809,wandb
760,1783979220.5171347,0.22913827002048492,2.28e-05,2.6328394412994385,4.097482204437256,6375342080.0,162.8632063496788,24.23418019009008,7.767365445541692,wandb
765,1783979721.7619011,0.1940474808216095,2.28e-05,2.6329734325408936,4.167987823486328,6417285120.0,161.5080872179579,24.032537339299996,7.702736326698717,wandb
770,1783980250.7751925,0.19365811347961426,2.28e-05,2.620913505554199,4.06397008895874,6459228160.0,167.7978944843938,24.9684658775634,8.002713422295962,wandb
775,1783980742.6618905,0.21019673347473145,2.28e-05,2.6198389530181885,3.9197113513946533,6501171200.0,161.66418514582398,24.055764840440336,7.710181038602672,wandb
780,1783981267.818023,0.13372109830379486,2.28e-05,2.6008481979370117,3.699695587158203,6543114240.0,149.98513368922016,22.317912296625245,7.153177018149118,wandb
785,1783981782.6684377,0.15987084805965424,2.28e-05,2.5963542461395264,3.9471428394317627,6585057280.0,167.65554350156876,24.947283933247434,7.995924337579306,wandb
790,1783982263.8565164,0.2257082462310791,2.28e-05,2.5977635383605957,3.745720386505127,6627000320.0,159.80862489059172,23.779655935385875,7.62168459467496,wandb
795,1783982750.5004945,0.12356182932853699,2.28e-05,2.5795109272003174,4.245543479919434,6668943360.0,172.7503750318113,25.70539909080459,8.23890996500147,wandb
800,1783983500.707866,0.16315947473049164,2.28e-05,2.583739757537842,3.9854068756103516,6710886400.0,164.1112612658616,24.41989179680475,7.826888396411779,wandb
805,1783984062.1096694,0.17259633541107178,2.28e-05,2.5988361835479736,4.813886642456055,6752829440.0,142.93169641443916,21.26835497973482,6.816780442222699,wandb
810,1783984562.9597416,0.15966928005218506,2.28e-05,2.5506248474121094,3.809440851211548,6794772480.0,159.1978387618258,23.688770452815064,7.592554632312521,wandb
815,1783985074.1440046,0.19552524387836456,2.28e-05,2.593623638153076,4.072246551513672,6836715520.0,156.70379004930462,23.317653935728146,7.473607030682098,wandb
820,1783985573.9083457,0.237010195851326,2.28e-05,2.5698161125183105,3.941023588180542,6878658560.0,171.05484722239368,25.45310314642466,8.158045880264314,wandb
825,1783986088.5900047,0.17798781394958496,2.28e-05,2.560279607772827,3.8259520530700684,6920601600.0,159.24903628030867,23.69638868603058,7.594996373727752,wandb
830,1783986611.0373616,0.2564619183540344,2.28e-05,2.5708537101745605,3.7892649173736572,6962544640.0,153.28214892088474,22.80851089777325,7.3104201595427085,wandb
835,1783987125.2545629,0.19034385681152344,2.28e-05,2.557265281677246,3.895514488220215,7004487680.0,157.02633463198723,23.365648837162695,7.48899001191112,wandb
840,1783987637.6028793,0.17449013888835907,2.28e-05,2.559342622756958,4.2208123207092285,7046430720.0,153.908062744271,22.90164739385109,7.340271600593298,wandb
845,1783988155.7827466,0.18090859055519104,2.28e-05,2.5474088191986084,4.290750026702881,7088373760.0,162.47152395125732,24.17589752432792,7.748685103951255,wandb
850,1783988684.4071355,0.1825377643108368,2.28e-05,2.554574489593506,3.8668599128723145,7130316800.0,153.10796350050666,22.782591962744636,7.302112808571998,wandb
855,1783989204.7347505,0.1586526781320572,2.28e-05,2.5257840156555176,4.0209174156188965,7172259840.0,162.24324210157218,24.141928995748668,7.737797755047651,wandb
860,1783989723.973126,0.16598892211914062,2.28e-05,2.530081033706665,3.7591302394866943,7214202880.0,159.2025029394552,23.68946448631497,7.592777078947106,wandb
865,1783990239.0964763,0.1717492640018463,2.28e-05,2.567014217376709,4.3178911209106445,7256145920.0,162.2781665941765,24.14712578921596,7.739463393979476,wandb
870,1783990731.358614,0.18123610317707062,2.28e-05,2.5208680629730225,3.7980031967163086,7298088960.0,167.8033039426507,24.969270809438846,8.002971413281681,wandb
875,1783991229.149703,0.15721136331558228,2.28e-05,2.5096659660339355,3.8092355728149414,7340032000.0,166.655795076449,24.798520538358282,7.948243762294321,wandb
880,1783991753.1308565,0.1491442769765854,2.28e-05,2.515998363494873,3.974776268005371,7381975040.0,162.36537997843308,24.160103213131613,7.74362282472167,wandb
885,1783992270.235073,0.1724122017621994,2.28e-05,2.517766237258911,4.614871025085449,7423918080.0,162.20890589959788,24.136819740415074,7.73616017320996,wandb
890,1783992784.535372,0.17739452421665192,2.28e-05,2.529062032699585,3.7226743698120117,7465861120.0,148.8458808354993,22.148390527049695,7.098843117644133,wandb
895,1783993311.5481808,0.20089037716388702,2.28e-05,2.514406442642212,3.9203972816467285,7507804160.0,138.20976147365772,20.565727143984823,6.591579212815649,wandb
900,1783993986.2576761,0.14316396415233612,2.28e-05,2.507418632507324,4.184384822845459,7549747200.0,157.81708302766992,23.483312854318633,7.526702837922638,wandb
905,1783994517.3744006,0.14180544018745422,2.28e-05,2.4862005710601807,4.175037384033203,7591690240.0,152.53304906646375,22.69704421810202,7.274693659648085,wandb
910,1783995043.0405414,0.12180953472852707,2.28e-05,2.4942872524261475,3.695068597793579,7633633280.0,164.7890758793969,24.520751173505356,7.859215119713255,wandb
915,1783995576.064813,0.14325764775276184,2.28e-05,2.4829864501953125,3.973686695098877,7675576320.0,162.6024896172339,24.195385324053394,7.754931193606858,wandb
920,1783996093.377881,0.12180066853761673,2.28e-05,2.4924423694610596,3.8075034618377686,7717519360.0,153.8248560095402,22.889266162708154,7.336303257278253,wandb
925,1783996623.136925,0.11590984463691711,2.28e-05,2.5002951622009277,4.138988494873047,7759462400.0,162.83646343779614,24.2302008226203,7.766090007250096,wandb
930,1783997156.8214934,0.12888331711292267,2.28e-05,2.493452310562134,3.8680291175842285,7801405440.0,139.58121800518796,20.76980101341743,6.656987504300458,wandb
935,1783997676.2355194,0.12980465590953827,2.28e-05,2.473043918609619,4.15207576751709,7843348480.0,155.6182067618422,23.156118242127537,7.421832769912672,wandb
940,1783998211.6249306,0.1167704313993454,2.28e-05,2.4846606254577637,3.686593770980835,7885291520.0,153.68777269664182,22.868868052046487,7.329765401296952,wandb
945,1783998704.2787986,0.12294350564479828,2.28e-05,2.463808298110962,3.731934070587158,7927234560.0,164.53068793612317,24.48230283322893,7.846891933727221,wandb
950,1783999208.640727,0.14254309237003326,2.28e-05,2.4700167179107666,3.9836292266845703,7969177600.0,156.0872187697109,23.225907617915716,7.444201159588371,wandb
955,1783999733.4948409,0.13874688744544983,2.28e-05,2.4770216941833496,4.172362327575684,8011120640.0,164.849211913112,24.529699465201393,7.862083161923524,wandb
960,1784000244.8316286,0.15374456346035004,2.28e-05,2.4572505950927734,4.009984016418457,8053063680.0,161.47608676906287,24.027775645961963,7.701210142936527,wandb
965,1784000767.2095413,0.1074887067079544,2.28e-05,2.4448294639587402,3.9477784633636475,8095006720.0,151.84004633530023,22.593924836900708,7.241642575929713,wandb
970,1784001281.6716871,0.12262231856584549,2.28e-05,2.4343628883361816,4.100913047790527,8136949760.0,156.35279498020097,23.265425578316172,7.456867172537236,wandb
975,1784001806.2264056,0.1398778110742569,2.28e-05,2.4652748107910156,3.970452308654785,8178892800.0,149.5736210692594,22.25667887745006,7.133550922259634,wandb
980,1784002319.9486182,0.1517675817012787,2.28e-05,2.4646615982055664,3.6171956062316895,8220835840.0,173.19209398652794,25.771127237645793,8.259976678732627,wandb
985,1784002866.116868,0.15391987562179565,2.28e-05,2.4480690956115723,3.737004280090332,8262778880.0,157.87202749491124,23.491488636617277,7.529323280967075,wandb
990,1784003374.2661586,0.11434299498796463,2.28e-05,2.4453041553497314,3.78692364692688,8304721920.0,157.99405417559947,23.509646307917496,7.535143047409454,wandb
995,1784003912.6821444,0.13428248465061188,2.28e-05,2.454298734664917,3.6906228065490723,8346664960.0,146.39015046126045,21.782975810481954,6.981723016180113,wandb
1000,1784004605.6307583,0.1684887856245041,2.28e-05,2.445199966430664,4.181564807891846,8388608000.0,147.5051254382465,21.94888501186232,7.034899042263565,wandb
1005,1784082235.2176764,0.12187724560499191,2.28e-05,2.4386403560638428,3.66668963432312,8430551040.0,144.5340530427602,21.506786975087675,6.893200953553742,wandb
1010,1784082791.0030699,0.12103503942489624,2.28e-05,2.4214894771575928,3.852731704711914,8472494080.0,157.80080314469268,23.480890394228428,7.525926408406548,wandb
1015,1784083324.6613016,0.12860463559627533,2.28e-05,2.3947973251342773,4.086191177368164,8514437120.0,154.66134877408464,23.013736979892922,7.376197749965679,wandb
1020,1784083876.9095309,0.11051453649997711,2.28e-05,2.43155574798584,3.7423324584960938,8556380160.0,158.61680078846024,23.60231152044213,7.564843436039144,wandb
1025,1784084392.8125627,0.12191203236579895,2.28e-05,2.401123523712158,3.7431178092956543,8598323200.0,157.60532893464566,23.451803669639304,7.516603740269008,wandb
1030,1784084920.9375565,0.14048069715499878,2.28e-05,2.3999388217926025,3.755427360534668,8640266240.0,156.3964941206864,23.271928046666222,7.4589512970084035,wandb
1035,1784085408.9593475,0.10184858739376068,2.28e-05,2.405261754989624,3.7184011936187744,8682209280.0,163.25981458125528,24.293195823911393,7.786280712792114,wandb
1040,1784085934.7452853,0.1372320055961609,2.28e-05,2.39538836479187,3.6066746711730957,8724152320.0,142.68808791673985,21.23210583321853,6.80516212603158,wandb
1045,1784086459.331602,0.14316372573375702,2.28e-05,2.378615617752075,3.892518997192383,8766095360.0,150.38145582042208,22.37688535847352,7.172078640536385,wandb
1050,1784086945.0219898,0.10330130904912949,2.28e-05,2.3740134239196777,3.5725255012512207,8808038400.0,174.19896565513366,25.92095057707396,8.307996979831398,wandb
1055,1784087472.8222272,0.10116659849882126,2.28e-05,2.396969795227051,3.891080617904663,8849981440.0,165.95664472083925,24.694486385540277,7.9148994825449615,wandb
1060,1784087988.071719,0.11498390138149261,2.28e-05,2.3763675689697266,3.8062469959259033,8891924480.0,149.2623829301235,22.210366384193275,7.118707174420921,wandb
1065,1784088503.1978383,0.12922097742557526,2.28e-05,2.3814799785614014,4.002378463745117,8933867520.0,173.52455452195687,25.820597641073682,8.275832577267206,wandb
1070,1784089026.078858,0.12747067213058472,2.28e-05,2.3706510066986084,3.91408634185791,8975810560.0,156.03240056690623,23.21775062386997,7.441586738419864,wandb
1075,1784089536.6559613,0.13575193285942078,2.28e-05,2.3749630451202393,3.6930220127105713,9017753600.0,149.7738318924999,22.286470414011113,7.143099491670228,wandb
1080,1784090029.5779452,0.11176380515098572,2.28e-05,2.361825942993164,3.436354637145996,9059696640.0,163.23657950840632,24.289738425799367,7.785172572371593,wandb
1085,1784090546.3909156,0.11321927607059479,2.28e-05,2.357170343399048,3.6291515827178955,9101639680.0,167.16451724445446,24.87421881891201,7.972506031702566,wandb
1090,1784091069.8419523,0.10866820812225342,2.28e-05,2.362365961074829,3.6114273071289062,9143582720.0,166.32498320636464,24.74929545770113,7.932466492852926,wandb
1095,1784091575.4037776,0.09494464844465256,2.28e-05,2.349804401397705,3.9925005435943604,9185525760.0,161.64310962984598,24.052628786181934,7.70917589300703,wandb
1100,1784092310.2344348,0.1007261872291565,2.28e-05,2.3531222343444824,3.691319465637207,9227468800.0,168.50107876869407,25.073100282316453,8.036250090486043,wandb
1105,1784092858.1263857,0.11175753176212311,2.28e-05,2.3752317428588867,4.617888450622559,9269411840.0,149.58820222981575,22.258848566235038,7.134246335331744,wandb
1110,1784093372.8471265,0.10855752229690552,2.28e-05,2.329615354537964,3.576197624206543,9311354880.0,162.50578822650382,24.180996076904755,7.750319255418191,wandb
1115,1784093890.009195,0.1109989732503891,2.28e-05,2.370424747467041,3.9034557342529297,9353297920.0,157.189851493425,23.38998028177206,7.496788551850021,wandb
1120,1784094398.0964026,0.1064513549208641,2.28e-05,2.3514187335968018,3.814772605895996,9395240960.0,165.05575486782695,24.56043322817797,7.871933726980117,wandb
1125,1784094923.4554987,0.11483108997344971,2.28e-05,2.343381881713867,3.621022939682007,9437184000.0,147.33711428806487,21.92388481336013,7.026886158128246,wandb
1130,1784095464.207086,0.09749332070350647,2.28e-05,2.3517870903015137,3.5810227394104004,9479127040.0,152.61911527442018,22.709850941232695,7.278798378600222,wandb
1135,1784095981.628782,0.11411033570766449,2.28e-05,2.339740037918091,3.6738064289093018,9521070080.0,162.99030453006282,24.253092504751535,7.773427084856261,wandb
1140,1784096493.3187842,0.11209779977798462,2.28e-05,2.346039295196533,3.9627151489257812,9563013120.0,156.8514224387173,23.33962175772496,7.48064799927082,wandb
1145,1784097014.2493985,0.10956946760416031,2.28e-05,2.3335330486297607,4.158873558044434,9604956160.0,157.30735837920247,23.40746540384066,7.502392757641237,wandb
1150,1784097539.895331,0.10038978606462479,2.28e-05,2.34088397026062,3.653094530105591,9646899200.0,140.10407746691695,20.84760293500326,6.681924017629249,wandb
1155,1784098090.7826676,0.090057872235775,2.28e-05,2.317359447479248,3.8692617416381836,9688842240.0,151.39772714761517,22.528107374895942,7.220547235543572,wandb
1160,1784098608.2813096,0.09985780715942383,2.28e-05,2.3224549293518066,3.5684685707092285,9730785280.0,148.39613042438998,22.081467292835647,7.0773933630883485,wandb
1165,1784099142.8779614,0.12312231957912445,2.28e-05,2.362089157104492,4.095322608947754,9772728320.0,151.94334763023818,22.6092961552697,7.2465692805351605,wandb
1170,1784099643.9564104,0.10625971853733063,2.28e-05,2.3155508041381836,3.5709738731384277,9814671360.0,160.32315236976757,23.856218051056914,7.646223734313113,wandb
1175,1784100162.252093,0.13215570151805878,2.28e-05,2.3052821159362793,3.5665385723114014,9856614400.0,150.26627172369402,22.35974586934209,7.16658521453272,wandb
1180,1784100707.2043796,0.08698099106550217,2.28e-05,2.316751718521118,3.765432834625244,9898557440.0,139.94597376644623,20.82407697323568,6.674383645267846,wandb
1185,1784101208.190198,0.11144357174634933,2.28e-05,2.3156399726867676,4.427499771118164,9940500480.0,169.3364279785785,25.197400937619303,8.076090044108751,wandb
1190,1784101738.927374,0.11869794875383377,2.28e-05,2.329103469848633,3.5145297050476074,9982443520.0,165.1769713965581,24.578470348195,7.877714855190705,wandb
1195,1784102244.502586,0.12705518305301666,2.28e-05,2.3198232650756836,3.7348170280456543,10024386560.0,146.29141497505137,21.76828388823888,6.977014066743231,wandb
1200,1784102921.734335,0.12633201479911804,2.28e-05,2.312605381011963,4.072387218475342,10066329600.0,168.4435860316148,25.06454531535228,8.033508113894962,wandb
1205,1784103453.210369,0.10039827972650528,2.28e-05,2.2928359508514404,3.9790220260620117,10108272640.0,151.63514639199317,22.563435555384405,7.231870370315516,wandb
1210,1784104000.5876038,0.11606304347515106,2.28e-05,2.303360939025879,3.523780345916748,10150215680.0,141.72049453640224,21.08812713566364,6.759015107584501,wandb
1215,1784104539.6833684,0.10986936837434769,2.28e-05,2.2941184043884277,3.7797765731811523,10192158720.0,157.3578053681363,23.414971957636766,7.504798704370758,wandb
1220,1784105061.1156805,0.11325665563344955,2.28e-05,2.302872896194458,3.597069263458252,10234101760.0,169.9231057117641,25.284699070931296,8.104070215042084,wandb
1225,1784105591.836872,0.1120903268456459,2.28e-05,2.3116652965545654,4.031606674194336,10276044800.0,143.5756971378047,21.364182821531575,6.847494494080633,wandb
1230,1784106121.3616068,0.13254469633102417,2.28e-05,2.305300235748291,3.7021541595458984,10317987840.0,168.0631188794761,25.007931487539366,8.015362656262617,wandb
1235,1784106639.451178,0.10877269506454468,2.28e-05,2.287118673324585,3.947303295135498,10359930880.0,159.68778304265382,23.761674568181657,7.615921335955659,wandb
1240,1784107147.6480014,0.11151591688394547,2.28e-05,2.300633430480957,3.586906909942627,10401873920.0,155.45929696633365,23.13247233274972,7.414253952804399,wandb
1245,1784107674.895412,0.10804376006126404,2.28e-05,2.281790256500244,3.56246018409729,10443816960.0,152.06261526876568,22.627043278807943,7.252257461156391,wandb
1250,1784108193.8536227,0.1428019255399704,2.28e-05,2.288987398147583,3.872272253036499,10485760000.0,148.82442672156427,22.14519813710126,7.097819915737584,wandb
1255,1784108713.0145242,0.10279534012079239,2.28e-05,2.2984070777893066,3.9910950660705566,10527703040.0,154.4034960643809,22.97536828281565,7.363900090646044,wandb
1260,1784109214.5799823,0.09868602454662323,2.28e-05,2.278345823287964,3.910229206085205,10569646080.0,162.51561750915153,24.182458682315534,7.750788039203697,wandb
1265,1784109759.6802928,0.09726594388484955,2.28e-05,2.269371747970581,3.7683842182159424,10611589120.0,157.10749042373882,23.377724886289194,7.492860540477306,wandb
1270,1784110269.39938,0.12854139506816864,2.28e-05,2.258129119873047,3.9889135360717773,10653532160.0,151.07325306160294,22.479825361765535,7.205072231335108,wandb
1275,1784110779.3394556,0.10696660727262497,2.28e-05,2.289496660232544,3.723466396331787,10695475200.0,163.85526949927296,24.38180000960655,7.814679490258509,wandb
1280,1784111288.7880666,0.10276386141777039,2.28e-05,2.288358211517334,3.4422409534454346,10737418240.0,160.3449876650475,23.859467161105638,7.647265115738987,wandb
1285,1784111816.561469,0.11933352053165436,2.28e-05,2.274364948272705,3.5465712547302246,10779361280.0,158.6443612363437,23.60641253794693,7.56615786472658,wandb
1290,1784112378.569074,0.1083250567317009,2.28e-05,2.273566961288452,3.6353232860565186,10821304320.0,152.81916172065803,22.739618018359415,7.288339108448531,wandb
1295,1784112898.6795053,0.11654515564441681,2.28e-05,2.282979726791382,3.5443265438079834,10863247360.0,156.675585836919,23.313457125531464,7.472261899208803,wandb
1300,1784113590.7954605,0.11849331855773926,2.28e-05,2.2745044231414795,4.071717262268066,10905190400.0,127.67248135565464,18.997771122384346,6.089029205892419,wandb
1305,1784169686.8772347,0.09793970733880997,2.28e-05,2.27384614944458,3.522547721862793,10947133440.0,165.11051739904497,24.56858193824544,7.874545493027385,wandb
1310,1784170201.38433,0.08919825404882431,2.28e-05,2.255796194076538,3.673165798187256,10989076480.0,160.42366954596065,23.871175090247416,7.6510176571305815,wandb
1315,1784170714.2568016,0.10614769160747528,2.28e-05,2.2333412170410156,3.793276309967041,11031019520.0,163.36446586734738,24.30876802208386,7.791271801949955,wandb
1320,1784171232.3620472,0.11421500891447067,2.28e-05,2.2691056728363037,3.5590171813964844,11072962560.0,155.2018067465494,23.09415757447314,7.401973581561903,wandb
1325,1784171745.4183939,0.1118994653224945,2.28e-05,2.24033784866333,3.5538172721862793,11114905600.0,160.29016223562246,23.851309091732784,7.644650349914354,wandb
1330,1784172269.114718,0.12375865131616592,2.28e-05,2.25111722946167,3.595237970352173,11156848640.0,160.57695210496803,23.8939836621664,7.658328096848203,wandb
1335,1784172769.0857885,0.10441716760396957,2.28e-05,2.252793788909912,3.55436110496521,11198791680.0,171.89269122810353,25.577775029415616,8.19800481712039,wandb
1340,1784173270.29246,0.10151592642068863,2.28e-05,2.2418606281280518,3.4624722003936768,11240734720.0,162.21872005804872,24.138280095332814,7.736628235683595,wandb
1345,1784173773.0434134,0.10429629683494568,2.28e-05,2.22587251663208,3.7928338050842285,11282677760.0,165.26707820192507,24.591878315571794,7.882012280631986,wandb
1350,1784174271.6041484,0.10044985264539719,2.28e-05,2.2224464416503906,3.4352309703826904,11324620800.0,163.9575107383831,24.397013590789108,7.819555638073433,wandb
1355,1784174778.3375626,0.10695314407348633,2.28e-05,2.24477219581604,3.737558364868164,11366563840.0,160.1618437304358,23.832215191728512,7.638530510169394,wandb
1360,1784175302.547207,0.12879464030265808,2.28e-05,2.2245442867279053,3.630711317062378,11408506880.0,158.33188028892093,23.55991511378622,7.55125484416225,wandb
1365,1784175823.0781536,0.1124916523694992,2.28e-05,2.2310805320739746,3.9048373699188232,11450449920.0,157.73484999169457,23.471076510358127,7.522780932807093,wandb
1370,1784176339.341044,0.08532039821147919,2.28e-05,2.2199950218200684,3.8235721588134766,11492392960.0,159.22803478205788,23.693263645671383,7.593994758228006,wandb
1375,1784176858.0996118,0.10199663043022156,2.28e-05,2.2245516777038574,3.5540645122528076,11534336000.0,162.9702596242543,24.250109806141182,7.772471091711918,wandb
1380,1784177362.5396137,0.1118788793683052,2.28e-05,2.2136974334716797,3.2640867233276367,11576279040.0,159.14055856025678,23.6802471113111,7.589822792086891,wandb
1385,1784177884.8834128,0.11222436279058456,2.28e-05,2.2087156772613525,3.403846025466919,11618222080.0,155.45602088297693,23.131984848828928,7.41409770795799,wandb
1390,1784178421.0654778,0.10273168981075287,2.28e-05,2.2152552604675293,3.525914192199707,11660165120.0,164.40386963021163,24.463432164121116,7.8408436423465115,wandb
1395,1784178913.713021,0.10572755336761475,2.28e-05,2.2048373222351074,3.8074545860290527,11702108160.0,162.45588014291764,24.17356971267137,7.747939010471593,wandb
1400,1784179640.9168546,0.10294971615076065,2.28e-05,2.207308769226074,3.526665210723877,11744051200.0,156.4607341255579,23.28148701267433,7.462015068164849,wandb
1405,1784359197.7700295,0.11673717945814133,2.28e-05,2.1393344402313232,3.383157253265381,11785994240.0,152.79525511220479,22.736060695192474,7.287198940766817,wandb
1410,1784359721.7141323,0.11098253726959229,2.28e-05,2.114717960357666,3.514589548110962,11827937280.0,156.31997786405233,23.260542364213425,7.455302039811995,wandb
1415,1784360234.7746458,0.10767804831266403,2.28e-05,2.088557481765747,3.6228175163269043,11869880320.0,162.40854145454847,24.166525676577436,7.745681306595332,wandb
1420,1784360753.7658136,0.09963592141866684,2.28e-05,2.1167685985565186,3.399724245071411,11911823360.0,170.85927939711897,25.424002491812004,8.148718747375643,wandb
1425,1784361288.9626215,0.10745731741189957,2.28e-05,2.090522527694702,3.3651700019836426,11953766400.0,162.04665216181027,24.112676249652537,7.728421874888634,wandb
1430,1784361760.3473833,0.11162002384662628,2.28e-05,2.098975658416748,3.412501335144043,11995709440.0,170.59414241960053,25.384549889642045,8.136073682577578,wandb
1435,1784362280.4755301,0.1040719673037529,2.28e-05,2.098879098892212,3.3938088417053223,12037652480.0,150.4668570743142,22.389593135887882,7.176151646117911,wandb
1440,1784362785.369271,0.10759637504816055,2.28e-05,2.0833685398101807,3.301943778991699,12079595520.0,162.18459960778125,24.13320294403215,7.735000943600048,wandb
1445,1784363277.8052547,0.11848387122154236,2.28e-05,2.0655956268310547,3.684849500656128,12121538560.0,168.83604805026917,25.122943989251745,8.052225637580687,wandb
1450,1784363777.1473417,0.11311908066272736,2.28e-05,2.064055919647217,3.3396458625793457,12163481600.0,177.58944379494918,26.4254565364767,8.469697607845097,wandb
1455,1784364274.5819404,0.12321988493204117,2.28e-05,2.0821757316589355,3.548215866088867,12205424640.0,167.31665597072234,24.896857187570614,7.979761919093145,wandb
1460,1784364767.0149484,0.12364344298839569,2.28e-05,2.066516160964966,3.4550065994262695,12247367680.0,148.53528317989435,22.10217333827356,7.0840299161133204,wandb
1465,1784365272.3077085,0.12074334919452667,2.28e-05,2.0713870525360107,3.798198699951172,12289310720.0,165.42427639086088,24.61526953647191,7.88950946681792,wandb
1470,1784365798.5990407,0.12447638809680939,2.28e-05,2.0628435611724854,3.724682569503784,12331253760.0,145.61675599227294,21.667894072012306,6.944837843593688,wandb
1475,1784366304.3963249,0.1295127272605896,2.28e-05,2.0671732425689697,3.4155917167663574,12373196800.0,166.39046364424746,24.759039001170187,7.935589423451982,wandb
1480,1784366834.084993,0.12368621677160263,2.28e-05,2.0585083961486816,3.077183723449707,12415139840.0,140.60787271560832,20.922568085876463,6.70595130957579,wandb
1485,1784367364.3266943,0.11948702484369278,2.28e-05,2.05952787399292,3.1974735260009766,12457082880.0,158.26645718763626,23.55018010205053,7.548134648093117,wandb
1490,1784367888.8969643,0.12172193825244904,2.28e-05,2.0690414905548096,3.4328973293304443,12499025920.0,158.26149084792408,23.54944110658207,7.547897790571176,wandb
1495,1784368410.117314,0.1333506852388382,2.28e-05,2.062748670578003,3.614792585372925,12540968960.0,156.81505368530512,23.334210057051532,7.478913479824208,wandb
1500,1784369155.4525297,0.11917620152235031,2.28e-05,2.0622217655181885,3.3747429847717285,12582912000.0,146.4335789417221,21.789438004395965,6.983794232178194,wandb
1505,1784369693.6147032,0.09835866838693619,2.28e-05,2.2564566135406494,4.4807448387146,12624855040.0,141.85555382169443,21.108224069338693,6.765456432480351,wandb
1510,1784370241.6625423,0.09313404560089111,2.28e-05,2.2098076343536377,3.4365291595458984,12666798080.0,152.75800001674264,22.73051710608684,7.285422149386807,wandb
1515,1784370770.388508,0.08560709655284882,2.28e-05,2.248851776123047,3.8904829025268555,12708741120.0,156.84137234669666,23.338126295696345,7.480168684518057,wandb
1520,1784371279.9106936,0.11248859763145447,2.28e-05,2.2284202575683594,3.7947258949279785,12750684160.0,162.4083982190151,24.166504363011267,7.745674475324123,wandb
1525,1784371789.3671846,0.0948493704199791,2.28e-05,2.217801570892334,3.4974377155303955,12792627200.0,157.75490327105905,23.474060454960554,7.52373732530787,wandb
1530,1784372316.909589,0.09558853507041931,2.28e-05,2.2270617485046387,3.4553680419921875,12834570240.0,149.24925329328505,22.208412683341468,7.118080988250471,wandb
1535,1784372838.338533,0.11297904700040817,2.28e-05,2.216196060180664,3.5374131202697754,12876513280.0,164.07693929782528,24.414784659492934,7.8252514934272215,wandb
1540,1784373361.3374102,0.1051706001162529,2.28e-05,2.2229115962982178,3.7928521633148193,12918456320.0,162.2134304445858,24.137492996462118,7.736375960404524,wandb
1545,1784373864.5415695,0.10787584632635117,2.28e-05,2.209731101989746,4.076566696166992,12960399360.0,165.2388645592514,24.58768010214043,7.880666699403984,wandb
1550,1784374380.5274415,0.10863050818443298,2.28e-05,2.2166237831115723,3.526190757751465,13002342400.0,156.55079761079975,23.294888533980576,7.466310427557876,wandb
1555,1784374896.3664844,0.09973893314599991,2.28e-05,2.1951870918273926,3.803968667984009,13044285440.0,171.7563126292599,25.55748178078982,8.191500570765967,wandb
1560,1784375411.4951968,0.09349602460861206,2.28e-05,2.200984001159668,3.457545757293701,13086228480.0,157.45139731069713,23.428898516318718,7.509262344973949,wandb
1565,1784375934.8372264,0.09316480904817581,2.28e-05,2.2397713661193848,3.956069231033325,13128171520.0,160.2118542915059,23.8396568046965,7.6409156425309295,wandb
1570,1784376455.1185868,0.09101256728172302,2.28e-05,2.19578218460083,3.4201154708862305,13170114560.0,158.55743839288803,23.593478346743442,7.5620122906228975,wandb
1575,1784376962.9013054,0.1493971198797226,2.28e-05,2.185157537460327,3.436732292175293,13212057600.0,159.2143510134056,23.69122748954606,7.593342144085276,wandb
1580,1784377500.4575922,0.0955275148153305,2.28e-05,2.1970975399017334,3.6945407390594482,13254000640.0,154.81325177351408,23.036340272202445,7.383442394936681,wandb
1585,1784378008.6741347,0.08357072621583939,2.28e-05,2.193044662475586,4.307570934295654,13295943680.0,157.77138709825104,23.47651326211907,7.52452348144842,wandb
1590,1784378521.5658438,0.08862123638391495,2.28e-05,2.2049710750579834,3.3826656341552734,13337886720.0,162.0248828772918,24.10943696205987,7.727383641685856,wandb
1595,1784379025.0732841,0.09764444082975388,2.28e-05,2.200674057006836,3.6259493827819824,13379829760.0,140.08715085155544,20.845084240597853,6.681116743781362,wandb
1600,1784379663.8112633,0.09754563868045807,2.28e-05,2.1921603679656982,4.001520156860352,13421772800.0,171.4527374246085,25.512309538540272,8.177022287993678,wandb
1605,1784380181.2863781,0.09144756942987442,2.28e-05,2.1711606979370117,3.896826982498169,13463715840.0,147.34946115891643,21.925722037983828,7.027475012174303,wandb
1610,1784380702.7228823,0.09522507339715958,2.28e-05,2.183527708053589,3.4159727096557617,13505658880.0,160.31717750647522,23.855328986443222,7.645938777706162,wandb
1615,1784381221.693604,0.10381324589252472,2.28e-05,2.1759629249572754,3.652215003967285,13547601920.0,160.22287763807742,23.841297087809547,7.641441374297933,wandb
1620,1784381739.1817079,0.10225807130336761,2.28e-05,2.182058095932007,3.455247402191162,13589544960.0,156.2098395660061,23.244153694111038,7.450049260933025,wandb
1625,1784382252.023054,0.1049596294760704,2.28e-05,2.1923654079437256,3.962036371231079,13631488000.0,166.45161567474653,24.76813847403039,7.938505921163586,wandb
1630,1784382748.8708544,0.09068703651428223,2.28e-05,2.1851119995117188,3.5891871452331543,13673431040.0,164.12860882717726,24.422473128317282,7.827715746255539,wandb
1635,1784383262.4774873,0.09399132430553436,2.28e-05,2.167309522628784,3.7952582836151123,13715374080.0,152.86403600455117,22.74629534902324,7.2904792785330885,wandb
1640,1784383788.6834035,0.11039908230304718,2.28e-05,2.1790897846221924,3.5043349266052246,13757317120.0,164.47891735113583,24.47459932724222,7.844422861295583,wandb
1645,1784384285.0938098,0.10367248207330704,2.28e-05,2.162309169769287,3.4490861892700195,13799260160.0,166.47604912640296,24.771774191902946,7.939671215353508,wandb
1650,1784384825.2055368,0.10696367919445038,2.28e-05,2.1703293323516846,3.8006186485290527,13841203200.0,148.00799331238608,22.02371216863302,7.058882105331097,wandb
1655,1784385332.3602176,0.1259598284959793,2.28e-05,2.181061029434204,3.8614249229431152,13883146240.0,159.5735727539204,23.74467998248754,7.610474353361391,wandb
1660,1784385857.082606,0.10623901337385178,2.28e-05,2.1607675552368164,3.8477492332458496,13925089280.0,164.98264645771323,24.549554636114006,7.8684469987544885,wandb
1665,1784386364.0559955,0.08914877474308014,2.28e-05,2.1514322757720947,3.64042329788208,13967032320.0,165.03533000172226,24.557393991160385,7.870959612551407,wandb
1670,1784386881.1819143,0.1078585833311081,2.28e-05,2.1436707973480225,3.9180352687835693,14008975360.0,148.33806248895192,22.072826735878596,7.074623953807243,wandb
1675,1784387409.5579813,0.09473446011543274,2.28e-05,2.173954963684082,3.5512044429779053,14050918400.0,156.4353736665417,23.277713355337738,7.46080556260825,wandb
1680,1784387936.8120325,0.101648710668087,2.28e-05,2.1735830307006836,3.3224308490753174,14092861440.0,147.89803923462904,22.007350910662463,7.053638112391815,wandb
1685,1784388453.2352993,0.09309955686330795,2.28e-05,2.161287546157837,3.419717788696289,14134804480.0,147.32583402543736,21.922206300924852,7.02634817337335,wandb
1690,1784388990.1076784,0.1079750806093216,2.28e-05,2.160463333129883,3.55844783782959,14176747520.0,148.10421117215054,22.038029465972915,7.063470982683627,wandb
1695,1784389515.0333455,0.10695889592170715,2.28e-05,2.169503927230835,3.4627809524536133,14218690560.0,158.40401386594027,23.57064864987717,7.554695080088838,wandb
1700,1784390176.9442887,0.0923038050532341,2.28e-05,2.163428544998169,4.000716686248779,14260633600.0,162.56918498413012,24.190429567023354,7.753342809943383,wandb
1705,1784486831.156497,0.0964362695813179,2.28e-05,2.0813305377960205,3.328829288482666,14302576640.0,153.20567918461987,22.79713213758998,7.306773121022429,wandb
1710,1784487361.616502,0.08772655576467514,2.28e-05,2.0531537532806396,3.440011978149414,14344519680.0,151.71073560642466,22.57468329318853,7.235475414483504,wandb
1715,1784487923.1423268,0.09597081691026688,2.28e-05,2.0293846130371094,3.521310329437256,14386462720.0,149.58236695170055,22.257980272011483,7.133968035901117,wandb
1720,1784488458.251302,0.08869633078575134,2.28e-05,2.0555260181427,3.315700054168701,14428405760.0,156.3832083011901,23.26995110570538,7.458317662085058,wandb
1725,1784488979.0183809,0.09276624768972397,2.28e-05,2.02497935295105,3.2518019676208496,14470348800.0,151.82476021700472,22.591650249819416,7.240913541608787,wandb
1730,1784489556.847708,0.11325521767139435,2.28e-05,2.031801223754883,3.332946300506592,14512291840.0,152.7925270587153,22.73565475857048,7.287068832875154,wandb
1735,1784490066.418369,0.09928202629089355,2.28e-05,2.032428741455078,3.3211042881011963,14554234880.0,162.27390784326417,24.146492083547827,7.739260283188407,wandb
1740,1784490610.2558827,0.09919992089271545,2.28e-05,2.015789031982422,3.2361321449279785,14596177920.0,161.75893536963224,24.06986375233263,7.714699920619433,wandb
1745,1784491106.0369353,0.11057678610086441,2.28e-05,1.9994906187057495,3.6377861499786377,14638120960.0,169.26000120676812,25.186028570582497,8.072445054673878,wandb
1750,1784491624.9664817,0.10689903050661087,2.28e-05,1.9940998554229736,3.2181496620178223,14680064000.0,150.29587790708493,22.364151293987206,7.1679972096112845,wandb
1755,1784492164.403401,0.10116098076105118,2.28e-05,2.013356924057007,3.4627645015716553,14722007040.0,149.14988014294738,22.193625876147156,7.113341626970242,wandb
1760,1784492672.3467438,0.10253487527370453,2.28e-05,1.9924652576446533,3.3592212200164795,14763950080.0,160.0638788992058,23.817637943585538,7.633858315251776,wandb
1765,1784493181.3513627,0.11702549457550049,2.28e-05,1.9969615936279297,3.751650094985962,14805893120.0,176.4606215198524,26.25748684565195,8.41586116847819,wandb
1770,1784493707.068797,0.11687714606523514,2.28e-05,1.9875855445861816,3.6697816848754883,14847836160.0,158.94256885138435,23.650786078410302,7.580380153336635,wandb
1775,1784494229.8369558,0.11457402259111404,2.28e-05,1.9884905815124512,3.334336757659912,14889779200.0,153.54718293745034,22.847948179268027,7.323060313867956,wandb
1780,1784494754.0443566,0.10745761543512344,2.28e-05,1.9772030115127563,2.981541872024536,14931722240.0,163.46344082996106,24.323495578614565,7.795992172632873,wandb
1785,1784495294.599158,0.10648482292890549,2.28e-05,1.9746397733688354,3.128751754760742,14973665280.0,150.68961057729754,22.422739041892473,7.186775333939895,wandb
1790,1784495831.144336,0.10967415571212769,2.28e-05,1.9830100536346436,3.383511543273926,15015608320.0,151.37028599219124,22.52402410820807,7.219238496220536,wandb
1795,1784496347.2780855,0.11107631772756577,2.28e-05,1.9733679294586182,3.4930975437164307,15057551360.0,166.3408663383978,24.75165888092177,7.933224000295439,wandb
1800,1784497071.2130394,0.09807880222797394,2.28e-05,1.9678218364715576,3.24063777923584,15099494400.0,162.92526142455017,24.243414036701903,7.770325011763429,wandb
1805,1784497619.8367286,0.10131223499774933,2.28e-05,2.1190314292907715,4.303315162658691,15141437440.0,151.03584187657697,22.47425854640334,7.203287995642096,wandb
1810,1784498149.5408285,0.09143926203250885,2.28e-05,2.0801355838775635,3.2823009490966797,15183380480.0,157.9586937916932,23.504384653462928,7.533456619699657,wandb
1815,1784498673.5595176,0.09091610461473465,2.28e-05,2.1200978755950928,3.763230800628662,15225323520.0,159.68608194066613,23.761421442794926,7.615840206024014,wandb
1820,1784499192.3954282,0.10415272414684296,2.28e-05,2.1032698154449463,3.6610665321350098,15267266560.0,154.33521128230427,22.965207450604524,7.3606434136552945,wandb
1825,1784499717.882471,0.09747585654258728,2.28e-05,2.091982841491699,3.3630363941192627,15309209600.0,141.25549258119895,21.01893445903817,6.736837967640439,wandb
1830,1784500246.9786475,0.08800879865884781,2.28e-05,2.102959394454956,3.318011999130249,15351152640.0,170.00298579991005,25.296585294303156,8.107879902020242,wandb
1835,1784500795.2629101,0.10105757415294647,2.28e-05,2.0900912284851074,3.4008591175079346,15393095680.0,152.82379000815058,22.74030671137719,7.288559843390125,wandb
1840,1784501295.6992295,0.10502219200134277,2.28e-05,2.101534366607666,3.638629913330078,15435038720.0,169.75188741505562,25.259221646365773,8.095904373835184,wandb
1845,1784501818.9617944,0.09767791628837585,2.28e-05,2.0879952907562256,3.9922189712524414,15476981760.0,159.45579772616605,23.727154960670376,7.604857359189222,wandb
1850,1784502340.7527812,0.10159116983413696,2.28e-05,2.0974221229553223,3.4015355110168457,15518924800.0,155.1992944709958,23.09378374578698,7.401853764675314,wandb
1855,1784502875.4392185,0.09954892843961716,2.28e-05,2.0763721466064453,3.732754945755005,15560867840.0,169.3201254700902,25.194975110834292,8.07531253552381,wandb
1860,1784503388.6186478,0.09044544398784637,2.28e-05,2.084566593170166,3.3388609886169434,15602810880.0,153.98962121904205,22.913783362544883,7.344161334149,wandb
1865,1784503939.7937214,0.08807848393917084,2.28e-05,2.123246431350708,3.8220937252044678,15644753920.0,160.53509931007994,23.887755931572666,7.656332029350213,wandb
1870,1784504472.071812,0.08965287357568741,2.28e-05,2.0814483165740967,3.285024404525757,15686696960.0,153.4675016591369,22.836091538964148,7.3192601086423545,wandb
1875,1784504995.28691,0.09932190179824829,2.28e-05,2.069880962371826,3.309434413909912,15728640000.0,168.54350540353212,25.079413400770704,8.038273525888044,wandb
1880,1784505520.303428,0.09048584848642349,2.28e-05,2.0841710567474365,3.6250176429748535,15770583040.0,166.9140060314029,24.836942542625913,7.960558507251895,wandb
1885,1784506054.1037562,0.08740464597940445,2.28e-05,2.0766561031341553,4.17503547668457,15812526080.0,161.24194798710542,23.992935601002625,7.6900434618598155,wandb
1890,1784506564.6276715,0.09732811152935028,2.28e-05,2.0864150524139404,3.2169151306152344,15854469120.0,161.59994739301257,24.046206209540635,7.707117374852768,wandb
1895,1784507100.8900137,0.10152735561132431,2.28e-05,2.0829391479492188,3.5040831565856934,15896412160.0,158.7125461649156,23.616558511873734,7.56940977944671,wandb
1900,1784507785.2433856,0.11416112631559372,2.28e-05,2.0735743045806885,3.927748203277588,15938355200.0,148.91804698721862,22.159128910283023,7.1022849071419945,wandb
1905,1784508323.9559114,0.10306082665920258,2.28e-05,2.051729917526245,3.8279380798339844,15980298240.0,149.63966644205823,22.2665064837032,7.136700796058717,wandb
1910,1784508840.057258,0.10614801943302155,2.28e-05,2.0629653930664062,3.305098056793213,16022241280.0,144.43565730439252,21.492145607605202,6.88850820756577,wandb
1915,1784509373.5281684,0.08700479567050934,2.28e-05,2.056528091430664,3.516960620880127,16064184320.0,147.03677783997887,21.879194500773867,7.012562339991624,wandb
1920,1784509901.7884243,0.09149923175573349,2.28e-05,2.060314178466797,3.315962553024292,16106127360.0,157.45459277727542,23.429374004396017,7.509414744998723,wandb
1925,1784510396.835613,0.0918404757976532,2.28e-05,2.071803331375122,3.889610767364502,16148070400.0,157.4657572257204,23.431035283584873,7.509947206277202,wandb
1930,1784510907.783436,0.0993209034204483,2.28e-05,2.06642746925354,3.4714815616607666,16190013440.0,154.7974586296877,23.033990239301612,7.3826891792633385,wandb
1935,1784511422.4351513,0.09244668483734131,2.28e-05,2.0453479290008545,3.657346248626709,16231956480.0,171.6839694797025,25.546717060131378,8.188050339785699,wandb
1940,1784511935.1129594,0.1042490303516388,2.28e-05,2.0611889362335205,3.433121919631958,16273899520.0,163.3812494832154,24.311265438046025,7.7920722557839825,wandb
1945,1784512450.1547527,0.10175853967666626,2.28e-05,2.0456907749176025,3.339073419570923,16315842560.0,152.95001063226968,22.75908844493855,7.294579629787995,wandb
1950,1784512999.8480544,0.10716135054826736,2.28e-05,2.0520401000976562,3.7321667671203613,16357785600.0,145.52817228257743,21.654712742534738,6.9406130585047245,wandb
1955,1784513532.7323074,0.13467355072498322,2.28e-05,2.0649561882019043,3.727971076965332,16399728640.0,157.59070683585597,23.449627889211246,7.5159063747471935,wandb
1960,1784514041.8612692,0.10542082041501999,2.28e-05,2.045215129852295,3.7774853706359863,16441671680.0,156.57755520250237,23.29887008581974,7.467586565967865,wandb
1965,1784514554.9551847,0.09187406301498413,2.28e-05,2.0376663208007812,3.5139403343200684,16483614720.0,162.80565630569984,24.225616695811702,7.764620735837085,wandb
1970,1784515084.10643,0.09542987495660782,2.28e-05,2.0293002128601074,3.844744920730591,16525557760.0,152.04893682632192,22.625007915226863,7.251605101034252,wandb
1975,1784515622.8147385,0.09726159274578094,2.28e-05,2.061495780944824,3.378788709640503,16567500800.0,155.82848704080462,23.18740812205202,7.431861577580776,wandb
1980,1784516156.6059346,0.10417544096708298,2.28e-05,2.0614778995513916,3.2072176933288574,16609443840.0,152.5616491507247,22.701299934362105,7.276057671269905,wandb
1985,1784516696.576018,0.08885521441698074,2.28e-05,2.0501530170440674,3.2890634536743164,16651386880.0,154.47541139147404,22.986069343136563,7.367329917671975,wandb
1990,1784517226.4108436,0.09705568850040436,2.28e-05,2.0509355068206787,3.4701411724090576,16693329920.0,163.03337412985124,24.259501296923702,7.775481184911444,wandb
1995,1784517743.9498453,0.09673159569501877,2.28e-05,2.0605623722076416,3.397453784942627,16735272960.0,152.99255592376224,22.765419219601405,7.29660872423122,wandb
2000,1784518404.0927665,0.1053539365530014,2.28e-05,2.0552420616149902,3.921403408050537,16777216000.0,161.41662388725214,24.01892751982764,7.69837420507296,wandb
2005,1784613595.2835777,0.12196021527051926,2.28e-05,1.9843556880950928,3.231457233428955,16819159040.0,170.18800097933007,25.324115706459846,8.116703752070464,wandb
2010,1784614094.708853,0.11292136460542679,2.28e-05,1.9515494108200073,3.3111143112182617,16861102080.0,149.43111063652412,22.235473206855197,7.126754232966409,wandb
2015,1784614593.4869497,0.10636946558952332,2.28e-05,1.9296516180038452,3.3848915100097656,16903045120.0,164.92361806215433,24.54077116189433,7.865631782658439,wandb
2020,1784615099.7013845,0.11241444200277328,2.28e-05,1.9582340717315674,3.2040977478027344,16944988160.0,160.57087053985396,23.893078720233127,7.6580380513567725,wandb
2025,1784615598.7561634,0.11736971884965897,2.28e-05,1.9279334545135498,3.105935573577881,16986931200.0,159.83779638266518,23.78399667760241,7.623075858205901,wandb
2030,1784616099.8674507,0.1056058332324028,2.28e-05,1.9369349479675293,3.2054662704467773,17028874240.0,166.75752482256007,24.813658008958328,7.95309551569177,wandb
2035,1784616594.5812526,0.10818707942962646,2.28e-05,1.9445157051086426,3.2221555709838867,17070817280.0,167.60977213025635,24.94047311523154,7.993741383087032,wandb
2040,1784617089.9991517,0.1079145297408104,2.28e-05,1.9291150569915771,3.1578025817871094,17112760320.0,165.91680961924553,24.688558889382303,7.91299964403279,wandb
2045,1784617609.1164503,0.11198782920837402,2.28e-05,1.910132646560669,3.5793519020080566,17154703360.0,160.3755666122989,23.86401733382005,7.648723504429503,wandb
2050,1784618123.8871078,0.11590467393398285,2.28e-05,1.9067950248718262,3.1362361907958984,17196646400.0,164.95328152454894,24.54518510970271,7.867046509520099,wandb
2055,1784618644.995098,0.11696390062570572,2.28e-05,1.9237210750579834,3.3502469062805176,17238589440.0,150.5008578901647,22.394652485488074,7.177773232528229,wandb
2060,1784619181.104972,0.11582938581705093,2.28e-05,1.902807354927063,3.2420666217803955,17280532480.0,145.95223864015318,21.717814168279613,6.960837874448594,wandb
2065,1784619702.173876,0.12233640998601913,2.28e-05,1.9079896211624146,3.6944587230682373,17322475520.0,152.648799775606,22.714268019630655,7.280214108855981,wandb
2070,1784620251.4034731,0.11893002688884735,2.28e-05,1.8970417976379395,3.613801956176758,17364418560.0,145.69230701486308,21.679136126838756,6.948441066294473,wandb
2075,1784620750.7197332,0.10935375094413757,2.28e-05,1.8987880945205688,3.242300510406494,17406361600.0,162.05417726447072,24.113795991170036,7.728780766400652,wandb
2080,1784621255.229921,0.11279153823852539,2.28e-05,1.8854633569717407,2.8777058124542236,17448304640.0,150.14657811743055,22.34193536145142,7.160876718413917,wandb
2085,1784621781.5003033,0.1111006960272789,2.28e-05,1.8793351650238037,2.9792065620422363,17490247680.0,155.02348464079122,23.067623097228836,7.393468941419498,wandb
2090,1784622275.362551,0.11740041524171829,2.28e-05,1.8860738277435303,3.3308169841766357,17532190720.0,170.59181824306174,25.38420405024531,8.135962836617086,wandb
2095,1784622767.7161336,0.118683822453022,2.28e-05,1.8774040937423706,3.339036703109741,17574133760.0,166.1201676535091,24.718818733554013,7.922698312036543,wandb
2100,1784623462.3229969,0.11455537378787994,2.28e-05,1.8697768449783325,3.1245498657226562,17616076800.0,166.52329479555567,24.77880438666032,7.941924482903949,wandb
2105,1784623989.6120844,0.11060544103384018,2.28e-05,2.007577896118164,4.139208793640137,17658019840.0,162.56962078957494,24.19049441523502,7.753363594626609,wandb
2110,1784624508.7598822,0.10016998648643494,2.28e-05,1.9736472368240356,3.1555893421173096,17699962880.0,163.20810377072164,24.285501212412974,7.783814491158004,wandb
2115,1784625011.706284,0.1072475016117096,2.28e-05,2.014312744140625,3.694530487060547,17741905920.0,162.1785450102119,24.132302014891906,7.734712184260226,wandb
2120,1784625528.007532,0.09890329092741013,2.28e-05,1.9983408451080322,3.586272716522217,17783848960.0,155.60923513575898,23.154783256724926,7.421404889975937,wandb
2125,1784626035.876225,0.09889768809080124,2.28e-05,1.987265944480896,3.2549352645874023,17825792000.0,169.526769312626,25.225723886002285,8.08516791218022,wandb
2130,1784626546.3842154,0.11687223613262177,2.28e-05,1.998998999595642,3.1971940994262695,17867735040.0,155.89204593573055,23.196865738335283,7.434892864851053,wandb
2135,1784627054.9676542,0.11053738743066788,2.28e-05,1.9858429431915283,3.2802727222442627,17909678080.0,159.8772125894499,23.789861841865356,7.624955718546588,wandb
2140,1784627583.4127357,0.10969523340463638,2.28e-05,1.9964028596878052,3.509305715560913,17951621120.0,155.94497763431352,23.204742018988103,7.437417313778237,wandb
2145,1784628091.1107779,0.1121978610754013,2.28e-05,1.9831817150115967,3.918351650238037,17993564160.0,158.73897516193094,23.62049116855088,7.57067024633041,wandb
2150,1784628610.126789,0.10375283658504486,2.28e-05,1.9921029806137085,3.2887535095214844,18035507200.0,148.71409749019963,22.128781055962726,7.092558030757284,wandb
2155,1784629132.9791508,0.0957082062959671,2.28e-05,1.974599838256836,3.6639647483825684,18077450240.0,157.87398099145037,23.49177931852261,7.529416448244426,wandb
2160,1784629654.4485612,0.09884786605834961,2.28e-05,1.9816999435424805,3.2358322143554688,18119393280.0,170.2375989671512,25.331495928186186,8.119069207751982,wandb
2165,1784630174.3537369,0.09931594878435135,2.28e-05,2.020037889480591,3.681403636932373,18161336320.0,153.77056430055106,22.88118751137885,7.333713945954759,wandb
2170,1784630685.9666069,0.09696125984191895,2.28e-05,1.9853744506835938,3.168728828430176,18203279360.0,156.07931554631674,23.224731611719417,7.4438242345254535,wandb
2175,1784631215.2251978,0.12660014629364014,2.28e-05,1.9781235456466675,4.163976192474365,18245222400.0,152.97592970707564,22.762945224767993,7.295815777169228,wandb
2180,1784631735.0317261,0.1024075597524643,2.28e-05,1.989506721496582,3.56025767326355,18287165440.0,163.50293075272646,24.329371711876583,7.797875548678391,wandb
2185,1784632251.1812835,0.10209318995475769,2.28e-05,1.9821994304656982,4.05111837387085,18329108480.0,151.1140156416061,22.485890867480123,7.207016303679526,wandb
2190,1784632773.1458714,0.12567655742168427,2.28e-05,1.9910438060760498,3.079111337661743,18371051520.0,160.63460624268959,23.90256264568001,7.661077771051286,wandb
2195,1784633286.7515228,0.11828131228685379,2.28e-05,1.991708755493164,3.4027462005615234,18412994560.0,151.53881792483435,22.549101799572494,7.227276217811696,wandb
2200,1784633950.0257196,0.10652177035808563,2.28e-05,1.9771190881729126,3.8660802841186523,18454937600.0,167.31913966116986,24.897226762769275,7.97988037268246,wandb
2205,1784634462.1304314,0.10871704667806625,2.28e-05,1.9526171684265137,3.764423370361328,18496880640.0,147.64858987138442,21.97023263850838,7.041741230291149,wandb
2210,1784634971.4833705,0.10362451523542404,2.28e-05,1.9597586393356323,3.2430710792541504,18538823680.0,164.03144002233284,24.40801432956074,7.823081515884852,wandb
2215,1784635508.9822116,0.09730495512485504,2.28e-05,1.952176570892334,3.3899893760681152,18580766720.0,147.2049499929876,21.904218656630277,7.0205829027661135,wandb
2220,1784636021.441696,0.10898896306753159,2.28e-05,1.9518253803253174,3.1975436210632324,18622709760.0,156.6287850988051,23.30649313688171,7.470029851564652,wandb
2225,1784636540.6756434,0.10227051377296448,2.28e-05,1.962993860244751,3.818019390106201,18664652800.0,155.4532027445592,23.131565507494894,7.413963303684262,wandb
2230,1784637052.428498,0.09990104287862778,2.28e-05,1.9569511413574219,3.357274293899536,18706595840.0,150.63513459523523,22.41463297057704,7.184177234159308,wandb
2235,1784637565.8277137,0.10784237086772919,2.28e-05,1.9386389255523682,3.518137216567993,18748538880.0,157.86960584509913,23.49112829311662,7.529207786255329,wandb
2240,1784638086.1539438,0.11594586074352264,2.28e-05,1.9507356882095337,3.3565292358398438,18790481920.0,151.35506391430508,22.52175905039281,7.2185125161515415,wandb
2245,1784638618.187751,0.1213751882314682,2.28e-05,1.9385908842086792,3.2246503829956055,18832424960.0,168.33533205525944,25.048437033880425,8.028345203166802,wandb
2250,1784639114.875887,0.1087147518992424,2.28e-05,1.9440629482269287,3.673941135406494,18874368000.0,165.1317000430434,24.57173393324214,7.875555747834019,wandb
2255,1784639605.0857224,0.10597062110900879,2.28e-05,1.9546089172363281,3.594740629196167,18916311040.0,164.6950967528795,24.506767001529518,7.854733013310744,wandb
2260,1784640115.2694645,0.1281486451625824,2.28e-05,1.94173002243042,3.7145512104034424,18958254080.0,157.28603640037178,23.404292675705353,7.50137585759787,wandb
2265,1784640638.6277843,0.10760889947414398,2.28e-05,1.934494137763977,3.378624439239502,19000197120.0,156.57647273688403,23.29870901403789,7.467534940396759,wandb
2270,1784641142.2483044,0.10335208475589752,2.28e-05,1.9246221780776978,3.7615833282470703,19042140160.0,166.5120823685645,24.777135968224,7.941389733405128,wandb
2275,1784641657.8603668,0.10481205582618713,2.28e-05,1.95784592628479,3.272921323776245,19084083200.0,164.50889046569964,24.479059351550216,7.845852356266095,wandb
2280,1784642174.6517603,0.1112096756696701,2.28e-05,1.9600425958633423,3.3249354362487793,19126026240.0,169.8172034113947,25.26894072079673,8.099019461793823,wandb
2285,1784642685.478387,0.10352150350809097,2.28e-05,1.9495025873184204,3.1760571002960205,19167969280.0,152.71787946468203,22.72454713466263,7.283508697007253,wandb
2290,1784643217.1132457,0.10419194400310516,2.28e-05,1.9519460201263428,3.330894708633423,19209912320.0,152.2941100754516,22.66148989805386,7.263298044248032,wandb
2295,1784643738.547992,0.1072772815823555,2.28e-05,1.9623595476150513,3.3364601135253906,19251855360.0,161.14238967623038,23.97812124176677,7.685295269797043,wandb
2300,1784644395.6029642,0.09860524535179138,2.28e-05,1.9577094316482544,3.85335111618042,19293798400.0,161.1571827865305,23.98032246884943,7.686000791297894,wandb
2305,1784644924.125392,0.10593128204345703,2.28e-05,2.335339307785034,3.572753429412842,19335741440.0,145.41110560747956,21.637293124180395,6.935029847493715,wandb
2310,1784645463.4275603,0.09491181373596191,2.28e-05,2.3065481185913086,3.789954423904419,19377684480.0,145.14381932148794,21.597520703126904,6.922282276643238,wandb
2315,1784645961.5852795,0.09796632081270218,2.28e-05,2.3005948066711426,3.7803897857666016,19419627520.0,160.5259788231006,23.886398795545244,7.655897049854244,wandb
2320,1784646492.737638,0.13406454026699066,2.28e-05,2.3007280826568604,3.8521947860717773,19461570560.0,149.83308997713053,22.295288066155173,7.145925662229222,wandb
2325,1784647023.3881514,0.1006823480129242,2.28e-05,2.284186363220215,3.69962477684021,19503513600.0,152.82657287740537,22.740720804630527,7.2886925655867065,wandb
2330,1784647568.8293958,0.10253638029098511,2.28e-05,2.3078396320343018,3.944991111755371,19545456640.0,145.00464491498053,21.57681143600178,6.915644691026213,wandb
2335,1784648085.9648263,0.0958382859826088,2.28e-05,2.2497808933258057,4.075553894042969,19587399680.0,164.0730022840351,24.414198828575437,7.825063727107513,wandb
2340,1784648582.3117964,0.0973915159702301,2.28e-05,2.290243625640869,3.926041603088379,19629342720.0,163.31011796483776,24.3006810091121,7.788679810612854,wandb
2345,1784649072.90799,0.09774939715862274,2.28e-05,2.2896804809570312,3.486722707748413,19671285760.0,168.40625126110342,25.058989870533235,8.031727522606806,wandb
2350,1784649580.7316093,0.08981160074472427,2.28e-05,2.290194272994995,4.113778114318848,19713228800.0,147.77956232951882,21.98972144891258,7.047987643882237,wandb
2355,1784650112.5149915,0.13711348176002502,2.28e-05,2.249279499053955,4.077823162078857,19755171840.0,161.29896001009797,24.00141903731197,7.692762511958965,wandb
2360,1784650606.153313,0.1273292899131775,2.28e-05,2.2425642013549805,3.864516258239746,19797114880.0,156.2772683268145,23.25418714964744,7.453265112066487,wandb
2365,1784651125.0869668,0.11288414895534515,2.28e-05,2.253765106201172,3.843618392944336,19839057920.0,151.53968515739902,22.54923084449743,7.227317578364561,wandb
2370,1784651650.3291166,0.0873141884803772,2.28e-05,2.265394449234009,3.925848960876465,19881000960.0,154.53103325253534,22.994345922197482,7.369982667370987,wandb
2375,1784652173.4514694,0.09959250688552856,2.28e-05,2.2578935623168945,3.706294298171997,19922944000.0,155.6902556899593,23.16683918239162,7.425268968715263,wandb
2380,1784652671.9606287,0.12525394558906555,2.28e-05,2.2562334537506104,3.7911205291748047,19964887040.0,167.05793478146566,24.858359260015515,7.967422839748562,wandb
2385,1784653192.658976,0.10942806303501129,2.28e-05,2.2369041442871094,3.4973411560058594,20006830080.0,151.77760343867084,22.584633282089616,7.238664513490261,wandb
2390,1784653715.6664085,0.12272831052541733,2.28e-05,2.2442407608032227,4.056740760803223,20048773120.0,148.9991846067783,22.171202255372293,7.106154569029581,wandb
2395,1784654212.8384743,0.08304192125797272,2.28e-05,2.239473581314087,3.6265742778778076,20090716160.0,174.2008330026916,25.921228439939437,8.308086038442127,wandb
2400,1784654903.3346033,0.08717134594917297,2.28e-05,2.254587173461914,3.671156644821167,20132659200.0,156.04501502657118,23.219627665931053,7.442188354465082,wandb
2405,1784801774.622679,0.141511008143425,2.28e-05,2.0291404724121094,3.2753663063049316,20174602240.0,152.1197999608292,22.635552408418267,7.254984746287906,wandb
2410,1784802272.1485999,0.15827743709087372,2.28e-05,1.9901478290557861,3.3557491302490234,20216545280.0,162.27944453308965,24.14731594758621,7.739524342175069,wandb
2415,1784802784.1898246,0.10345330834388733,2.28e-05,1.9491649866104126,3.4031591415405273,20258488320.0,155.47573625263206,23.134918512186328,7.415037984675106,wandb
2420,1784803282.8798256,0.09369346499443054,2.28e-05,1.9674248695373535,3.1973912715911865,20300431360.0,154.97134348228647,23.059864449595363,7.390982195383129,wandb
2425,1784803799.6042144,0.09804543852806091,2.28e-05,1.9301029443740845,3.082498550415039,20342374400.0,157.8379025543677,23.486410817159808,7.5276957747307085,wandb
2430,1784804308.496451,0.09228553622961044,2.28e-05,1.9293564558029175,3.197857141494751,20384317440.0,163.82016573453197,24.376576540296625,7.813005301377124,wandb
2435,1784804832.7391715,0.09101030975580215,2.28e-05,1.9315590858459473,3.1951799392700195,20426260480.0,159.1233213117956,23.677682194442813,7.589000703347056,wandb
2440,1784805362.004245,0.0923490822315216,2.28e-05,1.9131735563278198,3.1370105743408203,20468203520.0,166.64499781950124,24.79691389756878,7.947728813323326,wandb
2445,1784805875.267464,0.09237448871135712,2.28e-05,1.889696478843689,3.5699474811553955,20510146560.0,161.86948277844493,24.086313298456403,7.719972211043718,wandb
2450,1784806390.4722934,0.09457051008939743,2.28e-05,1.882936954498291,3.1003847122192383,20552089600.0,158.0402104702768,23.51651440284936,7.537344359887616,wandb
2455,1784806914.8387241,0.10083620250225067,2.28e-05,1.8976216316223145,3.3093137741088867,20594032640.0,156.58386055173034,23.29980832701477,7.467887284299605,wandb
2460,1784807437.9305243,0.10651864856481552,2.28e-05,1.8776233196258545,3.2088544368743896,20635975680.0,151.41261761340505,22.530323088556223,7.221257400178278,wandb
2465,1784807960.8151202,0.10071597248315811,2.28e-05,1.877716064453125,3.668606758117676,20677918720.0,162.66003135056854,24.203947581701005,7.75767550695545,wandb
2470,1784808462.7967865,0.10021335631608963,2.28e-05,1.8640944957733154,3.5974040031433105,20719861760.0,159.3406645951958,23.710023055285976,7.59936636387371,wandb
2475,1784808976.9014392,0.11171035468578339,2.28e-05,1.8630939722061157,3.195340871810913,20761804800.0,163.6490676023158,24.351116996307223,7.804845191124111,wandb
2480,1784809486.116252,0.0997738316655159,2.28e-05,1.8475545644760132,2.8306407928466797,20803747840.0,155.70236933593156,23.16864170295984,7.425846699666615,wandb
2485,1784810001.628637,0.1075960099697113,2.28e-05,1.8400465250015259,2.9112131595611572,20845690880.0,165.90127796847872,24.686247766865634,7.91225889963642,wandb
2490,1784810523.6019347,0.10787955671548843,2.28e-05,1.8441429138183594,3.309688091278076,20887633920.0,158.5826486774275,23.59722965799333,7.563214633972221,wandb
2495,1784811025.7101774,0.10584574192762375,2.28e-05,1.829152226448059,3.268500804901123,20929576960.0,162.2217001015894,24.138723528283432,7.736770361629306,wandb
2500,1784811750.8820465,0.11464815586805344,2.28e-05,1.8238078355789185,3.0658323764801025,20971520000.0,160.01886055939934,23.810939177282325,7.631711274769976,wandb
2505,1784812266.6971402,0.1184254139661789,2.28e-05,1.9407628774642944,4.043702125549316,21013463040.0,155.91897331206522,23.20087255426853,7.436177100727093,wandb
2510,1784812788.3244298,0.10232413560152054,2.28e-05,1.9070043563842773,3.070913076400757,21055406080.0,161.98887188796928,24.104078496979728,7.725666184929401,wandb
2515,1784813283.0037677,0.1023360937833786,2.28e-05,1.9459474086761475,3.6479332447052,21097349120.0,164.8984562131842,24.537027057897333,7.864431749326068,wandb
2520,1784813770.3309186,0.09706466645002365,2.28e-05,1.929132103919983,3.5515594482421875,21139292160.0,169.154576828507,25.170341335654047,8.067417094760913,wandb
2525,1784814285.0941565,0.10402695089578629,2.28e-05,1.9180517196655273,3.1780426502227783,21181235200.0,164.1793642642058,24.430025579445715,7.830136403668498,wandb
2530,1784814807.1104064,0.0971168726682663,2.28e-05,1.9276422262191772,3.1176509857177734,21223178240.0,136.04367224829858,20.24341127061034,6.488272843144339,wandb
2535,1784815313.1134176,0.10255641490221024,2.28e-05,1.9152653217315674,3.197718381881714,21265121280.0,167.5200723434996,24.927125712561548,7.9894633694107515,wandb
2540,1784815799.4366968,0.1069968119263649,2.28e-05,1.9239903688430786,3.411346912384033,21307064320.0,169.5872293671598,25.234720392264908,8.088051407777213,wandb
2545,1784816306.1492593,0.10934505611658096,2.28e-05,1.9127119779586792,3.8716955184936523,21349007360.0,152.5277070875988,22.696249327216066,7.274438886928228,wandb
2550,1784816821.3788955,0.09402746707201004,2.28e-05,1.9167141914367676,3.193150520324707,21390950400.0,156.96860190808087,23.357058159959603,7.486236589730641,wandb
2555,1784817331.2522936,0.10458601266145706,2.28e-05,1.9029780626296997,3.6135411262512207,21432893440.0,155.86259527240688,23.192483455205167,7.4334882869247325,wandb
2560,1784817829.294491,0.10948556661605835,2.28e-05,1.909035325050354,3.149416208267212,21474836480.0,161.72581969196182,24.064936112027805,7.71312054872686,wandb
2565,1784818349.9262311,0.0990770012140274,2.28e-05,1.94308602809906,3.580151081085205,21516779520.0,156.07368966839002,23.223894476417595,7.443555921928716,wandb
2570,1784818867.5734015,0.09811170399188995,2.28e-05,1.9108011722564697,3.072950839996338,21558722560.0,159.7305462422874,23.768037767756642,7.617960822998923,wandb
2575,1784819371.2300026,0.10583100467920303,2.28e-05,1.9023765325546265,3.117117166519165,21600665600.0,170.25497210784903,25.334081065932,8.119897777542308,wandb
2580,1784819856.6008832,0.10211773961782455,2.28e-05,1.915467381477356,3.517667293548584,21642608640.0,165.56209096488698,24.63577645939591,7.89608219852433,wandb
2585,1784820345.9632106,0.1052669882774353,2.28e-05,1.9116709232330322,3.9602255821228027,21684551680.0,159.2382789989431,23.694787993640862,7.594483331295149,wandb
2590,1784820871.6788256,0.10237482190132141,2.28e-05,1.9135313034057617,2.9683101177215576,21726494720.0,162.069468632858,24.11607135946933,7.729510051111965,wandb
2595,1784821378.4322512,0.09775154292583466,2.28e-05,1.9132243394851685,3.309462785720825,21768437760.0,160.57741488511195,23.89405252423566,7.65835016802425,wandb
2600,1784822038.2833877,0.1070336177945137,2.28e-05,1.898654580116272,3.8245022296905518,21810380800.0,152.8865875929303,22.749651044079243,7.291554821820271,wandb
2605,1784822563.1922824,0.11185779422521591,2.28e-05,1.8754403591156006,3.715806007385254,21852323840.0,157.62485640692526,23.454709373711378,7.517535055676722,wandb
2610,1784823076.2580736,0.11154735833406448,2.28e-05,1.8814787864685059,3.185878276824951,21894266880.0,167.38207558486673,24.90659168041694,7.982881948851583,wandb
2615,1784823582.6186152,0.1189541146159172,2.28e-05,1.872793197631836,3.2926735877990723,21936209920.0,153.18856870421803,22.79458608391407,7.305957078177586,wandb
2620,1784824086.4913895,0.11471868306398392,2.28e-05,1.8675893545150757,3.1036667823791504,21978152960.0,159.44783940589662,23.725970756013332,7.604477806414531,wandb
2625,1784824600.3548458,0.10852330923080444,2.28e-05,1.8822797536849976,3.7646942138671875,22020096000.0,156.9713438088507,23.35746615706839,7.48636735803474,wandb
2630,1784825126.0887651,0.10893462598323822,2.28e-05,1.875095009803772,3.2642323970794678,22062039040.0,156.43785906505934,23.27808318469865,7.4609240976598254,wandb
2635,1784825653.6621225,0.12035252898931503,2.28e-05,1.856239914894104,3.412949323654175,22103982080.0,156.032809631444,23.217811493012487,7.4416062477604115,wandb
2640,1784826156.784774,0.12480031698942184,2.28e-05,1.8663432598114014,3.3033945560455322,22145925120.0,159.08541098875872,23.67204110693059,7.5871926624777535,wandb
2645,1784826666.1707604,0.12198352813720703,2.28e-05,1.8502311706542969,3.1251912117004395,22187868160.0,146.53417154451725,21.804406267127415,6.988591752284427,wandb
2650,1784827164.9508555,0.11101719737052917,2.28e-05,1.8561856746673584,3.6222119331359863,22229811200.0,163.82421227204208,24.37717866843449,7.813198291164901,wandb
2655,1784827665.9947183,0.1175360381603241,2.28e-05,1.8658053874969482,3.475534200668335,22271754240.0,163.69256048045,24.357588772648324,7.806919478412925,wandb
2660,1784828145.596095,0.11932707577943802,2.28e-05,1.8491257429122925,3.661677837371826,22313697280.0,165.54875504294196,24.633792063149148,7.895446174086264,wandb
2665,1784828643.3176064,0.11041796952486038,2.28e-05,1.8432780504226685,3.268908977508545,22355640320.0,168.4479216228747,25.065190454927865,8.033714889399956,wandb
2670,1784829162.56473,0.11854486912488937,2.28e-05,1.8320895433425903,3.709071636199951,22397583360.0,154.7858416624478,23.03226162494074,7.382135136198955,wandb
2675,1784829663.7212396,0.12333112210035324,2.28e-05,1.8611122369766235,3.1688733100891113,22439526400.0,154.8945109004264,23.04843169768657,7.387317851822619,wandb
2680,1784830168.8929439,0.1247357502579689,2.28e-05,1.8564622402191162,2.9709043502807617,22481469440.0,166.5012566350361,24.775525090095677,7.9408734263127165,wandb
2685,1784830710.0933325,0.11741599440574646,2.28e-05,1.8440637588500977,3.0518877506256104,22523412480.0,157.90570310090627,23.49649959472123,7.530929357282446,wandb
2690,1784831215.8635979,0.11746522039175034,2.28e-05,1.839660882949829,3.2135121822357178,22565355520.0,164.2336371272369,24.438101426480827,7.832724816179753,wandb
2695,1784831744.3695464,0.12055175006389618,2.28e-05,1.8424673080444336,3.268143653869629,22607298560.0,158.46843540140972,23.580234627788823,7.557767508906674,wandb
2700,1784832405.0576599,0.1175391674041748,2.28e-05,1.8293788433074951,3.7608346939086914,22649241600.0,156.65060927398017,23.309740592249604,7.471070702644104,wandb
2705,1784832910.0860972,0.9984939694404602,2.28e-05,2.1827774047851562,3.4185166358947754,22691184640.0,161.0809432955954,23.968977969362204,7.682364733769938,wandb
2710,1784833433.933349,0.1107325330376625,2.28e-05,2.16474986076355,3.6194517612457275,22733127680.0,148.2815577396594,22.06441878231657,7.071929096896336,wandb
2715,1784833940.9252138,0.11836438626050949,2.28e-05,2.1708028316497803,3.597477436065674,22775070720.0,173.7147116060713,25.8488931729138,8.284901657985193,wandb
2720,1784834471.5843456,0.12440045922994614,2.28e-05,2.175957679748535,3.7658488750457764,22817013760.0,164.12530476033248,24.421981480430254,7.827558166804569,wandb
2725,1784834993.4735289,0.10598207265138626,2.28e-05,2.1608364582061768,3.5489063262939453,22858956800.0,153.57710225227942,22.852400198130873,7.324487242990664,wandb
2730,1784835514.311314,0.11924277245998383,2.28e-05,2.1868083477020264,3.8732872009277344,22900899840.0,155.47342123030384,23.134574034943718,7.414927575302473,wandb
2735,1784836035.1249323,0.09941554069519043,2.28e-05,2.130251407623291,4.001765727996826,22942842880.0,159.69592523732138,23.76288613350165,7.616309658173606,wandb
2740,1784836572.4058397,0.10739900916814804,2.28e-05,2.172212839126587,3.8167102336883545,22984785920.0,159.38568718784174,23.71672245441523,7.601513607184368,wandb
2745,1784837096.3227441,0.09965348243713379,2.28e-05,2.171361207962036,3.3303346633911133,23026728960.0,152.47239879514953,22.688019407424708,7.271801092123303,wandb
2750,1784837599.1569269,0.09563892334699631,2.28e-05,2.174494981765747,4.001206398010254,23068672000.0,158.74253276664393,23.621020543082995,7.570839917654806,wandb
2755,1784838124.8018022,0.1141258105635643,2.28e-05,2.1348555088043213,4.013958930969238,23110615040.0,160.96114337818045,23.951151642284017,7.676651167398723,wandb
2760,1784838647.320092,0.08559941500425339,2.28e-05,2.130786895751953,3.770636796951294,23152558080.0,154.55482438512624,22.997886062460324,7.371117327711641,wandb
2765,1784839166.2980833,0.12141522765159607,2.28e-05,2.144155502319336,3.781005620956421,23194501120.0,159.4579974566782,23.72748228239513,7.604962269998439,wandb
2770,1784839681.712637,0.10917947441339493,2.28e-05,2.1584744453430176,3.8485963344573975,23236444160.0,160.25022199275762,23.845365950466466,7.6427454969443795,wandb
2775,1784840204.4376152,0.10263191163539886,2.28e-05,2.1525275707244873,3.592822790145874,23278387200.0,154.21681776163126,22.947590396528053,7.35499692196412,wandb
2780,1784840744.4254866,0.08799134939908981,2.28e-05,2.154114246368408,3.7094106674194336,23320330240.0,162.4373369814606,24.170810474866123,7.747054639380167,wandb
2785,1784841271.7051885,0.09950674325227737,2.28e-05,2.1389524936676025,3.4450855255126953,23362273280.0,154.11922615070804,22.933068683876296,7.350342526883428,wandb
2790,1784841766.6807878,0.09504485875368118,2.28e-05,2.149984121322632,3.960292339324951,23404216320.0,171.25712240801596,25.483201861820387,8.167692904429611,wandb
2795,1784842283.3992155,0.13135235011577606,2.28e-05,2.149730682373047,3.529818058013916,23446159360.0,156.89915132655256,23.346723855823097,7.482924312763813,wandb
2800,1784842976.9692388,0.10203306376934052,2.28e-05,2.168506383895874,3.5883193016052246,23488102400.0,151.9402074897888,22.608828899766273,7.246419519155857,wandb
2805,1784935168.383826,0.1310931295156479,2.28e-05,1.9404195547103882,3.1806728839874268,23530045440.0,162.68470341233834,24.207618804956343,7.758852181075752,wandb
2810,1784935684.1041493,0.18335570394992828,2.28e-05,1.8916378021240234,3.2443442344665527,23571988480.0,154.40678865529102,22.975858223074084,7.364057122780156,wandb
2815,1784936202.0557635,0.13930277526378632,2.28e-05,1.8526555299758911,3.2457408905029297,23613931520.0,163.9025313777552,24.388832616325598,7.81693353087359,wandb
2820,1784936711.2411005,0.11643148213624954,2.28e-05,1.8654431104660034,3.079103946685791,23655874560.0,155.90116402604403,23.19822251773684,7.435327730043859,wandb
2825,1784937202.5254326,0.11703113466501236,2.28e-05,1.833815097808838,2.9619531631469727,23697817600.0,171.14104433336396,25.465929348032372,8.162156842318067,wandb
2830,1784937681.7098856,0.12082353979349136,2.28e-05,1.8350062370300293,3.0738821029663086,23739760640.0,169.48083789880286,25.21888925352805,8.082977324848734,wandb
2835,1784938182.2376633,0.14211401343345642,2.28e-05,1.8500428199768066,3.110781669616699,23781703680.0,162.43111412768883,24.169884509063397,7.746757855469038,wandb
2840,1784938696.657186,0.11387059837579727,2.28e-05,1.8303982019424438,3.0611672401428223,23823646720.0,167.7747634627995,24.965023962364373,8.001610244347557,wandb
2845,1784939219.1396213,0.12640400230884552,2.28e-05,1.8063342571258545,3.512730836868286,23865589760.0,143.11538893985,21.295688579877883,6.825541211499321,wandb
2850,1784939743.0630226,0.35268768668174744,2.28e-05,1.801770806312561,3.0212464332580566,23907532800.0,150.01378570554178,22.32217574041903,7.154543506544561,wandb
2855,1784940240.6945872,0.27891454100608826,2.28e-05,1.8630379438400269,3.266197443008423,23949475840.0,159.6842307759098,23.761145987943753,7.615751919212742,wandb
2860,1784940744.2321136,0.13416799902915955,2.28e-05,1.8208606243133545,3.134342670440674,23991418880.0,162.32027640418391,24.15339176387263,7.741471719189944,wandb
2865,1784941236.9441745,0.1576094776391983,2.28e-05,1.8183919191360474,3.627885341644287,24033361920.0,165.88021371415545,24.683113388350794,7.911254291138075,wandb
2870,1784941732.2917778,0.14735008776187897,2.28e-05,1.80166494846344,3.5590686798095703,24075304960.0,156.9602998746993,23.355822810506382,7.485840644393072,wandb
2875,1784942215.9048913,0.48900145292282104,2.28e-05,1.803056001663208,3.1210408210754395,24117248000.0,176.9058178188568,26.323732424207424,8.437093725707507,wandb
2880,1784942713.697462,0.2013402134180069,2.28e-05,1.796332597732544,2.7576844692230225,24159191040.0,146.54433863601793,21.805919138775707,6.989076647043495,wandb
2885,1784943231.9621828,0.14151941239833832,2.28e-05,1.7825703620910645,2.8337323665618896,24201134080.0,162.97663540891324,24.25105852818676,7.77277516929063,wandb
2890,1784943750.5408752,0.12651044130325317,2.28e-05,1.7833751440048218,3.2752251625061035,24243077120.0,159.84224442331353,23.784658549740268,7.623287996711625,wandb
2895,1784944278.3559654,0.12467537820339203,2.28e-05,1.7645713090896606,3.1539053916931152,24285020160.0,152.1327978691496,22.637486507957327,7.2556046499863225,wandb
2900,1784944982.7963705,0.12734265625476837,2.28e-05,1.7546513080596924,2.9758293628692627,24326963200.0,161.06683286636795,23.966878325789402,7.6816917710863475,wandb
2905,1784945500.9486709,0.1395203024148941,2.28e-05,1.8691937923431396,3.916144609451294,24368906240.0,164.96813195646658,24.547394866289597,7.867754764836409,wandb
2910,1784946006.8382392,0.12363919615745544,2.28e-05,1.8381918668746948,2.9785287380218506,24410849280.0,167.07697188440804,24.861191996723477,7.968330768180601,wandb
2915,1784946503.9606035,0.11406517028808594,2.28e-05,1.8728259801864624,3.6042847633361816,24452792320.0,162.47829356123304,24.176904847907288,7.74900796407285,wandb
2920,1784947023.7328947,0.2142118364572525,2.28e-05,1.8601469993591309,3.5030620098114014,24494735360.0,151.49243442989638,22.542199897053393,7.225064069568396,wandb
2925,1784947528.9217217,1.8273353576660156,2.28e-05,1.87663733959198,3.1299710273742676,24536678400.0,170.62271812250358,25.388801977935852,8.137436531389698,wandb
2930,1784948063.4242065,0.134169340133667,2.28e-05,1.8744341135025024,3.066340208053589,24578621440.0,161.24420154513223,23.993270932306203,7.6901509398417325,wandb
2935,1784948560.4531236,0.12213552743196487,2.28e-05,1.853629469871521,3.110373020172119,24620564480.0,160.9416455820106,23.94825035404169,7.675721267321054,wandb
2940,1784949075.5096262,0.12552180886268616,2.28e-05,1.8584660291671753,3.3180787563323975,24662507520.0,163.74682389207302,24.365663213306075,7.8095074401622036,wandb
2945,1784949571.5711837,0.2172817885875702,2.28e-05,1.8474395275115967,3.8214683532714844,24704450560.0,162.93217253702062,24.244442415969857,7.770654620503159,wandb
2950,1784950104.221486,0.19216112792491913,2.28e-05,1.8516727685928345,3.117957592010498,24746393600.0,143.03139286245946,21.283189893892462,6.8215352224014305,wandb
2955,1784950595.705933,0.12359510362148285,2.28e-05,1.8294097185134888,3.5716423988342285,24788336640.0,162.99321256074535,24.253525222129134,7.773565776323441,wandb
2960,1784951120.148861,0.21989458799362183,2.28e-05,1.8526009321212769,3.082310676574707,24830279680.0,148.28782474425265,22.06535131779815,7.072227986473766,wandb
2965,1784951642.9649985,0.14008839428424835,2.28e-05,1.881036639213562,3.4825472831726074,24872222720.0,159.127944848174,23.678370180490866,7.58922121169579,wandb
2970,1784952153.5148587,0.12120936065912247,2.28e-05,1.8424346446990967,2.9807705879211426,24914165760.0,159.4208139984365,23.72194935296731,7.603188895181832,wandb
2975,1784952662.6451855,0.1301259994506836,2.28e-05,1.8350341320037842,3.035782814025879,24956108800.0,167.60564665855492,24.939859241620535,7.99354462872453,wandb
2980,1784953186.5109117,0.11662312597036362,2.28e-05,1.8462387323379517,3.473456382751465,24998051840.0,156.85740925721268,23.340512601282782,7.480933526052173,wandb
2985,1784953705.1554859,0.1087944284081459,2.28e-05,1.8398246765136719,3.8510568141937256,25039994880.0,162.09489135982707,24.11985428232896,7.7307225263874875,wandb
2990,1784954232.4929454,0.11621226370334625,2.28e-05,1.847342610359192,2.8576064109802246,25081937920.0,164.41491752551565,24.46507610010592,7.841370544905744,wandb
2995,1784954763.3899732,0.11063589155673981,2.28e-05,1.8474531173706055,3.2309722900390625,25123880960.0,164.15009346806877,24.42567006070216,7.828740404071205,wandb
3000,1784955428.219834,0.11470817774534225,2.28e-05,1.8293335437774658,3.7814974784851074,25165824000.0,146.45314374770288,21.79234926375374,6.984727328126199,wandb
3005,1784955942.9328315,0.11736638098955154,2.28e-05,1.8054730892181396,3.6644680500030518,25207767040.0,151.49551234377768,22.542657893191876,7.225210863202524,wandb
3010,1784956464.4667115,0.11543785035610199,2.28e-05,1.808667778968811,3.1469388008117676,25249710080.0,158.61669018651287,23.602295062780627,7.5648381611476365,wandb
3015,1784957006.5484507,0.12338000535964966,2.28e-05,1.800671935081482,3.217989444732666,25291653120.0,137.43448115427375,20.450364789411985,6.554604099170507,wandb
3020,1784957515.98962,0.11581633239984512,2.28e-05,1.7950316667556763,3.0217361450195312,25333596160.0,178.49347782901765,26.559977550588076,8.512813317496178,wandb
3025,1784958023.5581846,0.11591046303510666,2.28e-05,1.8078348636627197,3.711488723754883,25375539200.0,164.29872949654066,24.447787225023447,7.835829238789565,wandb
3030,1784958511.2649133,0.1247825175523758,2.28e-05,1.7992759943008423,3.1808676719665527,25417482240.0,170.6506511334161,25.392958433128392,8.138768728566792,wandb
3035,1784959030.6976955,0.12228132784366608,2.28e-05,1.7796199321746826,3.3239212036132812,25459425280.0,156.04034296829923,23.218932459784995,7.44196553198237,wandb
3040,1784959549.0223038,0.12686479091644287,2.28e-05,1.7912863492965698,3.2534797191619873,25501368320.0,156.18347671904036,23.240230880616135,7.448791948915428,wandb
3045,1784960075.436436,0.1256338506937027,2.28e-05,1.777502179145813,3.0497243404388428,25543311360.0,148.98390159137142,22.1689281300034,7.105425682693398,wandb
3050,1784960600.706459,0.12309125065803528,2.28e-05,1.7791346311569214,3.5656466484069824,25585254400.0,149.65713646967018,22.269106038302194,7.137533986635319,wandb
3055,1784961121.6490104,0.12675178050994873,2.28e-05,1.7872858047485352,3.3586978912353516,25627197440.0,143.65545190162155,21.376050396539313,6.8512982040190105,wandb
3060,1784961633.5092556,0.11999616771936417,2.28e-05,1.7697008848190308,3.6091086864471436,25669140480.0,154.70508796828912,23.020245408269584,7.37828378470179,wandb
3065,1784962138.5802934,0.12763363122940063,2.28e-05,1.7637866735458374,3.155733585357666,25711083520.0,169.0500007278697,25.15478032513962,8.062429591390902,wandb
3070,1784962663.9629147,0.12254350632429123,2.28e-05,1.752768874168396,3.6425881385803223,25753026560.0,154.46932600563204,22.98516383267581,7.367039689960196,wandb
3075,1784963182.0589497,0.12847793102264404,2.28e-05,1.777270793914795,3.0745017528533936,25794969600.0,152.2052997254101,22.64827484430483,7.259062450097701,wandb
3080,1784963709.2271369,0.12868304550647736,2.28e-05,1.7698795795440674,2.8639936447143555,25836912640.0,152.31256071280146,22.664235368195214,7.264178002626672,wandb
3085,1784964246.8053951,0.13456296920776367,2.28e-05,1.7580652236938477,2.944512367248535,25878855680.0,150.71651234826933,22.42674204772648,7.188058348630282,wandb
3090,1784964769.7583787,0.12711426615715027,2.28e-05,1.7456728219985962,3.125990390777588,25920798720.0,155.04684075303217,23.071098506102782,7.394582854520122,wandb
3095,1784965277.789936,0.13594941794872284,2.28e-05,1.7475805282592773,3.212468385696411,25962741760.0,159.81834051482892,23.781101628330898,7.622147957798365,wandb
3100,1784965949.182449,0.1336163729429245,2.28e-05,1.72916579246521,3.685171604156494,26004684800.0,163.64183679326874,24.350041045923497,7.804500335231891,wandb
3105,1784966480.7266605,0.13776196539402008,2.28e-05,2.0682361125946045,3.3062357902526855,26046627840.0,148.75838306976527,22.135370786934324,7.094670124017412,wandb
3110,1784967032.240207,0.11151950061321259,2.28e-05,2.0564005374908447,3.4767258167266846,26088570880.0,147.72119132206362,21.981035794587996,7.045203780316666,wandb
3115,1784967556.5865822,0.11979110538959503,2.28e-05,2.0647225379943848,3.4626359939575195,26130513920.0,147.10402277718651,21.889200603206003,7.015769424104489,wandb
3120,1784968085.2498014,0.11821245402097702,2.28e-05,2.0754525661468506,3.687026023864746,26172456960.0,149.6325306400027,22.26544467043862,7.136360471294428,wandb
3125,1784968624.9033093,0.12649333477020264,2.28e-05,2.063676595687866,3.424455404281616,26214400000.0,159.33179011164586,23.708702524772896,7.5989431169143895,wandb
3130,1784969130.1679847,0.11738841235637665,2.28e-05,2.0850510597229004,3.8040144443511963,26256343040.0,165.54431045033962,24.633130704083396,7.895234200026729,wandb
3135,1784969647.9600165,0.11407454311847687,2.28e-05,2.0312070846557617,3.9400415420532227,26298286080.0,158.82994660380862,23.634027794557632,7.575008908512062,wandb
3140,1784970167.7684517,0.11738380044698715,2.28e-05,2.0746893882751465,3.7761502265930176,26340229120.0,155.2419604904002,23.10013248486326,7.403888616943353,wandb
3145,1784970664.1784601,0.12256396561861038,2.28e-05,2.071354389190674,3.2253966331481934,26382172160.0,154.43912305447114,22.98066960849153,7.365599233490875,wandb
3150,1784971182.3793683,0.11190352588891983,2.28e-05,2.0759527683258057,3.9041695594787598,26424115200.0,162.69533009374953,24.209200063964524,7.759358994860425,wandb
3155,1784971696.5022278,0.11126411706209183,2.28e-05,2.0381743907928467,3.9558887481689453,26466058240.0,160.2060190091236,23.838788509837997,7.640637342896795,wandb
3160,1784972206.253837,0.10119788348674774,2.28e-05,2.0345916748046875,3.7177863121032715,26508001280.0,165.2947709676943,24.595999022087742,7.883333019899917,wandb
3165,1784972709.6541996,0.10176675021648407,2.28e-05,2.0466349124908447,3.723562240600586,26549944320.0,160.16758801901094,23.833069946633035,7.638804470074691,wandb
3170,1784973227.3149812,0.11398719251155853,2.28e-05,2.061504602432251,3.7896714210510254,26591887360.0,164.48948608903285,24.47617196420743,7.844926911604945,wandb
3175,1784973753.7827892,0.09585252404212952,2.28e-05,2.0571515560150146,3.4944300651550293,26633830400.0,167.16195888337563,24.87383813266147,7.972384016878676,wandb
3180,1784974257.975351,0.09843245893716812,2.28e-05,2.0618345737457275,3.649695634841919,26675773440.0,166.3214710283276,24.748772842696077,7.932298988043615,wandb
3185,1784974785.5233777,0.09156567603349686,2.28e-05,2.051546096801758,3.3745126724243164,26717716480.0,151.059484681579,22.47777661539793,7.20441558185831,wandb
3190,1784975291.5202663,0.10159839689731598,2.28e-05,2.0642199516296387,3.8625848293304443,26759659520.0,155.85085394845026,23.1907363364617,7.432928312968493,wandb
3195,1784975834.735264,0.09609108418226242,2.28e-05,2.0703208446502686,3.4447994232177734,26801602560.0,150.33676379921363,22.37023514864835,7.1699471630283185,wandb
3200,1784976491.6746223,0.10496442764997482,2.28e-05,2.091799736022949,3.519954204559326,26843545600.0,159.34887592308965,23.711244907687387,7.599757983233136,wandb
3205,1785097531.6232224,0.221629336476326,2.28e-05,1.872962474822998,3.1202683448791504,26885488640.0,158.39949446388744,23.56997615910314,7.554479538174084,wandb
3210,1785098052.0385654,0.12353689223527908,2.28e-05,1.802428126335144,3.1374614238739014,26927431680.0,150.8600226051752,22.44809649298722,7.194902722111289,wandb
3215,1785098562.56143,0.12983670830726624,2.28e-05,1.7693222761154175,3.125314474105835,26969374720.0,162.87382355787452,24.23576003947594,7.767871807524339,wandb
3220,1785099070.7195547,0.1305391937494278,2.28e-05,1.7780439853668213,2.958895683288574,27011317760.0,177.2993959339562,26.382297174183645,8.455864478905015,wandb
3225,1785099578.681983,0.14166821539402008,2.28e-05,1.7477556467056274,2.8483285903930664,27053260800.0,154.8800042615427,23.04627309778829,7.386625992880862,wandb
3230,1785100075.5020468,0.12753157317638397,2.28e-05,1.749485969543457,2.955220937728882,27095203840.0,173.68642396113148,25.844683947883855,8.28355254739867,wandb
3235,1785100605.6685772,0.13842269778251648,2.28e-05,1.7631009817123413,3.0099174976348877,27137146880.0,147.03909578499884,21.879539412915435,7.012672888754947,wandb
3240,1785101125.2847311,0.12819768488407135,2.28e-05,1.7434298992156982,2.9638512134552,27179089920.0,153.43057672775333,22.830597078547257,7.317499063636941,wandb
3245,1785101632.6471412,0.13369017839431763,2.28e-05,1.7184600830078125,3.4486613273620605,27221032960.0,157.25778913394262,23.400089459031282,7.500028672766436,wandb
3250,1785102167.0879695,0.12688471376895905,2.28e-05,1.714247703552246,2.930394411087036,27262976000.0,139.08718951875605,20.696289164869373,6.63342601438121,wandb
3255,1785102698.7839065,0.12346851080656052,2.28e-05,1.7568483352661133,3.1412181854248047,27304919040.0,137.22278725572562,20.418864561720632,6.544507872346356,wandb
3260,1785103231.055318,0.11998383700847626,2.28e-05,1.7226227521896362,3.0161972045898438,27346862080.0,156.11508401772795,23.230053989933207,7.445530124978592,wandb
3265,1785103785.9875438,0.12580707669258118,2.28e-05,1.7247234582901,3.563277244567871,27388805120.0,147.13035099943463,21.893118264514207,7.017025084780194,wandb
3270,1785104308.7451246,0.12029106169939041,2.28e-05,1.7097220420837402,3.4929046630859375,27430748160.0,156.26631046268417,23.252556610375958,7.452742503325626,wandb
3275,1785104814.66345,0.12446127831935883,2.28e-05,1.7052208185195923,3.022736072540283,27472691200.0,159.53188746669994,23.738477177173692,7.608486274735157,wandb
3280,1785105326.2035692,0.11711493134498596,2.28e-05,1.6971049308776855,2.633094549179077,27514634240.0,168.97083016214427,25.142999679292437,8.05865374336296,wandb
3285,1785105839.4350915,0.1210121437907219,2.28e-05,1.687242865562439,2.735593318939209,27556577280.0,149.77957728914132,22.28732533379681,7.143373504422056,wandb
3290,1785106352.2115648,0.12355142831802368,2.28e-05,1.6868195533752441,3.212482452392578,27598520320.0,159.0887249095356,23.67253422109089,7.587350711888106,wandb
3295,1785106875.1522949,0.13754715025424957,2.28e-05,1.6709686517715454,2.9927046298980713,27640463360.0,152.04095670416993,22.623820466431614,7.2512245084716715,wandb
3300,1785107620.1779642,0.13409116864204407,2.28e-05,1.6587187051773071,2.8467578887939453,27682406400.0,160.21629700753937,23.840317884527245,7.641127527092067,wandb
3305,1785108184.5226068,0.14517544209957123,2.28e-05,1.7815481424331665,4.286471366882324,27724349440.0,146.7195772528926,21.83199479031658,6.99743422766557,wandb
3310,1785108723.4768677,0.12373794615268707,2.28e-05,1.748375654220581,2.8726351261138916,27766292480.0,148.23416504028208,22.057366709339824,7.0696688170960975,wandb
3315,1785109252.433734,0.11902730166912079,2.28e-05,1.7814512252807617,3.547762393951416,27808235520.0,148.63716186373307,22.117332970931017,7.0888887727343,wandb
3320,1785109791.1692586,0.12004989385604858,2.28e-05,1.768664836883545,3.4538216590881348,27850178560.0,164.42351922031224,24.46635603942624,7.841780781867386,wandb
3325,1785110318.703262,0.11744599044322968,2.28e-05,1.8548094034194946,3.1083791255950928,27892121600.0,151.9561936055338,22.61120764704865,7.24718193815662,wandb
3330,1785110850.5828714,0.11793792247772217,2.28e-05,1.7732582092285156,2.9502038955688477,27934064640.0,133.1044722903308,19.806055878974718,6.348094833004717,wandb
3335,1785111419.083095,0.11867097020149231,2.28e-05,1.7576555013656616,3.001481056213379,27976007680.0,159.25403986413082,23.69713322345349,7.595235007517144,wandb
3340,1785111959.7718341,0.119077168405056,2.28e-05,1.765384316444397,3.197254180908203,28017950720.0,157.70183229317888,23.46616344943279,7.5212062337925625,wandb
3345,1785112499.8737845,0.12653982639312744,2.28e-05,1.7538708448410034,3.7492949962615967,28059893760.0,149.53902772448285,22.2515313590542,7.131901076619937,wandb
3350,1785113029.6292922,0.11655371636152267,2.28e-05,1.7563035488128662,3.0128984451293945,28101836800.0,144.69039276148968,21.530050454909034,6.900657197086229,wandb
3355,1785113582.64483,0.11298568546772003,2.28e-05,1.7368311882019043,3.512972354888916,28143779840.0,146.8400048868438,21.849914522136007,7.0031777314538495,wandb
3360,1785114113.212656,0.11521847546100616,2.28e-05,1.7503830194473267,2.976170539855957,28185722880.0,161.26597168203213,23.996510346733935,7.691189213696774,wandb
3365,1785114637.2949476,0.1240718811750412,2.28e-05,1.7819404602050781,3.3244009017944336,28227665920.0,149.22936532938866,22.20545333781781,7.117132480069811,wandb
3370,1785115164.5990295,0.11866763234138489,2.28e-05,1.7458254098892212,2.8536839485168457,28269608960.0,152.46498145994278,22.68691570179371,7.271447340318495,wandb
3375,1785115716.8525417,0.1591590940952301,2.28e-05,1.7388218641281128,2.9260025024414062,28311552000.0,150.57221871771466,22.405271035817034,7.181176614043921,wandb
3380,1785116220.518225,0.12027008086442947,2.28e-05,1.7534680366516113,3.422003746032715,28353495040.0,168.98130619447176,25.144558521592007,8.05915337230513,wandb
3385,1785116735.0884318,0.11554335802793503,2.28e-05,1.7475316524505615,3.723764181137085,28395438080.0,151.40013916119526,22.528466284517283,7.220662270678615,wandb
3390,1785117269.7968109,0.12799598276615143,2.28e-05,1.7545143365859985,2.736273765563965,28437381120.0,166.0568399894976,24.709395524622604,7.919678052763656,wandb
3395,1785117798.7838416,0.12152698636054993,2.28e-05,1.7587380409240723,3.1267993450164795,28479324160.0,152.29001579497,22.66088066572224,7.263102777475075,wandb
3400,1785118481.8502665,0.12885795533657074,2.28e-05,1.7443718910217285,3.721242666244507,28521267200.0,155.79322514401127,23.18216112256154,7.430179846974853,wandb
3405,1785119024.1886938,0.14316806197166443,2.28e-05,1.7276040315628052,3.6124346256256104,28563210240.0,151.96883589905872,22.613088830811183,7.247784881670252,wandb
3410,1785119549.4839244,0.1409645825624466,2.28e-05,1.730489730834961,3.103518486022949,28605153280.0,164.318668402046,24.450754150700767,7.836780176506656,wandb
3415,1785120068.5510104,0.12912337481975555,2.28e-05,1.7211452722549438,3.141404151916504,28647096320.0,152.61032349614695,22.708542717333387,7.278379076068393,wandb
3420,1785120610.5306892,0.130156472325325,2.28e-05,1.7185330390930176,2.9340763092041016,28689039360.0,149.2987171122955,22.215772940637493,7.120440045076118,wandb
3425,1785121158.2985392,0.13176356256008148,2.28e-05,1.7312678098678589,3.6619768142700195,28730982400.0,145.49427370999285,21.649668606817325,6.938996348338885,wandb
3430,1785121677.9316971,0.13658824563026428,2.28e-05,1.7213927507400513,3.0898056030273438,28772925440.0,158.12532922748247,23.529180144522464,7.541403892475149,wandb
3435,1785122186.352049,0.1361090987920761,2.28e-05,1.704689621925354,3.2189157009124756,28814868480.0,165.87989205871645,24.683065525754674,7.911238950562396,wandb
3440,1785122694.978299,0.13073718547821045,2.28e-05,1.7142767906188965,3.2007272243499756,28856811520.0,160.24446000645955,23.84450856212609,7.642470692989131,wandb
3445,1785123238.55348,0.13480675220489502,2.28e-05,1.7048156261444092,2.9613001346588135,28898754560.0,159.1602816210827,23.683181919121093,7.590763435615735,wandb
3450,1785123779.6527689,0.13412617146968842,2.28e-05,1.7063895463943481,3.5223331451416016,28940697600.0,150.73972126649107,22.43019555400828,7.18916524166932,wandb
3455,1785124298.7007897,0.13248313963413239,2.28e-05,1.7121750116348267,3.243744134902954,28982640640.0,163.0269460484282,24.258544793076247,7.775174613165463,wandb
3460,1785124792.752729,0.12715807557106018,2.28e-05,1.6963441371917725,3.5567917823791504,29024583680.0,151.5621164984268,22.552568646647817,7.228387386746094,wandb
3465,1785125303.82101,0.1296391487121582,2.28e-05,1.6861504316329956,3.068610191345215,29066526720.0,165.8225941804309,24.674539553940637,7.908506267288665,wandb
3470,1785125803.7392273,0.1377755105495453,2.28e-05,1.675384759902954,3.593139410018921,29108469760.0,154.247337366314,22.95213173901903,7.356452480454817,wandb
3475,1785126340.595561,0.14081749320030212,2.28e-05,1.700037956237793,2.9811182022094727,29150412800.0,150.78972358316318,22.437635940203013,7.191549980834298,wandb
3480,1785126892.488703,0.13503161072731018,2.28e-05,1.6874325275421143,2.7775540351867676,29192355840.0,146.45029107864235,21.791924784231416,6.984591276997248,wandb
3485,1785127440.9738271,0.1462869793176651,2.28e-05,1.6738990545272827,2.8488502502441406,29234298880.0,158.4476473561317,23.577141349409022,7.556776073528532,wandb
3490,1785127982.5514498,0.1420169621706009,2.28e-05,1.658044695854187,3.0188510417938232,29276241920.0,149.67533256594118,22.27181363251989,7.138401805294836,wandb
3495,1785128526.5270014,0.140191912651062,2.28e-05,1.6599352359771729,3.1476283073425293,29318184960.0,144.85874012827327,21.55510068272047,6.908686116256563,wandb
3500,1785129205.4377363,0.1368108093738556,2.28e-05,1.6356422901153564,3.6083731651306152,29360128000.0,157.2728922862322,23.40233682061913,7.5007489809676695,wandb
3505,1785237125.0065196,0.11825909465551376,2.28e-05,1.8527193069458008,3.1124513149261475,29402071040.0,133.9697714173795,19.934813106793275,6.389363175254254,wandb
3510,1785237669.0871446,0.11231080442667007,2.28e-05,1.7755612134933472,3.1044983863830566,29444014080.0,153.1397585759154,22.787323096337566,7.303629197544091,wandb
3515,1785238264.3057573,0.11800975352525711,2.28e-05,1.7247084379196167,3.0475449562072754,29485957120.0,118.14792282923403,17.580508913603136,5.634778497949723,wandb
3520,1785238819.8706086,0.11569030582904816,2.28e-05,1.713518500328064,2.8745369911193848,29527900160.0,151.56162601947122,22.5524956629724,7.228363994542438,wandb
3525,1785239347.1943636,0.12283749878406525,2.28e-05,1.672969102859497,2.746990203857422,29569843200.0,147.2074680582706,21.904593346832968,7.020702995779798,wandb
3530,1785239877.8068354,0.12757430970668793,2.28e-05,1.6574205160140991,2.8246960639953613,29611786240.0,153.50488970879138,22.84165491176388,7.321043240949962,wandb
3535,1785240415.6565204,0.1230698749423027,2.28e-05,1.6630287170410156,2.880006790161133,29653729280.0,153.6513100348214,22.86344237772402,7.328026403116673,wandb
3540,1785240958.0571856,0.1219140887260437,2.28e-05,1.635555386543274,2.8370752334594727,29695672320.0,149.08444211183777,22.183888642841126,7.110220718859335,wandb
3545,1785241488.4303977,0.1300193965435028,2.28e-05,1.6060422658920288,3.365288257598877,29737615360.0,152.62947634518585,22.711392677156514,7.2792925247296525,wandb
3550,1785242001.6030684,0.13044200837612152,2.28e-05,1.5959498882293701,2.7980520725250244,29779558400.0,154.98398689583647,23.06174580001856,7.39158519231364,wandb
3555,1785242517.5907083,0.12853054702281952,2.28e-05,1.6468665599822998,3.0027644634246826,29821501440.0,151.14217703629757,22.4900813063684,7.208359393066795,wandb
3560,1785243020.261593,0.1336050033569336,2.28e-05,1.5999237298965454,2.8472721576690674,29863444480.0,168.35065265355777,25.050716751614733,8.029075881927799,wandb
3565,1785243531.6021514,0.13283483684062958,2.28e-05,1.597060203552246,3.475998878479004,29905387520.0,160.2455599503078,23.844672234683046,7.642523152142002,wandb
3570,1785244035.8494797,0.1414588838815689,2.28e-05,1.5811913013458252,3.413760185241699,29947330560.0,161.78673991582122,24.074001091867753,7.716025990983255,wandb
3575,1785244557.5177991,0.13460290431976318,2.28e-05,1.5712089538574219,2.8632233142852783,29989273600.0,147.38978464734,21.93172220650717,7.029398143111273,wandb
3580,1785245062.1433475,0.13151217997074127,2.28e-05,1.5652738809585571,2.4687511920928955,30031216640.0,163.43206831129768,24.318827321815835,7.794495936479434,wandb
3585,1785245565.4216044,0.13433952629566193,2.28e-05,1.5556514263153076,2.5817511081695557,30073159680.0,157.97438787444722,23.506719945994025,7.534205110895521,wandb
3590,1785246052.2019322,0.14733515679836273,2.28e-05,1.5539411306381226,3.131871223449707,30115102720.0,167.37695919888765,24.905830357939518,7.982637935237026,wandb
3595,1785246553.0347853,0.14571742713451385,2.28e-05,1.5375800132751465,2.7489945888519287,30157045760.0,172.29184644318082,25.637169656494418,8.217041556568724,wandb
3600,1785247274.5244298,0.15012437105178833,2.28e-05,1.5255751609802246,2.670982837677002,30198988800.0,172.93792135959907,25.733306139937834,8.247854532031358,wandb
3605,1785247795.5858212,0.17867283523082733,2.28e-05,1.6399853229522705,3.5065441131591797,30240931840.0,156.28255509732287,23.254973825484143,7.453517251757739,wandb
3610,1785248305.6423876,0.1420072764158249,2.28e-05,1.6209993362426758,2.7334980964660645,30282874880.0,161.21676621999376,23.989188533169646,7.688842478580014,wandb
3615,1785248834.7662294,0.13755755126476288,2.28e-05,1.6507424116134644,3.4610724449157715,30324817920.0,138.2885931931629,20.57745736923338,6.595338900395314,wandb
3620,1785249347.6178796,0.13648034632205963,2.28e-05,1.640337347984314,3.3729116916656494,30366760960.0,164.57833049069458,24.4893920848658,7.849164129764678,wandb
3625,1785249858.3187172,0.1367846429347992,2.28e-05,1.7014771699905396,2.919660806655884,30408704000.0,162.8904795599665,24.238238466402382,7.76866617512897,wandb
3630,1785250394.8483493,0.13617201149463654,2.28e-05,1.6486761569976807,2.823706865310669,30450647040.0,154.0164601822463,22.917777022530984,7.345441353375316,wandb
3635,1785250906.1239634,0.13244466483592987,2.28e-05,1.6354939937591553,2.8605763912200928,30492590080.0,164.23918144094608,24.43892642495943,7.8329892387690485,wandb
3640,1785251428.486166,0.13985885679721832,2.28e-05,1.646633505821228,2.9951488971710205,30534533120.0,149.07871758528617,22.183036828542097,7.109947701455799,wandb
3645,1785251923.3783095,0.1378353238105774,2.28e-05,1.6328227519989014,3.6643881797790527,30576476160.0,167.32345051695555,24.89786822168578,7.980085968489032,wandb
3650,1785252439.6489692,0.14157634973526,2.28e-05,1.6398082971572876,2.875453472137451,30618419200.0,154.84975296805834,23.041771680226184,7.385183230841726,wandb
3655,1785252958.0872824,0.13455086946487427,2.28e-05,1.6188130378723145,3.4378821849823,30660362240.0,159.3379117951997,23.709613436363274,7.59923507575746,wandb
3660,1785253466.509997,0.13548643887043,2.28e-05,1.6324023008346558,2.8562045097351074,30702305280.0,155.17503744071507,23.090174279561456,7.400696884474827,wandb
3665,1785253975.4746933,0.1407260000705719,2.28e-05,1.6641945838928223,3.1348981857299805,30744248320.0,150.91583121149625,22.456400859897684,7.197564378172334,wandb
3670,1785254512.6441793,0.1411154717206955,2.28e-05,1.6309785842895508,2.7198526859283447,30786191360.0,149.98610629000393,22.318057020428586,7.153223403983521,wandb
3675,1785255025.756504,0.14398439228534698,2.28e-05,1.625313401222229,2.7991180419921875,30828134400.0,159.8867709532873,23.791284134332454,7.625411581516811,wandb
3680,1785255518.8388247,0.13590998947620392,2.28e-05,1.6398943662643433,3.3476431369781494,30870077440.0,163.56268862141752,24.33826373230338,7.800725555225441,wandb
3685,1785256022.3248057,0.1352016180753708,2.28e-05,1.636272668838501,3.5476346015930176,30912020480.0,166.70802128735085,24.806291841858986,7.950734564698391,wandb
3690,1785256539.3672078,0.14009156823158264,2.28e-05,1.6354089975357056,2.585475206375122,30953963520.0,152.6120426811824,22.708798533492622,7.278461068427124,wandb
3695,1785257055.9476647,0.15115314722061157,2.28e-05,1.645248532295227,2.988308906555176,30995906560.0,153.31550074341138,22.81347367662855,7.312010793791202,wandb
3700,1785257745.4811194,0.16030247509479523,2.28e-05,1.6315587759017944,3.6537415981292725,31037849600.0,175.49423816178253,26.113688200414142,8.369771859107097,wandb
3705,1785258289.4775126,0.15863415598869324,2.28e-05,1.6118078231811523,3.5338611602783203,31079792640.0,150.82412189229504,22.442754437133164,7.193190524722168,wandb
3710,1785258833.0071754,0.16674013435840607,2.28e-05,1.6191455125808716,3.0410287380218506,31121735680.0,161.16132661797633,23.98093907440563,7.686198421283856,wandb
3715,1785259336.2290876,0.1620725393295288,2.28e-05,1.6126160621643066,3.0207414627075195,31163678720.0,159.5966346040836,23.748111604920247,7.611574232346232,wandb
3720,1785259829.6415615,0.15854370594024658,2.28e-05,1.6101024150848389,2.829456090927124,31205621760.0,160.8536521206172,23.935156854001054,7.671524632692646,wandb
3725,1785260317.123332,0.16835257411003113,2.28e-05,1.620436668395996,3.581667184829712,31247564800.0,163.0278194592053,24.25867475732432,7.775216268373179,wandb
3730,1785260834.6819775,0.15647047758102417,2.28e-05,1.60792076587677,2.967644214630127,31289507840.0,166.39236610926784,24.7593220895432,7.935680156904872,wandb
3735,1785261346.9401424,0.1522267907857895,2.28e-05,1.5927941799163818,3.080395460128784,31331450880.0,162.8004305874675,24.224839104604314,7.764371507885997,wandb
3740,1785261886.6066744,0.14851821959018707,2.28e-05,1.6013493537902832,3.1322476863861084,31373393920.0,168.37758440059804,25.054724217912593,8.030360326254037,wandb
3745,1785262389.943536,0.1494726538658142,2.28e-05,1.5931167602539062,2.8374478816986084,31415336960.0,148.3085337117454,22.06843282933792,7.07321565042882,wandb
3750,1785262913.5079458,0.14583232998847961,2.28e-05,1.595259428024292,3.4537315368652344,31457280000.0,158.46792830506342,23.58015917143189,7.557743324176887,wandb
3755,1785263416.7851684,0.14698946475982666,2.28e-05,1.605006217956543,3.079594135284424,31499223040.0,164.73047062753832,24.51203066341926,7.85642008442925,wandb
3760,1785263917.917377,0.14651696383953094,2.28e-05,1.588870882987976,3.4906744956970215,31541166080.0,161.60701317646107,24.047257603978416,7.707454360249492,wandb
3765,1785264427.1497302,0.1528594046831131,2.28e-05,1.5774846076965332,2.9124042987823486,31583109120.0,145.6096048805468,21.66682998065604,6.944496788671807,wandb
3770,1785264933.6381454,0.153730109333992,2.28e-05,1.561922550201416,3.504922866821289,31625052160.0,168.59848105219217,25.08759382289032,8.04089545605459,wandb
3775,1785265443.012515,0.152139350771904,2.28e-05,1.5864791870117188,2.840846300125122,31666995200.0,169.6105619491941,25.238192299824586,8.089164198661726,wandb
3780,1785265961.86614,0.17384883761405945,2.28e-05,1.5927308797836304,2.6496329307556152,31708938240.0,155.66544803547814,23.163147782828364,7.424085827829604,wandb
3785,1785266466.2150047,0.16339239478111267,2.28e-05,1.571184515953064,2.7055301666259766,31750881280.0,164.88502058182561,24.53502782480712,7.863790969489463,wandb
3790,1785266981.0972123,0.1691601723432541,2.28e-05,1.5517734289169312,2.9101600646972656,31792824320.0,158.9192672711479,23.647318783943852,7.579268841007646,wandb
3795,1785267505.319183,0.1780349612236023,2.28e-05,1.5525569915771484,3.0833115577697754,31834767360.0,158.37180364214854,23.565855741860517,7.55315889162196,wandb
3800,1785268162.4189713,0.17743149399757385,2.28e-05,1.5234880447387695,3.5196340084075928,31876710400.0,147.0826732662588,21.886023778271824,7.014751210984559,wandb
3805,1786587460.2794294,0.13624317944049835,2.28e-05,1.7128746509552002,3.043095827102661,31918653440.0,161.3626613817891,24.010897854256076,7.6958005943128445,wandb
3810,1786587982.6669297,0.12846307456493378,2.28e-05,1.6475943326950073,2.9539260864257812,31960596480.0,156.90556247760992,23.347677840418097,7.483230077057081,wandb
3815,1786588502.386105,0.13325104117393494,2.28e-05,1.6017451286315918,2.870227098464966,32002539520.0,161.47550881413682,24.02768964578959,7.701182578778715,wandb
3820,1786589015.7827444,0.14672589302062988,2.28e-05,1.5915429592132568,2.730449676513672,32044482560.0,158.9786926964365,23.65616133651662,7.582102992473276,wandb
3825,1786589562.0305355,0.14731159806251526,2.28e-05,1.5531232357025146,2.5973711013793945,32086425600.0,151.88229150740264,22.600210953549382,7.243657356906852,wandb
3830,1786590100.5140395,0.15470141172409058,2.28e-05,1.5426623821258545,2.685570240020752,32128368640.0,157.84540682677428,23.48752745911825,7.528053672794311,wandb
3835,1786590619.7881958,0.15048032999038696,2.28e-05,1.554632544517517,2.7704083919525146,32170311680.0,154.38380675812584,22.972438497713803,7.362961056959553,wandb
3840,1786591144.5994298,0.14661885797977448,2.28e-05,1.528964638710022,2.7266697883605957,32212254720.0,160.7076001983324,23.91342420682377,7.664559040648644,wandb
3845,1786591649.791267,0.1597394198179245,2.28e-05,1.4990482330322266,3.301687717437744,32254197760.0,159.97392343589866,23.804252496032774,7.629568107702813,wandb
3850,1786592132.0490448,0.15600202977657318,2.28e-05,1.4937067031860352,2.6739249229431152,32296140800.0,162.78723960695964,24.222876275763614,7.763742396078082,wandb
3855,1786592654.628048,0.14283370971679688,2.28e-05,1.551180362701416,2.877833843231201,32338083840.0,150.94936548850745,22.46139078813162,7.19916371414475,wandb
3860,1786593138.3187037,0.15464571118354797,2.28e-05,1.5024378299713135,2.715162515640259,32380026880.0,165.20383035488032,24.582466983471242,7.878995828035654,wandb
3865,1786593642.4491472,0.15985192358493805,2.28e-05,1.5043308734893799,3.410334825515747,32421969920.0,165.4615694442963,24.62081877375545,7.89128806851136,wandb
3870,1786594168.6085575,0.16547268629074097,2.28e-05,1.4874821901321411,3.339388847351074,32463912960.0,150.17701261547617,22.3464640400042,7.162328217950063,wandb
3875,1786594705.3649151,0.16336461901664734,2.28e-05,1.4813333749771118,2.7565503120422363,32505856000.0,154.65904322410165,23.013393912143137,7.37608779235357,wandb
3880,1786595265.2637305,0.1615338921546936,2.28e-05,1.4790699481964111,2.3714191913604736,32547799040.0,144.17630664277146,21.453554014040176,6.876139107064159,wandb
3885,1786595781.5959568,0.16370603442192078,2.28e-05,1.466199278831482,2.4747371673583984,32589742080.0,148.64329971963153,22.11824628897969,7.089181502878105,wandb
3890,1786596318.8862443,0.16724230349063873,2.28e-05,1.467049479484558,3.089576482772827,32631685120.0,164.02365435581504,24.406855815925148,7.822710197411905,wandb
3895,1786596826.7403896,0.16485705971717834,2.28e-05,1.4516876935958862,2.578640937805176,32673628160.0,168.46614030774336,25.06790141034763,8.03458378536783,wandb
3900,1786597552.5304887,0.17389288544654846,2.28e-05,1.4410823583602905,2.5415730476379395,32715571200.0,164.14788188605803,24.425340975464586,7.828634928033521,wandb
3905,1786598085.7833726,0.18784263730049133,2.28e-05,1.5418286323547363,3.3121490478515625,32757514240.0,151.7413980417746,22.579245889001253,7.236937784936299,wandb
3910,1786598620.107072,0.15636201202869415,2.28e-05,1.536336898803711,2.625732898712158,32799457280.0,152.5464674800702,22.69904088917643,7.275333618325779,wandb
3915,1786599136.7336295,0.15800580382347107,2.28e-05,1.567552089691162,3.4027130603790283,32841400320.0,170.53209042146003,25.37531650085033,8.133114263093054,wandb
3920,1786599653.5965614,0.163992777466774,2.28e-05,1.5649899244308472,3.3167171478271484,32883343360.0,156.80340880140344,23.332477288668226,7.47835810534238,wandb
3925,1786600176.6612248,0.15529721975326538,2.28e-05,1.613677978515625,2.795619010925293,32925286400.0,158.24960102358824,23.547671890859004,7.547330734249681,wandb
3930,1786600675.8342705,0.16405922174453735,2.28e-05,1.5727694034576416,2.734353542327881,32967229440.0,161.8020557108132,24.076280094866092,7.716756440662208,wandb
3935,1786601205.8194392,0.1471717655658722,2.28e-05,1.5531967878341675,2.7665457725524902,33009172480.0,149.2381828800617,22.206765396671585,7.117553011753714,wandb
3940,1786601734.4073186,0.15348221361637115,2.28e-05,1.5623613595962524,2.845991611480713,33051115520.0,149.81560607531256,22.292686447062813,7.145091809956029,wandb
3945,1786602265.1170328,0.15975195169448853,2.28e-05,1.5534825325012207,3.6008481979370117,33093058560.0,157.79783967458917,23.480449427419007,7.5257850728907085,wandb
3950,1786602785.6071947,0.15345408022403717,2.28e-05,1.5607519149780273,2.7627816200256348,33135001600.0,165.30270758763314,24.597179997717593,7.883711537729996,wandb
3955,1786603288.3220043,0.15672703087329865,2.28e-05,1.5393762588500977,3.3777377605438232,33176944640.0,156.9681218127095,23.356986721370134,7.486213692746836,wandb
3960,1786603805.123845,0.14608705043792725,2.28e-05,1.5526368618011475,2.778512954711914,33218887680.0,159.4439403785744,23.72539057751378,7.604291851767237,wandb
3965,1786604333.6032,0.15110449492931366,2.28e-05,1.5801184177398682,2.9918603897094727,33260830720.0,148.62977225783982,22.11623339144487,7.088536343411817,wandb
3970,1786604859.0004296,0.15734107792377472,2.28e-05,1.5481879711151123,2.6155800819396973,33302773760.0,153.6074213008848,22.85691169771118,7.325933236445891,wandb
3975,1786605382.761632,0.1671764850616455,2.28e-05,1.5467872619628906,3.2085471153259277,33344716800.0,153.10021181665735,22.781438505758306,7.301743110819969,wandb
3980,1786605908.7087386,0.14789386093616486,2.28e-05,1.5604161024093628,3.2876884937286377,33386659840.0,154.6004769045022,23.004679195209487,7.373294613849196,wandb
3985,1786606428.6842873,0.16222494840621948,2.28e-05,1.5586086511611938,3.403151273727417,33428602880.0,158.68645363936875,23.612675922430174,7.568165359753261,wandb
3990,1786606949.8446414,0.15583522617816925,2.28e-05,1.5564881563186646,2.488086700439453,33470545920.0,153.3558699863488,22.819480653461504,7.313936106878687,wandb
3995,1786607456.3351357,0.15300992131233215,2.28e-05,1.568608283996582,2.8725316524505615,33512488960.0,167.41783415223077,24.911912584900296,7.984587366955223,wandb
4000,1786608131.7638872,0.15382394194602966,2.28e-05,1.5460149049758911,3.605337142944336,33554432000.0,150.10734414005302,22.336097313075413,7.159005549062632,wandb
4005,1786608669.45995,0.1529497355222702,2.28e-05,1.5245997905731201,3.480818271636963,33596375040.0,154.63604514601138,23.00997177904778,7.374990954823007,wandb
4010,1786609163.1125922,0.16433019936084747,2.28e-05,1.527941346168518,2.9805068969726562,33638318080.0,162.6726231085524,24.205821245733105,7.758276040299072,wandb
4015,1786609704.7069473,0.1628550887107849,2.28e-05,1.5197261571884155,2.903202772140503,33680261120.0,151.3141052050317,22.515664360480137,7.21655908989748,wandb
4020,1786610221.4074652,0.15982767939567566,2.28e-05,1.5122218132019043,2.7154176235198975,33722204160.0,168.5561403676985,25.081293493918604,8.038876119845707,wandb
4025,1786610756.4242637,0.17209187150001526,2.28e-05,1.5230313539505005,3.5108482837677,33764147200.0,164.4050582300086,24.46360902875678,7.8409003297297355,wandb
4030,1786611278.1755571,0.1790647655725479,2.28e-05,1.512192964553833,2.854051113128662,33806090240.0,154.0033332867096,22.91582372958715,7.344815297944599,wandb
4035,1786611791.359205,0.1666579395532608,2.28e-05,1.4966484308242798,2.965453624725342,33848033280.0,158.1742281894978,23.536456350629102,7.543736009817019,wandb
4040,1786612312.8867803,0.16261452436447144,2.28e-05,1.5010311603546143,3.067021369934082,33889976320.0,157.91968555173156,23.49858019500164,7.53159621634668,wandb
4045,1786612850.2855744,0.16663430631160736,2.28e-05,1.4950745105743408,2.721830368041992,33931919360.0,150.56930254518016,22.404837106925115,7.181037534270869,wandb
4050,1786613388.504183,0.16669534146785736,2.28e-05,1.4977086782455444,3.3892822265625,33973862400.0,149.2682020017139,22.211232266872496,7.118984700920671,wandb
4055,1786613894.3937645,0.17413684725761414,2.28e-05,1.5106106996536255,2.93231201171875,34015805440.0,167.81997476564013,24.971751441727122,8.003766487733051,wandb
4060,1786614410.3256125,0.16825026273727417,2.28e-05,1.4955956935882568,3.4295167922973633,34057748480.0,159.14752284178402,23.68128340217881,7.590154936595773,wandb
4065,1786614911.7192194,0.1665487438440323,2.28e-05,1.4856231212615967,2.792840003967285,34099691520.0,154.3452750184097,22.966704942884274,7.361123379129575,wandb
4070,1786615445.8198829,0.1656099110841751,2.28e-05,1.4691276550292969,3.4204254150390625,34141634560.0,144.6728335452253,21.52743762896458,6.899819752873263,wandb
4075,1786615981.90238,0.16694572567939758,2.28e-05,1.4969396591186523,2.738596200942993,34183577600.0,163.08084007655265,24.266564269163027,7.777744958065072,wandb
4080,1786616508.9167688,0.1555638313293457,2.28e-05,1.4840835332870483,2.5286951065063477,34225520640.0,155.30387138917223,23.109344877951916,7.4068413070358705,wandb
4085,1786617020.7624185,0.16213291883468628,2.28e-05,1.4653100967407227,2.5885958671569824,34267463680.0,161.18729701504057,23.984803491029673,7.687437016355665,wandb
4090,1786617538.3112023,0.17305921018123627,2.28e-05,1.4466049671173096,2.78568696975708,34309406720.0,160.86902049462435,23.93744368080046,7.672257590000149,wandb
4095,1786618072.2683377,0.1889670193195343,2.28e-05,1.4476594924926758,3.00600528717041,34351349760.0,155.3880800429776,23.12187519548418,7.410857434450057,wandb
4100,1786618757.4184527,0.20184452831745148,2.28e-05,1.4208790063858032,3.424062728881836,34393292800.0,151.40042274553704,22.528508482102556,7.220675795545691,wandb
4105,1786630756.7350788,0.163277730345726,2.28e-05,1.596517562866211,2.9743728637695312,34435235840.0,148.91199757581796,22.15822875284898,7.101996395143905,wandb
4110,1786631264.964794,0.15329138934612274,2.28e-05,1.5494437217712402,2.83638334274292,34477178880.0,165.49202507616636,24.625350597038832,7.892740575973986,wandb
4115,1786631800.6947808,0.146720752120018,2.28e-05,1.5061811208724976,2.766037940979004,34519121920.0,161.0361074169341,23.96230635342873,7.680226395329721,wandb
4120,1786632305.8208966,0.39262187480926514,2.28e-05,1.4939019680023193,2.611295461654663,34561064960.0,150.632324263667,22.414214790908684,7.184043202214322,wandb
4125,1786632813.093024,0.1910298764705658,2.28e-05,1.5053354501724243,2.5406999588012695,34603008000.0,162.45828888703895,24.17392813579453,7.748053889677734,wandb
4130,1786633323.2940745,0.18770521879196167,2.28e-05,1.479076623916626,2.5940496921539307,34644951040.0,159.131386511823,23.67888230289649,7.589385353492465,wandb
4135,1786633873.7129726,0.1718323677778244,2.28e-05,1.4916402101516724,2.737027406692505,34686894080.0,145.38546709433447,21.633478092158796,6.933807080820127,wandb
4140,1786634423.0338895,0.1693451851606369,2.28e-05,1.4589015245437622,2.6589252948760986,34728837120.0,150.7643314275816,22.4338575663912,7.190338963586923,wandb
4145,1786634935.7859855,0.16914233565330505,2.28e-05,1.4327071905136108,3.233935832977295,34770780160.0,160.16330182960738,23.832432158094647,7.638600050671361,wandb
4150,1786635450.2491794,0.17967405915260315,2.28e-05,1.4298627376556396,2.6374783515930176,34812723200.0,161.19604234074868,23.986104802748763,7.687854103445115,wandb
4155,1786635944.7006774,0.17507511377334595,2.28e-05,1.4868097305297852,2.7834725379943848,34854666240.0,160.04252632488235,23.814460662815527,7.632839956030619,wandb
4160,1786636437.6638143,0.17557528614997864,2.28e-05,1.4362573623657227,2.6235804557800293,34896609280.0,155.6084664710092,23.154668878772597,7.421368230375833,wandb
4165,1786636944.503037,0.1824500560760498,2.28e-05,1.440854787826538,3.3572611808776855,34938552320.0,166.49165268922602,24.774096014993237,7.94041538942091,wandb
4170,1786637431.8568492,0.17998409271240234,2.28e-05,1.4233791828155518,3.298104763031006,34980495360.0,161.5878104514454,24.044400222568573,7.706538532874544,wandb
4175,1786637932.8190994,0.18005990982055664,2.28e-05,1.4194185733795166,2.6819772720336914,35022438400.0,158.44394511522725,23.57659045289165,7.556599504131939,wandb
4180,1786638456.3971574,0.17414440214633942,2.28e-05,1.4087194204330444,2.283952236175537,35064381440.0,154.8639718587092,23.043887462948746,7.385861366329726,wandb
4185,1786638974.8147604,0.17947398126125336,2.28e-05,1.3970204591751099,2.402820587158203,35106324480.0,153.93874745391776,22.906213304097648,7.341735033364632,wandb
4190,1786639472.6823516,0.17306995391845703,2.28e-05,1.397767186164856,3.050776720046997,35148267520.0,165.04867765663354,24.559380133282264,7.871596196564829,wandb
4195,1786639979.7620916,0.17990371584892273,2.28e-05,1.3821567296981812,2.4364728927612305,35190210560.0,169.93583261026143,25.286592843983904,8.104677193584584,wandb
4200,1786640693.189788,0.18631310760974884,2.28e-05,1.3689769506454468,2.4589600563049316,35232153600.0,166.5863165063643,24.78818206950137,7.94493015048121,wandb
4205,1786641210.3187783,0.19712461531162262,2.28e-05,1.45817232131958,3.1070492267608643,35274096640.0,151.23750219818305,22.50426576952346,7.212905695360084,wandb
4210,1786641720.7120948,0.17211894690990448,2.28e-05,1.4655824899673462,2.529588460922241,35316039680.0,161.1052626225202,23.972596705380035,7.683524585057704,wandb
4215,1786642209.4044552,0.17052169144153595,2.28e-05,1.4942277669906616,3.340399742126465,35357982720.0,163.8086218858316,24.37485880603508,7.8124547455240645,wandb
4220,1786642710.9851804,0.16078735888004303,2.28e-05,1.4777480363845825,3.2496166229248047,35399925760.0,158.36521722253823,23.56487567715946,7.55284476832034,wandb
4225,1786643197.3446724,0.15926094353199005,2.28e-05,1.5181782245635986,2.6855385303497314,35441868800.0,166.5750595329603,24.78650702252187,7.9443932764493175,wandb
4230,1786643707.6751974,0.16420978307724,2.28e-05,1.485150933265686,2.68820858001709,35483811840.0,155.02271824601067,23.067509057049808,7.393432390080068,wandb
4235,1786644228.139601,0.1634165197610855,2.28e-05,1.4647575616836548,2.6638710498809814,35525754880.0,155.85042037609927,23.190671820536245,7.432907634787258,wandb
4240,1786644736.134667,0.15947914123535156,2.28e-05,1.4710029363632202,2.6851022243499756,35567697920.0,158.20265248800578,23.54068590982334,7.545091637763891,wandb
4245,1786645252.3442094,0.15912304818630219,2.28e-05,1.4618421792984009,3.5223331451416016,35609640960.0,166.76736662295775,24.815122477020683,7.953564896480989,wandb
4250,1786645788.3672717,0.16121113300323486,2.28e-05,1.4716044664382935,2.6678009033203125,35651584000.0,153.1821218770497,22.793626790684165,7.305649612398771,wandb
4255,1786646307.4390676,0.16413384675979614,2.28e-05,1.4503384828567505,3.3321404457092285,35693527040.0,159.8147162740142,23.780562338291578,7.621975108426787,wandb
4260,1786646807.7950175,0.19619503617286682,2.28e-05,1.4720901250839233,2.692573070526123,35735470080.0,166.08110271813405,24.713005838768183,7.920835204733392,wandb
4265,1786647333.118415,0.16464263200759888,2.28e-05,1.490511417388916,2.822449207305908,35777413120.0,163.63846278700223,24.349538990992503,7.804339420189906,wandb
4270,1786647819.907981,0.16685175895690918,2.28e-05,1.458328366279602,2.491701364517212,35819356160.0,162.6507824707252,24.20257134070892,7.757234404073373,wandb
4275,1786648323.6914945,0.16948987543582916,2.28e-05,1.4580061435699463,2.5962934494018555,35861299200.0,166.94670677565216,24.84180844049351,7.962118089901766,wandb
4280,1786648819.1408203,0.1752876341342926,2.28e-05,1.4743638038635254,3.2303290367126465,35903242240.0,176.39869500557435,26.248272128963052,8.412907733642003,wandb
4285,1786649302.8184774,0.17493464052677155,2.28e-05,1.468327522277832,3.202470302581787,35945185280.0,162.27579179974984,24.14677241783553,7.739350133921643,wandb
4290,1786649793.5304043,0.16999788582324982,2.28e-05,1.4719793796539307,2.3830058574676514,35987128320.0,173.013500749113,25.744552415786078,8.251459107623742,wandb
4295,1786650325.1382754,0.16697154939174652,2.28e-05,1.4797519445419312,2.7553153038024902,36029071360.0,134.70150484437033,20.043695647658485,6.424261425531565,wandb
4300,1786651010.511355,0.16840551793575287,2.28e-05,1.4632439613342285,3.5410614013671875,36071014400.0,155.58826946392784,23.151663547366688,7.420404983130347,wandb
4305,1786651536.1903913,0.17935818433761597,2.28e-05,1.4451473951339722,3.4233057498931885,36112957440.0,148.3908375239713,22.080679704863208,7.077140931045899,wandb
4310,1786652053.5632153,0.18133331835269928,2.28e-05,1.4486514329910278,2.929926872253418,36154900480.0,158.7330424665462,23.61960837855682,7.570387300819494,wandb
4315,1786652594.9953043,0.18297480046749115,2.28e-05,1.4405620098114014,2.7877259254455566,36196843520.0,134.15906994567501,19.96298088481542,6.398391309235711,wandb
4320,1786653125.733573,0.18775102496147156,2.28e-05,1.4344801902770996,2.6318624019622803,36238786560.0,162.67000485712427,24.205431647748917,7.7581511691502945,wandb
4325,1786653649.1902778,0.18341705203056335,2.28e-05,1.4453203678131104,3.4512834548950195,36280729600.0,164.34262580288942,24.45431903181749,7.83792276660817,wandb
4330,1786654169.1886322,0.19161497056484222,2.28e-05,1.4335285425186157,2.7506604194641113,36322672640.0,149.04578237179672,22.178136041457083,7.10837693636445,wandb
4335,1786654677.6234102,0.189582958817482,2.28e-05,1.4230259656906128,2.8480637073516846,36364615680.0,159.91018594401277,23.79476830437373,7.626528302683888,wandb
4340,1786655224.721166,0.2020682543516159,2.28e-05,1.4263309240341187,3.013587713241577,36406558720.0,156.61680295696902,23.304710184238036,7.469458392383985,wandb
4345,1786655731.5633311,0.18961505591869354,2.28e-05,1.4163689613342285,2.639901876449585,36448501760.0,153.23158465507348,22.80098689308051,7.308008619577087,wandb
4350,1786656247.3617427,0.19830918312072754,2.28e-05,1.4226568937301636,3.3355307579040527,36490444800.0,147.9841102753432,22.020158352911498,7.057743061830608,wandb
4355,1786656744.7977488,0.18470868468284607,2.28e-05,1.4316681623458862,2.8080267906188965,36532387840.0,163.8883089359459,24.386716305187715,7.8162552260217035,wandb
4360,1786657260.6215525,0.18619243800640106,2.28e-05,1.4201442003250122,3.3624956607818604,36574330880.0,163.79320895554986,24.372565349225056,7.811719663213158,wandb
4365,1786657770.5582092,0.19133050739765167,2.28e-05,1.4114052057266235,2.7039692401885986,36616273920.0,159.8364996756448,23.783803726522237,7.623014014910974,wandb
4370,1786658303.531317,0.1904693990945816,2.28e-05,1.3966467380523682,3.3777079582214355,36658216960.0,158.50630694062409,23.585869944236094,7.5595737000756715,wandb
4375,1786658819.9560318,0.180632546544075,2.28e-05,1.4194819927215576,2.640075206756592,36700160000.0,163.48249914457753,24.326331471637225,7.796901112704239,wandb
4380,1786659323.6260133,0.20338670909404755,2.28e-05,1.4201689958572388,2.4475009441375732,36742103040.0,169.13195808401233,25.16697564771235,8.066338348625752,wandb
4385,1786659846.557502,0.20307870209217072,2.28e-05,1.3995128870010376,2.514218330383301,36784046080.0,164.50055289484135,24.477818714090983,7.845454716054803,wandb
4390,1786660338.315295,0.18547041714191437,2.28e-05,1.373846173286438,2.68404483795166,36825989120.0,161.50065903728537,24.031432019854694,7.702382057645735,wandb
4395,1786660839.814564,0.18225997686386108,2.28e-05,1.3727220296859741,2.966341972351074,36867932160.0,171.8349601892285,25.569184602946578,8.19525147530339,wandb
4400,1786661506.5443895,0.20388543605804443,2.28e-05,1.3457708358764648,3.367452383041382,36909875200.0,153.84774927745622,22.892672699962645,7.337395096141873,wandb
4405,1786662040.9574373,0.21271373331546783,2.28e-05,2.2344446182250977,3.46640944480896,36951818240.0,142.7556685433163,21.24216188650718,6.808385220034353,wandb
4410,1786662603.5297265,0.15720732510089874,2.28e-05,2.186514139175415,3.649134397506714,36993761280.0,146.31464492260966,21.771740523703404,6.978121962725449,wandb
4415,1786663140.5469308,0.15108953416347504,2.28e-05,2.1786370277404785,3.602355480194092,37035704320.0,159.05956438127882,23.66819511029937,7.585959971249798,wandb
4420,1786663652.3617842,0.16544614732265472,2.28e-05,2.173827886581421,3.75913667678833,37077647360.0,161.32765221955026,24.005688461876936,7.694130917268248,wandb
4425,1786664177.6572323,0.15682552754878998,2.28e-05,2.152470111846924,3.5326225757598877,37119590400.0,155.18280900943162,23.091330695432532,7.4010675305873495,wandb
4430,1786664691.8527987,0.1578461229801178,2.28e-05,2.169123888015747,3.8630857467651367,37161533440.0,159.56078785879922,23.742777579489204,7.609864608810643,wandb
4435,1786665207.2634275,0.16525684297084808,2.28e-05,2.10886287689209,3.995403289794922,37203476480.0,158.16026932276503,23.534379259681224,7.543070275538854,wandb
4440,1786665724.2975056,0.12127300351858139,2.28e-05,2.1443533897399902,3.7835464477539062,37245419520.0,150.8363994610009,22.4445813495401,7.193776073570546,wandb
4445,1786666250.9916945,0.16311690211296082,2.28e-05,2.138806104660034,3.2911744117736816,37287362560.0,152.9021871864869,22.75197227653939,7.29229880658314,wandb
4450,1786666791.0641446,0.11969324201345444,2.28e-05,2.1381094455718994,3.965576648712158,37329305600.0,149.39278730719013,22.229770663663395,7.124926494763908,wandb
4455,1786667334.6253433,0.16162382066249847,2.28e-05,2.09521222114563,3.999898910522461,37371248640.0,154.36069196546745,22.968998997393903,7.361858653010866,wandb
4460,1786667846.225802,0.1067219153046608,2.28e-05,2.08766508102417,3.7482502460479736,37413191680.0,172.26518125391777,25.633201854214903,8.21576982506888,wandb
4465,1786668363.073504,0.1216687336564064,2.28e-05,2.0977141857147217,3.7493865489959717,37455134720.0,170.63428019921597,25.390522424540702,8.13798795658356,wandb
4470,1786668904.6394083,0.1286284178495407,2.28e-05,2.1078548431396484,3.8321657180786133,37497077760.0,153.6874045603754,22.8688132730647,7.329747843930994,wandb
4475,1786669462.5568671,0.10975512862205505,2.28e-05,2.101454019546509,3.4846506118774414,37539020800.0,132.79586415397884,19.760134732313617,6.333376516767184,wandb
4480,1786669984.532709,0.10705739259719849,2.28e-05,2.1032650470733643,3.669640302658081,37580963840.0,161.60796964882448,24.04739992785943,7.707499976878022,wandb
4485,1786670488.2795691,0.11196482926607132,2.28e-05,2.0886642932891846,3.3943331241607666,37622906880.0,165.5980377844168,24.641125375957678,7.897796594858231,wandb
4490,1786671003.1013095,0.13699336349964142,2.28e-05,2.0983242988586426,3.903212547302246,37664849920.0,162.09366055813484,24.119671138016276,7.73066382628727,wandb
4495,1786671522.6324127,0.1257902979850769,2.28e-05,2.101322650909424,3.468804359436035,37706792960.0,158.90564282993608,23.64529145579088,7.578619056343231,wandb
4500,1786672187.2233443,0.12486977130174637,2.28e-05,2.1218507289886475,3.5514674186706543,37748736000.0,169.33707345282275,25.197496984722232,8.076120828436613,wandb
4505,1786685209.3316092,0.16466595232486725,2.28e-05,1.7433897256851196,3.0560131072998047,37790679040.0,149.90957532547122,22.306669149428277,7.149573445329575,wandb
4510,1786685731.733761,0.128017857670784,2.28e-05,1.6482601165771484,2.937063217163086,37832622080.0,164.6567255137916,24.501057329326603,7.852902990168782,wandb
4515,1786686242.1742625,0.12379998713731766,2.28e-05,1.5761526823043823,2.8298122882843018,37874565120.0,154.19771242609465,22.94474750675348,7.354085739344064,wandb
4520,1786686737.2917774,0.11519985646009445,2.28e-05,1.5472573041915894,2.65437650680542,37916508160.0,165.4619312551283,24.62087261150735,7.891305324201074,wandb
4525,1786687242.1478858,0.12787394225597382,2.28e-05,1.502098798751831,2.525963544845581,37958451200.0,162.7419661553219,24.216139548608307,7.761583188656508,wandb
4530,1786687753.4114504,0.1291772574186325,2.28e-05,1.4689761400222778,2.5644052028656006,38000394240.0,165.93924776332383,24.69189770383225,7.914069776869311,wandb
4535,1786688261.2253978,0.12657774984836578,2.28e-05,1.4736697673797607,2.7450292110443115,38042337280.0,151.02578469031914,22.472762028746345,7.202808342546905,wandb
4540,1786688775.5918245,0.1246059313416481,2.28e-05,1.436072826385498,2.644498825073242,38084280320.0,153.65360192429412,22.863783412778545,7.328135709223893,wandb
4545,1786689328.0519958,0.12831787765026093,2.28e-05,1.4025801420211792,3.222109794616699,38126223360.0,156.5519849973293,23.295065218081035,7.466367057077255,wandb
4550,1786689837.452021,0.13473749160766602,2.28e-05,1.3907777070999146,2.5617289543151855,38168166400.0,162.10067764896016,24.12071528695134,7.73099848940748,wandb
4555,1786690344.852307,0.1373164802789688,2.28e-05,1.4411541223526,2.7037911415100098,38210109440.0,169.04613643324183,25.154205314893787,8.062245293235188,wandb
4560,1786690880.3266308,0.14078457653522491,2.28e-05,1.3886669874191284,2.564922571182251,38252052480.0,155.5662355842026,23.14838488778779,7.4193541307012145,wandb
4565,1786691399.6460755,0.14827291667461395,2.28e-05,1.38783597946167,3.310953378677368,38293995520.0,152.59822634552734,22.70674265128733,7.277802131822862,wandb
4570,1786691925.9845831,0.1459551453590393,2.28e-05,1.371577501296997,3.252178192138672,38335938560.0,151.93289849088055,22.607741314666352,7.246070934187933,wandb
4575,1786692460.0744338,0.16259163618087769,2.28e-05,1.3663443326950073,2.6100692749023438,38377881600.0,167.29350742696738,24.893412665059547,7.978657905467803,wandb
4580,1786692977.725379,0.15476496517658234,2.28e-05,1.355425238609314,2.2062644958496094,38419824640.0,169.75859542972498,25.26021980451247,8.0962242963181,wandb
4585,1786693502.5692012,0.1574346274137497,2.28e-05,1.3433482646942139,2.333292007446289,38461767680.0,159.2676301213156,23.699155464994888,7.595883161857336,wandb
4590,1786694042.044018,0.16016188263893127,2.28e-05,1.3482903242111206,3.0149712562561035,38503710720.0,164.7287698516602,24.5117775865579,7.856338970050609,wandb
4595,1786694538.212162,0.1647266447544098,2.28e-05,1.3342043161392212,2.4236011505126953,38545653760.0,161.67621719911733,24.057555219950252,7.710754878189184,wandb
4600,1786695261.635594,0.1745535433292389,2.28e-05,1.3202416896820068,2.399839401245117,38587596800.0,153.9011954256651,22.9006255311465,7.339944080495673,wandb
4605,1786695785.1034377,0.19613473117351532,2.28e-05,1.4083564281463623,3.0126891136169434,38629539840.0,151.9916204698714,22.616479193846548,7.248871536489279,wandb
4610,1786696294.2724664,0.16078966856002808,2.28e-05,1.419480562210083,2.4690418243408203,38671482880.0,160.1044534967663,23.823675477356733,7.635793422229723,wandb
4615,1786696815.399752,0.15851570665836334,2.28e-05,1.4470058679580688,3.302518844604492,38713425920.0,149.96241202242368,22.31453129375967,7.15209336338451,wandb
4620,1786697325.804992,0.15318810939788818,2.28e-05,1.4360787868499756,3.2227790355682373,38755368960.0,162.7867249564574,24.222799695342008,7.763717851071157,wandb
4625,1786697861.6212711,0.15800027549266815,2.28e-05,1.4690529108047485,2.6135034561157227,38797312000.0,159.72481725659856,23.76718528993429,7.617687592927657,wandb
4630,1786698369.364822,0.16197717189788818,2.28e-05,1.4440951347351074,2.6712310314178467,38839255040.0,155.70109698032186,23.168452375389773,7.425786017753133,wandb
4635,1786698850.7867928,0.16982892155647278,2.28e-05,1.4258800745010376,2.603893518447876,38881198080.0,167.33132006508868,24.899039216975307,7.980461287492086,wandb
4640,1786699399.2547674,0.17056311666965485,2.28e-05,1.4302815198898315,2.621156692504883,38923141120.0,141.73629991646996,21.09047898932733,6.759768906835683,wandb
4645,1786699903.3354952,0.1695708930492401,2.28e-05,1.4247831106185913,3.4905145168304443,38965084160.0,163.5297926552568,24.333368785253434,7.799156661940204,wandb
4650,1786700401.4543564,0.17300346493721008,2.28e-05,1.4343366622924805,2.618450403213501,39007027200.0,159.7177542547453,23.76613430940019,7.617350740192369,wandb
4655,1786700888.641863,0.16391099989414215,2.28e-05,1.4150421619415283,3.312232732772827,39048970240.0,166.79629967233055,24.819427738765587,7.954944788065893,wandb
4660,1786701399.1222835,0.1646965593099594,2.28e-05,1.4355968236923218,2.6435418128967285,39090913280.0,164.0726640000857,24.41414849164318,7.825047593475378,wandb
4665,1786701910.9695392,0.17834988236427307,2.28e-05,1.4551410675048828,2.7493162155151367,39132856320.0,160.86131682325276,23.936297368110637,7.671890182086742,wandb
4670,1786702420.2416937,0.17369133234024048,2.28e-05,1.423040509223938,2.4619832038879395,39174799360.0,162.8355005091192,24.23005753803448,7.766044082703359,wandb
4675,1786702924.9758236,0.17563463747501373,2.28e-05,1.4215835332870483,2.5320451259613037,39216742400.0,171.58057330191784,25.531331623116095,8.183119109973108,wandb
4680,1786703442.4035392,0.17371414601802826,2.28e-05,1.4379334449768066,3.2070250511169434,39258685440.0,155.22859309172202,23.098143404852493,7.403251091298875,wandb
4685,1786703931.690041,0.17767652869224548,2.28e-05,1.435028076171875,3.1339592933654785,39300628480.0,173.81644905809122,25.86403179015948,8.28975377889727,wandb
4690,1786704465.9150655,0.1716863363981247,2.28e-05,1.4376754760742188,2.331211805343628,39342571520.0,151.5938651934181,22.55729287879616,7.229901563716718,wandb
4695,1786704979.4119496,0.18100081384181976,2.28e-05,1.4482226371765137,2.700404644012451,39384514560.0,180.04638851684942,26.791051948983682,8.586875624674258,wandb
4700,1786705622.4601188,0.1777220219373703,2.28e-05,1.4332557916641235,3.5102150440216064,39426457600.0,177.21502159927962,26.369742203200325,8.451840449743694,wandb
4705,1786706122.224949,0.1779738962650299,2.28e-05,1.4117597341537476,3.3792223930358887,39468400640.0,152.6827351917984,22.71931763770748,7.281832576188295,wandb
4710,1786706635.3585405,0.18420545756816864,2.28e-05,1.4128416776657104,2.901394844055176,39510343680.0,153.36657204228075,22.821073128260892,7.314446515468234,wandb
4715,1786707136.5733442,0.1733517199754715,2.28e-05,1.406105399131775,2.7471890449523926,39552286720.0,158.96290894027496,23.653812700508105,7.581350224521828,wandb
4720,1786707635.13417,0.18624453246593475,2.28e-05,1.3987740278244019,2.564084529876709,39594229760.0,167.1772523603233,24.876113814716305,7.973113402152662,wandb
4725,1786708136.3821204,0.19198594987392426,2.28e-05,1.408602237701416,3.4300537109375,39636172800.0,155.61997910835004,23.156381968757955,7.4219172976788315,wandb
4730,1786708625.4414809,0.20106464624404907,2.28e-05,1.3972231149673462,2.7002735137939453,39678115840.0,171.3812493009255,25.501672046441136,8.1736128353978,wandb
4735,1786709131.5374594,0.1983645260334015,2.28e-05,1.3855952024459839,2.7915380001068115,39720058880.0,165.97716066643153,24.697539175261156,7.915877940788832,wandb
4740,1786709652.0065196,0.1916036307811737,2.28e-05,1.3882616758346558,2.9905307292938232,39762001920.0,149.84183322041773,22.296589068008306,7.146342650002662,wandb
4745,1786710182.0792608,0.18625213205814362,2.28e-05,1.3748317956924438,2.5761332511901855,39803944960.0,143.8814639666797,21.40968117928341,6.862077301052375,wandb
4750,1786710749.2097921,0.18695899844169617,2.28e-05,1.377273440361023,3.2996010780334473,39845888000.0,143.0280864610906,21.282697898626317,6.821377531610999,wandb
4755,1786711289.7761812,0.19800728559494019,2.28e-05,1.3824764490127563,2.6933646202087402,39887831040.0,163.92917918762836,24.392797832537486,7.8182044335056045,wandb
4760,1786711787.9441934,0.1939105987548828,2.28e-05,1.3709638118743896,3.335408926010132,39929774080.0,157.9587850641375,23.50439823487834,7.533460972717417,wandb
4765,1786712272.0327764,0.19887512922286987,2.28e-05,1.358649492263794,2.6463541984558105,39971717120.0,167.026932259812,24.853746059078723,7.965944249704718,wandb
4770,1786712807.8919148,0.18936991691589355,2.28e-05,1.3414515256881714,3.3078513145446777,40013660160.0,160.42959373040958,23.872056613807167,7.651300196733067,wandb
4775,1786713305.2583895,0.2052902728319168,2.28e-05,1.3600242137908936,2.557799816131592,40055603200.0,158.72290735619148,23.61810026572957,7.56990393132358,wandb
4780,1786713819.4604897,0.20276586711406708,2.28e-05,1.3575375080108643,2.35524582862854,40097546240.0,157.35606329462834,23.414712735653836,7.50471562040187,wandb
4785,1786714359.2273402,0.21228042244911194,2.28e-05,1.325132131576538,2.3824310302734375,40139489280.0,152.85360247830494,22.744742831663814,7.289981676815326,wandb
4790,1786714889.744476,0.22028987109661102,2.28e-05,1.2956563234329224,2.5992462635040283,40181432320.0,144.10249478219484,21.442570747963863,6.872618829475598,wandb
4795,1786715430.6189816,0.23146197199821472,2.28e-05,1.2809690237045288,2.8958637714385986,40223375360.0,149.7300058838943,22.279949067579555,7.141009316531908,wandb
4800,1786716141.2805574,0.23718038201332092,2.28e-05,1.2402445077896118,3.268463373184204,40265318400.0,162.74522082502364,24.216623846159475,7.761738412230603,wandb
4805,1786716672.8413236,0.21313868463039398,2.28e-05,2.0450782775878906,3.3002991676330566,40307261440.0,148.59561103885147,22.11115017372472,7.086907106963051,wandb
4810,1786717213.2606452,0.19673821330070496,2.28e-05,2.041841745376587,3.465561866760254,40349204480.0,153.67676964040194,22.86723078815162,7.329240637228083,wandb
4815,1786717730.318356,0.17668475210666656,2.28e-05,2.049680709838867,3.4496946334838867,40391147520.0,167.8112083246325,24.97044698803395,8.003348393600625,wandb
4820,1786718237.323253,0.2113959640264511,2.28e-05,2.0534942150115967,3.6725478172302246,40433090560.0,161.03348661434438,23.96191637582958,7.6801014025094805,wandb
4825,1786718749.3282702,0.18590882420539856,2.28e-05,2.0349836349487305,3.3824799060821533,40475033600.0,166.82110140419812,24.823118257039027,7.956127646486869,wandb
4830,1786719289.136533,0.16164502501487732,2.28e-05,2.050474166870117,3.7942051887512207,40516976640.0,140.40204175045102,20.891940267536622,6.696134701133532,wandb
4835,1786719821.601122,0.1567223221063614,2.28e-05,1.988397479057312,3.9233734607696533,40558919680.0,147.24455588391675,21.910112046051246,7.022471809631809,wandb
4840,1786720353.490905,0.15206663310527802,2.28e-05,2.0256714820861816,3.7046942710876465,40600862720.0,147.38546471783147,21.93107939741318,7.029192114555506,wandb
4845,1786720879.6251504,0.12650299072265625,2.28e-05,2.0170562267303467,3.1736016273498535,40642805760.0,160.87290771805894,23.938022102871745,7.672442981689663,wandb
4850,1786721391.0556097,0.11849581450223923,2.28e-05,2.017627716064453,3.851391553878784,40684748800.0,166.16949049400125,24.72615801312958,7.925050645233839,wandb
4855,1786721895.3891265,0.11882095038890839,2.28e-05,1.9776420593261719,3.9409759044647217,40726691840.0,154.04308108841252,22.92173823544896,7.346710972900308,wandb
4860,1786722434.9901574,0.13864435255527496,2.28e-05,1.968773603439331,3.686452865600586,40768634880.0,155.06892562958032,23.074384754051227,7.395636139118983,wandb
4865,1786722974.8131692,0.12238938361406326,2.28e-05,1.9795153141021729,3.6857712268829346,40810577920.0,148.56718776376957,22.10692076681713,7.085551527826003,wandb
4870,1786723503.275024,0.14967866241931915,2.28e-05,1.9936634302139282,3.7449841499328613,40852520960.0,164.57076866016675,24.488266878211167,7.848803486606144,wandb
4875,1786724006.1948662,0.13751843571662903,2.28e-05,1.9881839752197266,3.3421053886413574,40894464000.0,146.4831923791543,21.796820525037248,6.986160424691425,wandb
4880,1786724542.405654,0.13303153216838837,2.28e-05,1.9954874515533447,3.616652011871338,40936407040.0,147.99387012315776,22.02161062636151,7.058208534090228,wandb
4885,1786725067.9499319,0.12343645840883255,2.28e-05,1.9851535558700562,3.312345504760742,40978350080.0,157.0201664193327,23.364731002003538,7.488695833975494,wandb
4890,1786725567.5642955,0.12646465003490448,2.28e-05,2.0018200874328613,3.7871015071868896,41020293120.0,163.16403681307537,24.27894401256431,7.781712824539843,wandb
4895,1786726095.2159345,0.13947425782680511,2.28e-05,2.013887643814087,3.3766636848449707,41062236160.0,161.35623546932484,24.009941673151484,7.695494126010091,wandb
4900,1786726788.9271863,0.12120503932237625,2.28e-05,2.042849540710449,3.4811949729919434,41104179200.0,148.27026553905046,22.062738493499758,7.071390542788384,wandb
4905,1786765227.5623524,0.22009484469890594,2.28e-05,1.6503584384918213,3.00276517868042,41146122240.0,147.77167266864444,21.98854746083047,7.047611365650791,wandb
4910,1786765764.6142223,0.1715204417705536,2.28e-05,1.5449100732803345,2.806973934173584,41188065280.0,152.1534672669729,22.64056213149746,7.256590426762006,wandb
4915,1786766297.1290064,0.15286186337471008,2.28e-05,1.4682931900024414,2.7203407287597656,41230008320.0,152.7875208249893,22.73490982683968,7.286830072705025,wandb
4920,1786766818.4208531,0.1569640338420868,2.28e-05,1.436926007270813,2.5298407077789307,41271951360.0,153.34055526468686,22.81720181017556,7.313205708389604,wandb
4925,1786767347.4427438,0.15331949293613434,2.28e-05,1.3998563289642334,2.3909308910369873,41313894400.0,162.70827402574645,24.211126131781878,7.759976324289064,wandb
4930,1786767855.7118294,0.1813250333070755,2.28e-05,1.3714696168899536,2.4920310974121094,41355837440.0,162.81885886739545,24.22758124794274,7.765250399981648,wandb
4935,1786768351.8892772,0.1630091518163681,2.28e-05,1.3835541009902954,2.6937897205352783,41397780480.0,165.35262795910398,24.604608190398405,7.886092368717438,wandb
4940,1786768855.4508533,0.1708996742963791,2.28e-05,1.3489924669265747,2.5439791679382324,41439723520.0,164.60009796885055,24.492631103670224,7.850202276817378,wandb
4945,1786769355.311203,0.17071601748466492,2.28e-05,1.323432207107544,3.155463218688965,41481666560.0,169.46114060677314,25.21595828013631,8.0820379103001,wandb
4950,1786769847.055248,0.1662893444299698,2.28e-05,1.317104458808899,2.446349859237671,41523609600.0,164.9029511173013,24.537695903358212,7.864646122871221,wandb
4955,1786770364.79272,0.18858420848846436,2.28e-05,1.378566026687622,2.6151227951049805,41565552640.0,156.37592991937245,23.268868076453934,7.45797053732498,wandb
4960,1786770870.5854099,0.19004324078559875,2.28e-05,1.3358067274093628,2.4678776264190674,41607495680.0,154.6472254931533,23.01163542397592,7.3755241743512565,wandb
4965,1786771369.675476,0.18710246682167053,2.28e-05,1.334983229637146,3.2792482376098633,41649438720.0,161.9976524559391,24.10538505277659,7.72608495281301,wandb
4970,1786771907.365717,0.19223050773143768,2.28e-05,1.3282517194747925,3.224900007247925,41691381760.0,163.41613407032082,24.31645629354198,7.793735991519865,wandb
4975,1786772407.175671,0.19233103096485138,2.28e-05,1.321286916732788,2.5577235221862793,41733324800.0,154.46610815353878,22.984685013615316,7.366886222312602,wandb
4980,1786772911.1986163,0.20622508227825165,2.28e-05,1.3204995393753052,2.1546130180358887,41775267840.0,161.10206766960582,23.97212129373635,7.683372209530883,wandb
4985,1786773429.5506184,0.19052338600158691,2.28e-05,1.30682373046875,2.2758119106292725,41817210880.0,148.93728139283357,22.161991005792313,7.103202245446254,wandb
4990,1786773967.7684138,0.19272643327713013,2.28e-05,1.3156118392944336,2.994598388671875,41859153920.0,154.320500689893,22.963018502252172,7.359941827644926,wandb
4995,1786774479.57223,0.19163668155670166,2.28e-05,1.3060840368270874,2.317561626434326,41901096960.0,154.0003125025296,22.915374234395607,7.34467122897295,wandb
5000,1786775195.6078475,0.19450749456882477,2.28e-05,1.2929450273513794,2.3610191345214844,41943040000.0,165.33695937590667,24.602276692222496,7.885345093661058,wandb
5005,1786775713.166109,0.20276647806167603,2.28e-05,1.3722846508026123,2.902913808822632,41984983040.0,152.57226722072343,22.70287991198497,7.276564074354157,wandb
5010,1786776240.6655087,0.18441200256347656,2.28e-05,1.3920726776123047,2.4145638942718506,42026926080.0,160.5193421752786,23.885411256844634,7.655580531039946,wandb
5015,1786776749.2458148,0.1871112585067749,2.28e-05,1.424936056137085,3.2862937450408936,42068869120.0,157.42181582417453,23.424496766588085,7.5078515277525915,wandb
5020,1786777260.219593,0.18418224155902863,2.28e-05,1.4137998819351196,3.205023765563965,42110812160.0,153.30734313418918,22.812259817610038,7.311621736413475,wandb
5025,1786777781.751129,0.17584837973117828,2.28e-05,1.4392951726913452,2.575543165206909,42152755200.0,154.14635241783355,22.937105094924185,7.351636248373135,wandb
5030,1786778327.9184482,0.17874306440353394,2.28e-05,1.4250555038452148,2.669938325881958,42194698240.0,155.04864847600058,23.071367496779878,7.394669069480731,wandb
5035,1786778861.538671,0.18584765493869781,2.28e-05,1.4027831554412842,2.576871395111084,42236641280.0,147.57439884709424,21.959192952557004,7.038202869409296,wandb
5040,1786779385.6156414,0.21595898270606995,2.28e-05,1.4071928262710571,2.5639586448669434,42278584320.0,166.02688095474053,24.704937595401532,7.918249229295363,wandb
5045,1786779880.7816784,0.1709180623292923,2.28e-05,1.398397445678711,3.4586734771728516,42320527360.0,160.06519452170244,23.817833709304267,7.633921060674444,wandb
5050,1786780391.2074196,0.18259909749031067,2.28e-05,1.4054286479949951,2.5914580821990967,42362470400.0,162.5184878530018,24.182885791861235,7.750924933288857,wandb
5055,1786780891.3833046,0.17723003029823303,2.28e-05,1.3885902166366577,3.2902212142944336,42404413440.0,158.33615014688144,23.560550472192336,7.55145848467703,wandb
5060,1786781417.3330336,0.18397873640060425,2.28e-05,1.4098390340805054,2.6024422645568848,42446356480.0,150.4830207322736,22.391998301599028,7.17692253256379,wandb
5065,1786781932.6139748,0.18983277678489685,2.28e-05,1.427040934562683,2.6849746704101562,42488299520.0,153.654022586756,22.863846007701788,7.328155771699292,wandb
5070,1786782460.3609898,0.17636729776859283,2.28e-05,1.3970050811767578,2.4238829612731934,42530242560.0,161.29142074615947,24.000297188584554,7.692402945059152,wandb
5075,1786782991.2720892,0.18701885640621185,2.28e-05,1.3945926427841187,2.5003857612609863,42572185600.0,151.63696333449914,22.56370591793634,7.231957024979597,wandb
5080,1786783500.0851924,0.18458935618400574,2.28e-05,1.4071004390716553,3.1776297092437744,42614128640.0,160.2728616081767,23.848734744019023,7.643825238467636,wandb
5085,1786784002.9436147,0.18830379843711853,2.28e-05,1.4028043746948242,3.0698304176330566,42656071680.0,159.37901878571012,23.715730190647008,7.601195573925322,wandb
5090,1786784532.2872367,0.17819270491600037,2.28e-05,1.404692530632019,2.291660785675049,42698014720.0,141.26701105869202,21.020648418043024,6.737387313475328,wandb
5095,1786785055.955838,0.19218820333480835,2.28e-05,1.416577696800232,2.6406826972961426,42739957760.0,151.456006850365,22.536779443004633,7.223326744552766,wandb
5100,1786785740.3699448,0.18813742697238922,2.28e-05,1.4025253057479858,3.494749069213867,42781900800.0,157.82721394202446,23.48482034277757,7.527186007300503,wandb
5105,1786786282.5353703,0.1795148253440857,2.28e-05,1.3774994611740112,3.3411922454833984,42823843840.0,145.72004104748137,21.683262973896074,6.94976377368464,wandb
5110,1786786816.605135,0.19197766482830048,2.28e-05,1.3793482780456543,2.8576369285583496,42865786880.0,165.0855720196876,24.56487004510637,7.8733557836879395,wandb
5115,1786787331.4119632,0.19330570101737976,2.28e-05,1.3740270137786865,2.6955103874206543,42907729920.0,156.30473733945004,23.258274561511502,7.454575179971636,wandb
5120,1786787832.3886456,0.19966928660869598,2.28e-05,1.3665008544921875,2.5244760513305664,42949672960.0,162.5194338358659,24.183026554896045,7.750970049646169,wandb
5125,1786788355.188448,0.18913891911506653,2.28e-05,1.374068021774292,3.394866704940796,42991616000.0,154.9954912906552,23.06345766350979,7.392133866509548,wandb
5130,1786788881.7065287,0.19934770464897156,2.28e-05,1.3610754013061523,2.6491787433624268,43033559040.0,150.2107562932893,22.35148512725115,7.163937540785625,wandb
5135,1786789394.61928,0.20844309031963348,2.28e-05,1.3489004373550415,2.7424774169921875,43075502080.0,160.16709673603071,23.832996843318085,7.6387810395250275,wandb
5140,1786789909.1634057,0.20693883299827576,2.28e-05,1.3539083003997803,2.9749767780303955,43117445120.0,154.87759446535787,23.045914518117204,7.386511063499104,wandb
5145,1786790455.1481535,0.19954518973827362,2.28e-05,1.340824007987976,2.5059738159179688,43159388160.0,146.21379920560747,21.756734597368006,6.973312370951284,wandb
5150,1786790969.8586593,0.19996455311775208,2.28e-05,1.3411836624145508,3.271242618560791,43201331200.0,154.02379366381223,22.918868250670677,7.3457911059841905,wandb
5155,1786791494.785272,0.19927458465099335,2.28e-05,1.3429936170578003,2.610239028930664,43243274240.0,149.1823140990189,22.198452075712616,7.114888485805326,wandb
5160,1786792009.1493518,0.1893077790737152,2.28e-05,1.3317993879318237,3.3075544834136963,43285217280.0,152.32004044642107,22.665348358761804,7.2645347303723735,wandb
5165,1786792548.8848639,0.19582593441009521,2.28e-05,1.316224455833435,2.5645041465759277,43327160320.0,154.3123289567126,22.961802541576965,7.359552096659284,wandb
5170,1786793061.131696,0.20335261523723602,2.28e-05,1.3007781505584717,3.2716140747070312,43369103360.0,158.20479172499532,23.54100423006175,7.54519366348133,wandb
5175,1786793607.749277,0.20504730939865112,2.28e-05,1.3104268312454224,2.497770309448242,43411046400.0,148.92960590510273,22.16084888685161,7.102836181683208,wandb
5180,1786794145.741509,0.20374619960784912,2.28e-05,1.3149923086166382,2.2969110012054443,43452989440.0,160.90785163653197,23.94322178692442,7.67410954709116,wandb
5185,1786794677.9109588,0.22958195209503174,2.28e-05,1.278863787651062,2.3286590576171875,43494932480.0,155.45418986424215,23.131712391722473,7.414010381962331,wandb
5190,1786795194.377451,0.23071947693824768,2.28e-05,1.24785578250885,2.5264170169830322,43536875520.0,165.47250678536966,24.622446259179036,7.891809698454819,wandb
5195,1786795725.8079526,0.23723135888576508,2.28e-05,1.226843237876892,2.8526885509490967,43578818560.0,150.69018542764886,22.42282458010155,7.186802750032548,wandb
5200,1786796384.2680056,0.22688047587871552,2.28e-05,1.1861439943313599,3.2240777015686035,43620761600.0,157.8917603034091,23.494424894888937,7.53026438938748,wandb
5205,1786825807.7821286,0.16277003288269043,2.28e-05,1.604695200920105,2.9805142879486084,43662704640.0,149.83815784300603,22.296042168800938,7.146167361795173,wandb
5210,1786826339.9366775,0.15717807412147522,2.28e-05,1.5114988088607788,2.7691845893859863,43704647680.0,157.89616733414178,23.49508066471733,7.530474572024786,wandb
5215,1786826878.1256664,0.15076425671577454,2.28e-05,1.4279597997665405,2.6576147079467773,43746590720.0,147.93671158166808,22.013105387978264,7.05548249614688,wandb
5220,1786827402.0269392,0.17647746205329895,2.28e-05,1.3845785856246948,2.469189167022705,43788533760.0,148.40186999867308,22.082321346249607,7.077667098156924,wandb
5225,1786827915.2365577,0.18193311989307404,2.28e-05,1.3380067348480225,2.2949533462524414,43830476800.0,158.0528218527084,23.518390987015568,7.537945829171657,wandb
5230,1786828428.4669113,0.18847540020942688,2.28e-05,1.2895103693008423,2.4404799938201904,43872419840.0,161.24155585222292,23.992877251006856,7.690024759938095,wandb
5235,1786828944.1524541,0.1762111932039261,2.28e-05,1.2929455041885376,2.6325371265411377,43914362880.0,157.60185359501816,23.45128653622015,7.516437992378251,wandb
5240,1786829457.2945182,0.17483548820018768,2.28e-05,1.2481884956359863,2.4380998611450195,43956305920.0,154.8190228360251,23.037199011090834,7.383717631759884,wandb
5245,1786829964.7637696,0.17746587097644806,2.28e-05,1.22097647190094,3.0690245628356934,43998248960.0,159.36966237619333,23.714337949150327,7.600749342676388,wandb
5250,1786830477.4808598,0.19300153851509094,2.28e-05,1.217203974723816,2.356081485748291,44040192000.0,169.00011391775456,25.147357126416367,8.060050361030886,wandb
5255,1786830982.6589272,0.18972860276699066,2.28e-05,1.2693620920181274,2.470017433166504,44082135040.0,154.76213682158914,23.02873432495923,7.381004591333086,wandb
5260,1786831499.392376,0.19340220093727112,2.28e-05,1.2285974025726318,2.315101146697998,44124078080.0,151.27205093460415,22.509406650159022,7.214553413512508,wandb
5265,1786832029.2969084,0.21485325694084167,2.28e-05,1.23568856716156,3.190883159637451,44166021120.0,164.58493833098748,24.490375336982186,7.849479274673778,wandb
5270,1786832521.0662794,0.19627077877521515,2.28e-05,1.2218120098114014,3.1454286575317383,44207964160.0,168.4050399523685,25.05880962678877,8.031669752175889,wandb
5275,1786833028.890544,0.20651599764823914,2.28e-05,1.2136048078536987,2.4271240234375,44249907200.0,151.54179906518434,22.549545395729247,7.2274183960670655,wandb
5280,1786833551.825816,0.21319147944450378,2.28e-05,1.2081583738327026,2.0371615886688232,44291850240.0,154.75885974339567,23.0282466930059,7.380848299040353,wandb
5285,1786834050.193052,0.20537471771240234,2.28e-05,1.1967270374298096,2.1385719776153564,44333793280.0,164.91590679437397,24.539623718852578,7.86526401245275,wandb
5290,1786834549.0863414,0.20492181181907654,2.28e-05,1.2049471139907837,2.917895555496216,44375736320.0,165.3618157073022,24.605975334950987,7.886530556074035,wandb
5295,1786835042.1037638,0.20498046278953552,2.28e-05,1.1935333013534546,2.2011539936065674,44417679360.0,155.38312828541478,23.121138369851643,7.410621272388347,wandb
5300,1786835771.3616264,0.20730315148830414,2.28e-05,1.1779979467391968,2.2305679321289062,44459622400.0,164.71444955304253,24.509646714245765,7.855655998155694,wandb
5305,1786836296.0304782,0.21964432299137115,2.28e-05,1.250501275062561,2.618384838104248,44501565440.0,150.31460117038503,22.366937331096086,7.168890170223105,wandb
5310,1786836801.1965156,0.2061871439218521,2.28e-05,1.2772318124771118,2.2755236625671387,44543508480.0,166.39143994171997,24.759184275043875,7.935635985590985,wandb
5315,1786837311.607085,0.21033041179180145,2.28e-05,1.314300537109375,3.211902618408203,44585451520.0,181.69613842014806,27.036536102963083,8.6655564432574,wandb
5320,1786837815.0081465,0.2064150720834732,2.28e-05,1.3045767545700073,3.124887466430664,44627394560.0,160.346069566892,23.859628148997473,7.647316714422266,wandb
5325,1786838332.4643629,0.19610466063022614,2.28e-05,1.3261370658874512,2.4336280822753906,44669337600.0,155.64601118991757,23.160255564087258,7.423158834643351,wandb
5330,1786838856.7747571,0.19121943414211273,2.28e-05,1.316588044166565,2.6071817874908447,44711280640.0,164.92463840037067,24.54092298906723,7.865680445213855,wandb
5335,1786839343.362526,0.2097683548927307,2.28e-05,1.294791579246521,2.4642491340637207,44753223680.0,160.31366129752203,23.854805771634503,7.645771080652085,wandb
5340,1786839871.0306187,0.21035802364349365,2.28e-05,1.2949926853179932,2.372994899749756,44795166720.0,144.52051647692753,21.504772722864004,6.892555359892309,wandb
5345,1786840360.8726385,0.21469897031784058,2.28e-05,1.291641354560852,3.359231948852539,44837109760.0,166.67272639937252,24.801039933252817,7.949051260657954,wandb
5350,1786840872.930537,0.19872254133224487,2.28e-05,1.2922769784927368,2.440507411956787,44879052800.0,154.65365941811956,23.012592797347455,7.375831024790853,wandb
5355,1786841387.6115558,0.21062205731868744,2.28e-05,1.279165506362915,3.212817668914795,44920995840.0,160.53637311292832,23.887945474493048,7.656392780286234,wandb
5360,1786841886.6698315,0.19972868263721466,2.28e-05,1.295417070388794,2.4778683185577393,44962938880.0,176.21394500704852,26.22078117594337,8.404096530751078,wandb
5365,1786842398.5712261,0.21567507088184357,2.28e-05,1.3097935914993286,2.4505701065063477,45004881920.0,159.13388058264724,23.67925342270382,7.589504302148661,wandb
5370,1786842904.300052,0.20346514880657196,2.28e-05,1.2863723039627075,2.2929153442382812,45046824960.0,159.3518423713839,23.71168631765406,7.599899460786558,wandb
5375,1786843394.592397,0.20184825360774994,2.28e-05,1.2834159135818481,2.364069938659668,45088768000.0,168.54266042406982,25.07928766712585,8.0382332266429,wandb
5380,1786843872.559516,0.19751401245594025,2.28e-05,1.2954883575439453,3.11397385597229,45130711040.0,176.62445262880402,26.281865050552028,8.423674695689751,wandb
5385,1786844365.2691731,0.197317436337471,2.28e-05,1.2894821166992188,2.858224391937256,45172654080.0,170.4986191890657,25.370335953707677,8.131517933880666,wandb
5390,1786844860.6791863,0.20898748934268951,2.28e-05,1.2951990365982056,2.159525156021118,45214597120.0,155.2390792697682,23.099703756843418,7.403751204116481,wandb
5395,1786845369.059122,0.2064981460571289,2.28e-05,1.3050847053527832,2.4868111610412598,45256540160.0,174.49686779989548,25.965278663306478,8.322204699777716,wandb
5400,1786846036.8471267,0.19711321592330933,2.28e-05,1.2913751602172852,3.411287307739258,45298483200.0,157.64343626203606,23.45747407156274,7.51842117678293,wandb
5405,1786846566.8637724,0.21537625789642334,2.28e-05,1.2763793468475342,3.2687644958496094,45340426240.0,152.68708633224483,22.719965091014917,7.282040093274013,wandb
5410,1786847082.9175456,0.22182953357696533,2.28e-05,1.2756274938583374,2.789921760559082,45382369280.0,156.22578874336472,23.24652694493089,7.450809918247079,wandb
5415,1786847594.3272917,0.23595978319644928,2.28e-05,1.2740049362182617,2.579333782196045,45424312320.0,152.13242982790334,22.637431743114615,7.25558709715212,wandb
5420,1786848114.1354825,0.23859329521656036,2.28e-05,1.2614634037017822,2.3920536041259766,45466255360.0,156.01126457369878,23.21460557054967,7.440578708509508,wandb
5425,1786848626.8427413,0.23028084635734558,2.28e-05,1.277485728263855,3.3244407176971436,45508198400.0,150.74343551800285,22.43074823771398,7.1893423838826855,wandb
5430,1786849126.5017276,0.2167445868253708,2.28e-05,1.2570116519927979,2.6185059547424316,45550141440.0,165.98655300754262,24.69893676340887,7.9163258857079715,wandb
5435,1786849629.849992,0.22924458980560303,2.28e-05,1.2485531568527222,2.6107101440429688,45592084480.0,151.31371219025385,22.51560587955521,7.2165403460112865,wandb
5440,1786850150.85645,0.24924243986606598,2.28e-05,1.2584925889968872,2.920722484588623,45634027520.0,156.83051940542163,23.336511369032753,7.479651079818191,wandb
5445,1786850658.4815822,0.23456327617168427,2.28e-05,1.2430455684661865,2.374608039855957,45675970560.0,165.30230839671802,24.597120597778318,7.883692499287923,wandb
5450,1786851186.5860727,0.21151012182235718,2.28e-05,1.241723895072937,3.1901936531066895,45717913600.0,146.54883008797893,21.806587470552895,6.9892908559464395,wandb
5455,1786851689.8852515,0.20549634099006653,2.28e-05,1.2423152923583984,2.424509286880493,45759856640.0,167.21993723169675,24.882465358981214,7.97514915351962,wandb
5460,1786852205.000317,0.2149728536605835,2.28e-05,1.237183690071106,3.234703540802002,45801799680.0,151.25950732694218,22.507540150934755,7.213955176581652,wandb
5465,1786852715.2495687,0.20695193111896515,2.28e-05,1.2183804512023926,2.412691593170166,45843742720.0,157.04191155286284,23.36796669590911,7.489732915355484,wandb
5470,1786853247.0683377,0.21988226473331451,2.28e-05,1.2023859024047852,3.1851277351379395,45885685760.0,160.2729573844484,23.848748995607696,7.643829806284518,wandb
5475,1786853768.777216,0.22912098467350006,2.28e-05,1.219081163406372,2.3822832107543945,45927628800.0,154.61863218894734,23.007380716593648,7.374160486087709,wandb
5480,1786854278.4688678,0.20174337923526764,2.28e-05,1.225093126296997,2.185353994369507,45969571840.0,157.1792891067576,23.38840858987509,7.496284804447145,wandb
5485,1786854794.787146,0.23589305579662323,2.28e-05,1.1841720342636108,2.235231399536133,46011514880.0,166.8869576104389,24.832917715151428,7.959268498445971,wandb
5490,1786855280.5388863,0.26268476247787476,2.28e-05,1.1672117710113525,2.4195187091827393,46053457920.0,163.24391820026813,24.29083042923541,7.785522573472888,wandb
5495,1786855802.0902333,0.2720513641834259,2.28e-05,1.1318573951721191,2.782346725463867,46095400960.0,147.88715768414306,22.00573172692456,7.05311914324505,wandb
5500,1786856469.983856,0.2551957368850708,2.28e-05,1.1009438037872314,3.1382346153259277,46137344000.0,149.87868929175468,22.302073281993145,7.148100410895238,wandb
5505,1786856989.7499163,0.23542527854442596,2.28e-05,2.043332576751709,3.303957462310791,46179287040.0,149.77191385412212,22.286185008309598,7.143008015483845,wandb
5510,1786857527.877295,0.17752152681350708,2.28e-05,2.046887159347534,3.4691390991210938,46221230080.0,153.02386137972667,22.77007749741491,7.298101761991958,wandb
5515,1786858071.263682,0.18240319192409515,2.28e-05,2.0521912574768066,3.449669599533081,46263173120.0,153.93037915075905,22.90496809364663,7.341335927450843,wandb
5520,1786858585.738209,0.16418054699897766,2.28e-05,2.051666259765625,3.6697115898132324,46305116160.0,158.76548231955778,23.62443545559185,7.5719344408948235,wandb
5525,1786859095.1396136,0.16507574915885925,2.28e-05,2.031296730041504,3.3860316276550293,46347059200.0,164.4426915900783,24.469208903949767,7.842695161522361,wandb
5530,1786859629.289599,0.17337138950824738,2.28e-05,2.042907238006592,3.7839560508728027,46389002240.0,151.84692059521632,22.59494773247801,7.241970427076284,wandb
5535,1786860152.8518126,0.1567791849374771,2.28e-05,1.9823276996612549,3.9104671478271484,46430945280.0,165.13566980923846,24.57232463774465,7.875745076200208,wandb
5540,1786860673.9527943,0.17484411597251892,2.28e-05,2.0156335830688477,3.690760612487793,46472888320.0,158.02327747838993,23.51399475961169,7.536536781926825,wandb
5545,1786861189.3158529,0.17248445749282837,2.28e-05,2.0043108463287354,3.1614670753479004,46514831360.0,155.60341638565524,23.153917421883186,7.4211273788087135,wandb
5550,1786861706.0062954,0.13160237669944763,2.28e-05,2.0038537979125977,3.830620288848877,46556774400.0,156.07771846993268,23.22449396542879,7.443748065842561,wandb
5555,1786862230.2421398,0.20066548883914948,2.28e-05,1.9613920450210571,3.9240012168884277,46598717440.0,150.3020925644576,22.36507604015895,7.168293602615048,wandb
5560,1786862736.4752676,0.12958569824695587,2.28e-05,1.94954252243042,3.667708396911621,46640660480.0,160.18142724140435,23.835129234403976,7.6394644982064035,wandb
5565,1786863260.996434,0.15342965722084045,2.28e-05,1.9603692293167114,3.6715869903564453,46682603520.0,159.40352220555192,23.719376319843587,7.602364205078072,wandb
5570,1786863773.5330806,0.6942335963249207,2.28e-05,1.9768370389938354,3.731656074523926,46724546560.0,164.10480158069348,24.41893059029381,7.826580317401862,wandb
5575,1786864302.3326576,0.19657476246356964,2.28e-05,1.978556752204895,3.3351385593414307,46766489600.0,161.38392217548602,24.01406147799273,7.6968145762797215,wandb
5580,1786864828.7972596,0.132261261343956,2.28e-05,1.980228066444397,3.6062095165252686,46808432640.0,164.80343252259755,24.522887453921587,7.859899824974867,wandb
5585,1786865348.5824623,0.16523386538028717,2.28e-05,1.9708125591278076,3.302276134490967,46850375680.0,164.02527837096383,24.40709747072631,7.822787650873817,wandb
5590,1786865869.3339436,0.13730640709400177,2.28e-05,1.9873367547988892,3.762699604034424,46892318720.0,158.96843158898554,23.654634475216945,7.581613613851585,wandb
5595,1786866394.2116537,0.12814901769161224,2.28e-05,1.9994794130325317,3.3559136390686035,46934261760.0,156.09252790177598,23.226697621170608,7.444454365759811,wandb
5600,1786867060.0235393,0.13584870100021362,2.28e-05,2.0281002521514893,3.4621078968048096,46976204800.0,157.6385029847615,23.456739995812427,7.518185896093726,wandb
5605,1788214271.5591972,0.2700035870075226,2.28e-05,1.5956698656082153,2.9684855937957764,47018147840.0,122.24502553600561,18.190161194671617,5.830179870087056,wandb
5610,1788214860.4412308,0.17341192066669464,2.28e-05,1.4696382284164429,2.7101223468780518,47060090880.0,135.38960858989196,20.14608605573287,6.457078864016946,wandb
5615,1788215421.706506,0.15461596846580505,2.28e-05,1.3700478076934814,2.5945630073547363,47102033920.0,156.92411483838046,23.350438447088823,7.484114886887444,wandb
5620,1788215983.1329756,0.16135194897651672,2.28e-05,1.3213189840316772,2.3769264221191406,47143976960.0,137.88538649731453,20.51745987845538,6.576108935402365,wandb
5625,1788216503.1111984,0.17217135429382324,2.28e-05,1.2815276384353638,2.2305328845977783,47185920000.0,162.30612344515967,24.15128579183079,7.740796728150894,wandb
5630,1788217023.5065975,0.17512868344783783,2.28e-05,1.2314095497131348,2.3935706615448,47227863040.0,148.1113938528267,22.03909825481513,7.063813543209978,wandb
5635,1788217580.1915343,0.17158006131649017,2.28e-05,1.2394392490386963,2.631193161010742,47269806080.0,154.59327559070462,23.003607633743357,7.372951164661332,wandb
5640,1788218117.641085,0.17078109085559845,2.28e-05,1.1995042562484741,2.3849916458129883,47311749120.0,150.2517684495674,22.357587770122453,7.165893516064888,wandb
5645,1788218657.2943125,0.18156756460666656,2.28e-05,1.1776821613311768,3.0412440299987793,47353692160.0,149.31944533314922,22.218857317093338,7.121428627273507,wandb
5650,1788219182.3839967,0.18700671195983887,2.28e-05,1.1718504428863525,2.2726266384124756,47395635200.0,158.6203838359419,23.602844680879326,7.565014320794655,wandb
5655,1788219707.217745,0.18788307905197144,2.28e-05,1.2281439304351807,2.3898119926452637,47437578240.0,161.69304568804088,24.060059313060297,7.711557472134712,wandb
5660,1788220247.4925535,0.1891346573829651,2.28e-05,1.1945316791534424,2.255286693572998,47479521280.0,147.5151950520664,21.950383378750864,7.035379288061174,wandb
5665,1788220779.172881,0.20700621604919434,2.28e-05,1.1977951526641846,3.161022901535034,47521464320.0,147.66548803722935,21.972747099602124,7.042547147308373,wandb
5670,1788221338.9073844,0.20328283309936523,2.28e-05,1.1971235275268555,3.116351842880249,47563407360.0,142.4228841083432,21.19264328655846,6.792513873896943,wandb
5675,1788221881.3093283,0.21367070078849792,2.28e-05,1.1922719478607178,2.3911426067352295,47605350400.0,142.3448440525864,21.18103086153231,6.7887919427988175,wandb
5680,1788222451.8752143,0.2016593962907791,2.28e-05,1.1868020296096802,1.996492624282837,47647293440.0,152.18852121892405,22.645778188622938,7.25826223994325,wandb
5685,1788223005.016781,0.19996309280395508,2.28e-05,1.1780740022659302,2.1140034198760986,47689236480.0,137.08636773380914,20.398565223707653,6.538001674265273,wandb
5690,1788223550.2951906,0.2198215126991272,2.28e-05,1.189301609992981,2.8895976543426514,47731179520.0,159.75073137375514,23.771041332061394,7.618923503865831,wandb
5695,1788224097.1727545,0.221629798412323,2.28e-05,1.181512475013733,2.125274181365967,47773122560.0,148.81861581415703,22.144333469259266,7.09754277860874,wandb
5700,1788224836.084447,0.21982517838478088,2.28e-05,1.1700782775878906,2.20672607421875,47815065600.0,158.12111486901966,23.528553044487644,7.541202898874245,wandb
5705,1788225369.6827264,0.2312915325164795,2.28e-05,1.2344329357147217,2.58034610748291,47857008640.0,150.4698117034343,22.39003278715164,7.176292559984501,wandb
5710,1788225916.7027633,0.22060169279575348,2.28e-05,1.2616794109344482,2.2558321952819824,47898951680.0,154.3920994174926,22.97367245230584,7.363356555226231,wandb
5715,1788226464.7953198,0.2216702401638031,2.28e-05,1.2987971305847168,3.199598789215088,47940894720.0,151.3432569503094,22.520002164357084,7.217949411652912,wandb
5720,1788227015.1270285,0.2305820733308792,2.28e-05,1.2945867776870728,3.110741138458252,47982837760.0,151.6553503288574,22.566441917947756,7.232833948060178,wandb
5725,1788227566.6955044,0.20877110958099365,2.28e-05,1.30825674533844,2.3888957500457764,48024780800.0,143.21333681036745,21.31026330425276,6.83021259751691,wandb
5730,1788228110.8713527,0.21701854467391968,2.28e-05,1.3070013523101807,2.604151964187622,48066723840.0,145.57680172371522,21.661948843711247,6.942932321702323,wandb
5735,1788228667.937013,0.22420285642147064,2.28e-05,1.2844499349594116,2.4499380588531494,48108666880.0,151.19365144597458,22.497740741223275,7.210814340135665,wandb
5740,1788229219.20661,0.20716768503189087,2.28e-05,1.2819715738296509,2.357524871826172,48150609920.0,149.90161099526904,22.305484050488257,7.149193605925723,wandb
5745,1788229745.4921384,0.21202220022678375,2.28e-05,1.2757320404052734,3.3383193016052246,48192552960.0,150.36249172781814,22.374063485764477,7.171174194155281,wandb
5750,1788230315.5378542,0.2133534699678421,2.28e-05,1.2787272930145264,2.417118549346924,48234496000.0,146.82932917141468,21.848325966825293,7.00266857911067,wandb
5755,1788230872.7546928,0.211598739027977,2.28e-05,1.2616361379623413,3.190068006515503,48276439040.0,147.5693832234998,21.958446623605994,7.037963661412177,wandb
5760,1788231439.03112,0.20911511778831482,2.28e-05,1.2790749073028564,2.4580535888671875,48318382080.0,142.84546287905758,21.255523358144497,6.812667742995031,wandb
5765,1788232000.181924,0.19808679819107056,2.28e-05,1.2905651330947876,2.4097981452941895,48360325120.0,145.04785356087595,21.58324091835,6.917705422548077,wandb
5770,1788232547.8497758,0.2198895364999771,2.28e-05,1.2657948732376099,2.271090269088745,48402268160.0,148.51536329909274,22.099209243487934,7.083079885733312,wandb
5775,1788233094.4872994,0.20591580867767334,2.28e-05,1.2606264352798462,2.3291215896606445,48444211200.0,148.62776597495466,22.115934854887463,7.088440658617777,wandb
5780,1788233633.6047459,0.19818507134914398,2.28e-05,1.2769553661346436,3.087224245071411,48486154240.0,152.22277657536026,22.65087541407341,7.25989596604917,wandb
5785,1788234177.564477,0.20158497989177704,2.28e-05,1.2678375244140625,2.7814829349517822,48528097280.0,150.3047436204057,22.36547051948292,7.168420038295807,wandb
5790,1788234740.0156298,0.20012910664081573,2.28e-05,1.2744615077972412,2.131014347076416,48570040320.0,153.95304507485798,22.908340801952573,7.342416923702748,wandb
5795,1788235296.559463,0.2168383151292801,2.28e-05,1.2860798835754395,2.460932970046997,48611983360.0,137.6959148711225,20.48926634332266,6.56707254593675,wandb
5800,1788236013.8393986,0.22771988809108734,2.28e-05,1.2737497091293335,3.3909780979156494,48653926400.0,151.51716476047187,22.54587979075535,7.226243522677998,wandb
5805,1788236578.4294846,0.20448465645313263,2.28e-05,1.258128046989441,3.2612521648406982,48695869440.0,149.42713096772886,22.234881028837563,7.126564432319732,wandb
5810,1788237150.8696957,0.20703928172588348,2.28e-05,1.2615855932235718,2.770455837249756,48737812480.0,140.19255284899245,20.860768145241114,6.6861436362952285,wandb
5815,1788237709.3421912,0.21038226783275604,2.28e-05,1.254726767539978,2.561936140060425,48779755520.0,145.14929697397122,21.5983357823598,6.922543519987116,wandb
5820,1788238270.3158555,0.2261214554309845,2.28e-05,1.2442506551742554,2.35404634475708,48821698560.0,152.1801949740994,22.64453923648691,7.257865139899651,wandb
5825,1788238820.3162136,0.2289923131465912,2.28e-05,1.2639012336730957,3.294659376144409,48863641600.0,152.19604975257036,22.646898440673976,7.258621295087813,wandb
5830,1788239359.2428954,0.24276749789714813,2.28e-05,1.2448118925094604,2.6102609634399414,48905584640.0,149.4732646001565,22.24174575160788,7.1287646639768845,wandb
5835,1788239919.8783343,0.2161683291196823,2.28e-05,1.2298341989517212,2.5841193199157715,48947527680.0,141.74089852453992,21.09116326602241,6.759988226289234,wandb
5840,1788240495.4043121,0.21409441530704498,2.28e-05,1.2407947778701782,2.896389961242676,48989470720.0,147.36233685457393,21.92763795217728,7.0280890872363075,wandb
5845,1788241050.0228245,0.22439250349998474,2.28e-05,1.225571870803833,2.3435263633728027,49031413760.0,143.33639677207168,21.328574728625203,6.83608164379013,wandb
5850,1788241606.2296278,0.2409602403640747,2.28e-05,1.227129340171814,3.1699235439300537,49073356800.0,143.42097434584753,21.341159941755073,6.840115365947138,wandb
5855,1788242182.9358754,0.22610051929950714,2.28e-05,1.2261725664138794,2.3762290477752686,49115299840.0,136.64614413226172,20.333059586658333,6.517006277775106,wandb
5860,1788242739.8398128,0.21230320632457733,2.28e-05,1.2081102132797241,3.197206497192383,49157242880.0,152.76184165162343,22.731088744543502,7.285605366840867,wandb
5865,1788243302.8568506,0.21567347645759583,2.28e-05,1.1922937631607056,2.354055643081665,49199185920.0,141.72614192794438,21.088967472209283,6.759284446220924,wandb
5870,1788243852.2814152,0.23680205643177032,2.28e-05,1.1765104532241821,3.163480758666992,49241128960.0,147.17604965085073,21.89991826174921,7.019204571073465,wandb
5875,1788244397.282044,0.2423347383737564,2.28e-05,1.1840823888778687,2.3203537464141846,49283072000.0,152.34396849938136,22.66890887288918,7.265675920797814,wandb
5880,1788244948.912975,0.23610034584999084,2.28e-05,1.188889741897583,2.1234724521636963,49325015040.0,147.92214111723953,22.01093729078597,7.054787593200631,wandb
5885,1788245486.3865275,0.21746443212032318,2.28e-05,1.1483184099197388,2.2041196823120117,49366958080.0,154.03842457415365,22.921045342264943,7.346488891751584,wandb
5890,1788246039.3364127,0.22644798457622528,2.28e-05,1.1253020763397217,2.3355443477630615,49408901120.0,151.3302810084051,22.51807133343896,7.2173305555894105,wandb
5895,1788246584.868453,0.2928929924964905,2.28e-05,1.088057041168213,2.7403225898742676,49450844160.0,153.9845756587031,22.913032578981458,7.343920698391492,wandb
5900,1788247308.679974,0.2643134295940399,2.28e-05,1.055923342704773,3.1021170616149902,49492787200.0,143.97019074887731,21.42288379806796,6.866308909637167,wandb
5905,1788693779.06866,0.20532162487506866,2.28e-05,1.498117446899414,2.9079513549804688,49534730240.0,142.92195405899264,21.26690530916368,6.816315804219128,wandb
5910,1788694309.7213724,0.17410115897655487,2.28e-05,1.4206750392913818,2.6495349407196045,49576673280.0,157.63750876091424,23.456592054479305,7.518138478999777,wandb
5915,1788694868.2273867,0.16762830317020416,2.28e-05,1.3234394788742065,2.530966281890869,49618616320.0,142.48402030679856,21.20174040359743,6.795429616537637,wandb
5920,1788695454.1704829,0.18618962168693542,2.28e-05,1.2655707597732544,2.302499294281006,49660559360.0,148.18245165276636,22.04967171438433,7.067202472559081,wandb
5925,1788696011.51041,0.19731618463993073,2.28e-05,1.2154723405838013,2.1321346759796143,49702502400.0,148.94289475600027,22.162826278887465,7.10346996118188,wandb
5930,1788696571.7483113,0.21607807278633118,2.28e-05,1.1610151529312134,2.3449387550354004,49744445440.0,144.47706178058553,21.49830662800525,6.890482893591426,wandb
5935,1788697150.06334,0.21525290608406067,2.28e-05,1.162124752998352,2.5689172744750977,49786388480.0,138.98160264284792,20.680577750156267,6.628390304537264,wandb
5940,1788697722.993948,0.20568975806236267,2.28e-05,1.1171869039535522,2.267137050628662,49828331520.0,145.21970131309027,21.60881200641689,6.925901284107978,wandb
5945,1788698307.0053186,0.20897889137268066,2.28e-05,1.0899471044540405,2.952017307281494,49870274560.0,149.10618585068335,22.18712412921647,7.111257733723229,wandb
5950,1788698885.3509426,0.24683882296085358,2.28e-05,1.090089201927185,2.142592191696167,49912217600.0,142.27588654507122,21.170769927217933,6.785503181800619,wandb
5955,1788699485.5256183,0.22696220874786377,2.28e-05,1.1429599523544312,2.256276845932007,49954160640.0,132.76673267774825,19.75579994448769,6.331987161694773,wandb
5960,1788700049.787738,0.21786446869373322,2.28e-05,1.118699312210083,2.145209789276123,49996103680.0,139.34589873349552,20.73478531060638,6.645764522630249,wandb
5965,1788700617.8199754,0.2212154120206833,2.28e-05,1.1104592084884644,3.0863842964172363,50038046720.0,141.57364368899798,21.06627560776592,6.752011412745487,wandb
5970,1788701178.4344416,0.22985899448394775,2.28e-05,1.1186647415161133,3.050078868865967,50079989760.0,146.59110893556493,21.812878598141456,6.991307242994057,wandb
5975,1788701750.6138523,0.24379481375217438,2.28e-05,1.1138594150543213,2.279470205307007,50121932800.0,140.80038859939236,20.951214609063904,6.715132887520482,wandb
5980,1788702314.1781294,0.24736617505550385,2.28e-05,1.1161015033721924,1.894875407218933,50163875840.0,144.0470345539953,21.43431822000684,6.8699737884637315,wandb
5985,1788702883.2598794,0.2468673288822174,2.28e-05,1.1052452325820923,1.9982352256774902,50205818880.0,143.84651536184322,21.40448079789597,6.860410512146145,wandb
5990,1788703459.8088937,0.23971658945083618,2.28e-05,1.1043834686279297,2.8252055644989014,50247761920.0,136.28617394122904,20.279495723658997,6.499838372967627,wandb
5995,1788704022.929717,0.23579488694667816,2.28e-05,1.0952262878417969,2.1361355781555176,50289704960.0,145.45673448412353,21.644082738871433,6.937206006048536,wandb
6000,1788704806.0914729,0.2589019238948822,2.28e-05,1.083892583847046,2.098283290863037,50331648000.0,144.19398161907566,21.456184065174572,6.876982072171337,wandb
6005,1788705380.1984196,0.23438116908073425,2.28e-05,1.1346936225891113,2.3065249919891357,50373591040.0,146.09017650802798,21.738339437430568,6.967416486355951,wandb
6010,1788705946.5426855,0.22828884422779083,2.28e-05,1.1693217754364014,2.139893054962158,50415534080.0,144.0525967899411,21.435145885329117,6.8702390658106145,wandb
6015,1788706513.720295,0.2425646185874939,2.28e-05,1.2064900398254395,3.122014045715332,50457477120.0,141.22496822152937,21.01439240900121,6.735382182372184,wandb
6020,1788707083.3216856,0.23576420545578003,2.28e-05,1.2030045986175537,3.053412914276123,50499420160.0,142.2432241280534,21.16590973247417,6.783945427075054,wandb
6025,1788707660.74438,0.2516363859176636,2.28e-05,1.2162418365478516,2.250852108001709,50541363200.0,145.70486671048798,21.681005019965255,6.949040070501685,wandb
6030,1788708240.0176508,0.23135900497436523,2.28e-05,1.217841625213623,2.562514066696167,50583306240.0,144.62321610796707,21.52005451314587,6.8974533695980345,wandb
6035,1788708821.0126634,0.23157751560211182,2.28e-05,1.192112684249878,2.3418149948120117,50625249280.0,139.43273305028572,20.74770632896862,6.649905874669429,wandb
6040,1788709397.9520907,0.2323450744152069,2.28e-05,1.191809058189392,2.185614585876465,50667192320.0,139.5851812808875,20.77039075212882,6.657176523118212,wandb
6045,1788709971.6057117,0.2462649643421173,2.28e-05,1.1842187643051147,3.256561279296875,50709135360.0,141.04611548756515,20.987778973839724,6.7268522352050395,wandb
6050,1788710544.9765105,0.23458054661750793,2.28e-05,1.1866388320922852,2.295516014099121,50751078400.0,139.19451725157992,20.71225962053548,6.638544750171629,wandb
6055,1788711110.136692,0.2220313996076584,2.28e-05,1.1694899797439575,3.120389938354492,50793021440.0,145.4746822436855,21.64675338038084,6.9380619808912956,wandb
6060,1788711691.4310274,0.22814024984836578,2.28e-05,1.1813732385635376,2.333948850631714,50834964480.0,142.9581953171085,21.27229803843127,6.818044243086946,wandb
6065,1788712271.511764,0.22313176095485687,2.28e-05,1.1961256265640259,2.2236480712890625,50876907520.0,145.10709333818036,21.59205584634874,6.92053071998357,wandb
6070,1788712857.004409,0.23820741474628448,2.28e-05,1.170952320098877,2.127997398376465,50918850560.0,143.3517517981749,21.330859569245433,6.836813964501742,wandb
6075,1788713421.523054,0.2572462260723114,2.28e-05,1.1663719415664673,2.1979520320892334,50960793600.0,140.01275071425928,20.834013438457735,6.677568409762094,wandb
6080,1788713987.8837323,0.22987541556358337,2.28e-05,1.1868956089019775,3.0129551887512207,51002736640.0,140.23359287271413,20.866874934811133,6.688100940644595,wandb
6085,1788714561.9901445,0.22224664688110352,2.28e-05,1.1745812892913818,2.5807693004608154,51044679680.0,136.90084930938292,20.37095992827663,6.529153823165586,wandb
6090,1788715132.4011388,0.21550723910331726,2.28e-05,1.1842875480651855,2.024214744567871,51086622720.0,147.3224027185523,21.92169571961429,7.026184525517402,wandb
6095,1788715708.5024893,0.23256848752498627,2.28e-05,1.2026078701019287,2.347461700439453,51128565760.0,143.32431453511697,21.326776881744852,6.835505410815657,wandb
6100,1788716430.1813707,0.2301711142063141,2.28e-05,1.1892211437225342,3.330709934234619,51170508800.0,145.03842457331044,21.581837877179474,6.917255729865214,wandb
6105,1788717008.8076394,0.2214522808790207,2.28e-05,1.1700990200042725,3.1860435009002686,51212451840.0,135.1441668475052,20.109564120886525,6.445373115668758,wandb
6110,1788717593.7379892,0.22016359865665436,2.28e-05,1.1668814420700073,2.7077548503875732,51254394880.0,138.79005050191444,20.652074632704355,6.619254689969345,wandb
6115,1788718156.686959,0.24062944948673248,2.28e-05,1.1579395532608032,2.424440383911133,51296337920.0,142.04345002894092,21.1361831808256,6.774417686162052,wandb
6120,1788718728.6939824,0.22183433175086975,2.28e-05,1.142279028892517,2.243302822113037,51338280960.0,146.50110883992107,21.79948650925997,6.987014906814093,wandb
6125,1788719293.8282843,0.24162015318870544,2.28e-05,1.164062738418579,3.2235922813415527,51380224000.0,143.8563539077681,21.405944781690078,6.860879737721179,wandb
6130,1788719862.0369833,0.2462923675775528,2.28e-05,1.1373882293701172,2.5980875492095947,51422167040.0,140.02359433371976,20.835626978027584,6.678085569880636,wandb
6135,1788720432.7575665,0.23480305075645447,2.28e-05,1.1281157732009888,2.4410643577575684,51464110080.0,145.11389772577462,21.593068344866595,6.920855238739293,wandb
6140,1788721020.873904,0.23316773772239685,2.28e-05,1.1372697353363037,2.8113174438476562,51506053120.0,140.40785693393647,20.892805571662603,6.696412042199552,wandb
6145,1788721584.3984623,0.24166984856128693,2.28e-05,1.1260429620742798,2.197693109512329,51547996160.0,144.0824288587101,21.439584921905855,6.871661833944184,wandb
6150,1788722145.8455799,0.2570499777793884,2.28e-05,1.12710440158844,3.0879745483398438,51589939200.0,140.1608084207777,20.856044547992656,6.68462966281816,wandb
6155,1788722717.8733184,0.26351460814476013,2.28e-05,1.1310724020004272,2.1984195709228516,51631882240.0,134.373602407506,19.994903493077675,6.408622914447973,wandb
6160,1788723316.6079314,0.2387259304523468,2.28e-05,1.1190212965011597,3.1154775619506836,51673825280.0,143.04297331539385,21.28491307489439,6.822087524004613,wandb
6165,1788723890.2161188,0.24882876873016357,2.28e-05,1.102469563484192,2.2259035110473633,51715768320.0,145.6540957047872,21.673450252205477,6.946618670578679,wandb
6170,1788724459.9081094,0.26894083619117737,2.28e-05,1.0829319953918457,3.07208251953125,51757711360.0,147.76575011481896,21.987666179908835,7.047328903816934,wandb
6175,1788725011.830444,0.276155561208725,2.28e-05,1.1022032499313354,2.211911678314209,51799654400.0,141.34555439572995,21.032335731741252,6.741133247352966,wandb
6180,1788725594.020283,0.2697695195674896,2.28e-05,1.0999068021774292,2.011370897293091,51841597440.0,135.5721214585733,20.17324412197613,6.465783372428246,wandb
6185,1788726182.0240996,0.24666140973567963,2.28e-05,1.0709221363067627,2.151646137237549,51883540480.0,146.90644218003462,21.859800446468554,7.006346296945049,wandb
6190,1788726757.2261791,0.25325384736061096,2.28e-05,1.0444543361663818,2.2141408920288086,51925483520.0,143.24432274047766,21.31487403635413,6.83169039626735,wandb
6195,1788727340.9575775,0.26853588223457336,2.28e-05,1.015923023223877,2.6680984497070312,51967426560.0,135.408376262011,20.148878700910842,6.457973942599629,wandb
6200,1788728092.796424,0.30251365900039673,2.28e-05,0.9807645082473755,3.0007622241973877,52009369600.0,133.17083295422296,19.815930400804064,6.351259743847456,wandb
6205,1788728679.5461745,0.2508683502674103,2.28e-05,2.0100555419921875,3.277183771133423,52051312640.0,137.9253580387052,20.523407676968308,6.578015281079586,wandb
6210,1788729253.2503061,0.19632701575756073,2.28e-05,2.0324158668518066,3.445204496383667,52093255680.0,144.69857323882684,21.53126771672202,6.901047345103212,wandb
6215,1788729814.6734781,0.1908673197031021,2.28e-05,2.031965732574463,3.4218857288360596,52135198720.0,145.4864791167449,21.64850876487688,6.938624604127205,wandb
6220,1788730394.0932407,0.21575850248336792,2.28e-05,2.029372215270996,3.663849353790283,52177141760.0,137.6852195061031,20.487674864136608,6.566562456454041,wandb
6225,1788730984.0385568,0.2313574105501175,2.28e-05,2.008674144744873,3.3567705154418945,52219084800.0,135.75751297066782,20.20083053274693,6.474625170752221,wandb
6230,1788731570.1491935,0.17413315176963806,2.28e-05,2.019197702407837,3.773695707321167,52261027840.0,143.19365979387564,21.307335347877874,6.829274149960858,wandb
6235,1788732151.2674139,0.18472576141357422,2.28e-05,1.9583187103271484,3.8934757709503174,52302970880.0,143.08178825986042,21.290688770825685,6.823938708597976,wandb
6240,1788732733.1249654,0.21216429769992828,2.28e-05,1.9871826171875,3.652726411819458,52344913920.0,139.65422288104577,20.78066419949824,6.660469294710974,wandb
6245,1788733310.1743078,0.2078370749950409,2.28e-05,1.9750964641571045,3.123764991760254,52386856960.0,139.22841090312605,20.717303023998298,6.640161225640479,wandb
6250,1788733903.7035449,0.17465773224830627,2.28e-05,1.9728504419326782,3.8001160621643066,52428800000.0,140.7950574355939,20.95042132746881,6.714878630598977,wandb
6255,1788734490.502385,0.1421526074409485,2.28e-05,1.9289591312408447,3.90053391456604,52470743040.0,146.07926890151472,21.736716376534186,6.966896274530188,wandb
6260,1788735081.3639054,0.14011237025260925,2.28e-05,1.9200751781463623,3.6506283283233643,52512686080.0,136.94076161331418,20.37689891220646,6.531057343655918,wandb
6263,1788735421.5862796,0.14959776401519775,2.28e-05,1.939044713973999,3.1263177394866943,52537851904.0,144.6277616850719,21.520730898789353,6.897670159868381,wandb
