_step,_timestamp,grad_norm,lr,loss_metrics/global_avg_loss,loss_metrics/global_max_loss,n_tokens_seen,throughput(tps),tflops,mfu(%),source
1,1777881179.468859,3.2695069313049316,1.1399999999999999e-07,12.959892272949219,13.12044906616211,50331648.0,28.329285726318826,4.215421213518995,1.4136752331137166,wandb
10,1777886633.737304,4.119555950164795,1.1399999999999999e-06,12.231961250305176,12.571184158325195,503316480.0,33.530929877068154,4.989430177602219,1.6732453323539378,wandb
20,1777888254.5659027,35.92957305908203,2.2799999999999998e-06,11.431896209716797,12.332963943481445,1006632960.0,320.2012816597116,47.64621629871614,15.978539870952947,wandb
30,1777888732.0684433,22.909799575805664,3.42e-06,9.602960586547852,10.60986328125,1509949440.0,366.34870141125384,54.51299063426147,18.28136758800514,wandb
40,1777889170.6090326,4.858471870422363,4.5599999999999995e-06,8.739457130432129,9.954036712646484,2013265920.0,370.560725435808,55.139743302736335,18.49155411026046,wandb
50,1777889580.2364898,5.840072154998779,5.7e-06,8.219597816467285,9.87089729309082,2516582400.0,420.4512482039071,62.56349447182469,20.981168465021046,wandb
60,1777889988.4854555,5.920380115509033,6.84e-06,7.877043724060059,9.033269882202148,3019898880.0,418.3783180278697,62.25504074225912,20.877726038757697,wandb
70,1777890390.6661434,3.2411038875579834,7.98e-06,7.484760284423828,8.738574981689453,3523215360.0,370.95659984516124,55.19864974320216,18.511308856403115,wandb
80,1777890810.5715246,5.130010604858398,9.119999999999999e-06,7.177734375,8.694865226745605,4026531840.0,403.31580740512976,60.0137266681466,20.126083430412745,wandb
90,1777891213.7272525,3.1898510456085205,1.026e-05,6.91671895980835,8.82206916809082,4529848320.0,411.02627773812867,61.16105104906935,20.510847841726232,wandb
100,1777891627.754393,2.8670759201049805,1.14e-05,6.683222770690918,8.572479248046875,5033164800.0,418.5158885858686,62.27551135539588,20.884591022666136,wandb
110,1777892422.7782457,3.726602554321289,1.254e-05,6.57930850982666,7.720842361450195,5536481280.0,403.52797304165387,60.04529709084005,20.136670824269743,wandb
120,1777892833.1252487,2.559297800064087,1.368e-05,6.380613803863525,7.986777305603027,6039797760.0,413.8551625277385,61.5819914521535,20.65201357400194,wandb
130,1777893234.5724714,2.560965061187744,1.4819999999999999e-05,6.24544620513916,7.916689872741699,6543114240.0,415.32331558212604,61.800453844391235,20.725276685238086,wandb
140,1777893652.1375282,1.8975204229354858,1.596e-05,6.114681243896484,8.953929901123047,7046430720.0,379.26503938963117,56.43495243877139,18.925912857482036,wandb
150,1777894076.3802764,2.03999400138855,1.71e-05,6.044682502746582,8.118412017822266,7549747200.0,396.5646536400269,59.00914938822232,19.789190401591984,wandb
160,1777894555.8832219,1.9542534351348877,1.8239999999999998e-05,5.939002990722656,8.224189758300781,8053063680.0,380.80016984363414,56.66338112362563,19.00251824469116,wandb
170,1777895034.4104998,2.416905403137207,1.9379999999999997e-05,5.903191089630127,7.665050983428955,8556380160.0,415.5079430486177,61.827926564542594,20.734489881760343,wandb
180,1777895462.831879,2.8874077796936035,2.052e-05,5.857481002807617,7.09950065612793,9059696640.0,400.0939702045033,59.53431462037274,19.965308764236866,wandb
190,1777895890.7532065,2.4692740440368652,2.166e-05,5.735089302062988,7.198098182678223,9563013120.0,401.7343210406841,59.77840018536904,20.04716481147818,wandb
200,1777896385.7376003,1.9567985534667969,2.28e-05,5.645139694213867,7.994151592254639,10066329600.0,176.89637378132065,26.32232714358878,8.82740302237669,wandb
210,1777897236.1487596,1.9292309284210205,2.28e-05,5.555268287658691,6.793335914611816,10569646080.0,376.2178674696151,55.98153072962672,18.773854259323866,wandb
220,1777897944.79978,2.5237467288970947,2.28e-05,5.523440837860107,8.23682975769043,11072962560.0,209.45327527051194,31.166821089176818,10.452042829635726,wandb
230,1777898410.4676058,2.012774705886841,2.28e-05,5.41390323638916,8.008020401000977,11576279040.0,384.4896143577756,57.21237352750274,19.18662724002469,wandb
240,1777898851.8194654,1.3709580898284912,2.28e-05,5.326003551483154,6.711343288421631,12079595520.0,343.1938359436424,51.06752744710927,17.12590393975537,wandb
250,1777899264.7325184,1.9094798564910889,2.28e-05,5.288153648376465,6.452601432800293,12582912000.0,407.42399505255247,60.62502839757826,20.331088356631188,wandb
260,1777899680.7533672,1.4147388935089111,2.28e-05,5.2032976150512695,6.812712669372559,13086228480.0,353.22943566918025,52.56083301019714,17.626695908832637,wandb
270,1777900253.6632707,1.5213181972503662,2.28e-05,5.122798919677734,6.31777286529541,13589544960.0,396.585893024524,59.012309826252284,19.790250279773176,wandb
280,1777900662.0029125,1.3797740936279297,2.28e-05,5.067683219909668,7.276180744171143,14092861440.0,401.94070429533315,59.80911018484334,20.057463655524064,wandb
290,1777901276.9832714,1.4736332893371582,2.28e-05,5.006567001342773,6.656181335449219,14596177920.0,318.75428451211127,47.430901922955904,15.906332472230982,wandb
300,1777901683.5316856,1.534503698348999,2.28e-05,4.942881107330322,7.1195068359375,15099494400.0,399.4890051384508,59.444295316761895,19.93512007049289,wandb
310,1779631317.9825382,0.958547055721283,2.28e-05,4.879338264465332,6.276588439941406,15602810880.0,285.30318560070543,42.453350659259236,14.237070828702901,wandb
320,1779631789.2187643,1.2406846284866333,2.28e-05,4.822526454925537,5.95941162109375,16106127360.0,262.9345244398087,39.124875325055484,13.120839993002917,wandb
330,1779632370.1312532,1.397497534751892,2.28e-05,4.773469924926758,6.145979404449463,16609443840.0,172.86656309306397,25.72268797069001,8.626309227808022,wandb
340,1779633442.3900857,0.959318995475769,2.28e-05,4.693168640136719,5.733020782470703,17112760320.0,392.0271717900187,58.333968325372155,19.56276302978923,wandb
350,1779633845.365499,0.8666576147079468,2.28e-05,4.666037082672119,6.471029281616211,17616076800.0,408.047899188066,60.717865850433725,20.362222139273417,wandb
360,1779634453.807235,0.6763210296630859,2.28e-05,4.622234344482422,5.862725257873535,18119393280.0,363.91249146321445,54.15048057330323,18.15979693848435,wandb
370,1779636645.812581,1.1920576095581055,2.28e-05,4.6117024421691895,5.900478363037109,18622709760.0,200.91847758055553,29.896836113808707,10.026143206521743,wandb
380,1779637082.3104458,0.8789862990379333,2.28e-05,4.537503242492676,5.749295234680176,19126026240.0,396.6512176813684,59.02203018937361,19.79351008132217,wandb
390,1779637498.9547856,0.9835230708122253,2.28e-05,4.491619110107422,5.95236873626709,19629342720.0,395.91997962501193,58.91322136006968,19.757020169795002,wandb
400,1779637924.9728973,1.092301845550537,2.28e-05,4.463613510131836,5.494681358337402,20132659200.0,400.5355660311042,59.600024445648195,19.987345079911854,wandb
410,1779638758.4045992,1.2743114233016968,2.28e-05,4.426538467407227,5.725996971130371,20635975680.0,388.14168051223743,57.755804000456415,19.368870997319956,wandb
420,1779639164.1101954,1.0566004514694214,2.28e-05,4.402201175689697,5.5824432373046875,21139292160.0,413.94163808865005,61.59485908734342,20.656328838421636,wandb
430,1779639570.582577,1.0335010290145874,2.28e-05,4.350564002990723,6.171717166900635,21642608640.0,375.51291030857243,55.87663251934391,18.73867580517575,wandb
440,1779639988.1039548,1.0361714363098145,2.28e-05,4.319659233093262,5.766953945159912,22145925120.0,405.1539614366197,60.28724551267078,20.217810163450398,wandb
450,1779640413.5550945,0.8427442908287048,2.28e-05,4.267999649047852,6.387256622314453,22649241600.0,399.7415987356658,59.48188145353872,19.94772488220172,wandb
460,1779640815.284205,1.0901771783828735,2.28e-05,4.261620998382568,5.390239715576172,23152558080.0,406.4159993572909,60.47503780205139,20.280787810290455,wandb
470,1779641474.144824,0.750493586063385,2.28e-05,4.203407287597656,5.179591178894043,23655874560.0,406.19349328262734,60.441928713586016,20.269684412555407,wandb
480,1779641880.6825523,0.9889324903488159,2.28e-05,4.1772565841674805,5.790208339691162,24159191040.0,410.42137749312894,61.071041390884936,20.480662382653183,wandb
490,1779642284.1821365,0.8735998868942261,2.28e-05,4.126296043395996,5.511058807373047,24662507520.0,414.5833829321318,61.69035125234235,20.68835290002252,wandb
500,1779642696.7096946,1.0969327688217163,2.28e-05,4.116222381591797,5.806403160095215,25165824000.0,291.94978827559214,43.4423706502405,14.56874659619694,wandb
510,1779643510.0984576,0.7235840559005737,2.28e-05,4.0726141929626465,5.335973262786865,25669140480.0,389.376730725879,57.93958049664633,19.430501915781655,wandb
520,1779643925.3401341,0.7580710053443909,2.28e-05,4.047889709472656,5.322746276855469,26172456960.0,401.714460502751,59.77544492085147,20.046173739876036,wandb
530,1779644334.9767263,0.8729971051216125,2.28e-05,4.020999908447266,5.6421003341674805,26675773440.0,415.4963588120311,61.82620282053008,20.733911810413428,wandb
540,1779644745.0861928,0.6294388175010681,2.28e-05,3.99180269241333,5.434422492980957,27179089920.0,407.11409131466644,60.57891446433427,20.315623680143005,wandb
550,1779645150.7664716,0.43565306067466736,2.28e-05,3.949246883392334,5.313140869140625,27682406400.0,413.92403334474335,61.59223948684803,20.655450334435105,wandb
560,1779645552.5763319,0.6843991279602051,2.28e-05,3.9396228790283203,5.353677749633789,28185722880.0,414.0710101680288,61.61410976006136,20.662784705549424,wandb
570,1779645971.871787,0.5860520601272583,2.28e-05,3.9262237548828125,4.949678421020508,28689039360.0,398.2032562670088,59.25297481823978,19.870959210486706,wandb
580,1779646393.5358262,0.5368776321411133,2.28e-05,3.875992774963379,5.56447696685791,29192355840.0,397.32984287177004,59.12301018058425,19.8273745293533,wandb
590,1779646800.5529196,0.6548246741294861,2.28e-05,3.8688056468963623,5.23679256439209,29695672320.0,413.97156359747163,61.599312027877495,20.65782216765938,wandb
600,1779647208.1404424,0.5043022632598877,2.28e-05,3.84043025970459,4.6083574295043945,30198988800.0,380.1599060455447,56.568109339409524,18.970568089549143,wandb
610,1779648000.7441714,0.597331166267395,2.28e-05,3.8271050453186035,5.120502471923828,30702305280.0,407.2997108752812,60.606534808914034,20.324886383698527,wandb
620,1779648403.6137292,0.5421987771987915,2.28e-05,3.813122034072876,5.256575584411621,31205621760.0,414.0847281364526,61.616151005141056,20.663469253419663,wandb
630,1779648831.2191868,0.4911765456199646,2.28e-05,3.779858350753784,4.9132232666015625,31708938240.0,333.61547811691776,49.64225985781953,16.64792904958856,wandb
640,1779649240.0047379,0.9049604535102844,2.28e-05,3.8017754554748535,5.003007888793945,32212254720.0,415.774271780648,61.86755650077241,20.747780097968942,wandb
650,1779649635.6594973,0.540953516960144,2.28e-05,3.7548575401306152,5.414359092712402,32715571200.0,408.42532373004616,60.774026935331385,20.38105620845967,wandb
660,1779650049.0155666,0.813018798828125,2.28e-05,3.760237693786621,4.955278396606445,33218887680.0,411.6301274132427,61.25090438158339,20.5409808757349,wandb
670,1779650448.7818892,0.3833467364311218,2.28e-05,3.7252540588378906,5.037035942077637,33722204160.0,406.2225421410892,60.44625120781943,20.271133995582474,wandb
680,1779650845.4984076,0.6314998269081116,2.28e-05,3.716832399368286,5.084859848022461,34225520640.0,416.89919063799647,62.034945359798556,20.80391529118416,wandb
690,1779651251.2035184,0.525600254535675,2.28e-05,3.697481632232666,4.594283103942871,34728837120.0,409.9467701807939,61.000419429151194,20.45697874271307,wandb
700,1779651650.106087,0.4881945252418518,2.28e-05,3.6730875968933105,4.93831729888916,35232153600.0,410.0013646652838,61.00854313372614,20.459703092043075,wandb
710,1779652440.2378242,0.4894118309020996,2.28e-05,3.6562418937683105,4.820497035980225,35735470080.0,416.0644479786086,61.910734959712684,20.762260339661548,wandb
720,1779652837.3715453,0.5259591937065125,2.28e-05,3.63992977142334,4.536353588104248,36238786560.0,412.36401537757564,61.36010751939217,20.57760302177418,wandb
730,1779653235.7980251,0.41361600160598755,2.28e-05,3.629849433898926,4.757132530212402,36742103040.0,412.6844498915929,61.40778844085914,20.593593200300997,wandb
740,1779653637.9284432,0.6395522952079773,2.28e-05,3.6233296394348145,5.236207962036133,37245419520.0,374.3550728378827,55.70434534334856,18.680897922171646,wandb
750,1779654042.4955168,0.47157520055770874,2.28e-05,3.599203586578369,4.511478424072266,37748736000.0,411.04098274551103,61.163239166364775,20.511581644369194,wandb
760,1779654446.052206,0.6564551591873169,2.28e-05,3.601956844329834,4.703188896179199,38252052480.0,410.6921456553571,61.11133191801043,20.49417413330428,wandb
770,1779654842.422416,0.48718973994255066,2.28e-05,3.5684516429901123,4.790899276733398,38755368960.0,415.84982968162416,61.8787995791084,20.75155055424899,wandb
780,1779655239.3126209,0.3361279368400574,2.28e-05,3.563789129257202,4.747313499450684,39258685440.0,415.0243897957302,61.75597343943452,20.71035982553152,wandb
790,1779655647.5433514,0.5583746433258057,2.28e-05,3.559427499771118,5.215664863586426,39762001920.0,411.6591612057176,61.255224633985456,20.542429706945885,wandb
800,1779656045.150184,0.3630068898200989,2.28e-05,3.5368685722351074,4.302513599395752,40265318400.0,408.9869150770822,60.85759219357667,20.409080486449078,wandb
810,1779656880.236019,0.483798086643219,2.28e-05,3.508333683013916,4.61737585067749,40768634880.0,288.3053482519748,42.900074951881905,14.386883394641886,wandb
820,1779657294.9274023,0.4545024335384369,2.28e-05,3.4967703819274902,4.742778778076172,41271951360.0,409.6576867053324,60.957403568225125,20.44255302956554,wandb
830,1779657701.7055426,0.4126957654953003,2.28e-05,3.5097055435180664,4.471405982971191,41775267840.0,416.50298217881783,61.97598921244163,20.784143875437852,wandb
840,1779658099.182677,0.49390068650245667,2.28e-05,3.5033421516418457,4.9719743728637695,42278584320.0,411.1220054541392,61.175295412612115,20.51562480301477,wandb
850,1779658497.356787,0.42862051725387573,2.28e-05,3.485910177230835,4.466448783874512,42781900800.0,414.11905009444854,61.62125814095885,20.665181972280262,wandb
860,1779658942.0540242,0.5559817552566528,2.28e-05,3.4979734420776367,4.547110557556152,43285217280.0,386.18948075991295,57.46531505807797,19.271453206182784,wandb
870,1779659345.7005153,0.5250544548034668,2.28e-05,3.4849748611450195,4.518143653869629,43788533760.0,412.40614978501895,61.366377154167694,20.579705593961847,wandb
880,1779659978.2160628,0.6082849502563477,2.28e-05,3.477949380874634,5.309490203857422,44291850240.0,411.3748300442103,61.212915921317524,20.528241141624875,wandb
890,1779660396.6384933,0.4006624221801758,2.28e-05,3.454014778137207,4.5174946784973145,44795166720.0,367.892237891878,54.74267014284924,18.35839244896161,wandb
900,1779660798.2342412,0.3350280225276947,2.28e-05,3.442638874053955,4.504721641540527,45298483200.0,415.2809036425842,61.79414291260924,20.723160263768875,wandb
910,1779661588.3636193,0.4057368338108063,2.28e-05,3.4405369758605957,4.32929801940918,45801799680.0,415.2979541714098,61.79668004544088,20.724011111564515,wandb
920,1779662012.2388203,0.5179553031921387,2.28e-05,3.426879405975342,4.371394157409668,46305116160.0,406.4597866984436,60.48155339473389,20.282972866430224,wandb
930,1779662410.6545014,0.3592548966407776,2.28e-05,3.4249746799468994,4.5865278244018555,46808432640.0,412.6407312584828,61.40128307199038,20.591411572798968,wandb
940,1779662932.7135022,0.5048654675483704,2.28e-05,3.418015480041504,4.217029571533203,47311749120.0,99.34413034493332,14.78248899532155,4.957425964798661,wandb
950,1779663328.6819568,0.5654910206794739,2.28e-05,3.423771858215332,4.695018768310547,47815065600.0,414.86982547171556,61.73297413981931,20.702646826379567,wandb
960,1779664497.5728474,0.3483777642250061,2.28e-05,3.3873188495635986,4.749488830566406,48318382080.0,412.9207265585526,61.44294660488006,20.60538377191902,wandb
970,1779664894.0215487,0.4356483519077301,2.28e-05,3.3876399993896484,4.253716468811035,48821698560.0,412.6845058787514,61.407796771794764,20.593595994146916,wandb
980,1779665291.4619367,0.4531610906124115,2.28e-05,3.380664587020874,4.053511619567871,49325015040.0,411.2553998758469,61.19514461320489,20.52228139125443,wandb
990,1779665691.950408,0.3617796301841736,2.28e-05,3.3694944381713867,4.333696365356445,49828331520.0,415.79600634055066,61.87079062131344,20.74886468616978,wandb
1000,1779666090.5613906,0.47292307019233704,2.28e-05,3.3643739223480225,4.241471290588379,50331648000.0,407.7319643545174,60.6708544851527,20.346456501770923,wandb
1010,1779666892.2261899,0.5336338877677917,2.28e-05,3.3624625205993652,4.521756172180176,50834964480.0,413.16592119720116,61.47943177048521,20.617619364136146,wandb
1020,1779667296.8346968,0.33057138323783875,2.28e-05,3.339885711669922,4.910195350646973,51338280960.0,406.5027304732775,60.487943464048456,20.2851158273042,wandb
1030,1779667702.1135552,0.34624963998794556,2.28e-05,3.333834648132324,4.316337585449219,51841597440.0,413.79894800303975,61.57362668425175,20.649208382156456,wandb
1040,1779668101.800893,0.3622289299964905,2.28e-05,3.325375556945801,4.800967216491699,52344913920.0,415.5960675914691,61.841039569612896,20.738887432932724,wandb
1050,1779668499.2714283,0.3624040484428406,2.28e-05,3.314575433731079,4.2672224044799805,52848230400.0,415.77309520566297,61.86738142543874,20.747721385054952,wandb
1060,1779668896.5002382,0.3684307038784027,2.28e-05,3.3072056770324707,4.397103309631348,53351546880.0,413.44925624618827,61.52159226078391,20.631758221899656,wandb
1070,1779669502.535597,0.3262563645839691,2.28e-05,3.305124282836914,4.410930156707764,53854863360.0,414.68788727928757,61.70590158587921,20.693567828798134,wandb
1080,1779669900.1836035,0.5558456182479858,2.28e-05,3.3128201961517334,4.167840003967285,54358179840.0,394.8278208912505,58.750707234605834,19.702519757484463,wandb
1090,1779670300.649882,0.4146420359611511,2.28e-05,3.297800064086914,4.152612686157227,54861496320.0,409.346604893324,60.91111433657458,20.42702956535409,wandb
1100,1779670695.4256482,0.3424990773200989,2.28e-05,3.2897520065307617,4.798253059387207,55364812800.0,417.480563880088,62.121454180436,20.832926716374324,wandb
1110,1782684375.130553,0.4001139998435974,2.28e-05,3.2740869522094727,4.494150161743164,55868129280.0,438.44606290579935,65.24113782508536,21.879137588361925,wandb
1120,1782684750.037657,0.4379655122756958,2.28e-05,3.275932788848877,4.42611837387085,56371445760.0,438.2651481946841,65.21421756601352,21.87010966408313,wandb
1130,1782685124.1845517,0.3641049265861511,2.28e-05,3.2630085945129395,4.306309700012207,56874762240.0,437.82010304241476,65.14799447821758,21.847901221715095,wandb
1140,1782685498.8501494,0.3512240946292877,2.28e-05,3.2577736377716064,4.3518171310424805,57378078720.0,437.8999914624232,65.15988194137749,21.851887777601803,wandb
1150,1782685873.4717646,0.4160974323749542,2.28e-05,3.258223533630371,4.4563679695129395,57881395200.0,435.68317006932205,64.8300170793637,21.741264956753472,wandb
1160,1782686248.8470542,0.32726427912712097,2.28e-05,3.2406632900238037,4.373287677764893,58384711680.0,432.2211410007332,64.3148642824123,21.568504344365813,wandb
1170,1782686624.262326,0.4277079701423645,2.28e-05,3.2384986877441406,4.395864009857178,58888028160.0,437.45269044948253,65.09332317964257,21.82956676429248,wandb
1180,1782686999.4412124,0.37600183486938477,2.28e-05,3.2416884899139404,4.227295875549316,59391344640.0,437.9919582028253,65.17356666863022,21.85647706038262,wandb
1190,1782687374.4886925,0.4755200147628784,2.28e-05,3.2235031127929688,4.251065254211426,59894661120.0,434.8265570536597,64.70255235212404,21.69851864058075,wandb
1200,1782687924.814292,0.38014888763427734,2.28e-05,3.221385955810547,4.289320945739746,60397977600.0,436.7558791798342,64.98963708475576,21.794794802741002,wandb
1210,1782688692.1737309,0.31946617364883423,2.28e-05,3.2085986137390137,4.46711540222168,60901294080.0,437.18425408171623,65.05337962546707,21.816171373796426,wandb
1220,1782689066.9406004,0.33527329564094543,2.28e-05,3.1977975368499756,4.169199466705322,61404610560.0,437.35437387042174,65.07869359113062,21.82466061472819,wandb
1230,1782689441.8068755,0.36850690841674805,2.28e-05,3.193962812423706,4.548643112182617,61907927040.0,437.04038895134903,65.03197237474095,21.808992280978007,wandb
1240,1782689816.6032138,0.30023375153541565,2.28e-05,3.1869285106658936,4.151246070861816,62411243520.0,437.3036918911233,65.07115207057335,21.82213150546679,wandb
1250,1782690191.6040144,0.3213801085948944,2.28e-05,3.1825079917907715,4.153144836425781,62914560000.0,435.27630995281174,64.76947595656091,21.720962006809415,wandb
1260,1782690566.5609746,0.3075287640094757,2.28e-05,3.1722617149353027,4.18538761138916,63417876480.0,437.07976456752004,65.0378314990869,21.81095718520847,wandb
1270,1782690977.3106906,0.26472172141075134,2.28e-05,3.177915334701538,4.185028076171875,63921192960.0,437.32631999867993,65.07451915174644,21.823260683079454,wandb
1280,1782691354.3676503,0.4024598300457001,2.28e-05,3.1685166358947754,4.896739482879639,64424509440.0,433.44357888664496,64.49676405377484,21.62950588814028,wandb
1290,1782691732.2743676,0.30264681577682495,2.28e-05,3.15576171875,4.46604061126709,64927825920.0,433.09642304195006,64.4451069761393,21.61218227382762,wandb
1300,1782692110.2949536,0.32686641812324524,2.28e-05,3.1593689918518066,4.422547340393066,65431142400.0,433.3100083027734,64.47688864010597,21.622840509135813,wandb
1310,1782692878.1406412,0.3315104842185974,2.28e-05,3.14705228805542,4.322052955627441,65934458880.0,433.1292455789545,64.44999099686989,21.613820169258496,wandb
1320,1782693256.1980484,0.32938069105148315,2.28e-05,3.1540274620056152,4.638169288635254,66437775360.0,433.458550305778,64.49899181335972,21.63025298514221,wandb
1330,1782693634.1880524,0.2991602122783661,2.28e-05,3.1368772983551025,4.447528839111328,66941091840.0,433.36966523844205,64.48576564161532,21.625817482620175,wandb
1340,1782694012.2239943,0.3183305859565735,2.28e-05,3.1315715312957764,4.562889099121094,67444408320.0,433.1549596132364,64.45381726649927,21.615103339394125,wandb
1350,1782694390.3173685,0.2902015149593353,2.28e-05,3.130640983581543,4.350982666015625,67947724800.0,433.3500643806401,64.48284901771665,21.624839369458762,wandb
1360,1782694768.1663773,0.28748422861099243,2.28e-05,3.1166164875030518,4.153556823730469,68451041280.0,433.73722917272147,64.54045945990832,21.644159492210413,wandb
1370,1782695146.399445,0.2626383602619171,2.28e-05,3.1233270168304443,4.180788040161133,68954357760.0,433.7067545233091,64.53592480679886,21.6426387600067,wandb
1380,1782695524.3812015,0.3225973844528198,2.28e-05,3.1178388595581055,4.504850387573242,69457674240.0,433.75091817695005,64.54249639509175,21.64484259472245,wandb
1390,1782695902.3682225,0.40232548117637634,2.28e-05,3.1070492267608643,4.247572898864746,69960990720.0,433.36024765047557,64.48436429671457,21.625347530395032,wandb
1400,1782696280.264168,0.3226914703845978,2.28e-05,3.100339412689209,3.94084095954895,70464307200.0,432.9592026313124,64.42468846522031,21.605334762814802,wandb
1410,1782697050.7713783,0.2319939285516739,2.28e-05,3.09311580657959,4.2359089851379395,70967623680.0,433.32088796946584,64.47850754353384,21.623383421353797,wandb
1420,1782697428.8188522,0.38199520111083984,2.28e-05,3.0976362228393555,4.56138801574707,71470940160.0,433.2639602340328,64.47003664928326,21.620542639188077,wandb
1430,1782697806.8681617,0.3313380777835846,2.28e-05,3.089160680770874,4.150285243988037,71974256640.0,433.4349652066554,64.49548233104787,21.629076052168248,wandb
1440,1782698184.954426,0.2884470224380493,2.28e-05,3.086021900177002,3.975038766860962,72477573120.0,433.4107681768465,64.49188179294231,21.627868582905297,wandb
1450,1782698563.0402887,0.2954140901565552,2.28e-05,3.0807931423187256,4.786463737487793,72980889600.0,433.29885649600953,64.47522924200975,21.622284016706782,wandb
1460,1782698941.3200395,0.28763648867607117,2.28e-05,3.076216459274292,4.281540393829346,73484206080.0,431.40355650400255,64.19320703116148,21.527705611733737,wandb
1470,1782699319.5987248,0.26825305819511414,2.28e-05,3.0730783939361572,4.149277210235596,73987522560.0,433.16047304890304,64.45463767029953,21.615378468372903,wandb
1480,1782699697.70344,0.32144567370414734,2.28e-05,3.073284387588501,4.194197654724121,74490839040.0,433.6044853948581,64.52070707565925,21.637535372106278,wandb
1490,1782700075.4813616,0.21050667762756348,2.28e-05,3.053783655166626,4.049007415771484,74994155520.0,433.89854273121443,64.56446305121199,21.6522092886158,wandb
1500,1782700453.6238215,0.3048786520957947,2.28e-05,3.051652193069458,4.271661281585693,75497472000.0,433.2829106491133,64.47285648676547,21.62148829425031,wandb
1510,1782701223.0591044,0.4397119879722595,2.28e-05,3.050497055053711,4.158998489379883,76000788480.0,428.63752228030216,63.78161884441545,21.389676220037586,wandb
1520,1782701605.413068,0.22878974676132202,2.28e-05,3.039952039718628,3.9026169776916504,76504104960.0,428.55215085967376,63.768915506215464,21.38541605392807,wandb
1530,1782701983.8332818,0.2814073860645294,2.28e-05,3.0421228408813477,4.274052143096924,77007421440.0,433.01862792649,64.43353099843246,21.60830017707991,wandb
1540,1782702362.2943974,0.24569301307201385,2.28e-05,3.0361948013305664,4.815409183502197,77510737920.0,432.96467572080473,64.42550286547637,21.605607878456993,wandb
1550,1782702740.912619,0.27030423283576965,2.28e-05,3.029831886291504,3.9659206867218018,78014054400.0,432.31675919625263,64.32909234921514,21.57327584041223,wandb
1560,1782703119.5808418,0.2228187471628189,2.28e-05,3.0247745513916016,4.2079339027404785,78517370880.0,432.90218455802665,64.41620412862233,21.60248947265032,wandb
1570,1782703497.9884908,0.23149526119232178,2.28e-05,3.0139780044555664,4.192349433898926,79020687360.0,432.8115331264402,64.40271512041234,21.59796582581651,wandb
1580,1782703876.3003979,0.28852564096450806,2.28e-05,3.020664930343628,4.1716718673706055,79524003840.0,433.2118915132205,64.46228878043851,21.617944329377398,wandb
1590,1782704253.3099856,0.2300403118133545,2.28e-05,3.0140457153320312,4.58143424987793,80027320320.0,436.8476495610734,65.00329259360217,21.79937428689548,wandb
1600,1782704628.4068515,0.26898762583732605,2.28e-05,3.0148868560791016,3.7161850929260254,80530636800.0,437.08371011585996,65.03841859995248,21.81115407418135,wandb
1610,1782705392.2082517,0.28205084800720215,2.28e-05,3.0088255405426025,4.053409576416016,81033953280.0,436.46415826092124,64.9462287700565,21.780237477080465,wandb
1620,1782705767.4652019,0.2874828577041626,2.28e-05,3.0010287761688232,4.199414253234863,81537269760.0,436.55296986721095,64.9594440107363,21.784669313782516,wandb
1630,1782706142.743538,0.3310546278953552,2.28e-05,3.0019564628601074,4.004909515380859,82040586240.0,436.78621584428925,64.9941512055891,21.796308649281634,wandb
1640,1782706518.2613523,0.22079439461231232,2.28e-05,2.996743679046631,4.126628875732422,82543902720.0,436.50856095199845,64.95283592731816,21.78245324013449,wandb
1650,1782706893.8099585,0.22950904071331024,2.28e-05,2.9891576766967773,3.9872474670410156,83047219200.0,436.66989947422235,64.9768432332457,21.79050428226872,wandb
1660,1782707269.1699183,0.24754704535007477,2.28e-05,2.99631404876709,4.016857624053955,83550535680.0,436.4144980523229,64.93883928982692,21.77775935575948,wandb
1670,1782707644.5881674,0.2722572386264801,2.28e-05,2.9885642528533936,3.9080028533935547,84053852160.0,436.6832354514537,64.97882763771912,21.79116976818684,wandb
1680,1782708019.8272367,0.31465616822242737,2.28e-05,2.985445022583008,4.811004638671875,84557168640.0,436.6019654725413,64.96673459744838,21.787114270371113,wandb
1690,1782708395.1372278,0.2514798641204834,2.28e-05,2.9787869453430176,4.047713756561279,85060485120.0,436.67044877599614,64.97692496980525,21.79053169327797,wandb
1700,1782708770.2647367,0.37130531668663025,2.28e-05,2.9853310585021973,3.9497146606445312,85563801600.0,436.96153782573975,65.020239261848,21.80505748768834,wandb
1710,1782709537.5033495,0.22792546451091766,2.28e-05,2.9695615768432617,3.982823371887207,86067118080.0,437.0660318525572,65.03578805970997,21.81027190146309,wandb
1720,1782709912.5406585,0.30689966678619385,2.28e-05,2.970949172973633,4.022027015686035,86570434560.0,436.9399850276328,65.01703218761294,21.80398196968261,wandb
1730,1782710287.71653,0.214850515127182,2.28e-05,2.9613490104675293,4.163028717041016,87073751040.0,436.84546462637934,65.00296747350743,21.799265255270296,wandb
1740,1782710662.934341,0.23846551775932312,2.28e-05,2.961639165878296,3.6945090293884277,87577067520.0,435.5905114785026,64.81622940419503,21.73664114956532,wandb
1750,1782711038.3694823,0.1906515657901764,2.28e-05,2.9554319381713867,4.053192138671875,88080384000.0,435.3115724286214,64.7747230422095,21.72272165896556,wandb
1760,1782711413.7754235,0.21839678287506104,2.28e-05,2.9534618854522705,4.268052577972412,88583700480.0,436.3088903179437,64.923124771356,21.772489366252522,wandb
1770,1782711789.0334473,0.25956371426582336,2.28e-05,2.9459595680236816,3.777736186981201,89087016960.0,436.39772759369635,64.9363438316732,21.77692248390053,wandb
1780,1782712164.2056324,0.22878532111644745,2.28e-05,2.943558692932129,3.640763282775879,89590333440.0,436.8981108636209,65.01080127727587,21.801892384045228,wandb
1790,1782712539.4119844,0.2663910984992981,2.28e-05,2.9470252990722656,3.8578743934631348,90093649920.0,436.40940668312766,64.93808168986767,21.777505288551303,wandb
1800,1782712914.7434304,0.17167681455612183,2.28e-05,2.9398233890533447,3.790693759918213,90596966400.0,436.4978640792787,64.95124422378505,21.781919449618847,wandb
1810,1782713679.881113,0.2020261138677597,2.28e-05,2.937882423400879,4.123335838317871,91100282880.0,436.59025442353766,64.96499198364303,21.786529870888184,wandb
1820,1782714055.251021,0.2443559616804123,2.28e-05,2.932952642440796,4.597639083862305,91603599360.0,436.2839208488987,64.91940929365143,21.77124335107537,wandb
1830,1782714430.6544573,0.25628578662872314,2.28e-05,2.9308900833129883,3.9117088317871094,92106915840.0,436.3334747189372,64.92678295061513,21.77371616593753,wandb
1840,1782714806.290632,0.22508181631565094,2.28e-05,2.9213778972625732,4.518850326538086,92610232320.0,436.39703913262406,64.9362413880946,21.776888128626762,wandb
1850,1782715181.7186468,0.2532404065132141,2.28e-05,2.923466682434082,3.7626729011535645,93113548800.0,436.61581316791217,64.9687951460054,21.78780529181693,wandb
1860,1782715557.1041727,0.21345731616020203,2.28e-05,2.918053388595581,4.039942741394043,93616865280.0,436.33487813019696,64.92699177937463,21.773786198332942,wandb
1870,1782715932.6218708,0.1964765340089798,2.28e-05,2.9148178100585938,4.012641906738281,94120181760.0,436.1594892542773,64.90089376916323,21.765034021788622,wandb
1880,1782716308.0691423,0.1995800882577896,2.28e-05,2.914134979248047,3.8023123741149902,94623498240.0,436.27517588207735,64.918108035335,21.770806963687097,wandb
1890,1782716851.234869,0.24003981053829193,2.28e-05,2.9115331172943115,3.804048538208008,95126814720.0,436.3467039071299,64.92875146479102,21.77437632291723,wandb
1900,1782717226.756431,0.24744467437267303,2.28e-05,2.909860610961914,4.475713729858398,95630131200.0,436.2940539448482,64.92091710673351,21.771749008257025,wandb
1910,1782717994.1206703,0.2659805715084076,2.28e-05,2.912795305252075,4.130372047424316,96133447680.0,436.62179439521617,64.96968515758931,21.78810376432291,wandb
1920,1782718369.5714545,0.20815566182136536,2.28e-05,2.903871536254883,3.9489855766296387,96636764160.0,436.28549800046864,64.91964397511319,21.771322053381343,wandb
1930,1782718745.0631955,0.23694469034671783,2.28e-05,2.902825355529785,3.584965229034424,97140080640.0,436.166800563634,64.9019816980598,21.76539886744901,wandb
1940,1782719120.55852,0.21938490867614746,2.28e-05,2.9015824794769287,4.19138240814209,97643397120.0,436.0125038505848,64.87902221917821,21.7576992224987,wandb
1950,1782719495.8514555,0.21189503371715546,2.28e-05,2.900240421295166,4.347485542297363,98146713600.0,436.84936463442887,65.00354779794002,21.799459871712155,wandb
1960,1782719871.284725,0.27990052103996277,2.28e-05,2.895374059677124,4.06730842590332,98650030080.0,436.26577874275677,64.91670973320973,21.770338031881053,wandb
1970,1782720246.7667313,0.22793424129486084,2.28e-05,2.8984899520874023,3.874086856842041,99153346560.0,436.0836426577163,64.88960773268475,21.761249159151774,wandb
1980,1782720622.2285132,0.21327126026153564,2.28e-05,2.8866190910339355,4.928705215454102,99656663040.0,436.4250090549493,64.94040333573597,21.778283871069593,wandb
1990,1782720997.5747437,0.2713366746902466,2.28e-05,2.8889403343200684,3.531886577606201,100159979520.0,436.38224594328886,64.93404014925146,21.776149925567783,wandb
2000,1782721372.7394574,0.21848799288272858,2.28e-05,2.887685775756836,3.897002935409546,100663296000.0,436.5616234589153,64.96073167235956,21.78510114141093,wandb
2010,1782722134.8078141,0.21655720472335815,2.28e-05,2.878789186477661,3.8131492137908936,101166612480.0,436.38737706922427,64.93480366504662,21.77640597669886,wandb
2020,1782722510.2415254,0.18725299835205078,2.28e-05,2.87465763092041,3.9801888465881348,101669928960.0,436.28707642666944,64.91987884624109,21.771400819293373,wandb
2030,1782722885.4328067,0.2437104880809784,2.28e-05,2.8771872520446777,4.2150115966796875,102173245440.0,436.90605715417064,65.01198369190064,21.80228891625059,wandb
2040,1782723260.7031634,0.21637271344661713,2.28e-05,2.874781608581543,4.137367248535156,102676561920.0,436.67889592060266,64.97818191192911,21.790953218876467,wandb
2050,1782723636.0131917,0.22356902062892914,2.28e-05,2.8658699989318848,3.9205949306488037,103179878400.0,436.6087280371799,64.96774087267575,21.787451732820198,wandb
2060,1782724011.1748428,0.22076280415058136,2.28e-05,2.8661179542541504,3.6391003131866455,103683194880.0,436.82650609997063,65.00014642905285,21.79831919544022,wandb
2070,1782724386.2766774,0.20181536674499512,2.28e-05,2.86464262008667,4.73426628112793,104186511360.0,436.92776613120856,65.01521400569017,21.803372227826856,wandb
2080,1782724761.510738,0.19003719091415405,2.28e-05,2.8603625297546387,3.808627128601074,104689827840.0,436.89950011755434,65.01100799941347,21.801961709968133,wandb
2090,1782725136.7767947,0.19923478364944458,2.28e-05,2.8587613105773926,3.6256842613220215,105193144320.0,436.5987879580893,64.96626178066238,21.786955707478743,wandb
2100,1782725511.8870902,0.20809347927570343,2.28e-05,2.8609087467193604,3.7820773124694824,105696460800.0,436.8323645452793,65.00101817057401,21.798611540934473,wandb
2110,1783177596.2873533,0.24128055572509766,2.28e-05,2.853634834289551,3.834656238555908,106199777280.0,443.89820321311856,66.05242082503771,22.151207833774347,wandb
2120,1783177965.8579614,0.2261526733636856,2.28e-05,2.847355842590332,4.039765357971191,106703093760.0,443.78739970731687,66.03593317146957,22.145678567226387,wandb
2130,1783178335.4845703,0.19977091252803802,2.28e-05,2.8435542583465576,3.7188663482666016,107206410240.0,443.09181687488194,65.93242986905902,22.110967906594418,wandb
2140,1783178705.387532,0.1746266633272171,2.28e-05,2.8401589393615723,3.9035706520080566,107709726720.0,443.59131594159004,66.0067557444897,22.135893683629195,wandb
2150,1783179075.3913388,0.1655297428369522,2.28e-05,2.8459813594818115,4.004818916320801,108213043200.0,442.43900303339035,65.83529062797516,22.078391484849586,wandb
2160,1783179445.3584955,0.15735633671283722,2.28e-05,2.8372347354888916,3.9714252948760986,108716359680.0,443.42801325309307,65.98245616899156,22.127744626555913,wandb
2170,1783179815.4415781,0.16551369428634644,2.28e-05,2.834113597869873,3.799553632736206,109219676160.0,443.40353396013234,65.9788136298949,22.12652307192453,wandb
2180,1783180185.6085825,0.23502978682518005,2.28e-05,2.841012477874756,3.795395851135254,109722992640.0,441.73842466781434,65.73104398608973,22.043431539376975,wandb
2190,1783180555.8697262,0.19247658550739288,2.28e-05,2.831960439682007,3.793278217315674,110226309120.0,441.052936673275,65.62904280393111,22.009224626790513,wandb
2200,1783180926.2690067,0.21723589301109314,2.28e-05,2.826826572418213,3.9333086013793945,110729625600.0,443.06653340253484,65.92866766740265,22.109706222166174,wandb
2210,1783181706.3259559,0.20899903774261475,2.28e-05,2.822483777999878,4.1329498291015625,111232942080.0,443.03940332532454,65.92463068941099,22.108352389295302,wandb
2220,1783182076.0754087,0.1943230777978897,2.28e-05,2.8262877464294434,3.8586740493774414,111736258560.0,442.957430570561,65.91243307551069,22.10426182187617,wandb
2230,1783182445.8576853,0.1891791671514511,2.28e-05,2.814441680908203,3.993288040161133,112239575040.0,443.11669913063815,65.93613236935388,22.112209569693388,wandb
2240,1783182815.7289717,0.21948540210723877,2.28e-05,2.814579963684082,3.7075881958007812,112742891520.0,442.68816484450747,65.87236611213416,22.090825045117107,wandb
2250,1783183185.6157146,0.19881543517112732,2.28e-05,2.817561149597168,3.75911021232605,113246208000.0,441.0934925035987,65.63507754512192,22.01124842553507,wandb
2260,1783183555.3606403,0.17169100046157837,2.28e-05,2.8114020824432373,3.7326714992523193,113749524480.0,443.08906028593105,65.9320196863367,22.110830348536464,wandb
2270,1783183925.020245,0.20889364182949066,2.28e-05,2.8177571296691895,3.794332504272461,114252840960.0,443.4227182832669,65.98166827308957,22.127480399360927,wandb
2280,1783184294.7222056,0.15135228633880615,2.28e-05,2.8129992485046387,4.566439628601074,114756157440.0,443.2969279692944,65.96295057003495,22.121203267874225,wandb
2290,1783184665.2710624,0.19732894003391266,2.28e-05,2.8041183948516846,4.07942008972168,115259473920.0,442.922798824837,65.907279843022,22.10253364412815,wandb
2300,1783185035.13532,0.1994597464799881,2.28e-05,2.809598445892334,4.040887832641602,115762790400.0,441.78041863994974,65.73729272397496,22.045527103625275,wandb
2310,1783185803.273605,0.19069385528564453,2.28e-05,2.8006324768066406,3.856609582901001,116266106880.0,442.7435714401224,65.88061065951811,22.093589920050018,wandb
2320,1783186173.1743069,0.23379841446876526,2.28e-05,2.8049325942993164,4.409139156341553,116769423360.0,442.93709404375704,65.90940698345433,22.103246997692178,wandb
2330,1783186543.0064862,0.17763057351112366,2.28e-05,2.8017306327819824,4.197151184082031,117272739840.0,442.97420699511247,65.91492942139898,22.10509899144401,wandb
2340,1783186912.8142667,0.2174062579870224,2.28e-05,2.7945659160614014,4.167068004608154,117776056320.0,442.855958791055,65.89733399055544,22.099198222923008,wandb
2350,1783187282.7746775,0.19204489886760712,2.28e-05,2.7934651374816895,3.933541774749756,118279372800.0,442.6438919166307,65.86577826374436,22.08861575744775,wandb
2360,1783187652.671955,0.19678913056850433,2.28e-05,2.789790153503418,3.8166232109069824,118782689280.0,443.0921380561925,65.93247766110443,22.11098393403925,wandb
2370,1783188022.5699825,0.1887761503458023,2.28e-05,2.7971837520599365,3.847182512283325,119286005760.0,442.74002816787953,65.88008341766944,22.09341310527741,wandb
2380,1783188392.9011586,0.19677673280239105,2.28e-05,2.7865066528320312,4.1005754470825195,119789322240.0,440.8502896764634,65.59888876272203,21.999112227797294,wandb
2390,1783188762.992381,0.16870442032814026,2.28e-05,2.787351131439209,3.8881726264953613,120292638720.0,442.79805153718974,65.88871734314971,22.096308561270476,wandb
2400,1783189133.1701255,0.1698390394449234,2.28e-05,2.7841835021972656,3.6459875106811523,120795955200.0,442.8904633915341,65.90246830372624,22.10092005592639,wandb
2410,1783189895.941484,0.18433064222335815,2.28e-05,2.7826223373413086,3.8640055656433105,121299271680.0,442.6505532814252,65.86676948035098,22.088948169867876,wandb
2420,1783190265.882567,0.14057154953479767,2.28e-05,2.782433032989502,4.311603546142578,121802588160.0,443.2127737479404,65.95042835209658,22.117003841893656,wandb
2430,1783190635.9843585,0.17715780436992645,2.28e-05,2.7753612995147705,3.819869041442871,122305904640.0,442.77556883156205,65.88537189790424,22.09518663943926,wandb
2440,1783191005.962367,0.196660578250885,2.28e-05,2.7817254066467285,3.594857692718506,122809221120.0,442.99211479209686,65.91759411644371,22.105992618248475,wandb
2450,1783191375.8022165,0.15555515885353088,2.28e-05,2.776165246963501,4.577695846557617,123312537600.0,443.10995032624385,65.93512814166228,22.11187279390181,wandb
2460,1783191745.6697989,0.19832368195056915,2.28e-05,2.7743167877197266,3.952301025390625,123815854080.0,442.65748543221815,65.86780099013878,22.08929409492871,wandb
2470,1783192115.7277207,0.1398574560880661,2.28e-05,2.7718429565429688,3.695589065551758,124319170560.0,442.73356532681987,65.87912174155922,22.093090599499117,wandb
2480,1783192486.052878,0.17970116436481476,2.28e-05,2.771946668624878,3.817802667617798,124822487040.0,442.41093889137403,65.83111466036561,22.076991040698246,wandb
2490,1783192857.291245,0.16053026914596558,2.28e-05,2.764206647872925,3.8086166381835938,125325803520.0,441.14749093903043,65.64311255710261,22.013943031093927,wandb
2500,1783193233.180183,0.17510202527046204,2.28e-05,2.762188196182251,3.9077653884887695,125829120000.0,430.0880170438461,63.99745366832916,21.46205815521212,wandb
2510,1783194001.804155,0.16492362320423126,2.28e-05,2.7611706256866455,3.839181661605835,126332436480.0,442.62808211892286,65.86342575273216,22.08782682405649,wandb
2520,1783194371.8497708,0.17974422872066498,2.28e-05,2.7593860626220703,3.495403289794922,126835752960.0,442.5927918983493,65.85817453863969,22.08606578739365,wandb
2530,1783194741.9035723,0.235275998711586,2.28e-05,2.7609381675720215,4.0615434646606445,127339069440.0,442.52715584358003,65.84840783924885,22.082790446605927,wandb
2540,1783195112.0049736,0.16982153058052063,2.28e-05,2.7572569847106934,4.570380687713623,127842385920.0,442.72017668166006,65.87712950005437,22.09242248536979,wandb
2550,1783195482.114924,0.18163804709911346,2.28e-05,2.7531566619873047,3.6559789180755615,128345702400.0,442.7290888844257,65.87845564321803,22.092867218090696,wandb
2560,1783195852.2547138,0.22431989014148712,2.28e-05,2.7549448013305664,4.008188247680664,128849018880.0,442.3923180437349,65.82834386279202,22.07606183156176,wandb
2570,1783196222.5992024,0.19057220220565796,2.28e-05,2.7444560527801514,3.8872246742248535,129352335360.0,442.11937069622326,65.78772907108885,22.062441336189973,wandb
2580,1783196592.8550751,0.15610256791114807,2.28e-05,2.7523295879364014,3.8641555309295654,129855651840.0,442.21568319514387,65.80206045081368,22.06724747905142,wandb
2590,1783196963.3862798,0.20803169906139374,2.28e-05,2.748443603515625,4.268924713134766,130358968320.0,442.40278069384163,65.82990071380605,22.07658393400626,wandb
2600,1783197333.7614753,0.15365886688232422,2.28e-05,2.7492589950561523,3.400731325149536,130862284800.0,442.4000015652953,65.82948717717325,22.076445251187582,wandb
2610,1783198102.4864507,0.1761138141155243,2.28e-05,2.7405736446380615,3.7376468181610107,131365601280.0,443.0270125071418,65.92278692538795,22.107734068277534,wandb
2620,1783198472.3379326,0.17949795722961426,2.28e-05,2.7400310039520264,3.8005406856536865,131868917760.0,443.1497276628437,65.94104704234125,22.11385774460384,wandb
2630,1783198842.1784174,0.22808395326137543,2.28e-05,2.7431282997131348,3.769911289215088,132372234240.0,443.08501171907955,65.93141725623116,22.110628318780304,wandb
2640,1783199211.7851796,0.1579502820968628,2.28e-05,2.7399306297302246,3.7624402046203613,132875550720.0,443.6430426291397,66.01445271850126,22.138474925450343,wandb
2650,1783199581.4256356,0.16945908963680267,2.28e-05,2.7393293380737305,3.7659497261047363,133378867200.0,443.09159734558176,65.93239720291707,22.11095695174234,wandb
2660,1783199951.152248,0.18835201859474182,2.28e-05,2.738987684249878,3.770263195037842,133882183680.0,442.9265372676316,65.90783612641066,22.102720198213564,wandb
2670,1783200321.1987643,0.1757657378911972,2.28e-05,2.7351202964782715,3.594069480895996,134385500160.0,442.7233597015889,65.8776031360599,22.09258132299399,wandb
2680,1783200691.2898352,0.2237667292356491,2.28e-05,2.736569881439209,4.604863166809082,134888816640.0,442.6829563396667,65.8715910822937,22.09056513265881,wandb
2690,1783201061.1052713,0.14533482491970062,2.28e-05,2.729156970977783,3.823977470397949,135392133120.0,443.11576700984443,65.93599366900663,22.112163055422148,wandb
2700,1783201430.7846572,0.20031754672527313,2.28e-05,2.7320752143859863,3.6827266216278076,135895449600.0,443.0158653257077,65.92112821554464,22.10717780665962,wandb
2710,1783202206.8341122,0.1755933314561844,2.28e-05,2.727235794067383,3.810861825942993,136398766080.0,442.73461764298315,65.87927832707715,22.09314311170545,wandb
2720,1783202576.863977,0.16384217143058777,2.28e-05,2.7269535064697266,3.7693662643432617,136902082560.0,442.9027234083265,65.90429260439389,22.1015318497522,wandb
2730,1783202946.8167987,0.1527048498392105,2.28e-05,2.72171950340271,3.9001121520996094,137405399040.0,442.9735292230655,65.91482856835623,22.10506516956915,wandb
2740,1783203316.7552478,0.1657303273677826,2.28e-05,2.7241485118865967,3.4793622493743896,137908715520.0,442.7910077004947,65.88766921440703,22.095957062910152,wandb
2750,1783203686.8270404,0.17540159821510315,2.28e-05,2.721850633621216,3.885344982147217,138412032000.0,441.63514088535686,65.71567527359235,22.03827751867017,wandb
2760,1783204057.0532103,0.1357787400484085,2.28e-05,2.718703508377075,3.9447569847106934,138915348480.0,442.53606145951534,65.8497330022867,22.083234850633794,wandb
2770,1783204427.0995076,0.1971442699432373,2.28e-05,2.7137653827667236,3.5661141872406006,139418664960.0,442.65211198890887,65.86700141731741,22.08902595178538,wandb
2780,1783204797.276947,0.19306492805480957,2.28e-05,2.7114834785461426,3.4153571128845215,139921981440.0,442.84649291512756,65.89592546036606,22.098725861053822,wandb
2790,1783205167.3459113,0.15414032340049744,2.28e-05,2.716198205947876,3.602973461151123,140425297920.0,442.65076383533386,65.86680081094724,22.088958676834014,wandb
2800,1783205537.4414024,0.17189614474773407,2.28e-05,2.7148330211639404,3.5610156059265137,140928614400.0,442.80108055600476,65.88916806366177,22.096459714000584,wandb
2810,1783206304.9657698,0.2067251354455948,2.28e-05,2.714294910430908,3.9183778762817383,141431930880.0,443.08335140410003,65.93117019998508,22.110545466491388,wandb
2820,1783206674.6691008,0.20864149928092957,2.28e-05,2.7097065448760986,4.45121955871582,141935247360.0,443.2689916109174,65.95879361673691,22.119809200324394,wandb
2830,1783207044.339601,0.1830599159002304,2.28e-05,2.7095537185668945,3.711587429046631,142438563840.0,443.13333383895167,65.93860762774842,22.11303966740147,wandb
2840,1783207414.748126,0.14233854413032532,2.28e-05,2.702650308609009,4.386109352111816,142941880320.0,442.09485131843377,65.78408056733642,22.061217781263554,wandb
2850,1783207784.7367651,0.17856086790561676,2.28e-05,2.70784854888916,3.5525214672088623,143445196800.0,443.1219748941444,65.93691740733954,22.112472838463262,wandb
2860,1783208154.5234995,0.15752555429935455,2.28e-05,2.7037878036499023,3.8082711696624756,143948513280.0,443.1543237768956,65.94173094792437,22.114087097813325,wandb
2870,1783208524.238653,0.16874918341636658,2.28e-05,2.7030413150787354,3.7971787452697754,144451829760.0,443.5200152099022,65.99614613647486,22.132335666689986,wandb
2880,1783208893.9135253,0.17183111608028412,2.28e-05,2.6998822689056396,3.6043646335601807,144955146240.0,443.1151159494275,65.93589679067658,22.112130566499005,wandb
2890,1783209263.508724,0.17408739030361176,2.28e-05,2.701848030090332,3.607767105102539,145458462720.0,443.4116796317708,65.98002571259106,22.126929553555012,wandb
2900,1783209633.091625,0.1741722822189331,2.28e-05,2.6956987380981445,4.344063758850098,145961779200.0,442.82356713304137,65.89251408497609,22.097581829021102,wandb
2910,1783210396.7977188,0.17694924771785736,2.28e-05,2.697686195373535,3.9342899322509766,146465095680.0,443.0308671761586,65.92336050333488,22.107926422231444,wandb
2920,1783210766.704155,0.19240905344486237,2.28e-05,2.693815231323242,3.61739444732666,146968412160.0,442.9097273725485,65.90533480007949,22.101881358414364,wandb
2930,1783211136.6505966,0.19161708652973175,2.28e-05,2.6926183700561523,3.3875205516815186,147471728640.0,442.88226219136135,65.90124795833812,22.100510803336046,wandb
2940,1783211506.5462372,0.20004069805145264,2.28e-05,2.6944475173950195,4.003239631652832,147975045120.0,442.8811162729687,65.90107744473083,22.1004536202335,wandb
2950,1783211876.5237918,0.17684726417064667,2.28e-05,2.6929914951324463,4.118866920471191,148478361600.0,442.7870656243584,65.88708263020824,22.09576034720561,wandb
2960,1783212246.451818,0.1598539501428604,2.28e-05,2.6868598461151123,3.773223400115967,148981678080.0,443.1283495197001,65.9378659569096,22.112790942151282,wandb
2970,1783212616.3983526,0.16848766803741455,2.28e-05,2.6918673515319824,3.644683599472046,149484994560.0,442.79709386649796,65.88857484095642,22.09626077201975,wandb
2980,1783212986.4407835,0.16083376109600067,2.28e-05,2.6839137077331543,4.648049354553223,149988311040.0,442.2703882281151,65.81020060509434,22.069977344921856,wandb
2990,1783213356.531879,0.16415075957775116,2.28e-05,2.685279130935669,3.2771952152252197,150491627520.0,442.6657214976542,65.86902652350699,22.089705087349685,wandb
3000,1783213726.5458183,0.16670268774032593,2.28e-05,2.6879236698150635,3.626533269882202,150994944000.0,442.6660104994769,65.86906952721792,22.089719508988235,wandb
3010,1783214486.8193567,0.17908376455307007,2.28e-05,2.681900978088379,3.611297607421875,151498260480.0,443.1056898394527,65.93449417769394,22.111660189012444,wandb
3020,1783214856.6211374,0.16515015065670013,2.28e-05,2.680263042449951,3.7792160511016846,152001576960.0,443.1182916952685,65.93636934429182,22.112289041134954,wandb
3030,1783215226.4356894,0.18893104791641235,2.28e-05,2.6832332611083984,3.754323720932007,152504893440.0,442.87817799190395,65.90064022607126,22.100306995457665,wandb
3040,1783215596.2263107,0.1403016299009323,2.28e-05,2.6816606521606445,3.969417095184326,153008209920.0,443.04034987229466,65.92477153638524,22.108399623455085,wandb
3050,1783215966.0984633,0.15739895403385162,2.28e-05,2.6734583377838135,3.7243659496307373,153511526400.0,443.36110976907554,65.97250087507733,22.124406039085752,wandb
3060,1783216335.8022494,0.15771973133087158,2.28e-05,2.672480583190918,3.4495975971221924,154014842880.0,443.31679836990423,65.965907302127,22.122194831639213,wandb
3070,1783216705.492893,0.15612907707691193,2.28e-05,2.6748151779174805,4.490344047546387,154518159360.0,442.8118403600105,65.89076913142243,22.09699664488486,wandb
3080,1783217075.4436202,0.15211166441440582,2.28e-05,2.6721367835998535,3.596038341522217,155021475840.0,442.94556391393735,65.91066730716241,22.103669657332002,wandb
3090,1783217445.2054296,0.21435502171516418,2.28e-05,2.6782655715942383,3.473153591156006,155524792320.0,443.20110690510006,65.948692316205,22.11642164836674,wandb
3100,1783217815.012907,0.17454089224338531,2.28e-05,2.674370765686035,3.565835475921631,156028108800.0,443.19171816118626,65.94729526332323,22.115953135504494,wandb
3110,1783685703.1472304,1.7001895904541016,2.28e-05,3.30881929397583,4.664658546447754,156531425280.0,441.9312552194643,65.75973733211661,22.05305408255327,wandb
3120,1783686074.041223,0.6105788350105286,2.28e-05,2.9626052379608154,4.155940055847168,157034741760.0,442.0189773814374,65.77279046257848,22.057431554296638,wandb
3130,1783686445.2090788,0.33976778388023376,2.28e-05,2.85306978225708,3.769437074661255,157538058240.0,441.2295018979355,65.65531585581085,22.018035504958892,wandb
3140,1783686816.727631,0.23102238774299622,2.28e-05,2.7965941429138184,3.880662202835083,158041374720.0,441.3043095250536,65.66644729277446,22.021768521411424,wandb
3150,1783687188.9185631,0.19805243611335754,2.28e-05,2.775312900543213,3.9294111728668213,158544691200.0,438.88379263611773,65.30627237202728,21.900980979844743,wandb
3160,1783687560.5994844,0.22640947997570038,2.28e-05,2.7561521530151367,3.85979962348938,159048007680.0,440.0048248621504,65.47308289708991,21.95692222413783,wandb
3170,1783687931.951697,0.19113320112228394,2.28e-05,2.7380809783935547,3.6888134479522705,159551324160.0,441.6889859292667,65.72368746078737,22.040964469754524,wandb
3180,1783688304.560706,0.17452116310596466,2.28e-05,2.7368123531341553,3.705259323120117,160054640640.0,428.170524502228,63.71212918769137,21.366372307642465,wandb
3190,1783688676.0604186,0.20883697271347046,2.28e-05,2.7256908416748047,3.63588809967041,160557957120.0,439.98577434943587,65.47024816499673,21.955971574048633,wandb
3200,1783689648.2960637,0.20595139265060425,2.28e-05,2.714158535003662,3.8604962825775146,161061273600.0,439.4453752820034,65.38983633553418,21.929004823633274,wandb
3210,1783690019.033267,0.17164239287376404,2.28e-05,2.708272695541382,4.03250789642334,161564590080.0,441.98819359039715,65.7682098089384,22.055895395446907,wandb
3220,1783690389.921073,0.20770683884620667,2.28e-05,2.705772876739502,3.7658908367156982,162067906560.0,441.93610900556536,65.76045957951438,22.053296293997086,wandb
3230,1783690760.93009,0.18191616237163544,2.28e-05,2.697014331817627,3.812361001968384,162571223040.0,441.71067775597027,65.72691522259294,22.042046925502543,wandb
3240,1783691131.919452,0.18865281343460083,2.28e-05,2.6945505142211914,3.594871759414673,163074539520.0,441.52849837550383,65.69980677967267,22.03295589226445,wandb
3250,1783691502.9657924,0.22985059022903442,2.28e-05,2.6966991424560547,3.6567842960357666,163577856000.0,440.10516073316404,65.48801295791932,21.961929139497972,wandb
3260,1783691873.7925076,0.17372442781925201,2.28e-05,2.6891098022460938,3.616243839263916,164081172480.0,441.7798783136578,65.73721232297454,22.04550014050647,wandb
3270,1783692244.55833,0.19411601126194,2.28e-05,2.6939170360565186,3.687685966491699,164584488960.0,441.7420611422097,65.731585096496,22.043613005081344,wandb
3280,1783692615.530904,0.20041340589523315,2.28e-05,2.688197135925293,4.437349319458008,165087805440.0,440.856775302929,65.59985382931954,21.999435870602632,wandb
3290,1783692986.6382825,0.16829678416252136,2.28e-05,2.68157958984375,3.954296350479126,165591121920.0,441.38394519758594,65.67829714690029,22.025742464807628,wandb
3300,1783693843.8717527,0.23196293413639069,2.28e-05,2.685173511505127,3.9477925300598145,166094438400.0,439.6861192306778,65.42565923477959,21.941018319527625,wandb
3310,1783694214.0444672,0.18876264989376068,2.28e-05,2.6741042137145996,3.69586181640625,166597754880.0,442.68975998795975,65.87260347080294,22.090904645245875,wandb
3320,1783694584.1458983,0.16904956102371216,2.28e-05,2.678548574447632,4.333713531494141,167101071360.0,442.7662571444482,65.88398631113822,22.094721971830673,wandb
3330,1783694954.307317,0.16696655750274658,2.28e-05,2.677170991897583,4.088099956512451,167604387840.0,442.14594562850573,65.7916834430548,22.06376746646916,wandb
3340,1783695324.386644,0.18092328310012817,2.28e-05,2.669196844100952,4.010260581970215,168107704320.0,442.8237526944187,65.89254169666293,22.097591088821222,wandb
3350,1783695694.655689,0.18830141425132751,2.28e-05,2.671689033508301,3.803431749343872,168611020800.0,440.8710826410584,65.60198277310027,22.000149828933978,wandb
3360,1783696064.8129332,0.14918921887874603,2.28e-05,2.6632261276245117,3.6365413665771484,169114337280.0,442.5589885985836,65.85314457959674,22.08437895038202,wandb
3370,1783696435.0496812,0.1490953415632248,2.28e-05,2.673302412033081,3.7190799713134766,169617653760.0,442.6654656008878,65.86898844585589,22.08969231770472,wandb
3380,1783696805.3472924,0.21106289327144623,2.28e-05,2.6640031337738037,3.9422860145568848,170120970240.0,442.31429860596097,65.81673450573882,22.072168540783164,wandb
3390,1783697175.6210437,0.18414989113807678,2.28e-05,2.662977695465088,3.729032516479492,170624286720.0,442.677831310946,65.87082847376917,22.090309385788185,wandb
3400,1783698027.9719963,0.1513640433549881,2.28e-05,2.65830397605896,3.52020263671875,171127603200.0,442.5436410547046,65.85086085233768,22.08361308417274,wandb
3410,1783698398.1447587,0.22623570263385773,2.28e-05,2.6586198806762695,3.708134651184082,171630919680.0,442.4943439156713,65.8435253971605,22.081153080585356,wandb
3420,1783698768.4403934,0.1695280224084854,2.28e-05,2.659567356109619,4.239739418029785,172134236160.0,442.82248812302635,65.89235352739087,22.097527984750222,wandb
3430,1783699138.5964112,0.15830551087856293,2.28e-05,2.6546123027801514,3.7003722190856934,172637552640.0,442.7960327683445,65.88841694867108,22.096207821578503,wandb
3440,1783699508.7747238,0.1605854630470276,2.28e-05,2.6585030555725098,3.5101096630096436,173140869120.0,442.45024402142167,65.83696329631795,22.078952427561983,wandb
3450,1783699879.179837,0.1665021777153015,2.28e-05,2.6548726558685303,4.506371021270752,173644185600.0,440.7809310409941,65.58856814023537,21.99565112446724,wandb
3460,1783700249.4547317,0.16002695262432098,2.28e-05,2.653609037399292,3.8117287158966064,174147502080.0,442.6399935375179,65.8651981816989,22.088421222292354,wandb
3470,1783700619.9660883,0.20564493536949158,2.28e-05,2.6501402854919434,3.4150023460388184,174650818560.0,442.2632363900192,65.80913640565365,22.069620457124362,wandb
3480,1783700990.4441872,0.15259914100170135,2.28e-05,2.652435779571533,3.7002220153808594,175154135040.0,442.0344144212623,65.77508750690852,22.058201886492224,wandb
3490,1783701360.6630323,0.20316123962402344,2.28e-05,2.6439125537872314,3.7242798805236816,175657451520.0,442.2241363474331,65.8033182868857,22.06766930444259,wandb
3500,1783702218.0609186,0.15663264691829681,2.28e-05,2.6404433250427246,3.7221264839172363,176160768000.0,442.780834105543,65.88615537503985,22.095449384765573,wandb
3510,1783702588.2499118,0.18524675071239471,2.28e-05,2.642338275909424,3.725217342376709,176664084480.0,443.06466660338583,65.92838988614088,22.109613065997408,wandb
3520,1783702958.4531002,0.18485736846923828,2.28e-05,2.640045166015625,3.2772932052612305,177167400960.0,442.5811339295722,65.85643982321606,22.085484036696236,wandb
3530,1783703328.7238185,0.15738050639629364,2.28e-05,2.643193006515503,3.999563455581665,177670717440.0,442.43101332142504,65.83410175220773,22.07799278584834,wandb
3540,1783703699.0272684,0.15570111572742462,2.28e-05,2.639155864715576,4.466945171356201,178174033920.0,442.32580633889853,65.81844686594492,22.072742794479506,wandb
3550,1783704069.445708,0.15825030207633972,2.28e-05,2.63586688041687,3.507328987121582,178677350400.0,442.4720774003543,65.8402121212126,22.080041946985467,wandb
3560,1783704439.767294,0.2044018656015396,2.28e-05,2.638075351715088,3.9313788414001465,179180666880.0,442.4707502380523,65.84001463836125,22.079975719531134,wandb
3570,1783704810.0673516,0.12331409007310867,2.28e-05,2.6290225982666016,3.7665905952453613,179683983360.0,442.80500201147015,65.88975157948762,22.096655400701714,wandb
3580,1783705180.5853446,0.15115104615688324,2.28e-05,2.6366257667541504,3.740243911743164,180187299840.0,442.00234880573544,65.77031611672163,22.056601762615372,wandb
3590,1783705550.89509,0.19268429279327393,2.28e-05,2.6322522163391113,4.1248579025268555,180690616320.0,442.40047144699565,65.82955709596,22.076468699012167,wandb
3600,1783706432.4843197,0.18490499258041382,2.28e-05,2.631415605545044,3.286203145980835,181193932800.0,442.2264260617978,65.80365899828234,22.06778356473561,wandb
3603,,0.1491,,2.59245,,,381.0,56.75,19.03,olog
3604,,0.1514,,2.59539,,,363.0,53.97,18.1,olog
3605,,0.1558,,2.5979,,,263.0,39.1,13.11,olog
3606,,0.1468,,2.59663,,,374.0,55.67,18.67,olog
3607,,0.155,,2.59498,,,372.0,55.4,18.58,olog
3608,,0.1659,,2.59473,,,399.0,59.42,19.93,olog
3609,,0.1484,,2.59659,,,375.0,55.73,18.69,olog
3610,,0.1284,,2.59177,,,348.0,51.8,17.37,olog
3611,,0.1375,,2.59668,,,385.0,57.34,19.23,olog
3612,,0.1459,,2.59544,,,414.0,61.56,20.65,olog
3613,,0.1408,,2.59604,,,397.0,59.04,19.8,olog
3614,,0.1602,,2.59622,,,381.0,56.72,19.02,olog
3615,,0.157,,2.5988,,,404.0,60.14,20.17,olog
3616,,0.1359,,2.59327,,,402.0,59.88,20.08,olog
3617,,0.122,,2.59298,,,401.0,59.67,20.01,olog
3618,,0.1577,,2.59879,,,373.0,55.45,18.6,olog
3619,,0.202,,2.5968,,,404.0,60.05,20.14,olog
3620,,0.1957,,2.59572,,,360.0,53.58,17.97,olog
3621,,0.1567,,2.59333,,,124.0,18.44,6.19,olog
3622,,0.1474,,2.59302,,,360.0,53.62,17.98,olog
3623,,0.1687,,2.59372,,,103.0,15.39,5.16,olog
3624,,0.1566,,2.59465,,,358.0,53.23,17.85,olog
3625,,0.1634,,2.59058,,,303.0,45.16,15.14,olog
3626,,0.1658,,2.59198,,,371.0,55.25,18.53,olog
3627,,0.1422,,2.59482,,,370.0,55.01,18.45,olog
3628,,0.1382,,2.59577,,,357.0,53.14,17.82,olog
3629,,0.143,,2.59345,,,271.0,40.3,13.52,olog
3630,,0.1364,,2.59741,,,325.0,48.4,16.23,olog
3631,,0.1338,,2.59816,,,389.0,57.83,19.39,olog
3632,,0.1338,,2.58948,,,408.0,60.64,20.34,olog
3633,,0.1542,,2.60181,,,366.0,54.51,18.28,olog
3634,,0.1792,,2.5938,,,351.0,52.2,17.51,olog
3635,,0.1619,,2.58319,,,354.0,52.72,17.68,olog
3636,,0.1325,,2.59046,,,355.0,52.76,17.69,olog
3637,,0.1342,,2.59237,,,394.0,58.61,19.66,olog
3638,,0.1582,,2.59263,,,389.0,57.91,19.42,olog
3639,,0.1704,,2.58731,,,389.0,57.86,19.4,olog
3640,,0.1634,,2.58911,,,394.0,58.6,19.65,olog
3641,,0.1536,,2.5883,,,393.0,58.42,19.59,olog
3642,,0.1412,,2.59609,,,407.0,60.51,20.29,olog
3643,,0.1284,,2.58755,,,392.0,58.32,19.56,olog
3644,,0.1291,,2.59236,,,398.0,59.21,19.86,olog
3645,,0.1367,,2.58866,,,402.0,59.75,20.04,olog
3646,,0.1694,,2.58622,,,394.0,58.56,19.64,olog
3647,,0.1782,,2.59167,,,383.0,56.95,19.1,olog
3648,,0.1481,,2.59274,,,391.0,58.15,19.5,olog
3649,,0.1597,,2.59418,,,188.0,27.92,9.36,olog
3650,,0.1982,,2.59137,,,307.0,45.63,15.3,olog
3651,,0.1932,,2.593,,,400.0,59.52,19.96,olog
3652,,0.1545,,2.59239,,,401.0,59.7,20.02,olog
3653,,0.1163,,2.59108,,,405.0,60.33,20.23,olog
3654,,0.1202,,2.58757,,,401.0,59.66,20.01,olog
3655,,0.155,,2.59382,,,401.0,59.64,20.0,olog
3656,,0.1479,,2.58731,,,403.0,60.01,20.13,olog
3657,,0.1349,,2.5902,,,396.0,58.86,19.74,olog
3658,,0.1248,,2.58527,,,392.0,58.33,19.56,olog
3659,,0.1424,,2.58726,,,168.0,25.07,8.41,olog
3660,,0.1545,,2.58474,,,199.0,29.57,9.92,olog
3661,,0.148,,2.59203,,,375.0,55.86,18.73,olog
3662,,0.1495,,2.59261,,,386.0,57.49,19.28,olog
3663,,0.1641,,2.58745,,,382.0,56.86,19.07,olog
3664,,0.1577,,2.59097,,,392.0,58.33,19.56,olog
3665,,0.1651,,2.58761,,,399.0,59.41,19.92,olog
3666,,0.1638,,2.58891,,,403.0,59.99,20.12,olog
3667,,0.131,,2.59474,,,407.0,60.55,20.31,olog
3668,,0.1297,,2.5945,,,311.0,46.33,15.54,olog
3669,,0.1329,,2.58639,,,413.0,61.4,20.59,olog
3670,,0.1406,,2.59427,,,403.0,59.92,20.09,olog
3671,,0.1426,,2.58811,,,380.0,56.59,18.98,olog
3672,,0.142,,2.58332,,,378.0,56.31,18.88,olog
3673,,0.1496,,2.58407,,,396.0,58.85,19.74,olog
3674,,0.1633,,2.58563,,,413.0,61.51,20.63,olog
3675,,0.1946,,2.58647,,,411.0,61.22,20.53,olog
3676,,0.2071,,2.58989,,,380.0,56.51,18.95,olog
3677,,0.1922,,2.58602,,,403.0,60.03,20.13,olog
3678,,0.1591,,2.58833,,,398.0,59.22,19.86,olog
3679,,0.1229,,2.58641,,,383.0,57.05,19.13,olog
3680,,0.137,,2.58388,,,398.0,59.27,19.88,olog
3681,,0.1465,,2.58846,,,407.0,60.49,20.29,olog
3682,,0.1428,,2.58746,,,396.0,58.9,19.75,olog
3683,,0.1553,,2.58058,,,405.0,60.33,20.23,olog
3684,,0.148,,2.58488,,,407.0,60.49,20.29,olog
3685,,0.1408,,2.59048,,,388.0,57.74,19.36,olog
3686,,0.1536,,2.58683,,,381.0,56.76,19.04,olog
3687,,0.1594,,2.59307,,,405.0,60.28,20.22,olog
3688,,0.1407,,2.5893,,,401.0,59.67,20.01,olog
3689,,0.1281,,2.58801,,,404.0,60.09,20.15,olog
3690,,0.1447,,2.58665,,,387.0,57.52,19.29,olog
3691,,0.1742,,2.58247,,,403.0,59.95,20.1,olog
3692,,0.1757,,2.57877,,,403.0,59.98,20.12,olog
3693,,0.1542,,2.58354,,,408.0,60.77,20.38,olog
3694,,0.1435,,2.57886,,,403.0,59.98,20.11,olog
3695,,0.1314,,2.57992,,,373.0,55.57,18.63,olog
3696,,0.1359,,2.58279,,,416.0,61.9,20.76,olog
3697,,0.1437,,2.58484,,,390.0,58.06,19.47,olog
3698,,0.1382,,2.58404,,,181.0,27.01,9.06,olog
3699,,0.1412,,2.5824,,,270.0,40.22,13.49,olog
3700,,0.1689,,2.5815,,,397.0,59.11,19.82,olog
3701,,0.1831,,2.63712,,,291.0,43.33,14.53,olog
3702,,0.1766,,2.6419,,,381.0,56.7,19.02,olog
3703,,0.1426,,2.63721,,,404.0,60.17,20.18,olog
3704,,0.1498,,2.63857,,,408.0,60.72,20.36,olog
3705,,0.1917,,2.63977,,,397.0,59.09,19.82,olog
3706,,0.2021,,2.63495,,,396.0,58.92,19.76,olog
3707,,0.1874,,2.63813,,,376.0,55.97,18.77,olog
3708,,0.1908,,2.63556,,,393.0,58.48,19.61,olog
3709,,0.1849,,2.64169,,,395.0,58.8,19.72,olog
3710,,0.1555,,2.634,,,397.0,59.01,19.79,olog
3711,,0.1539,,2.63332,,,384.0,57.12,19.15,olog
3712,,0.1661,,2.62903,,,394.0,58.61,19.66,olog
3713,,0.1608,,2.63475,,,360.0,53.61,17.98,olog
3714,,0.1375,,2.63331,,,401.0,59.71,20.02,olog
3715,,0.1506,,2.63816,,,291.0,43.33,14.53,olog
3716,,0.2084,,2.63689,,,380.0,56.58,18.97,olog
3717,,0.1576,,2.63893,,,367.0,54.57,18.3,olog
3718,,0.141,,2.6322,,,408.0,60.78,20.38,olog
3719,,0.1855,,2.63705,,,382.0,56.88,19.07,olog
3720,,0.1859,,2.63636,,,399.0,59.44,19.93,olog
3721,,0.1632,,2.63458,,,405.0,60.27,20.21,olog
3722,,0.1628,,2.63655,,,397.0,59.08,19.81,olog
3723,,0.1499,,2.63683,,,398.0,59.17,19.84,olog
3724,,0.1416,,2.6363,,,381.0,56.73,19.03,olog
3725,,0.1499,,2.63663,,,408.0,60.65,20.34,olog
3726,,0.1641,,2.63292,,,416.0,61.93,20.77,olog
3727,,0.1721,,2.63317,,,391.0,58.15,19.5,olog
3728,,0.1715,,2.63399,,,386.0,57.39,19.25,olog
3729,,0.1706,,2.63472,,,387.0,57.63,19.33,olog
3730,,0.1596,,2.63113,,,409.0,60.79,20.38,olog
3731,,0.1494,,2.63108,,,380.0,56.59,18.98,olog
3732,,0.1428,,2.63268,,,409.0,60.92,20.43,olog
3733,,0.1613,,2.63146,,,397.0,59.11,19.82,olog
3734,,0.1675,,2.63132,,,409.0,60.92,20.43,olog
3735,,0.1737,,2.6342,,,405.0,60.27,20.21,olog
3736,,0.1947,,2.63671,,,395.0,58.8,19.72,olog
3737,,0.182,,2.63492,,,401.0,59.66,20.01,olog
3738,,0.1866,,2.63388,,,394.0,58.57,19.64,olog
3739,,0.1926,,2.63172,,,404.0,60.04,20.14,olog
3740,,0.1815,,2.63604,,,393.0,58.53,19.63,olog
3741,,0.17,,2.63562,,,398.0,59.23,19.86,olog
3742,,0.1483,,2.63181,,,407.0,60.51,20.29,olog
3743,,0.1377,,2.62885,,,392.0,58.28,19.55,olog
3744,,0.1674,,2.62923,,,398.0,59.22,19.86,olog
3745,,0.1774,,2.63032,,,396.0,58.94,19.77,olog
3746,,0.1422,,2.62894,,,401.0,59.7,20.02,olog
3747,,0.1446,,2.63238,,,395.0,58.81,19.72,olog
3748,,0.1768,,2.62541,,,398.0,59.2,19.85,olog
3749,,0.1747,,2.63402,,,400.0,59.46,19.94,olog
3750,,0.1662,,2.63416,,,400.0,59.52,19.96,olog
3751,,0.1823,,2.62896,,,403.0,59.9,20.09,olog
3752,,0.1801,,2.62995,,,405.0,60.23,20.2,olog
3753,,0.1349,,2.6319,,,398.0,59.16,19.84,olog
3754,,0.1172,,2.62664,,,394.0,58.69,19.68,olog
3755,,0.1348,,2.63038,,,370.0,55.03,18.46,olog
3756,,0.1547,,2.62904,,,398.0,59.26,19.87,olog
3757,,0.1927,,2.6326,,,399.0,59.38,19.91,olog
3758,,0.178,,2.63199,,,403.0,59.92,20.1,olog
3759,,0.1341,,2.63109,,,378.0,56.25,18.86,olog
3760,,0.1299,,2.6312,,,403.0,59.9,20.09,olog
3761,,0.1543,,2.62707,,,360.0,53.63,17.98,olog
3762,,0.1592,,2.63005,,,396.0,58.91,19.76,olog
3763,,0.1726,,2.62343,,,402.0,59.88,20.08,olog
3764,,0.1756,,2.6295,,,402.0,59.81,20.06,olog
3765,,0.1637,,2.62711,,,401.0,59.72,20.03,olog
3766,,0.1792,,2.63046,,,410.0,61.03,20.47,olog
3767,,0.1939,,2.62766,,,406.0,60.34,20.24,olog
3768,,0.1855,,2.63164,,,410.0,60.97,20.45,olog
3769,,0.184,,2.62891,,,407.0,60.53,20.3,olog
3770,,0.1812,,2.62764,,,414.0,61.57,20.65,olog
3771,,0.1697,,2.62949,,,412.0,61.28,20.55,olog
3772,,0.1382,,2.62898,,,408.0,60.64,20.34,olog
3773,,0.1424,,2.62837,,,400.0,59.55,19.97,olog
3774,,0.1605,,2.62873,,,401.0,59.66,20.01,olog
3775,,0.2005,,2.62754,,,384.0,57.18,19.18,olog
3776,,0.1912,,2.62724,,,387.0,57.54,19.3,olog
3777,,0.1745,,2.62549,,,399.0,59.37,19.91,olog
3778,,0.1812,,2.62437,,,397.0,59.14,19.83,olog
3779,,0.171,,2.62888,,,403.0,59.92,20.09,olog
3780,,0.1697,,2.63179,,,396.0,58.99,19.78,olog
3781,,0.1719,,2.6248,,,396.0,58.86,19.74,olog
3782,,0.1457,,2.62618,,,408.0,60.77,20.38,olog
3783,,0.1226,,2.62781,,,402.0,59.85,20.07,olog
3784,,0.1332,,2.625,,,362.0,53.83,18.05,olog
3785,,0.1502,,2.6263,,,383.0,56.96,19.1,olog
3786,,0.1699,,2.6319,,,390.0,57.99,19.45,olog
3787,,0.19,,2.62519,,,395.0,58.77,19.71,olog
3788,,0.1908,,2.62429,,,405.0,60.27,20.21,olog
3789,,0.1648,,2.62388,,,391.0,58.23,19.53,olog
3790,,0.1632,,2.62318,,,409.0,60.88,20.42,olog
3791,,0.1446,,2.62375,,,395.0,58.76,19.7,olog
3792,,0.1403,,2.62482,,,389.0,57.87,19.41,olog
3793,,0.1711,,2.62683,,,404.0,60.07,20.14,olog
3794,,0.1924,,2.62608,,,405.0,60.2,20.19,olog
3795,,0.1634,,2.62919,,,406.0,60.39,20.25,olog
3796,,0.1473,,2.62282,,,401.0,59.63,20.0,olog
3797,,0.1491,,2.62274,,,395.0,58.83,19.73,olog
3798,,0.1549,,2.62187,,,407.0,60.53,20.3,olog
3799,,0.1722,,2.62669,,,343.0,51.04,17.12,olog
3800,,0.181,,2.62018,,,409.0,60.81,20.39,olog
3801,,0.1507,,2.62138,,,388.0,57.81,19.39,olog
3802,,0.168,,2.6237,,,383.0,57.0,19.12,olog
3803,,0.1919,,2.62921,,,395.0,58.78,19.71,olog
3804,,0.1803,,2.61979,,,392.0,58.32,19.56,olog
3805,,0.1639,,2.62056,,,383.0,57.02,19.12,olog
3806,,0.1431,,2.62346,,,392.0,58.33,19.56,olog
3807,,0.1275,,2.62489,,,393.0,58.51,19.62,olog
3808,,0.1438,,2.62493,,,401.0,59.72,20.03,olog
3809,,0.1799,,2.62458,,,392.0,58.33,19.56,olog
3810,,0.1673,,2.6205,,,400.0,59.58,19.98,olog
3811,,0.1668,,2.62426,,,410.0,61.01,20.46,olog
3812,,0.1926,,2.62108,,,401.0,59.64,20.0,olog
3813,,0.1733,,2.61643,,,410.0,61.07,20.48,olog
3814,,0.1487,,2.62589,,,406.0,60.42,20.26,olog
3815,,0.171,,2.61831,,,399.0,59.4,19.92,olog
3816,,0.1972,,2.61828,,,403.0,59.9,20.09,olog
3817,,0.1831,,2.62321,,,411.0,61.11,20.5,olog
3818,,0.1391,,2.62098,,,397.0,59.13,19.83,olog
3819,,0.1382,,2.62484,,,386.0,57.43,19.26,olog
3820,,0.1862,,2.61851,,,395.0,58.81,19.72,olog
3821,,0.1896,,2.62433,,,393.0,58.44,19.6,olog
3822,,0.1748,,2.62762,,,401.0,59.67,20.01,olog
3823,,0.1735,,2.62036,,,389.0,57.9,19.42,olog
3824,,0.1818,,2.61799,,,389.0,57.89,19.41,olog
3825,,0.1738,,2.62014,,,404.0,60.15,20.17,olog
3826,,0.1381,,2.61917,,,399.0,59.42,19.93,olog
3827,,0.1336,,2.6247,,,319.0,47.45,15.91,olog
3828,,0.1666,,2.61767,,,407.0,60.55,20.31,olog
3829,,0.1921,,2.61827,,,404.0,60.15,20.17,olog
3830,,0.1716,,2.6212,,,387.0,57.64,19.33,olog
3831,,0.1541,,2.61815,,,402.0,59.89,20.08,olog
3832,,0.187,,2.61879,,,394.0,58.58,19.64,olog
3833,,0.2025,,2.62122,,,404.0,60.05,20.14,olog
3834,,0.1685,,2.61956,,,407.0,60.59,20.32,olog
3835,,0.1785,,2.62158,,,406.0,60.4,20.26,olog
3836,,0.2024,,2.61439,,,398.0,59.2,19.85,olog
3837,,0.1689,,2.61828,,,400.0,59.51,19.96,olog
3838,,0.1352,,2.62052,,,388.0,57.71,19.35,olog
3839,,0.1277,,2.61906,,,408.0,60.69,20.35,olog
3840,,0.1796,,2.61925,,,405.0,60.24,20.2,olog
3841,,0.1699,,2.6175,,,406.0,60.47,20.28,olog
3842,,0.1466,,2.61511,,,369.0,54.91,18.42,olog
3843,,0.1742,,2.61829,,,395.0,58.83,19.73,olog
3844,,0.1464,,2.61829,,,414.0,61.55,20.64,olog
3845,,0.136,,2.61471,,,390.0,58.02,19.46,olog
3846,,0.1615,,2.61476,,,408.0,60.74,20.37,olog
3847,,0.1755,,2.61796,,,397.0,59.13,19.83,olog
3848,,0.1566,,2.61673,,,408.0,60.72,20.36,olog
3849,,0.1392,,2.61957,,,382.0,56.77,19.04,olog
3850,,0.1552,,2.61628,,,132.0,19.69,6.6,olog
3851,,0.1607,,2.61624,,,373.0,55.53,18.62,olog
3852,,0.1528,,2.61798,,,400.0,59.58,19.98,olog
3853,,0.1492,,2.62136,,,395.0,58.74,19.7,olog
3854,,0.1535,,2.61912,,,394.0,58.57,19.64,olog
3855,,0.1608,,2.61778,,,399.0,59.37,19.91,olog
3856,,0.1769,,2.6207,,,394.0,58.63,19.66,olog
3857,,0.1799,,2.61401,,,399.0,59.43,19.93,olog
3858,,0.1467,,2.62214,,,392.0,58.34,19.56,olog
3859,,0.1238,,2.61336,,,389.0,57.84,19.4,olog
3860,,0.1237,,2.61745,,,396.0,58.94,19.76,olog
3861,,0.1402,,2.61561,,,398.0,59.26,19.87,olog
3862,,0.1494,,2.61944,,,398.0,59.17,19.84,olog
3863,,0.1671,,2.61647,,,403.0,60.0,20.12,olog
3864,,0.1729,,2.61743,,,396.0,58.88,19.75,olog
3865,,0.1679,,2.61738,,,403.0,59.94,20.1,olog
3866,,0.1608,,2.61692,,,401.0,59.62,19.99,olog
3867,,0.1407,,2.61293,,,262.0,38.92,13.05,olog
3868,,0.1536,,2.61728,,,399.0,59.39,19.92,olog
3869,,0.167,,2.61561,,,397.0,59.15,19.84,olog
3870,,0.1861,,2.60979,,,401.0,59.69,20.02,olog
3871,,0.1854,,2.61646,,,409.0,60.82,20.4,olog
3872,,0.1629,,2.61161,,,410.0,61.01,20.46,olog
3873,,0.1442,,2.61408,,,410.0,61.05,20.47,olog
3874,,0.1323,,2.61457,,,405.0,60.19,20.19,olog
3875,,0.1466,,2.61766,,,411.0,61.21,20.53,olog
3876,,0.1505,,2.61768,,,400.0,59.52,19.96,olog
3877,,0.1577,,2.6145,,,414.0,61.54,20.64,olog
3878,,0.1484,,2.61393,,,397.0,59.09,19.81,olog
3879,,0.1526,,2.61444,,,239.0,35.63,11.95,olog
3880,,0.1593,,2.61743,,,396.0,58.88,19.75,olog
3881,,0.1652,,2.61786,,,168.0,24.96,8.37,olog
3882,,0.168,,2.61447,,,196.0,29.1,9.76,olog
3883,,0.1707,,2.6169,,,333.0,49.52,16.61,olog
3884,,0.1781,,2.61886,,,315.0,46.83,15.71,olog
3885,,0.2063,,2.6142,,,392.0,58.28,19.54,olog
3886,,0.2183,,2.61061,,,386.0,57.37,19.24,olog
3887,,0.1785,,2.61357,,,384.0,57.11,19.15,olog
3888,,0.1486,,2.61563,,,396.0,58.95,19.77,olog
3889,,0.1659,,2.61525,,,409.0,60.86,20.41,olog
3890,,0.1732,,2.61249,,,404.0,60.14,20.17,olog
3891,,0.1643,,2.61473,,,406.0,60.34,20.24,olog
3892,,0.1503,,2.61007,,,405.0,60.21,20.19,olog
3893,,0.1269,,2.61288,,,400.0,59.54,19.97,olog
3894,,0.127,,2.61227,,,398.0,59.29,19.88,olog
3895,,0.1635,,2.61078,,,399.0,59.38,19.91,olog
3896,,0.1848,,2.6101,,,57.0,8.53,2.86,olog
3897,,0.1501,,2.60791,,,406.0,60.37,20.24,olog
3898,,0.1166,,2.61114,,,403.0,59.93,20.1,olog
3899,,0.1414,,2.61192,,,401.0,59.74,20.04,olog
3900,,0.1622,,2.61323,,,400.0,59.45,19.94,olog
3901,,0.1735,,2.60985,,,391.0,58.23,19.53,olog
3902,,0.1776,,2.607,,,386.0,57.43,19.26,olog
3903,,0.1675,,2.61247,,,396.0,58.95,19.77,olog
3904,,0.1562,,2.61199,,,402.0,59.85,20.07,olog
3905,,0.1458,,2.60876,,,412.0,61.28,20.55,olog
3906,,0.1163,,2.60848,,,400.0,59.47,19.94,olog
3907,,0.1352,,2.61314,,,405.0,60.22,20.2,olog
3908,,0.1608,,2.61408,,,391.0,58.25,19.53,olog
3909,,0.1627,,2.61561,,,406.0,60.41,20.26,olog
3910,,0.1466,,2.60629,,,400.0,59.45,19.94,olog
3911,,0.1353,,2.60699,,,413.0,61.47,20.61,olog
3912,,0.1385,,2.60782,,,409.0,60.89,20.42,olog
3913,,0.1631,,2.60835,,,404.0,60.17,20.18,olog
3914,,0.1912,,2.60634,,,417.0,62.07,20.82,olog
3915,,0.1987,,2.61424,,,413.0,61.41,20.59,olog
3916,,0.2212,,2.6147,,,410.0,61.05,20.47,olog
3917,,0.2106,,2.60871,,,410.0,60.95,20.44,olog
3918,,0.1853,,2.61143,,,400.0,59.52,19.96,olog
3919,,0.1988,,2.61107,,,383.0,56.96,19.1,olog
3920,,0.1836,,2.60758,,,398.0,59.16,19.84,olog
3921,,0.1568,,2.60913,,,352.0,52.39,17.57,olog
3922,,0.1635,,2.60414,,,405.0,60.23,20.2,olog
3923,,0.1543,,2.60932,,,405.0,60.24,20.2,olog
3924,,0.126,,2.61331,,,349.0,51.96,17.42,olog
3925,,0.1563,,2.61241,,,394.0,58.59,19.65,olog
3926,,0.173,,2.60748,,,391.0,58.21,19.52,olog
3927,,0.1766,,2.60672,,,392.0,58.28,19.54,olog
3928,,0.2043,,2.61123,,,410.0,61.06,20.48,olog
3929,,0.1846,,2.60756,,,414.0,61.67,20.68,olog
3930,,0.1419,,2.61091,,,408.0,60.68,20.35,olog
3931,,0.1528,,2.60395,,,391.0,58.19,19.51,olog
3932,,0.1409,,2.60357,,,394.0,58.57,19.64,olog
3933,,0.1331,,2.60755,,,394.0,58.62,19.66,olog
3934,,0.1316,,2.60749,,,400.0,59.56,19.97,olog
3935,,0.1339,,2.60822,,,405.0,60.32,20.23,olog
3936,,0.1605,,2.60898,,,408.0,60.69,20.35,olog
3937,,0.178,,2.60933,,,407.0,60.6,20.32,olog
3938,,0.1608,,2.60706,,,401.0,59.65,20.0,olog
3939,,0.1389,,2.60742,,,409.0,60.9,20.42,olog
3940,,0.1183,,2.60998,,,404.0,60.13,20.16,olog
3941,,0.126,,2.60564,,,408.0,60.66,20.34,olog
3942,,0.1494,,2.60905,,,400.0,59.52,19.96,olog
3943,,0.149,,2.6042,,,411.0,61.09,20.49,olog
3944,,0.1413,,2.60649,,,384.0,57.16,19.17,olog
3945,,0.1395,,2.6102,,,398.0,59.28,19.88,olog
3946,,0.177,,2.60427,,,413.0,61.4,20.59,olog
3947,,0.2,,2.60652,,,401.0,59.62,19.99,olog
3948,,0.1794,,2.6023,,,393.0,58.47,19.61,olog
3949,,0.1724,,2.60371,,,319.0,47.43,15.91,olog
3950,,0.1567,,2.60825,,,399.0,59.31,19.89,olog
3951,,0.1425,,2.60887,,,403.0,59.96,20.11,olog
3952,,0.1366,,2.60222,,,399.0,59.36,19.91,olog
3953,,0.1448,,2.61123,,,415.0,61.77,20.71,olog
3954,,0.166,,2.6083,,,412.0,61.26,20.54,olog
3955,,0.1809,,2.60776,,,389.0,57.94,19.43,olog
3956,,0.195,,2.60656,,,399.0,59.35,19.9,olog
3957,,0.1856,,2.60091,,,409.0,60.8,20.39,olog
3958,,0.1435,,2.60567,,,390.0,58.06,19.47,olog
3959,,0.1317,,2.60427,,,375.0,55.86,18.73,olog
3960,,0.1568,,2.60814,,,367.0,54.58,18.3,olog
3961,,0.1498,,2.6042,,,365.0,54.34,18.22,olog
3962,,0.1547,,2.6054,,,336.0,49.98,16.76,olog
3963,,0.155,,2.60582,,,378.0,56.31,18.88,olog
3964,,0.1535,,2.60082,,,400.0,59.47,19.94,olog
3965,,0.1709,,2.60144,,,397.0,59.11,19.82,olog
3966,,0.1649,,2.60146,,,398.0,59.27,19.88,olog
3967,,0.1377,,2.60817,,,394.0,58.62,19.66,olog
3968,,0.1406,,2.60509,,,413.0,61.39,20.59,olog
3969,,0.1618,,2.60374,,,397.0,59.03,19.8,olog
3970,,0.1585,,2.60651,,,412.0,61.28,20.55,olog
3971,,0.1573,,2.5998,,,405.0,60.28,20.21,olog
3972,,0.1563,,2.6073,,,401.0,59.65,20.01,olog
3973,,0.1561,,2.60404,,,407.0,60.61,20.33,olog
3974,,0.1753,,2.60448,,,413.0,61.43,20.6,olog
3975,,0.1775,,2.60608,,,414.0,61.63,20.67,olog
3976,,0.1655,,2.60607,,,407.0,60.59,20.32,olog
3977,,0.1614,,2.60196,,,376.0,55.9,18.75,olog
3978,,0.1619,,2.60578,,,391.0,58.16,19.51,olog
3979,,0.1736,,2.60668,,,385.0,57.3,19.21,olog
3980,,0.1519,,2.60882,,,395.0,58.79,19.72,olog
3981,,0.1306,,2.60426,,,412.0,61.26,20.54,olog
3982,,0.1473,,2.59924,,,401.0,59.71,20.03,olog
3983,,0.1714,,2.60475,,,413.0,61.51,20.63,olog
3984,,0.1665,,2.60135,,,406.0,60.4,20.25,olog
3985,,0.1647,,2.59613,,,412.0,61.28,20.55,olog
3986,,0.1574,,2.59649,,,396.0,58.97,19.77,olog
3987,,0.1473,,2.60449,,,395.0,58.7,19.69,olog
3988,,0.1757,,2.60095,,,400.0,59.53,19.96,olog
3989,,0.1992,,2.60238,,,405.0,60.23,20.2,olog
3990,,0.1595,,2.60215,,,393.0,58.43,19.6,olog
3991,,0.1301,,2.60474,,,399.0,59.36,19.91,olog
3992,,0.1666,,2.60358,,,413.0,61.49,20.62,olog
3993,,0.1697,,2.60324,,,411.0,61.2,20.52,olog
3994,,0.1554,,2.60145,,,409.0,60.93,20.43,olog
3995,,0.17,,2.60457,,,395.0,58.8,19.72,olog
3996,,0.1789,,2.609,,,411.0,61.18,20.52,olog
3997,,0.1497,,2.60153,,,406.0,60.46,20.28,olog
3998,,0.129,,2.60069,,,401.0,59.6,19.99,olog
3999,,0.146,,2.59748,,,404.0,60.18,20.18,olog
4000,,0.1692,,2.60545,,,404.0,60.15,20.17,olog
4001,,0.1451,,2.60651,,,415.0,61.77,20.72,olog
4002,,0.1489,,2.61018,,,414.0,61.54,20.64,olog
4003,,0.1594,,2.60201,,,418.0,62.15,20.84,olog
4004,,0.1678,,2.60843,,,393.0,58.42,19.59,olog
4005,,0.1735,,2.59873,,,411.0,61.1,20.49,olog
4006,,0.1752,,2.60124,,,413.0,61.47,20.61,olog
4007,,0.1594,,2.59811,,,402.0,59.86,20.08,olog
4008,,0.1649,,2.60299,,,406.0,60.36,20.24,olog
4009,,0.1498,,2.59919,,,407.0,60.61,20.33,olog
4010,,0.1301,,2.59929,,,397.0,59.03,19.8,olog
4011,,0.1561,,2.59569,,,388.0,57.71,19.35,olog
4012,,0.1643,,2.60577,,,410.0,60.94,20.44,olog
4013,,0.1611,,2.59737,,,390.0,57.96,19.44,olog
4014,,0.1345,,2.60192,,,408.0,60.78,20.38,olog
4015,,0.1465,,2.60023,,,411.0,61.09,20.49,olog
4016,,0.1933,,2.6008,,,412.0,61.35,20.57,olog
4017,,0.1961,,2.59898,,,409.0,60.87,20.41,olog
4018,,0.1716,,2.60135,,,409.0,60.89,20.42,olog
4019,,0.1671,,2.59777,,,398.0,59.21,19.86,olog
4020,,0.1713,,2.60035,,,392.0,58.36,19.57,olog
4021,,0.1709,,2.59313,,,359.0,53.38,17.9,olog
4022,,0.1898,,2.59786,,,404.0,60.08,20.15,olog
4023,,0.1764,,2.60173,,,407.0,60.49,20.29,olog
4024,,0.146,,2.59754,,,407.0,60.5,20.29,olog
4025,,0.1248,,2.59754,,,405.0,60.19,20.19,olog
4026,,0.1272,,2.59454,,,404.0,60.11,20.16,olog
4027,,0.1746,,2.59561,,,389.0,57.85,19.4,olog
4028,,0.2031,,2.59829,,,408.0,60.7,20.36,olog
4029,,0.1622,,2.60062,,,381.0,56.7,19.01,olog
4030,,0.1311,,2.59573,,,402.0,59.88,20.08,olog
4031,,0.1576,,2.60032,,,410.0,61.01,20.46,olog
4032,,0.1879,,2.59991,,,398.0,59.2,19.85,olog
4033,,0.1607,,2.59748,,,400.0,59.59,19.98,olog
4034,,0.1629,,2.6016,,,408.0,60.69,20.35,olog
4035,,0.1729,,2.59726,,,378.0,56.2,18.85,olog
4036,,0.1631,,2.598,,,396.0,58.93,19.76,olog
4037,,0.1687,,2.59511,,,400.0,59.51,19.96,olog
4038,,0.1586,,2.5976,,,407.0,60.52,20.3,olog
4039,,0.1468,,2.59713,,,414.0,61.63,20.67,olog
4040,,0.1501,,2.59949,,,411.0,61.2,20.52,olog
4041,,0.1544,,2.59835,,,410.0,60.94,20.44,olog
4042,,0.1607,,2.59789,,,396.0,58.97,19.78,olog
4043,,0.1678,,2.59494,,,389.0,57.95,19.43,olog
4044,,0.1742,,2.59918,,,415.0,61.74,20.71,olog
4045,,0.1658,,2.59688,,,407.0,60.63,20.33,olog
4046,,0.1517,,2.60043,,,415.0,61.69,20.69,olog
4047,,0.1431,,2.59552,,,407.0,60.5,20.29,olog
4048,,0.1637,,2.59861,,,409.0,60.79,20.39,olog
4049,,0.1922,,2.59517,,,412.0,61.32,20.56,olog
4050,,0.1783,,2.59873,,,394.0,58.67,19.67,olog
4051,,0.1376,,2.59536,,,413.0,61.47,20.61,olog
4052,,0.1161,,2.59986,,,403.0,59.95,20.11,olog
4053,,0.1396,,2.59822,,,401.0,59.63,20.0,olog
4054,,0.1669,,2.59362,,,395.0,58.8,19.72,olog
4055,,0.1675,,2.59465,,,396.0,58.9,19.75,olog
4056,,0.135,,2.59277,,,412.0,61.26,20.54,olog
4057,,0.1267,,2.59519,,,383.0,57.02,19.12,olog
4058,,0.1664,,2.59965,,,414.0,61.67,20.68,olog
4059,,0.1689,,2.59729,,,410.0,60.97,20.45,olog
4060,,0.1607,,2.5972,,,405.0,60.25,20.2,olog
4061,,0.14,,2.59128,,,396.0,58.89,19.75,olog
4062,,0.1305,,2.60189,,,410.0,60.98,20.45,olog
4063,,0.1269,,2.59569,,,400.0,59.45,19.94,olog
4064,,0.1441,,2.59549,,,411.0,61.11,20.49,olog
4065,,0.1563,,2.59748,,,399.0,59.37,19.91,olog
4066,,0.1753,,2.59973,,,399.0,59.41,19.92,olog
4067,,0.181,,2.59319,,,412.0,61.33,20.57,olog
4068,,0.1645,,2.59526,,,413.0,61.5,20.62,olog
4069,,0.1423,,2.59249,,,411.0,61.09,20.49,olog
4070,,0.1427,,2.59181,,,410.0,61.0,20.46,olog
4071,,0.1461,,2.59296,,,397.0,59.06,19.8,olog
4072,,0.134,,2.59761,,,403.0,60.0,20.12,olog
4073,,0.1341,,2.59538,,,404.0,60.05,20.14,olog
4074,,0.1739,,2.59354,,,407.0,60.51,20.29,olog
4075,,0.1862,,2.59822,,,394.0,58.66,19.67,olog
4076,,0.1631,,2.594,,,409.0,60.82,20.4,olog
4077,,0.1422,,2.59783,,,406.0,60.47,20.28,olog
4078,,0.1623,,2.59868,,,415.0,61.71,20.7,olog
4079,,0.1749,,2.59514,,,412.0,61.36,20.58,olog
4080,,0.1508,,2.5908,,,404.0,60.15,20.17,olog
4081,,0.1385,,2.59353,,,396.0,58.97,19.78,olog
4082,,0.1406,,2.58616,,,416.0,61.92,20.76,olog
4083,,0.1468,,2.59723,,,410.0,61.01,20.46,olog
4084,,0.1587,,2.59026,,,413.0,61.39,20.59,olog
4085,,0.1648,,2.59074,,,413.0,61.49,20.62,olog
4086,,0.1647,,2.59414,,,414.0,61.57,20.65,olog
4087,,0.1503,,2.59472,,,412.0,61.24,20.54,olog
4088,,0.1338,,2.59405,,,400.0,59.59,19.98,olog
4089,,0.1526,,2.60098,,,410.0,61.06,20.48,olog
4090,,0.1566,,2.59473,,,410.0,61.06,20.48,olog
4091,,0.1542,,2.6008,,,415.0,61.75,20.71,olog
4092,,0.1461,,2.59437,,,398.0,59.17,19.84,olog
4093,,0.168,,2.59277,,,408.0,60.67,20.35,olog
4094,,0.2109,,2.59192,,,399.0,59.4,19.92,olog
4095,,0.2016,,2.59484,,,396.0,58.93,19.76,olog
4096,,0.1617,,2.58821,,,390.0,58.02,19.46,olog
4097,,0.1326,,2.59236,,,394.0,58.56,19.64,olog
4098,,0.1504,,2.59519,,,415.0,61.74,20.7,olog
4099,,0.17,,2.59525,,,393.0,58.54,19.63,olog
4100,,0.1813,,2.59588,,,397.0,59.05,19.8,olog
4101,,0.1701,,2.59136,,,406.0,60.39,20.25,olog
4102,,0.1522,,2.5956,,,400.0,59.48,19.95,olog
4103,,0.156,,2.59152,,,405.0,60.32,20.23,olog
4104,,0.1527,,2.59259,,,397.0,59.04,19.8,olog
4105,,0.1692,,2.59511,,,406.0,60.44,20.27,olog
4106,,0.1606,,2.59169,,,409.0,60.82,20.4,olog
4107,,0.1476,,2.59109,,,412.0,61.26,20.54,olog
4108,,0.1724,,2.58977,,,410.0,61.01,20.46,olog
4109,,0.1926,,2.58942,,,414.0,61.65,20.67,olog
4110,,0.1677,,2.59307,,,414.0,61.64,20.67,olog
4111,,0.1588,,2.5906,,,411.0,61.19,20.52,olog
4112,,0.1663,,2.58952,,,418.0,62.24,20.87,olog
4113,,0.154,,2.59264,,,394.0,58.58,19.64,olog
4114,,0.1504,,2.59134,,,399.0,59.41,19.92,olog
4115,,0.1583,,2.59035,,,401.0,59.64,20.0,olog
4116,,0.1909,,2.58679,,,393.0,58.45,19.6,olog
4117,,0.1558,,2.58675,,,414.0,61.62,20.67,olog
4118,,0.1294,,2.59256,,,413.0,61.49,20.62,olog
4119,,0.1544,,2.58897,,,412.0,61.25,20.54,olog
4120,,0.1511,,2.58844,,,409.0,60.83,20.4,olog
4121,,0.1377,,2.58705,,,394.0,58.6,19.65,olog
4122,,0.1433,,2.58555,,,401.0,59.72,20.03,olog
4123,,0.1469,,2.58546,,,389.0,57.96,19.44,olog
4124,,0.1434,,2.5891,,,408.0,60.74,20.37,olog
4125,,0.1357,,2.58798,,,407.0,60.54,20.3,olog
4126,,0.1474,,2.58742,,,406.0,60.47,20.28,olog
4127,,0.156,,2.58715,,,400.0,59.51,19.96,olog
4128,,0.144,,2.58896,,,399.0,59.35,19.9,olog
4129,,0.1533,,2.58521,,,412.0,61.3,20.56,olog
4130,,0.144,,2.5886,,,404.0,60.05,20.14,olog
4131,,0.1332,,2.58841,,,380.0,56.48,18.94,olog
4132,,0.1353,,2.58093,,,324.0,48.15,16.15,olog
4133,,0.1354,,2.58549,,,360.0,53.51,17.94,olog
4134,,0.1304,,2.59172,,,404.0,60.14,20.17,olog
4135,,0.1508,,2.58859,,,406.0,60.41,20.26,olog
4136,,0.1495,,2.58352,,,409.0,60.92,20.43,olog
4137,,0.1357,,2.58903,,,411.0,61.1,20.49,olog
4138,,0.1436,,2.58444,,,408.0,60.77,20.38,olog
4139,,0.1599,,2.58816,,,404.0,60.08,20.15,olog
4140,,0.1713,,2.58519,,,416.0,61.96,20.78,olog
4141,,0.1754,,2.58268,,,403.0,59.9,20.09,olog
4142,,0.1826,,2.58812,,,412.0,61.24,20.54,olog
4143,,0.1968,,2.59062,,,407.0,60.52,20.3,olog
4144,,0.2056,,2.59168,,,416.0,61.85,20.74,olog
4145,,0.1843,,2.58599,,,416.0,61.9,20.76,olog
4146,,0.1519,,2.58653,,,402.0,59.78,20.05,olog
4147,,0.1545,,2.59279,,,401.0,59.64,20.0,olog
4148,,0.1606,,2.59009,,,397.0,59.12,19.82,olog
4149,,0.1431,,2.58234,,,404.0,60.05,20.14,olog
4150,,0.1431,,2.58932,,,409.0,60.82,20.4,olog
4151,,0.1425,,2.59028,,,370.0,55.13,18.49,olog
4152,,0.1561,,2.5878,,,407.0,60.63,20.33,olog
4153,,0.1915,,2.58811,,,408.0,60.77,20.38,olog
4154,,0.1827,,2.58197,,,403.0,59.99,20.12,olog
4155,,0.1393,,2.58616,,,403.0,59.91,20.09,olog
4156,,0.1206,,2.58693,,,407.0,60.61,20.33,olog
4157,,0.1419,,2.58719,,,407.0,60.57,20.31,olog
4158,,0.1578,,2.59191,,,409.0,60.8,20.39,olog
4159,,0.1655,,2.58543,,,403.0,60.03,20.13,olog
4160,,0.1756,,2.58638,,,413.0,61.41,20.6,olog
4161,,0.165,,2.59007,,,407.0,60.51,20.29,olog
4162,,0.1556,,2.58787,,,381.0,56.65,19.0,olog
4163,,0.1612,,2.5889,,,416.0,61.85,20.74,olog
4164,,0.1574,,2.58805,,,419.0,62.27,20.88,olog
4165,,0.1504,,2.581,,,414.0,61.63,20.67,olog
4166,,0.1532,,2.58529,,,415.0,61.69,20.69,olog
4167,,0.1402,,2.58845,,,416.0,61.85,20.74,olog
4168,,0.1439,,2.58343,,,407.0,60.52,20.29,olog
4169,,0.1537,,2.58933,,,407.0,60.53,20.3,olog
4170,,0.1295,,2.58531,,,417.0,62.0,20.79,olog
4171,,0.1243,,2.5813,,,377.0,56.06,18.8,olog
4172,,0.156,,2.58804,,,392.0,58.38,19.58,olog
4173,,0.1895,,2.58562,,,406.0,60.45,20.27,olog
4174,,0.1722,,2.58513,,,407.0,60.6,20.32,olog
4175,,0.1485,,2.58541,,,408.0,60.72,20.36,olog
4176,,0.1495,,2.58377,,,407.0,60.59,20.32,olog
4177,,0.1736,,2.58867,,,413.0,61.44,20.6,olog
4178,,0.1711,,2.5863,,,410.0,61.03,20.47,olog
4179,,0.1531,,2.58649,,,414.0,61.66,20.68,olog
4180,,0.1462,,2.58317,,,405.0,60.23,20.2,olog
4181,,0.145,,2.57728,,,408.0,60.72,20.36,olog
4182,,0.149,,2.58964,,,408.0,60.64,20.34,olog
4183,,0.1449,,2.58516,,,399.0,59.44,19.93,olog
4184,,0.1522,,2.58777,,,410.0,61.07,20.48,olog
4185,,0.1672,,2.58238,,,415.0,61.81,20.73,olog
4186,,0.1709,,2.58533,,,411.0,61.16,20.51,olog
4187,,0.1724,,2.58266,,,412.0,61.31,20.56,olog
4188,,0.1827,,2.58227,,,418.0,62.18,20.85,olog
4189,,0.1577,,2.58206,,,406.0,60.36,20.24,olog
4190,,0.1615,,2.58629,,,395.0,58.77,19.71,olog
4191,,0.1855,,2.58374,,,398.0,59.25,19.87,olog
4192,,0.1782,,2.58085,,,409.0,60.9,20.42,olog
4193,,0.1667,,2.58172,,,411.0,61.21,20.53,olog
4194,,0.1687,,2.5854,,,398.0,59.18,19.85,olog
4195,,0.1676,,2.57278,,,406.0,60.44,20.27,olog
4196,,0.1586,,2.58144,,,406.0,60.34,20.24,olog
4197,,0.1357,,2.57925,,,400.0,59.57,19.98,olog
4198,,0.1587,,2.5791,,,414.0,61.67,20.68,olog
4199,,0.1582,,2.58251,,,418.0,62.22,20.87,olog
4200,,0.1441,,2.58085,,,404.0,60.16,20.17,olog
4210,1783912339.6790252,0.14887304604053497,2.28e-05,2.572157144546509,3.5798888206481934,211896238080.0,446.13344139119016,66.38502611993073,22.26274968071595,wandb
4220,1783912706.984832,0.14940546452999115,2.28e-05,2.565932273864746,3.7250969409942627,212399554560.0,445.90311197882545,66.35075291232643,22.25125588631311,wandb
4230,1783913464.871525,0.14292903244495392,2.28e-05,2.56156063079834,3.350942611694336,212902871040.0,443.119925366477,65.93661243592267,22.112370563858423,wandb
4240,1783913832.1352046,0.1655476987361908,2.28e-05,2.5560595989227295,3.585373878479004,213406187520.0,446.0855962208453,66.3779067188987,22.260362132614876,wandb
4250,1783914199.8050475,0.13708822429180145,2.28e-05,2.5592479705810547,3.676929473876953,213909504000.0,443.3732359198373,65.9743052563686,22.125011152789305,wandb
4260,1783914954.505931,0.16180753707885742,2.28e-05,2.551407814025879,3.598453998565674,214412820480.0,446.35768472504685,66.41839371400499,22.273939770375343,wandb
4270,1783915321.6585097,0.14901845157146454,2.28e-05,2.548189878463745,3.4459662437438965,214916136960.0,446.31524392074084,66.41207848712216,22.271821908509693,wandb
4280,1783916077.4202218,0.13944999873638153,2.28e-05,2.557039260864258,3.488358736038208,215419453440.0,446.002048428643,66.36547473812112,22.256192968388188,wandb
4290,1783916444.9698193,0.15599393844604492,2.28e-05,2.5475664138793945,3.3677430152893066,215922769920.0,445.64146833945296,66.3118201217701,22.238199463484243,wandb
4300,1783917328.3263948,0.16298313438892365,2.28e-05,2.541280508041382,3.704679250717163,216426086400.0,444.2203465706836,66.10035602384198,22.167283286240792,wandb
4310,1783917696.829008,0.14630228281021118,2.28e-05,2.5410094261169434,3.8726110458374023,216929402880.0,444.6338860644812,66.16189104352526,22.187919547456264,wandb
4320,1783918065.100961,0.18081879615783691,2.28e-05,2.5381007194519043,3.6319141387939453,217432719360.0,445.0669969859172,66.22633830787446,22.20953245322241,wandb
4330,1783918820.407506,0.138005793094635,2.28e-05,2.532042980194092,3.5951907634735107,217936035840.0,445.17988349595487,66.24313591420065,22.21516566490782,wandb
4340,1783919188.547348,0.13836894929409027,2.28e-05,2.532924175262451,3.4343032836914062,218439352320.0,445.633877153636,66.3106905470241,22.237820651555023,wandb
4350,1783919557.0074606,0.12045153975486755,2.28e-05,2.537827730178833,3.5169100761413574,218942668800.0,444.85281479105095,66.19446781962708,22.198844429980966,wandb
4360,1783920338.0809286,0.1451333612203598,2.28e-05,2.530059576034546,3.360231399536133,219445985280.0,444.600938318345,66.15698839157201,22.186275403895795,wandb
4370,1783920706.7808046,0.15741704404354095,2.28e-05,2.5375142097473145,3.3519511222839355,219949301760.0,444.49850278868803,66.14174589979493,22.181163712317474,wandb
4375,,0.1362,,2.48063,,,402.0,59.75,20.04,olog
4376,,0.1213,,2.4831,,,409.0,60.91,20.43,olog
4377,,0.1307,,2.48532,,,399.0,59.43,19.93,olog
4378,,0.1342,,2.47784,,,403.0,59.92,20.09,olog
4379,,0.1364,,2.4816,,,412.0,61.3,20.56,olog
4380,,0.16,,2.47836,,,403.0,59.9,20.09,olog
4381,,0.1502,,2.48198,,,404.0,60.05,20.14,olog
4382,,0.1435,,2.47977,,,407.0,60.6,20.32,olog
4383,,0.1524,,2.47468,,,407.0,60.59,20.32,olog
4384,,0.1595,,2.46953,,,406.0,60.37,20.25,olog
4385,,0.1399,,2.48161,,,408.0,60.77,20.38,olog
4386,,0.1229,,2.47711,,,408.0,60.73,20.37,olog
4387,,0.1418,,2.47912,,,402.0,59.76,20.04,olog
4388,,0.1629,,2.46964,,,406.0,60.36,20.24,olog
4389,,0.1511,,2.46821,,,410.0,60.95,20.44,olog
4390,,0.144,,2.46979,,,405.0,60.28,20.21,olog
4391,,0.1427,,2.47593,,,412.0,61.35,20.57,olog
4392,,0.1257,,2.47694,,,410.0,61.07,20.48,olog
4393,,0.1164,,2.46937,,,401.0,59.72,20.03,olog
4394,,0.1244,,2.48054,,,399.0,59.35,19.9,olog
4395,,0.1234,,2.46868,,,405.0,60.33,20.23,olog
4396,,0.1514,,2.47166,,,411.0,61.1,20.49,olog
4397,,0.1635,,2.47378,,,401.0,59.63,20.0,olog
4398,,0.1329,,2.47342,,,405.0,60.29,20.22,olog
4399,,0.1166,,2.46795,,,411.0,61.19,20.52,olog
4400,,0.1172,,2.47285,,,411.0,61.2,20.52,olog
4401,,0.1177,,2.47361,,,411.0,61.17,20.51,olog
4402,,0.1283,,2.46821,,,402.0,59.79,20.05,olog
4403,,0.1283,,2.4695,,,410.0,61.0,20.46,olog
4404,,0.1282,,2.46798,,,411.0,61.14,20.5,olog
4405,,0.1308,,2.4664,,,410.0,60.99,20.46,olog
4406,,0.1263,,2.47099,,,405.0,60.19,20.19,olog
4407,,0.126,,2.46346,,,395.0,58.74,19.7,olog
4408,,0.1339,,2.46972,,,409.0,60.83,20.4,olog
4409,,0.1435,,2.47134,,,412.0,61.31,20.56,olog
4410,,0.1512,,2.46772,,,414.0,61.54,20.64,olog
4411,,0.1441,,2.47464,,,410.0,61.01,20.46,olog
4412,,0.1427,,2.46654,,,412.0,61.24,20.54,olog
4413,,0.1547,,2.47573,,,394.0,58.59,19.65,olog
4414,,0.1553,,2.47119,,,413.0,61.44,20.6,olog
4415,,0.1423,,2.46769,,,409.0,60.92,20.43,olog
4416,,0.1468,,2.4639,,,413.0,61.39,20.59,olog
4417,,0.1413,,2.46711,,,413.0,61.41,20.59,olog
4418,,0.1406,,2.47125,,,411.0,61.1,20.49,olog
4419,,0.1501,,2.46772,,,414.0,61.64,20.67,olog
4420,,0.1431,,2.46209,,,412.0,61.32,20.56,olog
4421,,0.1303,,2.4629,,,400.0,59.52,19.96,olog
4422,,0.1203,,2.46813,,,414.0,61.57,20.65,olog
4423,,0.1369,,2.46527,,,411.0,61.2,20.52,olog
4424,,0.1429,,2.46098,,,407.0,60.61,20.32,olog
4425,,0.1342,,2.46211,,,413.0,61.47,20.62,olog
4426,,0.1172,,2.46256,,,409.0,60.83,20.4,olog
4427,,0.1158,,2.46211,,,414.0,61.55,20.64,olog
4428,,0.1362,,2.46048,,,414.0,61.67,20.68,olog
4429,,0.1309,,2.46361,,,413.0,61.45,20.61,olog
4430,,0.1354,,2.47153,,,414.0,61.58,20.65,olog
4431,,0.1542,,2.46358,,,413.0,61.41,20.59,olog
4432,,0.1412,,2.46823,,,411.0,61.09,20.49,olog
4433,,0.1074,,2.46628,,,386.0,57.43,19.26,olog
4434,,0.1133,,2.4604,,,411.0,61.14,20.5,olog
4435,,0.1358,,2.4634,,,410.0,61.03,20.47,olog
4436,,0.1708,,2.46175,,,413.0,61.4,20.59,olog
4437,,0.1494,,2.45829,,,412.0,61.31,20.56,olog
4438,,0.1235,,2.46722,,,413.0,61.5,20.62,olog
4439,,0.1254,,2.46335,,,372.0,55.38,18.57,olog
4440,,0.1516,,2.46137,,,391.0,58.23,19.53,olog
4441,,0.1496,,2.4617,,,413.0,61.39,20.59,olog
4442,,0.1211,,2.45887,,,401.0,59.72,20.03,olog
4443,,0.1165,,2.46215,,,414.0,61.53,20.64,olog
4444,,0.1285,,2.46315,,,322.0,47.9,16.06,olog
4445,,0.1269,,2.45515,,,405.0,60.27,20.21,olog
4446,,0.1173,,2.45435,,,414.0,61.64,20.67,olog
4447,,0.1409,,2.4576,,,413.0,61.51,20.63,olog
4448,,0.1547,,2.46204,,,413.0,61.47,20.61,olog
4449,,0.1544,,2.45765,,,416.0,61.91,20.76,olog
4450,,0.1388,,2.45806,,,411.0,61.22,20.53,olog
4451,,0.1332,,2.46027,,,414.0,61.57,20.65,olog
4452,,0.1645,,2.45912,,,409.0,60.92,20.43,olog
4453,,0.1422,,2.45689,,,416.0,61.84,20.74,olog
4454,,0.1146,,2.45617,,,412.0,61.25,20.54,olog
4455,,0.143,,2.46041,,,415.0,61.73,20.7,olog
4456,,0.1657,,2.4566,,,416.0,61.89,20.75,olog
4457,,0.1302,,2.45769,,,410.0,61.05,20.47,olog
4458,,0.1339,,2.45906,,,415.0,61.74,20.71,olog
4459,,0.1486,,2.45748,,,414.0,61.54,20.64,olog
4460,,0.1282,,2.455,,,415.0,61.7,20.69,olog
4461,,0.1334,,2.4604,,,414.0,61.64,20.67,olog
4462,,0.1315,,2.45621,,,414.0,61.66,20.68,olog
4463,,0.1389,,2.45707,,,412.0,61.23,20.53,olog
4464,,0.1458,,2.4605,,,404.0,60.18,20.18,olog
4465,,0.132,,2.45759,,,415.0,61.78,20.72,olog
4466,,0.1232,,2.46153,,,408.0,60.66,20.34,olog
4467,,0.1159,,2.45888,,,411.0,61.22,20.53,olog
4468,,0.1209,,2.45746,,,415.0,61.79,20.72,olog
4469,,0.1432,,2.45769,,,414.0,61.63,20.67,olog
4470,,0.1467,,2.45866,,,414.0,61.58,20.65,olog
4471,,0.1406,,2.45432,,,388.0,57.8,19.39,olog
4472,,0.1386,,2.45805,,,404.0,60.12,20.16,olog
4473,,0.155,,2.45279,,,410.0,61.0,20.46,olog
4474,,0.149,,2.45393,,,413.0,61.44,20.61,olog
4475,,0.1389,,2.4568,,,410.0,61.01,20.46,olog
4476,,0.1383,,2.4574,,,411.0,61.2,20.52,olog
4477,,0.1269,,2.45378,,,410.0,60.96,20.44,olog
4478,,0.1432,,2.45564,,,403.0,59.93,20.1,olog
4479,,0.1574,,2.4547,,,411.0,61.15,20.51,olog
4480,,0.154,,2.45051,,,415.0,61.72,20.7,olog
4481,,0.1297,,2.45543,,,415.0,61.69,20.69,olog
4482,,0.137,,2.45194,,,414.0,61.65,20.68,olog
4483,,0.1425,,2.45637,,,416.0,61.95,20.77,olog
4484,,0.151,,2.45907,,,414.0,61.62,20.67,olog
4485,,0.1359,,2.45572,,,408.0,60.77,20.38,olog
4486,,0.125,,2.45831,,,407.0,60.58,20.32,olog
4487,,0.1252,,2.45434,,,403.0,59.9,20.09,olog
4488,,0.1276,,2.45737,,,411.0,61.17,20.51,olog
4489,,0.1372,,2.4525,,,412.0,61.33,20.57,olog
4490,,0.1399,,2.4519,,,414.0,61.56,20.64,olog
4491,,0.1221,,2.45716,,,415.0,61.78,20.72,olog
4492,,0.1292,,2.45109,,,414.0,61.63,20.67,olog
4493,,0.1279,,2.46022,,,414.0,61.66,20.68,olog
4494,,0.1197,,2.45891,,,416.0,61.83,20.74,olog
4495,,0.1382,,2.45552,,,415.0,61.7,20.69,olog
4496,,0.1552,,2.46356,,,416.0,61.86,20.75,olog
4497,,0.1324,,2.45973,,,410.0,61.01,20.46,olog
4498,,0.1418,,2.45971,,,412.0,61.35,20.58,olog
4499,,0.1359,,2.46705,,,416.0,61.85,20.74,olog
4500,,0.1444,,2.46238,,,415.0,61.75,20.71,olog
4501,,0.1504,,2.56321,,,414.0,61.67,20.68,olog
4502,,0.1209,,2.55537,,,415.0,61.78,20.72,olog
4503,,0.1651,,2.54727,,,416.0,61.97,20.78,olog
4504,,0.1731,,2.55563,,,418.0,62.16,20.85,olog
4505,,0.1401,,2.54929,,,418.0,62.14,20.84,olog
4506,,0.1375,,2.54819,,,412.0,61.28,20.55,olog
4507,,0.1333,,2.54738,,,414.0,61.64,20.67,olog
4508,,0.1287,,2.54575,,,413.0,61.5,20.62,olog
4509,,0.1393,,2.54081,,,403.0,60.04,20.13,olog
4510,,0.1556,,2.54124,,,407.0,60.56,20.31,olog
4511,,0.1361,,2.53911,,,408.0,60.67,20.35,olog
4512,,0.13,,2.5417,,,417.0,62.1,20.82,olog
4513,,0.1553,,2.54308,,,346.0,51.53,17.28,olog
4514,,0.1764,,2.54878,,,346.0,51.53,17.28,olog
4515,,0.1737,,2.54225,,,414.0,61.68,20.68,olog
4516,,0.1525,,2.54655,,,418.0,62.15,20.84,olog
4517,,0.1485,,2.54218,,,418.0,62.23,20.87,olog
4518,,0.1528,,2.54445,,,414.0,61.54,20.64,olog
4519,,0.1452,,2.54456,,,410.0,61.04,20.47,olog
4520,,0.1479,,2.54537,,,405.0,60.27,20.21,olog
4521,,0.1555,,2.54219,,,405.0,60.31,20.22,olog
4522,,0.1617,,2.54243,,,412.0,61.35,20.57,olog
4523,,0.1606,,2.541,,,410.0,60.99,20.45,olog
4524,,0.1492,,2.54027,,,411.0,61.09,20.49,olog
4525,,0.1333,,2.54098,,,416.0,61.96,20.78,olog
4526,,0.1306,,2.54119,,,413.0,61.39,20.59,olog
4527,,0.128,,2.53502,,,415.0,61.77,20.71,olog
4528,,0.1392,,2.53593,,,416.0,61.92,20.77,olog
4529,,0.155,,2.54521,,,418.0,62.2,20.86,olog
4530,,0.177,,2.54478,,,410.0,60.97,20.45,olog
4531,,0.1587,,2.53949,,,417.0,62.04,20.81,olog
4532,,0.1319,,2.53778,,,415.0,61.82,20.73,olog
4533,,0.1148,,2.53958,,,410.0,61.02,20.46,olog
4534,,0.1196,,2.53634,,,412.0,61.3,20.56,olog
4535,,0.1429,,2.54036,,,402.0,59.88,20.08,olog
4536,,0.1547,,2.53464,,,403.0,59.92,20.09,olog
4537,,0.1623,,2.53749,,,412.0,61.34,20.57,olog
4538,,0.1529,,2.53635,,,417.0,61.99,20.79,olog
4539,,0.1395,,2.54065,,,410.0,61.06,20.48,olog
4540,,0.1416,,2.53428,,,418.0,62.18,20.85,olog
4541,,0.1464,,2.53784,,,417.0,62.03,20.8,olog
4542,,0.1441,,2.53732,,,408.0,60.73,20.37,olog
4543,,0.1485,,2.5334,,,416.0,61.88,20.75,olog
4544,,0.1411,,2.54264,,,413.0,61.5,20.62,olog
4545,,0.1256,,2.53848,,,413.0,61.49,20.62,olog
4546,,0.1257,,2.53738,,,418.0,62.23,20.87,olog
4547,,0.147,,2.53616,,,416.0,61.93,20.77,olog
4548,,0.1801,,2.54105,,,414.0,61.62,20.67,olog
4549,,0.1915,,2.5302,,,412.0,61.36,20.58,olog
4550,,0.1621,,2.53877,,,417.0,61.98,20.79,olog
4551,,0.1403,,2.53757,,,415.0,61.83,20.73,olog
4552,,0.1482,,2.53416,,,417.0,62.02,20.8,olog
4553,,0.1525,,2.53307,,,393.0,58.45,19.6,olog
4554,,0.1306,,2.53736,,,416.0,61.93,20.77,olog
4555,,0.1422,,2.53726,,,413.0,61.38,20.58,olog
4556,,0.1596,,2.53645,,,416.0,61.93,20.77,olog
4557,,0.151,,2.53614,,,414.0,61.62,20.67,olog
4558,,0.1329,,2.53505,,,416.0,61.9,20.76,olog
4559,,0.1292,,2.53671,,,411.0,61.12,20.5,olog
4560,,0.1385,,2.53148,,,410.0,60.94,20.44,olog
4561,,0.1506,,2.53709,,,413.0,61.49,20.62,olog
4562,,0.1492,,2.53697,,,418.0,62.2,20.86,olog
4563,,0.1404,,2.53365,,,411.0,61.22,20.53,olog
4564,,0.143,,2.5364,,,400.0,59.51,19.96,olog
4565,,0.1497,,2.53658,,,412.0,61.36,20.58,olog
4566,,0.1573,,2.53363,,,414.0,61.54,20.64,olog
4567,,0.1718,,2.53523,,,414.0,61.65,20.68,olog
4568,,0.1641,,2.53696,,,411.0,61.16,20.51,olog
4569,,0.1312,,2.53636,,,411.0,61.09,20.49,olog
4570,,0.1157,,2.53556,,,409.0,60.87,20.41,olog
4571,,0.133,,2.53287,,,411.0,61.09,20.49,olog
4572,,0.1567,,2.5342,,,402.0,59.76,20.04,olog
4573,,0.1673,,2.53191,,,412.0,61.27,20.55,olog
4574,,0.138,,2.5328,,,414.0,61.59,20.65,olog
4575,,0.1082,,2.53016,,,397.0,59.11,19.82,olog
4576,,0.1426,,2.53047,,,411.0,61.18,20.52,olog
4577,,0.1752,,2.53382,,,406.0,60.44,20.27,olog
4578,,0.1557,,2.53384,,,404.0,60.15,20.17,olog
4579,,0.1383,,2.53193,,,402.0,59.87,20.08,olog
4580,,0.1463,,2.53468,,,414.0,61.55,20.64,olog
4581,,0.1538,,2.5358,,,398.0,59.23,19.86,olog
4582,,0.1826,,2.52988,,,408.0,60.66,20.34,olog
4583,,0.1767,,2.53984,,,414.0,61.62,20.66,olog
4584,,0.131,,2.53323,,,405.0,60.2,20.19,olog
4585,,0.1326,,2.52243,,,416.0,61.89,20.76,olog
4586,,0.1592,,2.52893,,,413.0,61.43,20.6,olog
4587,,0.1706,,2.53275,,,418.0,62.19,20.86,olog
4588,,0.1771,,2.53316,,,417.0,62.09,20.82,olog
4589,,0.1499,,2.52512,,,410.0,61.0,20.46,olog
4590,,0.1285,,2.52889,,,407.0,60.54,20.3,olog
4591,,0.1606,,2.52796,,,415.0,61.79,20.72,olog
4592,,0.1726,,2.53464,,,405.0,60.3,20.22,olog
4593,,0.1495,,2.52842,,,407.0,60.6,20.32,olog
4594,,0.1302,,2.53099,,,415.0,61.73,20.7,olog
4595,,0.1169,,2.52882,,,413.0,61.41,20.59,olog
4596,,0.1157,,2.52512,,,415.0,61.7,20.69,olog
4597,,0.1273,,2.53029,,,417.0,62.03,20.8,olog
4598,,0.1256,,2.53154,,,417.0,62.12,20.83,olog
4599,,0.1242,,2.53342,,,417.0,62.01,20.79,olog
4600,,0.1599,,2.53016,,,417.0,62.04,20.8,olog
4601,,0.1873,,2.53212,,,417.0,61.98,20.79,olog
4602,,0.1376,,2.53128,,,418.0,62.15,20.84,olog
4603,,0.1127,,2.53056,,,417.0,62.09,20.82,olog
4604,,0.1399,,2.52981,,,415.0,61.77,20.72,olog
4605,,0.1448,,2.53368,,,414.0,61.66,20.68,olog
4606,,0.135,,2.52666,,,414.0,61.55,20.64,olog
4607,,0.1339,,2.52641,,,416.0,61.84,20.74,olog
4608,,0.1541,,2.52608,,,397.0,59.05,19.8,olog
4609,,0.1519,,2.52616,,,416.0,61.91,20.76,olog
4610,,0.1354,,2.5251,,,416.0,61.9,20.76,olog
4611,,0.1268,,2.53161,,,409.0,60.83,20.4,olog
4612,,0.1338,,2.53096,,,416.0,61.9,20.76,olog
4613,,0.1485,,2.52606,,,417.0,61.99,20.79,olog
4614,,0.1483,,2.5296,,,413.0,61.47,20.61,olog
4615,,0.1366,,2.52781,,,407.0,60.51,20.29,olog
4616,,0.1365,,2.52673,,,401.0,59.65,20.0,olog
4617,,0.1314,,2.53358,,,418.0,62.18,20.85,olog
4618,,0.1481,,2.53275,,,416.0,61.89,20.76,olog
4619,,0.145,,2.52528,,,410.0,61.07,20.48,olog
4620,,0.1355,,2.53362,,,416.0,61.84,20.74,olog
4621,,0.1515,,2.52818,,,416.0,61.97,20.78,olog
4622,,0.1543,,2.52213,,,417.0,62.12,20.83,olog
4623,,0.1552,,2.52394,,,418.0,62.15,20.84,olog
4624,,0.1493,,2.52533,,,387.0,57.52,19.29,olog
4625,,0.142,,2.52756,,,353.0,52.6,17.64,olog
4626,,0.1501,,2.52777,,,409.0,60.88,20.42,olog
4627,,0.1411,,2.52548,,,398.0,59.27,19.88,olog
4628,,0.1278,,2.52689,,,417.0,62.11,20.83,olog
4629,,0.121,,2.52301,,,415.0,61.74,20.7,olog
4630,,0.1293,,2.52371,,,419.0,62.4,20.92,olog
4631,,0.162,,2.52845,,,408.0,60.7,20.36,olog
4632,,0.1626,,2.52873,,,411.0,61.18,20.52,olog
4633,,0.138,,2.52051,,,416.0,61.84,20.74,olog
4634,,0.1302,,2.5251,,,419.0,62.32,20.9,olog
4635,,0.1436,,2.53176,,,405.0,60.29,20.22,olog
4636,,0.1396,,2.52381,,,413.0,61.39,20.59,olog
4637,,0.1532,,2.52896,,,417.0,62.05,20.81,olog
4638,,0.1525,,2.52689,,,417.0,62.1,20.83,olog
4639,,0.1435,,2.52578,,,409.0,60.85,20.41,olog
4640,,0.1536,,2.52522,,,416.0,61.93,20.77,olog
4641,,0.1526,,2.52153,,,417.0,62.11,20.83,olog
4642,,0.1367,,2.51894,,,418.0,62.18,20.85,olog
4643,,0.1397,,2.52277,,,418.0,62.13,20.83,olog
4644,,0.1382,,2.51761,,,413.0,61.5,20.63,olog
4645,,0.137,,2.51852,,,418.0,62.19,20.86,olog
4646,,0.1435,,2.52114,,,418.0,62.23,20.87,olog
4647,,0.1468,,2.52305,,,416.0,61.96,20.78,olog
4648,,0.1402,,2.52277,,,417.0,61.99,20.79,olog
4649,,0.1379,,2.52182,,,416.0,61.85,20.74,olog
4650,,0.1283,,2.52064,,,419.0,62.37,20.92,olog
4651,,0.1207,,2.54274,,,416.0,61.84,20.74,olog
4652,,0.1554,,2.55261,,,414.0,61.56,20.64,olog
4653,,0.1703,,2.54764,,,417.0,62.12,20.83,olog
4654,,0.1535,,2.54894,,,411.0,61.23,20.53,olog
4655,,0.1731,,2.55177,,,418.0,62.2,20.86,olog
4656,,0.1804,,2.54804,,,416.0,61.88,20.75,olog
4657,,0.1462,,2.55148,,,414.0,61.68,20.68,olog
4658,,0.135,,2.5503,,,416.0,61.96,20.78,olog
4659,,0.1479,,2.55439,,,414.0,61.56,20.65,olog
4660,,0.1554,,2.54603,,,419.0,62.4,20.93,olog
4661,,0.1587,,2.54614,,,418.0,62.17,20.85,olog
4662,,0.1605,,2.54245,,,414.0,61.57,20.65,olog
4663,,0.1394,,2.54756,,,405.0,60.2,20.19,olog
4664,,0.1323,,2.54637,,,417.0,62.1,20.83,olog
4665,,0.1352,,2.5487,,,412.0,61.24,20.54,olog
4666,,0.1384,,2.54718,,,420.0,62.45,20.94,olog
4667,,0.133,,2.55065,,,418.0,62.15,20.84,olog
4668,,0.1203,,2.54439,,,411.0,61.15,20.51,olog
4669,,0.1475,,2.5499,,,416.0,61.94,20.77,olog
4670,,0.1517,,2.55141,,,413.0,61.52,20.63,olog
4671,,0.1074,,2.54774,,,414.0,61.54,20.64,olog
4672,,0.1136,,2.5497,,,420.0,62.54,20.97,olog
4673,,0.1457,,2.54976,,,418.0,62.16,20.85,olog
4674,,0.1528,,2.55046,,,418.0,62.18,20.85,olog
4675,,0.1468,,2.5513,,,412.0,61.32,20.56,olog
4676,,0.1606,,2.54707,,,414.0,61.66,20.68,olog
4677,,0.1861,,2.54647,,,413.0,61.42,20.6,olog
4678,,0.1791,,2.54898,,,418.0,62.27,20.88,olog
4679,,0.1578,,2.54907,,,418.0,62.24,20.87,olog
4680,,0.1666,,2.54442,,,418.0,62.24,20.87,olog
4681,,0.1617,,2.54604,,,407.0,60.49,20.29,olog
4682,,0.1403,,2.54696,,,418.0,62.2,20.86,olog
4683,,0.1512,,2.54477,,,419.0,62.34,20.91,olog
4684,,0.1736,,2.54484,,,416.0,61.86,20.74,olog
4685,,0.1611,,2.54884,,,416.0,61.92,20.76,olog
4686,,0.1452,,2.55062,,,419.0,62.32,20.9,olog
4687,,0.1302,,2.54808,,,419.0,62.29,20.89,olog
4688,,0.1354,,2.5476,,,416.0,61.93,20.77,olog
4689,,0.1561,,2.54515,,,411.0,61.18,20.52,olog
4690,,0.1609,,2.55182,,,388.0,57.69,19.35,olog
4691,,0.1686,,2.55095,,,412.0,61.35,20.57,olog
4692,,0.1785,,2.54772,,,415.0,61.81,20.73,olog
4693,,0.1796,,2.54348,,,419.0,62.36,20.91,olog
4694,,0.163,,2.54491,,,421.0,62.57,20.98,olog
4695,,0.1464,,2.54612,,,419.0,62.35,20.91,olog
4696,,0.1369,,2.54431,,,419.0,62.32,20.9,olog
4697,,0.1263,,2.54912,,,417.0,62.02,20.8,olog
4698,,0.1458,,2.54103,,,415.0,61.8,20.73,olog
4699,,0.16,,2.54838,,,412.0,61.28,20.55,olog
4700,,0.1614,,2.55198,,,416.0,61.9,20.76,olog
4701,,0.1296,,2.54485,,,417.0,62.07,20.81,olog
4702,,0.1448,,2.54497,,,406.0,60.42,20.26,olog
4703,,0.1897,,2.54874,,,410.0,61.06,20.48,olog
4704,,0.1668,,2.54256,,,416.0,61.94,20.77,olog
4705,,0.1507,,2.54738,,,418.0,62.27,20.88,olog
4706,,0.1721,,2.5445,,,407.0,60.54,20.3,olog
4707,,0.1715,,2.54923,,,418.0,62.21,20.86,olog
4708,,0.157,,2.54673,,,418.0,62.14,20.84,olog
4709,,0.1316,,2.54694,,,411.0,61.2,20.52,olog
4710,,0.1191,,2.54774,,,420.0,62.51,20.96,olog
4711,,0.1252,,2.54279,,,419.0,62.32,20.9,olog
4712,,0.1415,,2.54706,,,419.0,62.28,20.89,olog
4713,,0.1346,,2.54052,,,419.0,62.38,20.92,olog
4714,,0.1213,,2.54586,,,415.0,61.82,20.73,olog
4715,,0.1261,,2.54381,,,416.0,61.96,20.78,olog
4716,,0.1468,,2.54545,,,411.0,61.18,20.52,olog
4717,,0.1665,,2.54273,,,408.0,60.68,20.35,olog
4718,,0.1547,,2.54578,,,405.0,60.21,20.19,olog
4719,,0.1399,,2.54494,,,419.0,62.31,20.9,olog
4720,,0.1388,,2.5438,,,412.0,61.3,20.56,olog
4721,,0.1725,,2.54473,,,419.0,62.32,20.9,olog
4722,,0.175,,2.54381,,,356.0,53.02,17.78,olog
4723,,0.15,,2.54496,,,401.0,59.66,20.01,olog
4724,,0.1486,,2.5441,,,420.0,62.52,20.97,olog
4725,,0.1501,,2.54347,,,413.0,61.45,20.61,olog
4726,,0.1552,,2.54451,,,418.0,62.25,20.88,olog
4727,,0.1564,,2.54207,,,416.0,61.95,20.78,olog
4728,,0.163,,2.54056,,,413.0,61.53,20.63,olog
4729,,0.1589,,2.54625,,,417.0,62.12,20.83,olog
4730,,0.1719,,2.54881,,,415.0,61.83,20.73,olog
4731,,0.1741,,2.541,,,418.0,62.19,20.85,olog
4732,,0.1584,,2.54267,,,410.0,60.96,20.44,olog
4733,,0.1561,,2.54441,,,412.0,61.24,20.54,olog
4734,,0.1469,,2.54178,,,418.0,62.13,20.84,olog
4735,,0.1529,,2.54339,,,415.0,61.79,20.72,olog
4736,,0.1512,,2.54843,,,414.0,61.6,20.66,olog
4737,,0.1312,,2.54181,,,411.0,61.11,20.49,olog
4738,,0.1313,,2.54029,,,416.0,61.95,20.78,olog
4739,,0.1506,,2.53981,,,412.0,61.35,20.57,olog
4740,,0.1593,,2.54083,,,417.0,62.08,20.82,olog
4741,,0.15,,2.54114,,,411.0,61.11,20.49,olog
4742,,0.1588,,2.54289,,,412.0,61.3,20.56,olog
4743,,0.1639,,2.54432,,,414.0,61.62,20.66,olog
4744,,0.1617,,2.5431,,,394.0,58.64,19.67,olog
4745,,0.1685,,2.54423,,,416.0,61.89,20.76,olog
4746,,0.1525,,2.54246,,,415.0,61.75,20.71,olog
4747,,0.139,,2.54172,,,420.0,62.44,20.94,olog
4748,,0.1323,,2.54016,,,415.0,61.8,20.72,olog
4749,,0.1395,,2.54518,,,419.0,62.29,20.89,olog
4750,,0.1359,,2.53814,,,416.0,61.91,20.76,olog
4751,,0.1489,,2.53918,,,412.0,61.34,20.57,olog
4752,,0.1581,,2.54158,,,419.0,62.35,20.91,olog
4753,,0.1598,,2.54479,,,410.0,60.97,20.45,olog
4754,,0.1476,,2.53657,,,418.0,62.19,20.85,olog
4755,,0.1398,,2.53748,,,418.0,62.23,20.87,olog
4756,,0.1556,,2.53853,,,402.0,59.87,20.08,olog
4757,,0.1542,,2.54227,,,417.0,62.07,20.82,olog
4758,,0.1392,,2.5426,,,417.0,62.1,20.83,olog
4759,,0.1574,,2.54531,,,414.0,61.54,20.64,olog
4760,,0.1796,,2.54025,,,417.0,62.1,20.83,olog
4761,,0.1569,,2.54328,,,416.0,61.83,20.74,olog
4762,,0.1682,,2.53893,,,415.0,61.78,20.72,olog
4763,,0.16,,2.53577,,,415.0,61.8,20.73,olog
4764,,0.1361,,2.5441,,,414.0,61.63,20.67,olog
4765,,0.1539,,2.53777,,,390.0,57.96,19.44,olog
4766,,0.1997,,2.53696,,,386.0,57.44,19.26,olog
4767,,0.1833,,2.54178,,,386.0,57.47,19.27,olog
4768,,0.1378,,2.54151,,,383.0,56.99,19.11,olog
4769,,0.1325,,2.54423,,,326.0,48.55,16.28,olog
4770,,0.1451,,2.53895,,,391.0,58.12,19.49,olog
4771,,0.152,,2.54228,,,377.0,56.04,18.79,olog
4772,,0.1461,,2.54602,,,265.0,39.38,13.21,olog
4773,,0.146,,2.53775,,,383.0,56.94,19.09,olog
4774,,0.1653,,2.53548,,,382.0,56.87,19.07,olog
4775,,0.1775,,2.53929,,,413.0,61.53,20.63,olog
4776,,0.1681,,2.53944,,,414.0,61.55,20.64,olog
4777,,0.14,,2.54356,,,412.0,61.33,20.57,olog
4778,,0.1505,,2.53819,,,419.0,62.3,20.89,olog
4779,,0.1739,,2.53757,,,400.0,59.57,19.98,olog
4780,,0.1818,,2.53932,,,419.0,62.31,20.9,olog
4781,,0.1567,,2.53723,,,399.0,59.34,19.9,olog
4782,,0.1437,,2.53723,,,419.0,62.28,20.88,olog
4783,,0.1642,,2.54041,,,413.0,61.49,20.62,olog
4784,,0.1657,,2.5397,,,417.0,62.12,20.83,olog
4785,,0.1289,,2.54074,,,399.0,59.4,19.92,olog
4786,,0.1139,,2.53416,,,418.0,62.23,20.87,olog
4787,,0.1212,,2.53587,,,415.0,61.72,20.7,olog
4788,,0.1554,,2.54154,,,414.0,61.66,20.68,olog
4789,,0.1832,,2.53984,,,396.0,58.98,19.78,olog
4790,,0.1655,,2.53896,,,390.0,58.09,19.48,olog
4791,,0.1422,,2.53652,,,417.0,62.06,20.81,olog
4792,,0.1275,,2.53411,,,399.0,59.31,19.89,olog
4793,,0.1202,,2.53844,,,395.0,58.74,19.7,olog
4794,,0.1308,,2.53686,,,409.0,60.9,20.42,olog
4795,,0.1343,,2.53525,,,416.0,61.95,20.77,olog
4796,,0.1417,,2.53379,,,397.0,59.13,19.83,olog
4797,,0.142,,2.53718,,,407.0,60.55,20.31,olog
4798,,0.1357,,2.5367,,,399.0,59.31,19.89,olog
4799,,0.1396,,2.53809,,,413.0,61.48,20.62,olog
4800,,0.1525,,2.53811,,,401.0,59.62,20.0,olog
4801,,0.1621,,2.53749,,,413.0,61.48,20.62,olog
4802,,0.1414,,2.53703,,,402.0,59.87,20.08,olog
4803,,0.1264,,2.53931,,,407.0,60.63,20.33,olog
4804,,0.1538,,2.539,,,413.0,61.43,20.6,olog
4805,,0.156,,2.53668,,,401.0,59.66,20.01,olog
4806,,0.1271,,2.54042,,,413.0,61.49,20.62,olog
4807,,0.1317,,2.53291,,,410.0,61.02,20.46,olog
4808,,0.1593,,2.53997,,,416.0,61.92,20.76,olog
4809,,0.1664,,2.53413,,,397.0,59.07,19.81,olog
4810,,0.1617,,2.53828,,,418.0,62.18,20.85,olog
4811,,0.1496,,2.53691,,,390.0,57.96,19.44,olog
4812,,0.1531,,2.5396,,,365.0,54.32,18.22,olog
4813,,0.179,,2.53787,,,397.0,59.04,19.8,olog
4814,,0.1739,,2.5362,,,416.0,61.85,20.74,olog
4815,,0.1386,,2.53711,,,408.0,60.66,20.34,olog
4816,,0.1237,,2.53707,,,414.0,61.64,20.67,olog
4817,,0.1467,,2.53162,,,381.0,56.65,19.0,olog
4818,,0.141,,2.53759,,,403.0,59.91,20.09,olog
4819,,0.1396,,2.53526,,,418.0,62.16,20.85,olog
4820,,0.1497,,2.53105,,,399.0,59.34,19.9,olog
4821,,0.1896,,2.53733,,,415.0,61.75,20.71,olog
4822,,0.1978,,2.53186,,,403.0,59.94,20.1,olog
4823,,0.1584,,2.53497,,,407.0,60.5,20.29,olog
4824,,0.1504,,2.53579,,,418.0,62.13,20.84,olog
4825,,0.1587,,2.53943,,,392.0,58.31,19.55,olog
4826,,0.1385,,2.53755,,,406.0,60.38,20.25,olog
4827,,0.1123,,2.53444,,,416.0,61.88,20.75,olog
4828,,0.1193,,2.53382,,,396.0,58.94,19.77,olog
4829,,0.1228,,2.53522,,,390.0,58.09,19.48,olog
4830,,0.127,,2.53867,,,414.0,61.56,20.65,olog
4831,,0.1393,,2.5393,,,385.0,57.26,19.2,olog
4832,,0.1562,,2.53568,,,410.0,60.95,20.44,olog
4833,,0.1575,,2.5366,,,385.0,57.29,19.21,olog
4834,,0.1624,,2.53889,,,398.0,59.15,19.84,olog
4835,,0.18,,2.53594,,,397.0,59.15,19.84,olog
4836,,0.1745,,2.53133,,,417.0,62.02,20.8,olog
4837,,0.1567,,2.53379,,,416.0,61.88,20.75,olog
4838,,0.1665,,2.53581,,,411.0,61.23,20.53,olog
4839,,0.1481,,2.53687,,,419.0,62.32,20.9,olog
4840,,0.1464,,2.53242,,,411.0,61.18,20.52,olog
4841,,0.1614,,2.53463,,,410.0,61.07,20.48,olog
4842,,0.1442,,2.53194,,,398.0,59.24,19.87,olog
4843,,0.1259,,2.5346,,,411.0,61.11,20.49,olog
4844,,0.145,,2.53544,,,409.0,60.84,20.4,olog
4845,,0.1516,,2.5322,,,412.0,61.24,20.54,olog
4846,,0.1721,,2.5319,,,397.0,59.06,19.81,olog
4847,,0.167,,2.53008,,,416.0,61.87,20.75,olog
4848,,0.1304,,2.53318,,,404.0,60.07,20.14,olog
4849,,0.1261,,2.53336,,,418.0,62.17,20.85,olog
4850,,0.167,,2.53517,,,410.0,61.0,20.46,olog
4851,,0.1704,,2.53273,,,411.0,61.18,20.52,olog
4852,,0.1558,,2.52865,,,391.0,58.18,19.51,olog
4853,,0.1321,,2.53367,,,406.0,60.48,20.28,olog
4854,,0.131,,2.53376,,,397.0,59.01,19.79,olog
4855,,0.151,,2.52992,,,412.0,61.28,20.55,olog
4856,,0.175,,2.53043,,,411.0,61.11,20.49,olog
4857,,0.1452,,2.53548,,,399.0,59.38,19.91,olog
4858,,0.1234,,2.53483,,,407.0,60.58,20.31,olog
4859,,0.1548,,2.53726,,,407.0,60.59,20.32,olog
4860,,0.1716,,2.52815,,,416.0,61.94,20.77,olog
4861,,0.1407,,2.53011,,,416.0,61.83,20.74,olog
4862,,0.1411,,2.52887,,,401.0,59.61,19.99,olog
4863,,0.1434,,2.53133,,,409.0,60.92,20.43,olog
4864,,0.1312,,2.52913,,,413.0,61.52,20.63,olog
4865,,0.1147,,2.53727,,,418.0,62.18,20.85,olog
4866,,0.153,,2.53724,,,415.0,61.74,20.7,olog
4867,,0.2051,,2.52977,,,413.0,61.48,20.62,olog
4868,,0.192,,2.53328,,,419.0,62.3,20.89,olog
4869,,0.1638,,2.53244,,,416.0,61.91,20.76,olog
4870,,0.1537,,2.53196,,,410.0,60.96,20.44,olog
4871,,0.149,,2.53183,,,408.0,60.77,20.38,olog
4872,,0.1641,,2.52614,,,413.0,61.41,20.59,olog
4873,,0.1841,,2.53253,,,409.0,60.87,20.41,olog
4874,,0.176,,2.53502,,,408.0,60.78,20.38,olog
4875,,0.1529,,2.53364,,,417.0,62.04,20.81,olog
4876,,0.1577,,2.53039,,,416.0,61.94,20.77,olog
4877,,0.1425,,2.52994,,,412.0,61.27,20.55,olog
4878,,0.1354,,2.5338,,,419.0,62.41,20.93,olog
4879,,0.1597,,2.52841,,,418.0,62.2,20.86,olog
4880,,0.1952,,2.53326,,,415.0,61.7,20.69,olog
4881,,0.2006,,2.52811,,,419.0,62.32,20.9,olog
4882,,0.1708,,2.52577,,,415.0,61.74,20.71,olog
4883,,0.1328,,2.53154,,,414.0,61.58,20.65,olog
4884,,0.1527,,2.53061,,,406.0,60.44,20.27,olog
4885,,0.1416,,2.53311,,,416.0,61.87,20.75,olog
4886,,0.1177,,2.53227,,,413.0,61.52,20.63,olog
4887,,0.1329,,2.53063,,,416.0,61.85,20.74,olog
4888,,0.1621,,2.52834,,,408.0,60.77,20.38,olog
4889,,0.1517,,2.52967,,,416.0,61.88,20.75,olog
4890,,0.1458,,2.53161,,,413.0,61.45,20.61,olog
4891,,0.1467,,2.52947,,,394.0,58.61,19.66,olog
4892,,0.1696,,2.53255,,,409.0,60.88,20.42,olog
4893,,0.1666,,2.52855,,,417.0,61.99,20.79,olog
4894,,0.1693,,2.53105,,,415.0,61.8,20.72,olog
4895,,0.1278,,2.53229,,,405.0,60.23,20.2,olog
4896,,0.1295,,2.52852,,,411.0,61.11,20.49,olog
4897,,0.1795,,2.53114,,,401.0,59.65,20.0,olog
4898,,0.1587,,2.526,,,411.0,61.13,20.5,olog
4899,,0.1314,,2.52763,,,417.0,62.05,20.81,olog
4900,,0.1513,,2.53118,,,417.0,62.0,20.79,olog
4901,,0.1338,,2.53137,,,419.0,62.35,20.91,olog
4902,,0.1268,,2.52906,,,414.0,61.64,20.67,olog
4903,,0.1313,,2.5361,,,416.0,61.9,20.76,olog
4904,,0.1345,,2.53125,,,404.0,60.13,20.16,olog
4905,,0.1363,,2.53155,,,410.0,61.06,20.48,olog
4906,,0.1389,,2.52979,,,415.0,61.75,20.71,olog
4907,,0.162,,2.52248,,,418.0,62.18,20.85,olog
4908,,0.1598,,2.53091,,,413.0,61.51,20.63,olog
4909,,0.1495,,2.52821,,,416.0,61.93,20.77,olog
4910,,0.1362,,2.5322,,,414.0,61.63,20.67,olog
4911,,0.1546,,2.52859,,,408.0,60.7,20.36,olog
4912,,0.175,,2.53011,,,416.0,61.87,20.75,olog
4913,,0.1661,,2.53028,,,416.0,61.94,20.77,olog
4914,,0.1384,,2.52403,,,418.0,62.23,20.87,olog
4915,,0.1421,,2.52526,,,419.0,62.32,20.9,olog
4916,,0.1628,,2.52552,,,416.0,61.95,20.78,olog
4917,,0.148,,2.53268,,,416.0,61.97,20.78,olog
4918,,0.1433,,2.52837,,,417.0,62.11,20.83,olog
4919,,0.1463,,2.52654,,,417.0,62.05,20.81,olog
4920,,0.147,,2.52932,,,398.0,59.21,19.86,olog
4921,,0.1479,,2.52307,,,417.0,62.07,20.82,olog
4922,,0.1336,,2.53062,,,415.0,61.72,20.7,olog
4923,,0.1398,,2.52764,,,411.0,61.21,20.53,olog
4924,,0.1401,,2.52807,,,419.0,62.33,20.9,olog
4925,,0.1518,,2.53069,,,405.0,60.32,20.23,olog
4926,,0.1637,,2.53072,,,417.0,62.0,20.79,olog
4927,,0.1608,,2.52742,,,410.0,61.07,20.48,olog
4928,,0.1589,,2.52924,,,415.0,61.77,20.71,olog
4929,,0.1424,,2.52915,,,419.0,62.29,20.89,olog
4930,,0.1403,,2.53261,,,404.0,60.16,20.18,olog
4931,,0.1524,,2.52869,,,418.0,62.24,20.87,olog
4932,,0.166,,2.52307,,,410.0,60.95,20.44,olog
4933,,0.1405,,2.5297,,,417.0,62.06,20.81,olog
4934,,0.1353,,2.52622,,,418.0,62.17,20.85,olog
4935,,0.1411,,2.52205,,,416.0,61.96,20.78,olog
4936,,0.146,,2.52173,,,420.0,62.52,20.97,olog
4937,,0.1454,,2.52948,,,418.0,62.2,20.86,olog
4938,,0.1727,,2.52543,,,418.0,62.13,20.84,olog
4939,,0.1886,,2.5269,,,414.0,61.55,20.64,olog
4940,,0.1718,,2.52599,,,419.0,62.28,20.89,olog
4941,,0.1352,,2.52982,,,419.0,62.31,20.9,olog
4942,,0.1181,,2.52816,,,417.0,62.09,20.82,olog
4943,,0.1216,,2.52721,,,416.0,61.94,20.77,olog
4944,,0.1308,,2.52563,,,415.0,61.82,20.73,olog
4945,,0.169,,2.52857,,,419.0,62.29,20.89,olog
4946,,0.1778,,2.53405,,,412.0,61.29,20.55,olog
4947,,0.1445,,2.52652,,,416.0,61.91,20.76,olog
4948,,0.1234,,2.526,,,416.0,61.86,20.74,olog
4949,,0.1389,,2.52267,,,419.0,62.42,20.93,olog
4950,,0.1255,,2.52884,,,416.0,61.91,20.76,olog
4951,,0.1316,,2.52981,,,400.0,59.47,19.94,olog
4952,,0.1353,,2.53692,,,414.0,61.65,20.67,olog
4953,,0.13,,2.52585,,,419.0,62.37,20.92,olog
4954,,0.1423,,2.53241,,,418.0,62.23,20.87,olog
4955,,0.1619,,2.52457,,,416.0,61.86,20.74,olog
4956,,0.1675,,2.52652,,,419.0,62.28,20.89,olog
4957,,0.1576,,2.52378,,,411.0,61.1,20.49,olog
4958,,0.1498,,2.52899,,,411.0,61.14,20.5,olog
4959,,0.1699,,2.52476,,,415.0,61.78,20.72,olog
4960,,0.1474,,2.52631,,,418.0,62.2,20.86,olog
4961,,0.1124,,2.52068,,,419.0,62.41,20.93,olog
4962,,0.113,,2.53024,,,419.0,62.42,20.93,olog
4963,,0.1284,,2.52198,,,406.0,60.42,20.26,olog
4964,,0.168,,2.52686,,,419.0,62.38,20.92,olog
4965,,0.1879,,2.52695,,,418.0,62.15,20.84,olog
4966,,0.153,,2.52487,,,416.0,61.89,20.75,olog
4967,,0.1173,,2.52529,,,417.0,62.02,20.8,olog
4968,,0.1165,,2.52807,,,415.0,61.81,20.73,olog
4969,,0.13,,2.52415,,,416.0,61.95,20.78,olog
4970,,0.1745,,2.52686,,,411.0,61.23,20.53,olog
4971,,0.177,,2.51837,,,370.0,55.06,18.47,olog
4972,,0.1385,,2.52242,,,417.0,62.02,20.8,olog
4973,,0.1638,,2.52394,,,419.0,62.4,20.93,olog
4974,,0.1886,,2.5223,,,420.0,62.53,20.97,olog
4975,,0.1591,,2.52231,,,420.0,62.49,20.96,olog
4976,,0.1285,,2.51945,,,419.0,62.29,20.89,olog
4977,,0.1406,,2.52007,,,399.0,59.4,19.92,olog
4978,,0.1544,,2.52409,,,416.0,61.93,20.77,olog
4979,,0.1606,,2.5271,,,418.0,62.23,20.87,olog
4980,,0.1551,,2.52155,,,418.0,62.13,20.84,olog
4981,,0.1421,,2.52484,,,418.0,62.23,20.87,olog
4982,,0.1338,,2.52532,,,404.0,60.04,20.14,olog
4983,,0.1498,,2.52366,,,404.0,60.06,20.14,olog
4984,,0.1427,,2.5299,,,411.0,61.11,20.5,olog
4985,,0.1118,,2.52295,,,408.0,60.75,20.37,olog
4986,,0.135,,2.52536,,,419.0,62.4,20.93,olog
4987,,0.1743,,2.52215,,,420.0,62.47,20.95,olog
4988,,0.1632,,2.52428,,,415.0,61.69,20.69,olog
4989,,0.1343,,2.52483,,,413.0,61.46,20.61,olog
4990,,0.138,,2.52753,,,420.0,62.51,20.96,olog
4991,,0.1304,,2.52504,,,420.0,62.44,20.94,olog
4992,,0.1325,,2.52499,,,411.0,61.23,20.53,olog
4993,,0.1317,,2.51952,,,421.0,62.62,21.0,olog
4994,,0.1394,,2.52511,,,418.0,62.15,20.84,olog
4995,,0.1397,,2.52246,,,417.0,62.0,20.79,olog
4996,,0.1407,,2.52708,,,414.0,61.65,20.68,olog
4997,,0.1478,,2.52146,,,420.0,62.56,20.98,olog
4998,,0.1509,,2.52515,,,418.0,62.24,20.87,olog
4999,,0.139,,2.52162,,,407.0,60.58,20.32,olog
5000,,0.1518,,2.52479,,,418.0,62.26,20.88,olog
5001,,0.1701,,2.52282,,,413.0,61.42,20.6,olog
5002,,0.1698,,2.52758,,,416.0,61.92,20.77,olog
5003,,0.1602,,2.52505,,,419.0,62.38,20.92,olog
5004,,0.166,,2.51864,,,418.0,62.23,20.87,olog
5005,,0.1731,,2.52081,,,419.0,62.3,20.89,olog
5006,,0.1499,,2.52003,,,410.0,60.96,20.44,olog
5007,,0.127,,2.52259,,,413.0,61.44,20.6,olog
5008,,0.1448,,2.52602,,,410.0,61.02,20.47,olog
5009,,0.1626,,2.52215,,,416.0,61.93,20.77,olog
5010,,0.1443,,2.52349,,,413.0,61.52,20.63,olog
5011,,0.1396,,2.51608,,,418.0,62.22,20.87,olog
5012,,0.15,,2.52801,,,417.0,62.12,20.83,olog
5013,,0.1665,,2.52195,,,412.0,61.29,20.55,olog
5014,,0.1477,,2.52266,,,420.0,62.44,20.94,olog
5015,,0.1517,,2.52435,,,416.0,61.83,20.74,olog
5016,,0.1589,,2.52746,,,422.0,62.75,21.04,olog
5017,,0.1677,,2.51951,,,417.0,61.99,20.79,olog
5018,,0.1592,,2.52163,,,418.0,62.22,20.87,olog
5019,,0.1403,,2.51926,,,411.0,61.22,20.53,olog
5020,,0.1553,,2.5198,,,412.0,61.25,20.54,olog
5021,,0.1728,,2.5221,,,418.0,62.26,20.88,olog
5022,,0.1356,,2.52527,,,420.0,62.45,20.94,olog
5023,,0.1098,,2.52167,,,413.0,61.39,20.59,olog
5024,,0.1326,,2.52088,,,416.0,61.97,20.78,olog
5025,,0.168,,2.52509,,,415.0,61.78,20.72,olog
5026,,0.1636,,2.52314,,,418.0,62.26,20.88,olog
5027,,0.1426,,2.52513,,,418.0,62.19,20.86,olog
5028,,0.1542,,2.52628,,,418.0,62.21,20.86,olog
5029,,0.1546,,2.52219,,,418.0,62.27,20.88,olog
5030,,0.1453,,2.5191,,,420.0,62.45,20.94,olog
5031,,0.1315,,2.52191,,,416.0,61.86,20.75,olog
5032,,0.1338,,2.51303,,,412.0,61.3,20.56,olog
5033,,0.1237,,2.52625,,,420.0,62.53,20.97,olog
5034,,0.1459,,2.51962,,,414.0,61.63,20.67,olog
5035,,0.1661,,2.51924,,,420.0,62.43,20.94,olog
5036,,0.1527,,2.52315,,,418.0,62.23,20.87,olog
5037,,0.142,,2.52264,,,410.0,60.98,20.45,olog
5038,,0.1283,,2.5226,,,419.0,62.38,20.92,olog
5039,,0.1379,,2.52756,,,417.0,62.05,20.81,olog
5040,,0.152,,2.52125,,,417.0,62.08,20.82,olog
5041,,0.1562,,2.52919,,,418.0,62.19,20.85,olog
5042,,0.156,,2.52113,,,418.0,62.13,20.84,olog
5043,,0.1496,,2.5211,,,419.0,62.28,20.89,olog
5044,,0.1358,,2.51997,,,402.0,59.84,20.07,olog
5045,,0.1736,,2.52346,,,418.0,62.19,20.85,olog
5046,,0.188,,2.51742,,,416.0,61.93,20.77,olog
5047,,0.1524,,2.51985,,,417.0,62.1,20.83,olog
5048,,0.1298,,2.52285,,,421.0,62.62,21.0,olog
5049,,0.1405,,2.52316,,,414.0,61.6,20.66,olog
5050,,0.1492,,2.52308,,,418.0,62.24,20.87,olog
5051,,0.1597,,2.52048,,,420.0,62.47,20.95,olog
5052,,0.1599,,2.52228,,,417.0,61.99,20.79,olog
5053,,0.1824,,2.52141,,,414.0,61.62,20.66,olog
5054,,0.1731,,2.52122,,,416.0,61.89,20.76,olog
5055,,0.1325,,2.52299,,,416.0,61.83,20.73,olog
5056,,0.1512,,2.52121,,,414.0,61.56,20.64,olog
5057,,0.1743,,2.521,,,418.0,62.14,20.84,olog
5058,,0.16,,2.51726,,,420.0,62.43,20.94,olog
5059,,0.1434,,2.51807,,,415.0,61.76,20.71,olog
5060,,0.1471,,2.52159,,,418.0,62.26,20.88,olog
5061,,0.1418,,2.51945,,,415.0,61.76,20.71,olog
5062,,0.1326,,2.51866,,,417.0,62.11,20.83,olog
5063,,0.1378,,2.52041,,,408.0,60.65,20.34,olog
5064,,0.1332,,2.52079,,,413.0,61.42,20.6,olog
5065,,0.1287,,2.51776,,,412.0,61.28,20.55,olog
5066,,0.1545,,2.51705,,,408.0,60.72,20.36,olog
5067,,0.1793,,2.51614,,,415.0,61.74,20.71,olog
5068,,0.1469,,2.52153,,,406.0,60.44,20.27,olog
5069,,0.1199,,2.51827,,,416.0,61.89,20.76,olog
5070,,0.1349,,2.51743,,,416.0,61.95,20.77,olog
5071,,0.1361,,2.51507,,,420.0,62.44,20.94,olog
5072,,0.1392,,2.51551,,,413.0,61.46,20.61,olog
5073,,0.1487,,2.51478,,,415.0,61.77,20.71,olog
5074,,0.1447,,2.51963,,,414.0,61.54,20.64,olog
5075,,0.1352,,2.51995,,,417.0,62.11,20.83,olog
5076,,0.1151,,2.51657,,,413.0,61.45,20.61,olog
5077,,0.1108,,2.51677,,,416.0,61.84,20.74,olog
5078,,0.1291,,2.51834,,,412.0,61.27,20.55,olog
5079,,0.1487,,2.51463,,,415.0,61.69,20.69,olog
5080,,0.1813,,2.51724,,,403.0,59.98,20.12,olog
5081,,0.1782,,2.51769,,,416.0,61.93,20.77,olog
5082,,0.1455,,2.51006,,,416.0,61.93,20.77,olog
5083,,0.13,,2.5149,,,413.0,61.49,20.62,olog
5084,,0.1307,,2.52092,,,418.0,62.2,20.86,olog
5085,,0.1321,,2.51748,,,409.0,60.79,20.39,olog
5086,,0.1519,,2.51314,,,417.0,62.08,20.82,olog
5087,,0.1618,,2.5204,,,411.0,61.19,20.52,olog
5088,,0.1451,,2.51318,,,418.0,62.25,20.88,olog
5089,,0.1289,,2.51731,,,410.0,61.04,20.47,olog
5090,,0.144,,2.51635,,,414.0,61.58,20.65,olog
5091,,0.1759,,2.51335,,,421.0,62.64,21.01,olog
5092,,0.1725,,2.51764,,,420.0,62.52,20.97,olog
5093,,0.1757,,2.52153,,,420.0,62.49,20.95,olog
5094,,0.1821,,2.51939,,,421.0,62.57,20.98,olog
5095,,0.158,,2.5151,,,421.0,62.6,20.99,olog
5096,,0.1314,,2.51491,,,419.0,62.41,20.93,olog
5097,,0.1282,,2.52248,,,419.0,62.29,20.89,olog
5098,,0.1417,,2.51951,,,416.0,61.89,20.76,olog
5099,,0.1427,,2.51354,,,418.0,62.24,20.87,olog
5100,,0.1483,,2.51897,,,418.0,62.17,20.85,olog
5110,1784878377.3258085,0.12243669480085373,2.28e-05,2.476236343383789,3.50504732131958,257194721280.0,442.94089524923055,65.90997260598166,22.103436683732475,wandb
5120,1784878747.7496552,0.10579068213701248,2.28e-05,2.46726131439209,3.5997068881988525,257698037760.0,442.339648716992,65.82050662328665,22.073433550584944,wandb
5130,1784879118.3897872,0.12472215294837952,2.28e-05,2.462015151977539,3.221740245819092,258201354240.0,441.7363051923986,65.73072860638989,22.043325774271164,wandb
5140,1784879489.0693386,0.11068501323461533,2.28e-05,2.455796718597412,3.4747109413146973,258704670720.0,442.17763093118344,65.7963982423743,22.06534861214583,wandb
5150,1784879860.0156956,0.13393016159534454,2.28e-05,2.4589345455169678,3.5508666038513184,259207987200.0,437.9465829150784,65.1668147881774,21.85421276324845,wandb
5160,1784880230.5730398,0.1350247859954834,2.28e-05,2.452239990234375,3.4663960933685303,259711303680.0,442.1655258312033,65.79459699345679,22.06474454890888,wandb
5170,1784880601.5732903,0.11534323543310165,2.28e-05,2.447160482406616,3.3449907302856445,260214620160.0,441.7337846542169,65.73035354821782,22.04319999551218,wandb
5180,1784880972.2795088,0.12278709560632706,2.28e-05,2.4546594619750977,3.3760180473327637,260717936640.0,441.7235897702433,65.7288365410265,22.04269125501243,wandb
5190,1784881343.2824132,0.11547113955020905,2.28e-05,2.4454526901245117,3.2700672149658203,261221253120.0,438.96423564493136,65.3182423584614,21.90499521057176,wandb
5200,1784882246.0039074,0.12019314616918564,2.28e-05,2.4394898414611816,3.6403980255126953,261724569600.0,438.7432786736992,65.2853637778715,21.89396911549713,wandb
5210,1784882663.741839,0.13466434180736542,2.28e-05,2.439065933227539,3.736119031906128,262227886080.0,440.58163916252863,65.55891334341905,21.985706151075778,wandb
5220,1784883035.6326418,0.11827203631401062,2.28e-05,2.4387354850769043,3.556762933731079,262731202560.0,440.4477422020065,65.53898936463386,21.979024485370967,wandb
5230,1784883417.3691168,0.12604841589927673,2.28e-05,2.431204319000244,3.507281541824341,263234519040.0,349.044553133236,51.938119017739666,17.417863788894707,wandb
5240,1784883789.1981118,0.1126553937792778,2.28e-05,2.4313879013061523,3.3359105587005615,263737835520.0,440.9902509133813,65.61971511086486,22.00609651028639,wandb
5250,1784884210.9781168,0.11617758870124817,2.28e-05,2.4358386993408203,3.4252681732177734,264241152000.0,439.63725822621643,65.41838867678847,21.93858007973085,wandb
5260,1784884668.8981857,0.12372268736362457,2.28e-05,2.476214647293091,3.275811195373535,264744468480.0,192.05599417040534,28.578091231480123,9.58389155846233,wandb
5270,1784885193.2192945,0.14648789167404175,2.28e-05,2.485273838043213,3.2805912494659424,265247784960.0,440.4864755153678,65.54475291378898,21.980957337696445,wandb
5280,1784885615.6191132,0.13018524646759033,2.28e-05,2.4824259281158447,4.210542678833008,265751101440.0,441.25617007185303,65.65928410220944,22.019366288140077,wandb
5290,1784886378.9592345,0.14140570163726807,2.28e-05,2.4734606742858887,3.7326502799987793,266254417920.0,440.505746614748,65.54762046936096,21.981918995401898,wandb
5300,1784887243.1517432,0.1295534372329712,2.28e-05,2.478929042816162,3.689114570617676,266757734400.0,438.26726725768634,65.21453288434589,21.870215408608868,wandb
5310,1784887615.2703447,0.14191748201847076,2.28e-05,2.475146532058716,3.437859058380127,267261050880.0,440.4507719616296,65.53944019537879,21.97917567506854,wandb
5320,1784887987.289688,0.14699752628803253,2.28e-05,2.477583408355713,4.114706993103027,267764367360.0,440.64040718847616,65.5676580744246,21.988638766588345,wandb
5330,1784888359.3741279,0.12669698894023895,2.28e-05,2.476928949356079,3.9080636501312256,268267683840.0,440.58765804917584,65.55980895874445,21.986006502841306,wandb
5340,1784888731.4080129,0.15041647851467133,2.28e-05,2.471493721008301,3.713186502456665,268771000320.0,440.5303953253122,65.55128821793755,21.983149004234082,wandb
5350,1784889103.6688318,0.14971429109573364,2.28e-05,2.478853225708008,3.5418877601623535,269274316800.0,438.2870383583067,65.21747484051713,21.871202017150587,wandb
5360,1784889476.1467795,0.12280486524105072,2.28e-05,2.473942995071411,3.4810147285461426,269777633280.0,439.8916506193978,65.45624247589708,21.951274654144314,wandb
5370,1784889848.6593406,0.1449187844991684,2.28e-05,2.4815773963928223,3.513077735900879,270280949760.0,440.2274511746306,65.50620987704214,21.96803162192615,wandb
5380,1784890220.699907,0.11657139658927917,2.28e-05,2.4720144271850586,3.674539089202881,270784266240.0,440.70735397620086,65.57761981196637,21.991979514980567,wandb
5390,1784890592.6802807,0.13216300308704376,2.28e-05,2.4738824367523193,3.4159979820251465,271287582720.0,440.9034823773428,65.60680388073303,22.001766625954104,wandb
5400,1784891451.5623033,0.1433500200510025,2.28e-05,2.469517230987549,3.3215575218200684,271790899200.0,440.0754736528086,65.48359549573878,21.960447708209962,wandb
5410,1784891822.5751915,0.1472139209508896,2.28e-05,2.489569664001465,3.4712576866149902,272294215680.0,441.51093410311074,65.69719320137206,22.03207940786913,wandb
5420,1784892193.576376,0.1580275148153305,2.28e-05,2.4926061630249023,4.117934226989746,272797532160.0,441.6527924860009,65.71830184640913,22.039158360880467,wandb
5430,1784892564.590231,0.1409456580877304,2.28e-05,2.487431764602661,3.5004751682281494,273300848640.0,441.41124510465363,65.68235939571561,22.027104772451413,wandb
5440,1784892935.691481,0.1538936346769333,2.28e-05,2.491943120956421,3.3801913261413574,273804165120.0,440.92749374763054,65.61037679254784,22.002964830519403,wandb
5450,1784893307.2463253,0.15658122301101685,2.28e-05,2.4920096397399902,4.417670249938965,274307481600.0,439.6211847875189,65.41599693577832,21.937777990245888,wandb
5460,1784893678.29423,0.1462518572807312,2.28e-05,2.4900031089782715,3.6528818607330322,274810798080.0,441.25415302629375,65.6589839641572,22.019265634442743,wandb
5470,1784894049.532814,0.13665902614593506,2.28e-05,2.48726224899292,3.201620101928711,275314114560.0,441.4498212742926,65.6880995617545,22.029029783061773,wandb
5480,1784894420.6925075,0.1379024088382721,2.28e-05,2.4907360076904297,3.5065948963165283,275817431040.0,441.7770464447137,65.7367909385268,22.04535882586026,wandb
5490,1784894791.831427,0.16152486205101013,2.28e-05,2.482412099838257,3.5883307456970215,276320747520.0,441.3632673845564,65.67522027117049,22.02471060991241,wandb
5500,1784895683.3923304,0.13484029471874237,2.28e-05,2.482675313949585,3.428154945373535,276824064000.0,441.78857187615506,65.73850593228492,22.045933962739355,wandb
5510,1784896055.2604926,0.16502745449543,2.28e-05,2.482677936553955,3.563444137573242,277327380480.0,440.5066615454581,65.54775661180952,21.981964651861343,wandb
5520,1784896427.084435,0.1547069102525711,2.28e-05,2.4808950424194336,3.0343544483184814,277830696960.0,440.562455188637,65.55605875219202,21.98474884106714,wandb
5530,1784896798.9035022,0.16529503464698792,2.28e-05,2.4847354888916016,3.9094197750091553,278334013440.0,441.06750275940163,65.63121024962845,22.00995149704766,wandb
5540,1784897170.7926984,0.11837111413478851,2.28e-05,2.4809956550598145,4.369729042053223,278837329920.0,440.54019987287046,65.55274714274651,21.983638266342165,wandb
5550,1784897542.2664526,0.10666538029909134,2.28e-05,2.4782145023345947,3.3226118087768555,279340646400.0,440.98296077579096,65.61863033234468,22.005732721129927,wandb
5560,1784897913.6661127,0.1306266337633133,2.28e-05,2.483138084411621,3.8131556510925293,279843962880.0,441.02692041370136,65.62517156292763,22.007926375144752,wandb
5570,1784898285.106609,0.1398155242204666,2.28e-05,2.4756929874420166,3.632680892944336,280347279360.0,440.84998041942623,65.59884274501839,21.999096795392173,wandb
5580,1784898656.411025,0.14710338413715363,2.28e-05,2.4825587272644043,3.579542636871338,280850595840.0,441.67472561538057,65.72156551425304,22.040252858005747,wandb
5590,1784899027.780629,0.13224880397319794,2.28e-05,2.478541374206543,3.926673173904419,281353912320.0,441.07465544609636,65.63227457534136,22.010308427191546,wandb
5600,1784899994.0808244,0.14323540031909943,2.28e-05,2.480164051055908,3.130740165710449,281857228800.0,440.1001888573043,65.48727313866753,21.96168103519231,wandb
5610,1784900365.2810135,0.14124540984630585,2.28e-05,2.4729599952697754,3.2302370071411133,282360545280.0,441.1798716322052,65.64793083110487,22.015558877833392,wandb
5620,1784900736.5768569,0.14396971464157104,2.28e-05,2.47483491897583,3.4202451705932617,282863861760.0,441.1594241990996,65.64488823609882,22.014538519253183,wandb
5630,1784901107.9654493,0.1411447376012802,2.28e-05,2.479588508605957,3.5111703872680664,283367178240.0,441.5180214027327,65.69824779743429,22.03243307509682,wandb
5640,1784901479.181128,0.12805762887001038,2.28e-05,2.476367473602295,3.2544355392456055,283870494720.0,441.6897217067482,65.7237969450869,22.041001186190393,wandb
5650,1784901850.6322994,0.12173524498939514,2.28e-05,2.478424310684204,3.5357327461242676,284373811200.0,440.32430184661195,65.52062133736479,21.972864620456832,wandb
5660,1784902222.0687797,0.15819689631462097,2.28e-05,2.47922945022583,3.5189101696014404,284877127680.0,441.09788411960136,65.63573102122568,22.011467573975175,wandb
5670,1784902593.269915,0.13179123401641846,2.28e-05,2.476921558380127,3.3914289474487305,285380444160.0,441.21397919391416,65.65300606457733,22.017260897987224,wandb
5680,1784902964.6018896,0.1356092244386673,2.28e-05,2.47875714302063,4.402289390563965,285883760640.0,441.41967765111104,65.68361416562276,22.02752556957966,wandb
5690,1784903335.7319613,0.15149472653865814,2.28e-05,2.4735970497131348,3.587113380432129,286387077120.0,441.32300503131876,65.66922919961353,22.022701456128974,wandb
5700,1784904206.3125105,0.12232457101345062,2.28e-05,2.475736618041992,3.395730972290039,286890393600.0,441.11154873050293,65.63776432666181,22.012149459222417,wandb
5710,1784904577.4989479,0.14348506927490234,2.28e-05,2.4732859134674072,3.629061698913574,287393710080.0,441.37114992496896,65.67639319972197,22.02510396088719,wandb
5720,1784904948.778021,0.11998573690652847,2.28e-05,2.4734621047973633,3.4462618827819824,287897026560.0,441.65083674377865,65.71801083034428,22.039060766314595,wandb
5730,1784905319.9663963,0.16505460441112518,2.28e-05,2.469186782836914,3.588921546936035,288400343040.0,441.1811497071529,65.64812100971716,22.01562265575272,wandb
5740,1784905691.3608446,0.16625303030014038,2.28e-05,2.4752330780029297,3.2540841102600098,288903659520.0,441.0236692737507,65.62468779060634,22.007764138225966,wandb
5750,1784906062.779119,0.13034124672412872,2.28e-05,2.473353385925293,3.6960763931274414,289406976000.0,440.1367716195888,65.49271668403867,21.96350657168836,wandb
5760,1784906433.8422296,0.1469288468360901,2.28e-05,2.471771717071533,3.5337002277374268,289910292480.0,441.6626125907261,65.71976308613743,22.039648399315276,wandb
5770,1784906805.012887,0.13481992483139038,2.28e-05,2.4680142402648926,3.3369383811950684,290413608960.0,441.3448963457005,65.67248664535106,22.0237938666211,wandb
5780,1784907176.1902113,0.14461979269981384,2.28e-05,2.467134475708008,3.1900198459625244,290916925440.0,441.5075972877216,65.69669668047447,22.03191289561327,wandb
5790,1784907547.2861557,0.1475081741809845,2.28e-05,2.471116065979004,3.3300869464874268,291420241920.0,441.0574031614389,65.62970742107458,22.009447511467428,wandb
5800,1784908429.7580566,0.11914551258087158,2.28e-05,2.4711806774139404,3.311537265777588,291923558400.0,441.6356907019238,65.71575708675356,22.038304955368396,wandb
5810,1784908800.9675124,0.14101271331310272,2.28e-05,2.4709911346435547,3.684398889541626,292426874880.0,441.57941279317214,65.70738288725217,22.035496600560503,wandb
5820,1784909172.3262467,0.1483779102563858,2.28e-05,2.468371629714966,4.308868885040283,292930191360.0,441.4267101551051,65.68466060805012,22.02787650242065,wandb
5830,1784909543.5881195,0.14520138502120972,2.28e-05,2.467726707458496,3.480515480041504,293433507840.0,441.2952658635028,65.66510158843452,22.021317228693544,wandb
5840,1784909914.698927,0.140642911195755,2.28e-05,2.4658992290496826,4.238236427307129,293936824320.0,441.60010023538007,65.71046119581169,22.03652893596664,wandb
5850,1784910285.8177288,0.1405625343322754,2.28e-05,2.4716646671295166,3.3779993057250977,294440140800.0,440.6827160405,65.57395366669839,21.99075004383075,wandb
5860,1784910657.0000834,0.137260302901268,2.28e-05,2.512840747833252,3.6038384437561035,294943457280.0,441.638623007252,65.71619341621857,22.038451281945722,wandb
5870,1784911028.1706793,0.16282808780670166,2.28e-05,2.5128796100616455,3.616671085357666,295446773760.0,441.62228452527194,65.71376223654813,22.037635966390468,wandb
5880,1784911399.2544906,0.14303931593894958,2.28e-05,2.510730743408203,3.440450668334961,295950090240.0,441.2458719113267,65.65775172738141,22.018852393980396,wandb
5890,1784911770.2894225,0.19029051065444946,2.28e-05,2.515097141265869,3.4442689418792725,296453406720.0,441.3637122396653,65.67528646597967,22.02473280887132,wandb
5900,1784912645.4457538,0.15756799280643463,2.28e-05,2.5107383728027344,4.243375778198242,296956723200.0,441.1105360030559,65.6376136319777,22.012098922554333,wandb
5910,1784913017.3870604,0.1612323522567749,2.28e-05,2.5348472595214844,3.7557077407836914,297460039680.0,440.48703461482876,65.54483610825251,21.98098523762546,wandb
5920,1784913389.3488724,0.19874171912670135,2.28e-05,2.532325267791748,3.485097885131836,297963356160.0,440.50610527436925,65.5476738382101,21.981936893072476,wandb
5930,1784913761.3899572,0.13153444230556488,2.28e-05,2.5325212478637695,3.2068777084350586,298466672640.0,440.7936677928081,65.59046337946965,21.996286708108975,wandb
5940,1784914133.478107,0.14677591621875763,2.28e-05,2.53407621383667,3.865461826324463,298969989120.0,440.3152256033968,65.51927078484617,21.97241170186344,wandb
5950,1784914505.6526947,0.15666988492012024,2.28e-05,2.53391695022583,3.9150960445404053,299473305600.0,438.46515956527975,65.24397942385558,21.88009054124621,wandb
5960,1784914877.702534,0.14356307685375214,2.28e-05,2.530247688293457,3.562620162963867,299976622080.0,440.79024774561617,65.58995447361077,21.996116042457256,wandb
5970,1784915249.4629207,0.16251862049102783,2.28e-05,2.535982847213745,3.465789794921875,300479938560.0,441.1369390623439,65.6415424290995,22.013416476104908,wandb
5980,1784915621.4776819,0.19703616201877594,2.28e-05,2.527984380722046,4.370351314544678,300983255040.0,440.6848754141645,65.57427498329074,21.99085779992097,wandb
5990,1784915993.4376388,0.14146296679973602,2.28e-05,2.5284156799316406,3.1139438152313232,301486571520.0,440.9508174214908,65.61384737456383,22.004128717967887,wandb
6000,1784917162.0231483,0.17766119539737701,2.28e-05,2.5332272052764893,3.439950466156006,301989888000.0,440.2004835831342,65.50219707705946,21.966685897344057,wandb
6010,1785160891.8031805,0.16003833711147308,2.28e-05,2.4510772228240967,2.5620837211608887,19377684480.0,492.8077439052587,73.3302010475576,24.59186966363512,wandb
6020,1785166874.3556526,0.14353111386299133,2.28e-05,2.4396004676818848,2.5650482177734375,19881000960.0,442.1527681374622,65.79269863804639,22.064107920232544,wandb
6030,1785172915.7069204,0.1596442461013794,2.28e-05,2.435523271560669,2.576648473739624,20384317440.0,436.4551543586895,64.94488898193623,21.779788168414182,wandb
6040,1785178727.2990327,0.15616463124752045,2.28e-05,2.4290695190429688,2.5689120292663574,20887633920.0,488.089456583439,72.62811598053459,24.356419818764014,wandb
6050,1785184442.3032007,0.0934661328792572,2.28e-05,2.431676149368286,2.5764174461364746,21390950400.0,440.63288150719757,65.56653824680824,21.988263223437045,wandb
6060,1785190406.6706638,0.11193450540304184,2.28e-05,2.4266104698181152,2.538978338241577,21894266880.0,432.52873999926084,64.36063526852811,21.58385401079052,wandb
6070,1785196325.465388,0.11103985458612442,2.28e-05,2.421236753463745,2.5392091274261475,22397583360.0,438.39282690217846,65.2332162635905,21.87648102933125,wandb
6080,1785202125.2970881,0.11946605890989304,2.28e-05,2.4288673400878906,2.5433151721954346,22900899840.0,439.9465191298257,65.46440695575889,21.954012677793024,wandb
6090,1785208091.4275074,0.1145661398768425,2.28e-05,2.421260356903076,2.559083938598633,23404216320.0,497.2079656101547,73.98495768696601,24.81144754161324,wandb
6100,1785214157.8306866,0.12959477305412292,2.28e-05,2.4143307209014893,2.551013469696045,23907532800.0,440.06670790258715,65.48229114483517,21.960010283697834,wandb
6110,1785220108.9972064,0.13566260039806366,2.28e-05,2.4148948192596436,2.540942907333374,24410849280.0,424.8642107172064,63.22014695409125,21.201382129070996,wandb
6120,1785225873.5712235,0.12133800983428955,2.28e-05,2.415287494659424,2.5361099243164062,24914165760.0,439.95356817171483,65.46545585903876,21.954364435900594,wandb
6130,1785231671.9907339,0.12718281149864197,2.28e-05,2.408914566040039,2.551469326019287,25417482240.0,440.68684230032636,65.57456765758305,21.990955950586688,wandb
6140,1785237296.9518156,0.11355942487716675,2.28e-05,2.4066524505615234,2.5134952068328857,25920798720.0,437.1335656509299,65.04583714492306,21.813641942595783,wandb
6150,1785242982.9380496,0.12333430349826813,2.28e-05,2.410069465637207,2.545362949371338,26424115200.0,438.69857645942517,65.27871205130972,21.891738405771687,wandb
6160,1785256968.058877,0.12007240206003189,2.28e-05,2.3569869995117188,3.4105746746063232,423289159680.0,145.35486798348362,21.628924919084064,7.253433032724255,wandb
6170,1785257580.5821972,0.13731208443641663,2.28e-05,2.3367581367492676,3.4433205127716064,423792476160.0,401.54277336161704,59.74989773184655,20.03760628563063,wandb
6180,1785258199.1087248,0.127830371260643,2.28e-05,2.3317718505859375,3.1099019050598145,424295792640.0,151.14857191007962,22.49103286889133,7.5425478317399355,wandb
6190,1785258962.0992188,0.12292251735925674,2.28e-05,2.3227107524871826,3.3284554481506348,424799109120.0,409.0312614291726,60.864190967550364,20.411293438100415,wandb
6200,1785260885.737772,0.12274302542209625,2.28e-05,2.324673652648926,3.3681764602661133,425302425600.0,152.84856055638974,22.743992589500863,7.6273798980715775,wandb
6210,1785261490.485704,0.11978528648614883,2.28e-05,2.32029128074646,3.301962375640869,425805742080.0,408.6735724941907,60.81096655734355,20.393444206269162,wandb
6220,1785262328.4432778,0.14295728504657745,2.28e-05,2.316702365875244,3.2286810874938965,426309058560.0,85.30395932233355,12.693299901679254,4.256799685863203,wandb
6230,1785263183.4249754,0.12041687965393066,2.28e-05,2.3271636962890625,3.2706260681152344,426812375040.0,409.2278779801934,60.89344767342389,20.421104908508934,wandb
6240,1785263793.2007391,0.129251629114151,2.28e-05,2.319753885269165,3.1390061378479004,427315691520.0,357.3140170778828,53.16862211172728,17.830522847178457,wandb
6250,1785264477.347507,0.13058248162269592,2.28e-05,2.315061569213867,3.5164589881896973,427819008000.0,406.5820781605501,60.499750465728766,20.289075399789922,wandb
6260,1785265033.3263288,0.13752561807632446,2.28e-05,2.3178799152374268,3.624406337738037,428322324480.0,397.33381505788384,59.12360124517268,19.827572747592356,wandb
6270,1785265643.97266,0.1351144164800644,2.28e-05,2.3183932304382324,3.464113712310791,428825640960.0,391.3215572592076,58.228972297922546,19.52755177187156,wandb
6280,1785266411.0732365,0.13371863961219788,2.28e-05,2.3095836639404297,3.4029500484466553,429328957440.0,151.45479399027946,22.53659896841791,7.55782878780756,wandb
6290,1785267056.5453255,0.14318297803401947,2.28e-05,2.31303071975708,3.2262868881225586,429832273920.0,388.50600408491164,57.81001565025488,19.38705130784754,wandb
6300,1785268322.9087994,0.13447706401348114,2.28e-05,2.32127046585083,3.3321332931518555,430335590400.0,412.61424098275376,61.397341296989794,20.59008966701291,wandb
6310,1785269041.3321834,0.13960516452789307,2.28e-05,2.460766077041626,3.2543978691101074,430838906880.0,399.0072737409895,59.37261328525237,19.911080927671453,wandb
6320,1785269730.663443,0.1480158418416977,2.28e-05,2.4610304832458496,3.3192977905273438,431342223360.0,92.40673710899766,13.75019912766288,4.611239297942404,wandb
6330,1785270287.8481612,0.13685722649097443,2.28e-05,2.457319736480713,4.18269681930542,431845539840.0,402.8347602357095,59.9421464503371,20.10207843163026,wandb
6340,1785270783.37253,0.16313372552394867,2.28e-05,2.448277473449707,3.712034225463867,432348856320.0,305.9686706967437,45.52839198232968,15.268310540949116,wandb
6350,1785271464.2537367,0.13141509890556335,2.28e-05,2.451913833618164,3.67399263381958,432852172800.0,398.8088703317909,59.343090693399894,19.901180290272436,wandb
6360,1785272283.398296,0.12862955033779144,2.28e-05,2.4463443756103516,3.4049134254455566,433355489280.0,149.79298371300266,22.289320220787207,7.474901881219954,wandb
6370,1785272819.6668236,0.14007677137851715,2.28e-05,2.451214075088501,4.097342014312744,433858805760.0,150.9008370895531,22.454169722115818,7.530185480512956,wandb
6380,1785273502.163759,0.14554384350776672,2.28e-05,2.451686143875122,3.8733022212982178,434362122240.0,419.8773049454892,62.4780912389206,20.952527807523488,wandb
6390,1785274537.1232483,0.1713898479938507,2.28e-05,2.4489965438842773,3.681180477142334,434865438720.0,141.85456287286272,21.108076615330603,7.078762386558651,wandb
6400,1785275848.2084265,0.1321346014738083,2.28e-05,2.455519437789917,3.509155511856079,435368755200.0,415.8672724397773,61.88139507598931,20.752420974895543,wandb
6410,1785276531.4843848,0.1368861347436905,2.28e-05,2.44634747505188,3.4555821418762207,435872071680.0,146.70465389582998,21.82977418240763,7.32078944024981,wandb
6420,1785277139.544584,0.12196817994117737,2.28e-05,2.4510090351104736,3.48177433013916,436375388160.0,152.117904674466,22.63527038823539,7.590919037950249,wandb
6430,1785277541.415168,0.1534752994775772,2.28e-05,2.439652681350708,3.627220630645752,436878704640.0,387.0344161511518,57.59104214511751,19.313616790810897,wandb
6440,1785278288.1482255,0.16888301074504852,2.28e-05,2.4437947273254395,3.358583927154541,437382021120.0,409.6042840207651,60.94945720446718,20.439888152897485,wandb
6450,1785278822.944071,0.12212839722633362,2.28e-05,2.440183162689209,3.2938036918640137,437885337600.0,152.44753839601916,22.684320159413897,7.607368271180506,wandb
6460,1785279577.491088,0.144461527466774,2.28e-05,2.4553020000457764,3.4147846698760986,438388654080.0,407.3066367344031,60.60756538249596,20.32523199479523,wandb
6470,1785280553.1401448,0.13538694381713867,2.28e-05,2.4564905166625977,4.0967488288879395,438891970560.0,389.3979256972656,57.94273432596861,19.43155957767985,wandb
6480,1785281180.933812,0.15037599205970764,2.28e-05,2.4520792961120605,3.467402935028076,439395287040.0,148.81490864202598,22.14378183897129,7.426094420371016,wandb
6490,1785281799.7375343,0.17724518477916718,2.28e-05,2.4572272300720215,3.3579888343811035,439898603520.0,150.89682430797131,22.453572616888085,7.529985236497174,wandb
6500,1785283396.9390988,0.13229937851428986,2.28e-05,2.4555857181549072,4.396656513214111,440401920000.0,407.13637696788373,60.58223058801761,20.31673576875376,wandb
6510,1785284233.973567,0.13371340930461884,2.28e-05,2.454360008239746,3.6177127361297607,440905236480.0,403.65915870398675,60.06481762620582,20.14321719199575,wandb
6520,1785285122.351321,0.1419546753168106,2.28e-05,2.451063632965088,3.15368914604187,441408552960.0,400.84187315459104,59.64560319968641,20.00263027977121,wandb
6530,1785285861.5591085,0.14992845058441162,2.28e-05,2.4553680419921875,3.468625545501709,441911869440.0,414.44661639958895,61.67000027886034,20.681528038229583,wandb
6540,1785286540.2464676,0.11643093079328537,2.28e-05,2.447178602218628,3.5603907108306885,442415185920.0,393.2520426507609,58.51623012540748,19.62388598277584,wandb
6550,1785287236.6715486,0.14302106201648712,2.28e-05,2.446300506591797,3.3445823192596436,442918502400.0,417.5834338970776,62.136761324288564,20.838060089543458,wandb
6560,1785288054.849428,0.14902961254119873,2.28e-05,2.445709705352783,3.5280942916870117,443421818880.0,151.9764366401526,22.61421982739031,7.58385956393745,wandb
6570,1785288738.8597994,0.14008668065071106,2.28e-05,2.4464712142944336,3.011270046234131,443925135360.0,415.87018562847817,61.88182856088432,20.752566347523555,wandb
6580,1785289511.859861,0.15346549451351166,2.28e-05,2.448554039001465,3.889646530151367,444428451840.0,416.24728220155424,61.937940843737024,20.77138405055355,wandb
6590,1785290187.835146,0.1324971467256546,2.28e-05,2.4458134174346924,4.343722343444824,444931768320.0,415.02658313765613,61.756299810532354,20.71046927669059,wandb
6600,1785291741.7188475,0.15594977140426636,2.28e-05,2.444240093231201,3.267090082168579,445435084800.0,142.593793048925,21.218074678675745,7.115651117237047,wandb
6610,1785292283.822986,0.1395319700241089,2.28e-05,2.4462332725524902,3.7828898429870605,445938401280.0,418.1284996040827,62.21786755359022,20.86525971250101,wandb
6620,1785293087.3318987,0.11425669491291046,2.28e-05,2.4387800693511963,3.6117303371429443,446441717760.0,415.0907456884232,61.76584725130547,20.7136710873465,wandb
6630,1785293834.7443013,0.14746159315109253,2.28e-05,2.447106122970581,3.5422496795654297,446945034240.0,150.69826927818048,22.424027463765725,7.520077032995782,wandb
6640,1785294445.5296233,0.12719136476516724,2.28e-05,2.443146228790283,3.8763556480407715,447448350720.0,400.85710127208,59.64786915619958,20.003390186418663,wandb
6650,1785295072.849427,0.15860800445079803,2.28e-05,2.4452195167541504,3.0998635292053223,447951667200.0,416.6886853621596,62.00362200015254,20.793410751896968,wandb
6660,1785295832.224509,0.13605594635009766,2.28e-05,2.4381375312805176,3.1526241302490234,448454983680.0,152.1602620521634,22.64157320116967,7.5930327366989205,wandb
6670,1785296490.560346,0.13807842135429382,2.28e-05,2.4388372898101807,3.372908115386963,448958300160.0,418.31499914639096,62.245618840175865,20.874566328505924,wandb
6680,1785297266.0576155,0.13254152238368988,2.28e-05,2.4428935050964355,3.477485418319702,449461616640.0,420.5816205772103,62.582893989108264,20.987674248364883,wandb
6690,1785298170.570888,0.1716078221797943,2.28e-05,2.441925048828125,3.1775758266448975,449964933120.0,140.27522848157005,20.873070347943138,6.999951154417314,wandb
6700,1785300466.2172225,0.15655958652496338,2.28e-05,2.442781448364258,3.507577657699585,450468249600.0,140.6141509712497,20.923502295523335,7.01686391156319,wandb
6710,1785301770.3331482,0.1495615690946579,2.28e-05,2.4444265365600586,3.4955828189849854,450971566080.0,417.18945858605105,62.07813747122892,20.81840011134856,wandb
6720,1785302444.6852474,0.12658089399337769,2.28e-05,2.4401800632476807,3.3677430152893066,451474882560.0,415.38639824130496,61.809840596400335,20.728424607631254,wandb
6730,1785303344.0233736,0.1272180825471878,2.28e-05,2.444033145904541,4.379245758056641,451978199040.0,144.21546626690957,21.459380998592483,7.19657512240315,wandb
6740,1785303951.3238914,0.16073982417583466,2.28e-05,2.4384803771972656,3.545872449874878,452481515520.0,416.4123595311883,61.962504487308316,20.779621664968072,wandb
6750,1785304494.2169716,0.16913816332817078,2.28e-05,2.4416050910949707,3.3475232124328613,452984832000.0,142.31431962349887,21.176488801165902,7.101704960469977,wandb
6760,1785305101.864133,0.1663113385438919,2.28e-05,2.4391305446624756,3.6072921752929688,453488148480.0,142.05294809307327,21.13759650064657,7.088662116298992,wandb
6770,1785305833.5850742,0.12687739729881287,2.28e-05,2.438401222229004,3.3987951278686523,453991464960.0,142.1133775308711,21.14658845111348,7.091677638836026,wandb
6780,1785306925.2696834,0.13987189531326294,2.28e-05,2.4333229064941406,3.5563740730285645,454494781440.0,93.08511032010811,13.851141624145992,4.645091171816645,wandb
6790,1785307544.5236886,0.15696404874324799,2.28e-05,2.4394731521606445,3.228621482849121,454998097920.0,142.50560754486037,21.204952602526344,7.111250524005712,wandb
6800,1785309107.7591078,0.15796694159507751,2.28e-05,2.4385170936584473,3.679758071899414,455501414400.0,135.8687155309081,20.217377565946535,6.780059333531821,wandb
6801,,0.145,,2.39487,,,22.0,3.3,1.11,olog
6802,,0.1199,,2.38317,,,444.0,66.06,22.15,olog
6803,,0.1157,,2.38202,,,441.0,65.64,22.01,olog
6804,,0.1284,,2.38845,,,444.0,66.05,22.15,olog
6805,,0.1398,,2.38433,,,444.0,66.04,22.15,olog
6806,,0.1122,,2.375,,,444.0,66.06,22.15,olog
6807,,0.109,,2.37384,,,425.0,63.29,21.22,olog
6808,,0.1191,,2.37411,,,444.0,66.05,22.15,olog
6809,,0.1125,,2.3733,,,444.0,66.06,22.15,olog
6810,,0.1049,,2.37439,,,444.0,66.07,22.16,olog
6811,,0.1065,,2.36823,,,444.0,66.04,22.15,olog
6812,,0.1097,,2.36213,,,379.0,56.47,18.94,olog
6813,,0.104,,2.36778,,,444.0,66.02,22.14,olog
6814,,0.1088,,2.36148,,,444.0,66.04,22.15,olog
6815,,0.1122,,2.36508,,,400.0,59.56,19.97,olog
6816,,0.1219,,2.36803,,,444.0,66.0,22.13,olog
6817,,0.1066,,2.36292,,,444.0,66.0,22.13,olog
6818,,0.1116,,2.36088,,,443.0,65.97,22.12,olog
6819,,0.1335,,2.35956,,,443.0,65.96,22.12,olog
6820,,0.1359,,2.35808,,,443.0,65.94,22.11,olog
6821,,0.1282,,2.35323,,,443.0,65.91,22.1,olog
6822,,0.1224,,2.35698,,,443.0,65.95,22.12,olog
6823,,0.1245,,2.35635,,,443.0,65.95,22.12,olog
6824,,0.1337,,2.35939,,,443.0,65.88,22.09,olog
6825,,0.145,,2.35542,,,443.0,65.94,22.11,olog
6826,,0.1384,,2.35691,,,443.0,65.94,22.12,olog
6827,,0.1212,,2.36015,,,443.0,65.98,22.13,olog
6828,,0.1204,,2.35326,,,443.0,65.91,22.1,olog
6829,,0.1324,,2.35125,,,443.0,65.88,22.09,olog
6830,,0.1293,,2.35148,,,442.0,65.78,22.06,olog
6831,,0.1214,,2.35624,,,442.0,65.84,22.08,olog
6832,,0.1175,,2.35124,,,443.0,65.91,22.1,olog
6833,,0.1356,,2.34675,,,443.0,65.87,22.09,olog
6834,,0.1339,,2.34415,,,443.0,65.87,22.09,olog
6835,,0.1186,,2.35224,,,443.0,65.88,22.09,olog
6836,,0.112,,2.35193,,,443.0,65.89,22.1,olog
6837,,0.1131,,2.35081,,,166.0,24.71,8.29,olog
6838,,0.1229,,2.34233,,,443.0,65.9,22.1,olog
6839,,0.1291,,2.33922,,,443.0,65.91,22.1,olog
6840,,0.1147,,2.34197,,,443.0,65.95,22.12,olog
6841,,0.1147,,2.34818,,,443.0,65.94,22.11,olog
6842,,0.1114,,2.34559,,,443.0,65.85,22.08,olog
6843,,0.1011,,2.34157,,,443.0,65.91,22.1,olog
6844,,0.1055,,2.3514,,,443.0,65.92,22.11,olog
6845,,0.1192,,2.34062,,,443.0,65.88,22.09,olog
6846,,0.1285,,2.34329,,,443.0,65.92,22.11,olog
6847,,0.1146,,2.34285,,,443.0,65.91,22.1,olog
6848,,0.1094,,2.34698,,,443.0,65.92,22.11,olog
6849,,0.1195,,2.33995,,,443.0,65.89,22.1,olog
6850,,0.1056,,2.34513,,,439.0,65.32,21.91,olog
6851,,0.1018,,2.34447,,,443.0,65.9,22.1,olog
6852,,0.1255,,2.3399,,,443.0,65.88,22.09,olog
6853,,0.1247,,2.34054,,,443.0,65.92,22.11,olog
6854,,0.1188,,2.33753,,,443.0,65.9,22.1,olog
6855,,0.1086,,2.33662,,,443.0,65.91,22.1,olog
6856,,0.1168,,2.34073,,,443.0,65.92,22.11,olog
6857,,0.1234,,2.33518,,,443.0,65.85,22.08,olog
6858,,0.1409,,2.34065,,,443.0,65.91,22.1,olog
6859,,0.142,,2.34155,,,443.0,65.95,22.12,olog
6860,,0.1109,,2.33844,,,443.0,65.93,22.11,olog
6861,,0.0938,,2.34668,,,443.0,65.9,22.1,olog
6862,,0.1035,,2.3395,,,443.0,65.87,22.09,olog
6863,,0.1044,,2.34591,,,443.0,65.91,22.1,olog
6864,,0.1062,,2.34156,,,383.0,56.92,19.09,olog
6865,,0.1134,,2.34035,,,443.0,65.95,22.12,olog
6866,,0.1223,,2.33394,,,443.0,65.92,22.11,olog
6867,,0.1404,,2.34037,,,443.0,65.93,22.11,olog
6868,,0.1191,,2.3429,,,443.0,65.88,22.09,olog
6869,,0.1172,,2.33982,,,443.0,65.92,22.11,olog
6870,,0.127,,2.33472,,,443.0,65.91,22.1,olog
6871,,0.1214,,2.33323,,,440.0,65.41,21.94,olog
6872,,0.0987,,2.34049,,,376.0,55.88,18.74,olog
6873,,0.0973,,2.33916,,,443.0,65.91,22.1,olog
6874,,0.0983,,2.33402,,,443.0,65.89,22.1,olog
6875,,0.1033,,2.33325,,,443.0,65.94,22.11,olog
6876,,0.109,,2.33691,,,443.0,65.91,22.1,olog
6877,,0.1125,,2.33355,,,443.0,65.91,22.1,olog
6878,,0.114,,2.3346,,,442.0,65.83,22.08,olog
6879,,0.1219,,2.33734,,,443.0,65.88,22.09,olog
6880,,0.1402,,2.34314,,,443.0,65.89,22.1,olog
6881,,0.1355,,2.33565,,,443.0,65.86,22.09,olog
6882,,0.1041,,2.33989,,,443.0,65.87,22.09,olog
6883,,0.114,,2.33962,,,443.0,65.87,22.09,olog
6884,,0.1214,,2.3368,,,443.0,65.9,22.1,olog
6885,,0.1246,,2.33482,,,390.0,58.0,19.45,olog
6886,,0.1308,,2.33617,,,443.0,65.94,22.11,olog
6887,,0.13,,2.33147,,,443.0,65.93,22.11,olog
6888,,0.1117,,2.34091,,,443.0,65.93,22.11,olog
6889,,0.1014,,2.33488,,,443.0,65.93,22.11,olog
6890,,0.0984,,2.33578,,,443.0,65.91,22.1,olog
6891,,0.096,,2.33711,,,443.0,65.9,22.1,olog
6892,,0.1007,,2.33026,,,443.0,65.92,22.11,olog
6893,,0.1099,,2.33729,,,443.0,65.94,22.11,olog
6894,,0.1238,,2.33456,,,443.0,65.91,22.1,olog
6895,,0.1351,,2.32869,,,443.0,65.91,22.1,olog
6896,,0.1244,,2.32865,,,442.0,65.84,22.08,olog
6897,,0.1144,,2.33047,,,443.0,65.92,22.11,olog
6898,,0.0992,,2.33334,,,331.0,49.26,16.52,olog
6899,,0.1022,,2.33108,,,443.0,65.93,22.11,olog
6900,,0.1198,,2.32975,,,440.0,65.4,21.93,olog
6901,,0.1177,,2.33171,,,442.0,65.82,22.07,olog
6902,,0.1126,,2.32993,,,442.0,65.79,22.06,olog
6903,,0.1113,,2.33241,,,442.0,65.84,22.08,olog
6904,,0.1158,,2.33036,,,442.0,65.79,22.06,olog
6905,,0.1388,,2.33196,,,443.0,65.86,22.09,olog
6906,,0.1364,,2.33076,,,442.0,65.8,22.07,olog
6907,,0.1154,,2.3308,,,442.0,65.77,22.06,olog
6908,,0.1044,,2.33375,,,166.0,24.74,8.3,olog
6909,,0.1084,,2.33018,,,442.0,65.83,22.08,olog
6910,,0.1101,,2.32734,,,443.0,65.87,22.09,olog
6911,,0.1103,,2.32946,,,443.0,65.86,22.09,olog
6912,,0.1284,,2.32839,,,442.0,65.81,22.07,olog
6913,,0.1134,,2.33076,,,442.0,65.8,22.07,olog
6914,,0.1141,,2.33106,,,442.0,65.76,22.05,olog
6915,,0.1209,,2.32793,,,442.0,65.81,22.07,olog
6916,,0.1192,,2.33289,,,442.0,65.75,22.05,olog
6917,,0.1138,,2.32836,,,442.0,65.78,22.06,olog
6918,,0.1313,,2.32919,,,442.0,65.84,22.08,olog
6919,,0.1342,,2.32864,,,442.0,65.79,22.06,olog
6920,,0.126,,2.32843,,,442.0,65.8,22.07,olog
6921,,0.1083,,2.32849,,,442.0,65.76,22.05,olog
6922,,0.0984,,2.32611,,,442.0,65.76,22.05,olog
6923,,0.113,,2.32322,,,442.0,65.72,22.04,olog
6924,,0.1226,,2.32476,,,437.0,64.96,21.79,olog
6925,,0.1231,,2.32806,,,439.0,65.29,21.9,olog
6926,,0.1341,,2.32741,,,442.0,65.74,22.05,olog
6927,,0.1197,,2.32191,,,442.0,65.76,22.05,olog
6928,,0.0985,,2.32541,,,394.0,58.64,19.67,olog
6929,,0.0994,,2.32504,,,442.0,65.75,22.05,olog
6930,,0.106,,2.31795,,,442.0,65.76,22.05,olog
6931,,0.102,,2.32181,,,442.0,65.81,22.07,olog
6932,,0.1183,,2.32187,,,442.0,65.74,22.05,olog
6933,,0.123,,2.32245,,,442.0,65.73,22.04,olog
6934,,0.1225,,2.32778,,,441.0,65.66,22.02,olog
6935,,0.1299,,2.32463,,,442.0,65.72,22.04,olog
6936,,0.1281,,2.32509,,,442.0,65.72,22.04,olog
6937,,0.1086,,2.32243,,,442.0,65.78,22.06,olog
6938,,0.1197,,2.32669,,,442.0,65.76,22.05,olog
6939,,0.1407,,2.31902,,,442.0,65.77,22.06,olog
6940,,0.1234,,2.3169,,,442.0,65.73,22.04,olog
6941,,0.1113,,2.32156,,,442.0,65.75,22.05,olog
6942,,0.1152,,2.31767,,,442.0,65.78,22.06,olog
6943,,0.1115,,2.32103,,,442.0,65.78,22.06,olog
6944,,0.1132,,2.31902,,,442.0,65.73,22.04,olog
6945,,0.1147,,2.31739,,,442.0,65.77,22.06,olog
6946,,0.1166,,2.31933,,,442.0,65.76,22.05,olog
6947,,0.1179,,2.31688,,,442.0,65.81,22.07,olog
6948,,0.1208,,2.3187,,,442.0,65.79,22.06,olog
6949,,0.1369,,2.31957,,,442.0,65.78,22.06,olog
6950,,0.1307,,2.31645,,,441.0,65.69,22.03,olog
6951,,0.1132,,2.394,,,442.0,65.75,22.05,olog
6952,,0.1217,,2.41369,,,443.0,65.85,22.08,olog
6953,,0.1262,,2.41363,,,442.0,65.82,22.07,olog
6954,,0.1262,,2.42248,,,442.0,65.81,22.07,olog
6955,,0.1178,,2.41423,,,442.0,65.79,22.06,olog
6956,,0.1197,,2.41314,,,442.0,65.77,22.06,olog
6957,,0.1407,,2.4123,,,441.0,65.67,22.02,olog
6958,,0.1485,,2.41049,,,442.0,65.79,22.06,olog
6959,,0.1432,,2.40492,,,442.0,65.82,22.07,olog
6960,,0.1409,,2.40265,,,443.0,65.86,22.09,olog
6961,,0.1394,,2.40222,,,442.0,65.82,22.07,olog
6962,,0.1394,,2.40375,,,389.0,57.86,19.4,olog
6963,,0.125,,2.40315,,,442.0,65.83,22.08,olog
6964,,0.1202,,2.40746,,,442.0,65.76,22.05,olog
6965,,0.1304,,2.40225,,,442.0,65.84,22.08,olog
6966,,0.1289,,2.40733,,,442.0,65.79,22.06,olog
6967,,0.1255,,2.40146,,,442.0,65.77,22.06,olog
6968,,0.1133,,2.40369,,,442.0,65.77,22.06,olog
6969,,0.1309,,2.40447,,,442.0,65.8,22.07,olog
6970,,0.1457,,2.40465,,,442.0,65.83,22.08,olog
6971,,0.147,,2.40288,,,442.0,65.81,22.07,olog
6972,,0.1421,,2.40174,,,442.0,65.79,22.06,olog
6973,,0.1363,,2.39928,,,442.0,65.73,22.04,olog
6974,,0.13,,2.39783,,,442.0,65.76,22.05,olog
6975,,0.1164,,2.39973,,,442.0,65.75,22.05,olog
6976,,0.1286,,2.40012,,,442.0,65.79,22.06,olog
6977,,0.1197,,2.39404,,,442.0,65.82,22.07,olog
6978,,0.1232,,2.3943,,,442.0,65.7,22.03,olog
6979,,0.1332,,2.40202,,,442.0,65.77,22.06,olog
6980,,0.1303,,2.40281,,,442.0,65.82,22.07,olog
6981,,0.1514,,2.39945,,,442.0,65.84,22.08,olog
6982,,0.1523,,2.39569,,,442.0,65.8,22.07,olog
6983,,0.1451,,2.39802,,,442.0,65.75,22.05,olog
6984,,0.1516,,2.39648,,,442.0,65.74,22.05,olog
6985,,0.1521,,2.39945,,,442.0,65.78,22.06,olog
6986,,0.1539,,2.39437,,,442.0,65.77,22.06,olog
6987,,0.16,,2.39754,,,442.0,65.8,22.07,olog
6988,,0.1303,,2.39464,,,442.0,65.75,22.05,olog
6989,,0.1078,,2.39968,,,442.0,65.76,22.05,olog
6990,,0.1416,,2.39468,,,442.0,65.76,22.05,olog
6991,,0.1727,,2.39693,,,442.0,65.82,22.07,olog
6992,,0.1515,,2.39725,,,442.0,65.81,22.07,olog
6993,,0.1409,,2.39425,,,442.0,65.8,22.07,olog
6994,,0.1386,,2.40151,,,442.0,65.79,22.06,olog
6995,,0.128,,2.39785,,,442.0,65.8,22.07,olog
6996,,0.1303,,2.39735,,,443.0,65.84,22.08,olog
6997,,0.1322,,2.39477,,,442.0,65.81,22.07,olog
6998,,0.1228,,2.40017,,,442.0,65.73,22.04,olog
6999,,0.1336,,2.38986,,,442.0,65.82,22.07,olog
7000,,0.1254,,2.39792,,,442.0,65.75,22.05,olog
7001,,0.1208,,2.39712,,,442.0,65.75,22.05,olog
7002,,0.1271,,2.39302,,,442.0,65.82,22.07,olog
7003,,0.1259,,2.39161,,,442.0,65.7,22.03,olog
7004,,0.1534,,2.39735,,,441.0,65.67,22.02,olog
7005,,0.1395,,2.3981,,,442.0,65.81,22.07,olog
7006,,0.1065,,2.39699,,,442.0,65.74,22.05,olog
7007,,0.1268,,2.39658,,,442.0,65.75,22.05,olog
7008,,0.1356,,2.39781,,,442.0,65.73,22.04,olog
7009,,0.1441,,2.39751,,,442.0,65.75,22.05,olog
7010,,0.1302,,2.39411,,,442.0,65.78,22.06,olog
7011,,0.1334,,2.40013,,,442.0,65.78,22.06,olog
7012,,0.1534,,2.39922,,,442.0,65.82,22.07,olog
7013,,0.142,,2.3945,,,442.0,65.82,22.07,olog
7014,,0.121,,2.39674,,,442.0,65.8,22.07,olog
7015,,0.1166,,2.40079,,,442.0,65.75,22.05,olog
7016,,0.1278,,2.39699,,,441.0,65.68,22.02,olog
7017,,0.1197,,2.3967,,,356.0,53.03,17.78,olog
7018,,0.1306,,2.39987,,,442.0,65.81,22.07,olog
7019,,0.1269,,2.39778,,,442.0,65.78,22.06,olog
7020,,0.1261,,2.39962,,,442.0,65.77,22.06,olog
7021,,0.1434,,2.39442,,,185.0,27.59,9.25,olog
7022,,0.1454,,2.39792,,,442.0,65.81,22.07,olog
7023,,0.1409,,2.39477,,,442.0,65.76,22.05,olog
7024,,0.1905,,2.39524,,,442.0,65.84,22.08,olog
7025,,0.1859,,2.3937,,,443.0,65.85,22.08,olog
7026,,0.1263,,2.39292,,,442.0,65.82,22.07,olog
7027,,0.1671,,2.39802,,,442.0,65.79,22.06,olog
7028,,0.1697,,2.39814,,,442.0,65.83,22.08,olog
7029,,0.131,,2.39522,,,442.0,65.82,22.07,olog
7030,,0.1204,,2.39959,,,442.0,65.79,22.06,olog
7031,,0.1261,,2.40051,,,442.0,65.8,22.07,olog
7032,,0.12,,2.39217,,,442.0,65.81,22.07,olog
7033,,0.1046,,2.4054,,,442.0,65.79,22.06,olog
7034,,0.114,,2.39642,,,442.0,65.74,22.05,olog
7035,,0.1294,,2.38841,,,442.0,65.71,22.04,olog
7036,,0.1452,,2.3971,,,442.0,65.8,22.07,olog
7037,,0.1305,,2.39967,,,442.0,65.78,22.06,olog
7038,,0.1339,,2.40054,,,442.0,65.76,22.05,olog
7039,,0.1255,,2.39282,,,442.0,65.83,22.08,olog
7040,,0.1465,,2.39608,,,442.0,65.83,22.08,olog
7041,,0.1719,,2.39855,,,442.0,65.75,22.05,olog
7042,,0.1433,,2.40475,,,442.0,65.71,22.04,olog
7043,,0.134,,2.39717,,,442.0,65.76,22.05,olog
7044,,0.1395,,2.40146,,,442.0,65.75,22.05,olog
7045,,0.1155,,2.42221,,,442.0,65.82,22.07,olog
7046,,0.1636,,2.40482,,,442.0,65.81,22.07,olog
7047,,0.1601,,2.40365,,,442.0,65.81,22.07,olog
7048,,0.1287,,2.40604,,,442.0,65.76,22.05,olog
7049,,0.1338,,2.40855,,,442.0,65.82,22.07,olog
7050,,0.1149,,2.40357,,,440.0,65.53,21.98,olog
7051,,0.1227,,2.40757,,,442.0,65.82,22.07,olog
7052,,0.1191,,2.40636,,,442.0,65.8,22.07,olog
7053,,0.1334,,2.40488,,,442.0,65.79,22.06,olog
7054,,0.1616,,2.40344,,,442.0,65.83,22.08,olog
7055,,0.1653,,2.40878,,,442.0,65.82,22.07,olog
7056,,0.1334,,2.39977,,,442.0,65.84,22.08,olog
7057,,0.1466,,2.40005,,,442.0,65.84,22.08,olog
7058,,0.1279,,2.39677,,,442.0,65.76,22.05,olog
7059,,0.1179,,2.3966,,,442.0,65.76,22.05,olog
7060,,0.1456,,2.39574,,,442.0,65.83,22.08,olog
7061,,0.1422,,2.40208,,,442.0,65.82,22.07,olog
7062,,0.1377,,2.39939,,,442.0,65.83,22.08,olog
7063,,0.1587,,2.39639,,,443.0,65.85,22.08,olog
7064,,0.1364,,2.39852,,,442.0,65.83,22.08,olog
7065,,0.1154,,2.39608,,,442.0,65.81,22.07,olog
7066,,0.1614,,2.39703,,,442.0,65.77,22.06,olog
7067,,0.149,,2.40258,,,442.0,65.76,22.05,olog
7068,,0.1322,,2.40068,,,442.0,65.82,22.07,olog
7069,,0.1554,,2.39535,,,442.0,65.78,22.06,olog
7070,,0.1281,,2.39975,,,441.0,65.69,22.03,olog
7071,,0.1352,,2.39527,,,441.0,65.67,22.02,olog
7072,,0.1507,,2.39143,,,442.0,65.72,22.04,olog
7073,,0.1169,,2.39112,,,442.0,65.75,22.05,olog
7074,,0.1154,,2.39376,,,443.0,65.85,22.08,olog
7075,,0.1372,,2.39528,,,442.0,65.79,22.06,olog
7076,,0.1511,,2.39618,,,392.0,58.39,19.58,olog
7077,,0.1422,,2.39162,,,442.0,65.77,22.06,olog
7078,,0.139,,2.39446,,,442.0,65.81,22.07,olog
7079,,0.1365,,2.39194,,,442.0,65.8,22.07,olog
7080,,0.126,,2.39099,,,442.0,65.8,22.07,olog
7081,,0.1349,,2.39666,,,442.0,65.81,22.07,olog
7082,,0.1237,,2.39711,,,442.0,65.79,22.06,olog
7083,,0.1299,,2.38883,,,442.0,65.81,22.07,olog
7084,,0.1347,,2.39334,,,442.0,65.82,22.07,olog
7085,,0.1369,,2.39909,,,441.0,65.64,22.01,olog
7086,,0.1356,,2.39362,,,442.0,65.79,22.06,olog
7087,,0.1339,,2.39825,,,442.0,65.77,22.06,olog
7088,,0.1505,,2.39552,,,443.0,65.85,22.08,olog
7089,,0.1486,,2.39566,,,442.0,65.82,22.07,olog
7090,,0.1609,,2.39557,,,442.0,65.81,22.07,olog
7091,,0.1571,,2.39058,,,442.0,65.78,22.06,olog
7092,,0.1389,,2.38751,,,442.0,65.75,22.05,olog
7093,,0.1507,,2.39368,,,442.0,65.8,22.07,olog
7094,,0.1285,,2.38889,,,442.0,65.81,22.07,olog
7095,,0.1227,,2.38883,,,442.0,65.75,22.05,olog
7096,,0.1299,,2.3927,,,442.0,65.81,22.07,olog
7097,,0.1165,,2.39379,,,442.0,65.8,22.07,olog
7098,,0.142,,2.39188,,,442.0,65.82,22.07,olog
7099,,0.1511,,2.39045,,,442.0,65.79,22.06,olog
7100,,0.1307,,2.39035,,,442.0,65.79,22.06,olog
7101,,0.118,,2.40021,,,442.0,65.79,22.06,olog
7102,,0.1343,,2.40871,,,442.0,65.76,22.05,olog
7103,,0.1287,,2.4074,,,442.0,65.78,22.06,olog
7104,,0.1064,,2.40947,,,441.0,65.68,22.03,olog
7105,,0.1285,,2.41241,,,442.0,65.73,22.04,olog
7106,,0.1263,,2.40754,,,442.0,65.76,22.05,olog
7107,,0.1521,,2.41088,,,442.0,65.74,22.05,olog
7108,,0.1459,,2.40927,,,442.0,65.77,22.06,olog
7109,,0.1331,,2.41272,,,348.0,51.81,17.38,olog
7110,,0.1151,,2.40742,,,442.0,65.75,22.05,olog
7111,,0.122,,2.4052,,,442.0,65.78,22.06,olog
7112,,0.1446,,2.40254,,,442.0,65.78,22.06,olog
7113,,0.1591,,2.40509,,,442.0,65.79,22.06,olog
7114,,0.1569,,2.40644,,,442.0,65.74,22.05,olog
7115,,0.1409,,2.40963,,,442.0,65.78,22.06,olog
7116,,0.1212,,2.40303,,,442.0,65.74,22.05,olog
7117,,0.1296,,2.40989,,,442.0,65.75,22.05,olog
7118,,0.1413,,2.40322,,,442.0,65.73,22.04,olog
7119,,0.1279,,2.40716,,,442.0,65.74,22.05,olog
7120,,0.1469,,2.4078,,,442.0,65.71,22.04,olog
7121,,0.1799,,2.4072,,,442.0,65.72,22.04,olog
7122,,0.1401,,2.40929,,,442.0,65.74,22.05,olog
7123,,0.1506,,2.40632,,,442.0,65.72,22.04,olog
7124,,0.1393,,2.40834,,,442.0,65.73,22.04,olog
7125,,0.134,,2.40838,,,442.0,65.74,22.05,olog
7126,,0.1831,,2.40493,,,442.0,65.73,22.04,olog
7127,,0.1226,,2.40334,,,442.0,65.8,22.07,olog
7128,,0.1406,,2.4084,,,442.0,65.74,22.05,olog
7129,,0.1437,,2.40904,,,391.0,58.23,19.53,olog
7130,,0.1287,,2.40271,,,442.0,65.8,22.07,olog
7131,,0.1652,,2.40423,,,442.0,65.77,22.06,olog
7132,,0.136,,2.4062,,,405.0,60.29,20.22,olog
7133,,0.138,,2.40403,,,442.0,65.78,22.06,olog
7134,,0.1321,,2.40076,,,442.0,65.74,22.05,olog
7135,,0.1322,,2.4058,,,442.0,65.74,22.05,olog
7136,,0.1361,,2.40853,,,442.0,65.76,22.05,olog
7137,,0.1369,,2.40628,,,442.0,65.75,22.05,olog
7138,,0.1399,,2.40647,,,372.0,55.31,18.55,olog
7139,,0.1411,,2.40207,,,442.0,65.76,22.05,olog
7140,,0.1245,,2.41015,,,442.0,65.75,22.05,olog
7141,,0.1448,,2.40741,,,442.0,65.79,22.06,olog
7142,,0.1468,,2.4033,,,442.0,65.71,22.04,olog
7143,,0.1329,,2.40432,,,442.0,65.71,22.04,olog
7144,,0.1334,,2.40262,,,399.0,59.33,19.9,olog
7145,,0.1384,,2.40374,,,424.0,63.04,21.14,olog
7146,,0.151,,2.40295,,,442.0,65.71,22.04,olog
7147,,0.1572,,2.40698,,,413.0,61.44,20.6,olog
7148,,0.1373,,2.3998,,,441.0,65.68,22.03,olog
7149,,0.1458,,2.40615,,,441.0,65.67,22.02,olog
7150,,0.1306,,2.40886,,,440.0,65.45,21.95,olog
7151,,0.1141,,2.40154,,,441.0,65.67,22.02,olog
7152,,0.0933,,2.40293,,,442.0,65.72,22.04,olog
7153,,0.1187,,2.4069,,,442.0,65.75,22.05,olog
7154,,0.1442,,2.40042,,,442.0,65.75,22.05,olog
7155,,0.1602,,2.40533,,,442.0,65.75,22.05,olog
7156,,0.1456,,2.4042,,,442.0,65.74,22.04,olog
7157,,0.1347,,2.40596,,,442.0,65.75,22.05,olog
7158,,0.1353,,2.40789,,,442.0,65.73,22.04,olog
7159,,0.1286,,2.40526,,,442.0,65.77,22.06,olog
7160,,0.1194,,2.40482,,,442.0,65.73,22.04,olog
7161,,0.1271,,2.40152,,,442.0,65.77,22.06,olog
7162,,0.1318,,2.40581,,,442.0,65.72,22.04,olog
7163,,0.1186,,2.39891,,,442.0,65.77,22.06,olog
7164,,0.1457,,2.40532,,,442.0,65.75,22.05,olog
7165,,0.1613,,2.40335,,,442.0,65.77,22.06,olog
7166,,0.1295,,2.40528,,,442.0,65.78,22.06,olog
7167,,0.1161,,2.40224,,,442.0,65.84,22.08,olog
7168,,0.1087,,2.40473,,,442.0,65.78,22.06,olog
7169,,0.1192,,2.40316,,,442.0,65.77,22.06,olog
7170,,0.13,,2.40259,,,442.0,65.77,22.06,olog
7171,,0.15,,2.40635,,,442.0,65.79,22.06,olog
7172,,0.1475,,2.40391,,,442.0,65.77,22.06,olog
7173,,0.1286,,2.40265,,,442.0,65.79,22.06,olog
7174,,0.1368,,2.40316,,,442.0,65.77,22.06,olog
7175,,0.1423,,2.40323,,,442.0,65.77,22.06,olog
7176,,0.134,,2.40342,,,442.0,65.75,22.05,olog
7177,,0.1395,,2.40165,,,442.0,65.75,22.05,olog
7178,,0.1305,,2.3996,,,442.0,65.7,22.03,olog
7179,,0.132,,2.40395,,,442.0,65.76,22.05,olog
7180,,0.1456,,2.4077,,,442.0,65.71,22.04,olog
7181,,0.1542,,2.40193,,,442.0,65.74,22.05,olog
7182,,0.1581,,2.40032,,,442.0,65.71,22.04,olog
7183,,0.1486,,2.40264,,,442.0,65.7,22.03,olog
7184,,0.1476,,2.40144,,,442.0,65.71,22.04,olog
7185,,0.1375,,2.40342,,,441.0,65.69,22.03,olog
7186,,0.1246,,2.40811,,,360.0,53.63,17.98,olog
7187,,0.1285,,2.4027,,,442.0,65.73,22.04,olog
7188,,0.1218,,2.40054,,,442.0,65.73,22.04,olog
7189,,0.1143,,2.40069,,,442.0,65.81,22.07,olog
7190,,0.119,,2.39849,,,432.0,64.31,21.57,olog
7191,,0.1239,,2.4024,,,442.0,65.72,22.04,olog
7192,,0.1361,,2.40305,,,442.0,65.74,22.05,olog
7193,,0.1066,,2.40626,,,442.0,65.74,22.05,olog
7194,,0.1201,,2.40456,,,442.0,65.74,22.05,olog
7195,,0.123,,2.40433,,,442.0,65.74,22.05,olog
7196,,0.1346,,2.40354,,,442.0,65.79,22.06,olog
7197,,0.1554,,2.40228,,,442.0,65.74,22.05,olog
7198,,0.1194,,2.39867,,,442.0,65.78,22.06,olog
7199,,0.1324,,2.40603,,,442.0,65.78,22.06,olog
7200,,0.1266,,2.40061,,,442.0,65.78,22.06,olog
7201,,0.1318,,2.4017,,,442.0,65.84,22.08,olog
7202,,0.138,,2.40125,,,442.0,65.79,22.06,olog
7203,,0.1169,,2.40841,,,443.0,65.85,22.08,olog
7204,,0.1379,,2.3989,,,442.0,65.8,22.07,olog
7205,,0.1322,,2.3999,,,389.0,57.91,19.42,olog
7206,,0.1295,,2.40066,,,442.0,65.75,22.05,olog
7207,,0.1402,,2.40427,,,442.0,65.81,22.07,olog
7208,,0.1264,,2.40225,,,442.0,65.8,22.07,olog
7209,,0.1267,,2.40324,,,442.0,65.77,22.06,olog
7210,,0.1391,,2.40065,,,442.0,65.77,22.06,olog
7211,,0.1182,,2.40493,,,442.0,65.76,22.05,olog
7212,,0.1155,,2.40007,,,442.0,65.77,22.06,olog
7213,,0.1288,,2.39514,,,442.0,65.77,22.06,olog
7214,,0.132,,2.40544,,,442.0,65.77,22.06,olog
7215,,0.113,,2.39748,,,442.0,65.79,22.06,olog
7216,,0.1153,,2.39812,,,442.0,65.8,22.07,olog
7217,,0.1203,,2.40472,,,442.0,65.78,22.06,olog
7218,,0.1435,,2.40393,,,442.0,65.77,22.06,olog
7219,,0.1492,,2.40523,,,442.0,65.75,22.05,olog
7220,,0.1398,,2.40125,,,442.0,65.72,22.04,olog
7221,,0.1433,,2.4048,,,442.0,65.75,22.05,olog
7222,,0.1161,,2.40877,,,442.0,65.73,22.04,olog
7223,,0.1168,,2.40277,,,442.0,65.73,22.04,olog
7224,,0.1414,,2.39807,,,442.0,65.72,22.04,olog
7225,,0.1513,,2.40211,,,442.0,65.72,22.04,olog
7226,,0.1605,,2.401,,,442.0,65.79,22.06,olog
7227,,0.137,,2.40673,,,442.0,65.76,22.05,olog
7228,,0.1326,,2.4012,,,442.0,65.77,22.05,olog
7229,,0.1588,,2.40013,,,442.0,65.77,22.06,olog
7230,,0.1669,,2.40274,,,442.0,65.74,22.05,olog
7231,,0.1526,,2.4016,,,391.0,58.18,19.51,olog
7232,,0.1551,,2.40131,,,442.0,65.75,22.05,olog
7233,,0.142,,2.40481,,,442.0,65.72,22.04,olog
7234,,0.1272,,2.4041,,,442.0,65.74,22.05,olog
7235,,0.1694,,2.40326,,,442.0,65.76,22.05,olog
7236,,0.1458,,2.39547,,,441.0,65.65,22.02,olog
7237,,0.1166,,2.40083,,,441.0,65.56,21.99,olog
7238,,0.1295,,2.40364,,,442.0,65.74,22.05,olog
7239,,0.125,,2.40253,,,442.0,65.78,22.06,olog
7240,,0.1194,,2.40203,,,442.0,65.71,22.04,olog
7241,,0.1447,,2.39897,,,442.0,65.75,22.05,olog
7242,,0.1419,,2.39799,,,442.0,65.75,22.05,olog
7243,,0.1501,,2.40397,,,442.0,65.77,22.06,olog
7244,,0.1599,,2.40372,,,442.0,65.8,22.07,olog
7245,,0.1325,,2.39941,,,442.0,65.77,22.05,olog
7246,,0.1572,,2.39845,,,442.0,65.75,22.05,olog
7247,,0.1381,,2.40128,,,386.0,57.45,19.27,olog
7248,,0.1061,,2.39968,,,443.0,65.85,22.08,olog
7249,,0.1399,,2.40533,,,442.0,65.76,22.05,olog
7250,,0.1273,,2.40123,,,442.0,65.77,22.06,olog
7251,,0.1126,,2.39919,,,442.0,65.73,22.04,olog
7252,,0.1316,,2.4016,,,442.0,65.74,22.05,olog
7253,,0.1406,,2.40204,,,441.0,65.66,22.02,olog
7254,,0.1637,,2.40367,,,441.0,65.6,22.0,olog
7255,,0.1608,,2.40222,,,441.0,65.66,22.02,olog
7256,,0.1302,,2.40328,,,441.0,65.68,22.03,olog
7257,,0.1232,,2.39732,,,356.0,53.01,17.78,olog
7258,,0.1619,,2.40449,,,441.0,65.64,22.01,olog
7259,,0.166,,2.39728,,,441.0,65.67,22.02,olog
7260,,0.1167,,2.40207,,,442.0,65.7,22.03,olog
7261,,0.127,,2.40202,,,441.0,65.64,22.01,olog
7262,,0.1099,,2.40211,,,363.0,54.0,18.11,olog
7263,,0.1266,,2.40063,,,418.0,62.14,20.84,olog
7264,,0.1364,,2.40103,,,442.0,65.8,22.07,olog
7265,,0.1839,,2.40039,,,442.0,65.76,22.05,olog
7266,,0.1744,,2.40172,,,442.0,65.83,22.08,olog
7267,,0.1206,,2.39821,,,391.0,58.11,19.49,olog
7268,,0.1351,,2.39925,,,432.0,64.32,21.57,olog
7269,,0.1202,,2.40033,,,432.0,64.28,21.56,olog
7270,,0.1283,,2.39534,,,432.0,64.34,21.58,olog
7271,,0.1571,,2.40268,,,432.0,64.3,21.56,olog
7272,,0.1512,,2.39995,,,432.0,64.31,21.57,olog
7273,,0.124,,2.39868,,,432.0,64.35,21.58,olog
7274,,0.1329,,2.40105,,,432.0,64.3,21.56,olog
7275,,0.141,,2.40523,,,442.0,65.74,22.05,olog
7276,,0.1421,,2.40127,,,442.0,65.76,22.05,olog
7277,,0.1698,,2.39991,,,441.0,65.68,22.03,olog
7278,,0.1581,,2.3994,,,442.0,65.79,22.06,olog
7279,,0.1381,,2.40032,,,442.0,65.76,22.05,olog
7280,,0.1219,,2.40227,,,381.0,56.69,19.01,olog
7281,,0.1263,,2.40332,,,442.0,65.8,22.07,olog
7282,,0.1381,,2.40099,,,442.0,65.76,22.05,olog
7283,,0.1591,,2.40281,,,404.0,60.18,20.18,olog
7284,,0.1446,,2.40356,,,442.0,65.8,22.07,olog
7285,,0.1304,,2.40068,,,442.0,65.75,22.05,olog
7286,,0.1222,,2.39726,,,442.0,65.8,22.07,olog
7287,,0.1279,,2.39779,,,442.0,65.76,22.05,olog
7288,,0.1208,,2.40208,,,442.0,65.8,22.07,olog
7289,,0.1418,,2.4035,,,442.0,65.79,22.06,olog
7290,,0.1356,,2.3985,,,442.0,65.77,22.06,olog
7291,,0.122,,2.39975,,,442.0,65.8,22.07,olog
7292,,0.1167,,2.39977,,,442.0,65.76,22.05,olog
7293,,0.1485,,2.40065,,,442.0,65.79,22.06,olog
7294,,0.1477,,2.4019,,,442.0,65.8,22.07,olog
7295,,0.1399,,2.39887,,,442.0,65.76,22.05,olog
7296,,0.1566,,2.39879,,,442.0,65.76,22.05,olog
7297,,0.1368,,2.39593,,,402.0,59.89,20.08,olog
7298,,0.1222,,2.39836,,,442.0,65.83,22.08,olog
7299,,0.1322,,2.39682,,,442.0,65.78,22.06,olog
7300,,0.1328,,2.40326,,,442.0,65.78,22.06,olog
7301,,0.1548,,2.39931,,,442.0,65.79,22.06,olog
7302,,0.1643,,2.39618,,,442.0,65.79,22.06,olog
7303,,0.1447,,2.40259,,,442.0,65.77,22.06,olog
7304,,0.1492,,2.39996,,,442.0,65.79,22.06,olog
7305,,0.1487,,2.3969,,,374.0,55.71,18.68,olog
7306,,0.1296,,2.3983,,,418.0,62.17,20.85,olog
7307,,0.1559,,2.40158,,,442.0,65.82,22.07,olog
7308,,0.1452,,2.40153,,,442.0,65.77,22.06,olog
7309,,0.1176,,2.40322,,,442.0,65.8,22.07,olog
7310,,0.1398,,2.39561,,,418.0,62.18,20.85,olog
7311,,0.1185,,2.3967,,,442.0,65.77,22.06,olog
7312,,0.1414,,2.39734,,,442.0,65.76,22.05,olog
7313,,0.1474,,2.39808,,,442.0,65.76,22.05,olog
7314,,0.1409,,2.39551,,,442.0,65.75,22.05,olog
7315,,0.1381,,2.40375,,,442.0,65.78,22.06,olog
7316,,0.1241,,2.40369,,,443.0,65.85,22.08,olog
7317,,0.1218,,2.39643,,,442.0,65.78,22.06,olog
7318,,0.133,,2.39946,,,442.0,65.8,22.07,olog
7319,,0.149,,2.39939,,,442.0,65.77,22.06,olog
7320,,0.1467,,2.39708,,,442.0,65.81,22.07,olog
7321,,0.1302,,2.39674,,,442.0,65.83,22.08,olog
7322,,0.1193,,2.39524,,,443.0,65.86,22.09,olog
7323,,0.1298,,2.40082,,,442.0,65.79,22.06,olog
7324,,0.1306,,2.40364,,,442.0,65.8,22.07,olog
7325,,0.1179,,2.4022,,,442.0,65.82,22.07,olog
7326,,0.1246,,2.39789,,,442.0,65.78,22.06,olog
7327,,0.1406,,2.39915,,,442.0,65.74,22.05,olog
7328,,0.152,,2.40261,,,442.0,65.76,22.05,olog
7329,,0.1669,,2.39927,,,442.0,65.75,22.05,olog
7330,,0.1408,,2.40146,,,442.0,65.74,22.05,olog
7331,,0.1203,,2.39592,,,442.0,65.73,22.04,olog
7332,,0.1385,,2.39575,,,442.0,65.72,22.04,olog
7333,,0.1232,,2.39846,,,442.0,65.76,22.05,olog
7334,,0.1596,,2.40028,,,442.0,65.75,22.05,olog
7335,,0.1498,,2.39932,,,442.0,65.77,22.06,olog
7336,,0.1257,,2.40024,,,442.0,65.8,22.07,olog
7337,,0.1241,,2.40023,,,442.0,65.73,22.04,olog
7338,,0.1257,,2.39762,,,442.0,65.76,22.05,olog
7339,,0.1429,,2.3975,,,442.0,65.74,22.05,olog
7340,,0.1262,,2.4001,,,442.0,65.71,22.04,olog
7341,,0.1269,,2.39407,,,442.0,65.78,22.06,olog
7342,,0.1549,,2.39854,,,442.0,65.7,22.03,olog
7343,,0.1424,,2.39687,,,442.0,65.77,22.06,olog
7344,,0.1316,,2.39747,,,442.0,65.76,22.05,olog
7345,,0.14,,2.40064,,,442.0,65.79,22.06,olog
7346,,0.144,,2.39693,,,442.0,65.8,22.07,olog
7347,,0.1241,,2.39793,,,442.0,65.81,22.07,olog
7348,,0.1155,,2.39445,,,442.0,65.76,22.05,olog
7349,,0.1433,,2.39453,,,341.0,50.74,17.02,olog
7350,,0.1385,,2.40009,,,442.0,65.79,22.06,olog
7351,,0.1337,,2.40049,,,443.0,65.86,22.09,olog
7352,,0.1589,,2.3948,,,443.0,65.88,22.09,olog
7353,,0.1752,,2.40156,,,442.0,65.83,22.08,olog
7354,,0.1322,,2.39967,,,442.0,65.82,22.07,olog
7355,,0.1402,,2.39909,,,442.0,65.78,22.06,olog
7356,,0.1541,,2.39645,,,442.0,65.82,22.07,olog
7357,,0.1294,,2.39298,,,375.0,55.73,18.69,olog
7358,,0.148,,2.40027,,,442.0,65.78,22.06,olog
7359,,0.173,,2.39534,,,442.0,65.8,22.07,olog
7360,,0.1505,,2.40078,,,442.0,65.81,22.07,olog
7361,,0.1201,,2.3982,,,442.0,65.81,22.07,olog
7362,,0.1411,,2.39827,,,442.0,65.78,22.06,olog
7363,,0.13,,2.39698,,,442.0,65.8,22.07,olog
7364,,0.1087,,2.39322,,,442.0,65.81,22.07,olog
7365,,0.1258,,2.39434,,,442.0,65.76,22.05,olog
7366,,0.1385,,2.39188,,,442.0,65.8,22.07,olog
7367,,0.1353,,2.40138,,,442.0,65.83,22.08,olog
7368,,0.1362,,2.39755,,,120.0,17.92,6.01,olog
7369,,0.1347,,2.39531,,,443.0,65.85,22.08,olog
7370,,0.1359,,2.39874,,,442.0,65.83,22.08,olog
7371,,0.1097,,2.39083,,,442.0,65.81,22.07,olog
7372,,0.1231,,2.3995,,,442.0,65.81,22.07,olog
7373,,0.1573,,2.39847,,,331.0,49.24,16.51,olog
7374,,0.1414,,2.39871,,,369.0,54.85,18.39,olog
7375,,0.1385,,2.39858,,,442.0,65.82,22.07,olog
7376,,0.1238,,2.40074,,,442.0,65.82,22.07,olog
7377,,0.1366,,2.39702,,,443.0,65.86,22.09,olog
7378,,0.1284,,2.39998,,,442.0,65.81,22.07,olog
7379,,0.1322,,2.40089,,,442.0,65.8,22.07,olog
7380,,0.1326,,2.40121,,,442.0,65.8,22.07,olog
7381,,0.1698,,2.3998,,,442.0,65.78,22.06,olog
7382,,0.1226,,2.39274,,,442.0,65.81,22.07,olog
7383,,0.1338,,2.39895,,,443.0,65.87,22.09,olog
7384,,0.1684,,2.39582,,,442.0,65.83,22.08,olog
7385,,0.1493,,2.39105,,,442.0,65.82,22.07,olog
7386,,0.1099,,2.39157,,,442.0,65.84,22.08,olog
7387,,0.1407,,2.39871,,,443.0,65.87,22.09,olog
7388,,0.1463,,2.39684,,,443.0,65.85,22.08,olog
7389,,0.1285,,2.39647,,,442.0,65.76,22.05,olog
7390,,0.1446,,2.39537,,,442.0,65.83,22.08,olog
7391,,0.1426,,2.40132,,,386.0,57.41,19.25,olog
7392,,0.1489,,2.39858,,,442.0,65.81,22.07,olog
7393,,0.156,,2.39727,,,443.0,65.88,22.09,olog
7394,,0.1484,,2.39792,,,442.0,65.82,22.07,olog
7395,,0.1476,,2.39766,,,442.0,65.8,22.07,olog
7396,,0.1213,,2.40278,,,442.0,65.77,22.06,olog
7397,,0.1279,,2.39868,,,442.0,65.82,22.07,olog
7398,,0.1324,,2.3982,,,443.0,65.87,22.09,olog
7399,,0.1381,,2.39176,,,443.0,65.86,22.09,olog
7400,,0.1319,,2.39961,,,443.0,65.86,22.09,olog
7401,,0.1319,,2.40116,,,442.0,65.77,22.06,olog
7402,,0.1412,,2.4059,,,442.0,65.81,22.07,olog
7403,,0.1362,,2.39689,,,442.0,65.76,22.05,olog
7404,,0.1301,,2.40272,,,442.0,65.8,22.07,olog
7405,,0.1385,,2.39529,,,384.0,57.13,19.16,olog
7406,,0.1328,,2.3963,,,442.0,65.82,22.07,olog
7407,,0.1265,,2.39599,,,442.0,65.84,22.08,olog
7408,,0.1229,,2.39892,,,435.0,64.66,21.68,olog
7409,,0.1546,,2.39581,,,366.0,54.48,18.27,olog
7410,,0.1692,,2.3998,,,442.0,65.78,22.06,olog
7411,,0.1624,,2.39204,,,401.0,59.71,20.02,olog
7412,,0.1413,,2.4018,,,442.0,65.77,22.06,olog
7413,,0.1315,,2.39719,,,442.0,65.78,22.06,olog
7414,,0.1467,,2.39896,,,442.0,65.82,22.07,olog
7415,,0.1364,,2.39659,,,442.0,65.79,22.06,olog
7416,,0.1271,,2.3971,,,442.0,65.82,22.07,olog
7417,,0.1489,,2.39752,,,443.0,65.87,22.09,olog
7418,,0.1349,,2.3998,,,442.0,65.79,22.06,olog
7419,,0.1433,,2.39572,,,442.0,65.81,22.07,olog
7420,,0.1331,,2.3985,,,442.0,65.8,22.07,olog
7421,,0.1222,,2.38889,,,442.0,65.83,22.08,olog
7422,,0.1154,,2.39317,,,442.0,65.79,22.06,olog
7423,,0.1286,,2.39657,,,443.0,65.86,22.09,olog
7424,,0.1387,,2.39277,,,442.0,65.84,22.08,olog
7425,,0.1446,,2.3955,,,442.0,65.8,22.07,olog
7426,,0.1669,,2.39346,,,442.0,65.76,22.05,olog
7427,,0.1508,,2.39096,,,443.0,65.86,22.09,olog
7428,,0.1164,,2.3973,,,442.0,65.78,22.06,olog
7429,,0.1225,,2.39769,,,442.0,65.79,22.06,olog
7430,,0.1224,,2.39313,,,442.0,65.83,22.08,olog
7431,,0.1202,,2.39876,,,442.0,65.77,22.06,olog
7432,,0.1372,,2.39707,,,442.0,65.8,22.07,olog
7433,,0.162,,2.39557,,,442.0,65.81,22.07,olog
7434,,0.1429,,2.40274,,,443.0,65.87,22.09,olog
7435,,0.1377,,2.39549,,,443.0,65.86,22.09,olog
7436,,0.1377,,2.39904,,,443.0,65.84,22.08,olog
7437,,0.1449,,2.395,,,443.0,65.87,22.09,olog
7438,,0.1394,,2.39665,,,442.0,65.82,22.07,olog
7439,,0.1236,,2.39674,,,442.0,65.84,22.08,olog
7440,,0.141,,2.39967,,,442.0,65.84,22.08,olog
7441,,0.1571,,2.39838,,,442.0,65.84,22.08,olog
7442,,0.1554,,2.39982,,,442.0,65.78,22.06,olog
7443,,0.1418,,2.39319,,,443.0,65.87,22.09,olog
7444,,0.1448,,2.39872,,,442.0,65.8,22.07,olog
7445,,0.162,,2.39715,,,261.0,38.82,13.02,olog
7446,,0.1502,,2.40081,,,443.0,65.9,22.1,olog
7447,,0.1211,,2.3956,,,442.0,65.81,22.07,olog
7448,,0.136,,2.40087,,,442.0,65.81,22.07,olog
7449,,0.1219,,2.39637,,,442.0,65.81,22.07,olog
7450,,0.1261,,2.40008,,,441.0,65.58,21.99,olog
7451,,0.175,,2.45998,,,443.0,65.9,22.1,olog
7452,,0.156,,2.46216,,,443.0,65.86,22.09,olog
7453,,0.1113,,2.45916,,,442.0,65.8,22.07,olog
7454,,0.1162,,2.45282,,,442.0,65.83,22.08,olog
7455,,0.1412,,2.45193,,,442.0,65.81,22.07,olog
7456,,0.1479,,2.45195,,,442.0,65.78,22.06,olog
7457,,0.1621,,2.45481,,,443.0,65.85,22.08,olog
7458,,0.1795,,2.45779,,,443.0,65.85,22.08,olog
7459,,0.1573,,2.45377,,,443.0,65.85,22.08,olog
7460,,0.1399,,2.45339,,,442.0,65.81,22.07,olog
7461,,0.1339,,2.44842,,,442.0,65.82,22.07,olog
7462,,0.1264,,2.45755,,,443.0,65.86,22.09,olog
7463,,0.1401,,2.45258,,,443.0,65.89,22.1,olog
7464,,0.1802,,2.45252,,,443.0,65.86,22.09,olog
7465,,0.1754,,2.4535,,,442.0,65.83,22.08,olog
7466,,0.157,,2.45725,,,443.0,65.87,22.09,olog
7467,,0.1601,,2.44983,,,442.0,65.83,22.08,olog
7468,,0.1514,,2.45216,,,443.0,65.88,22.09,olog
7469,,0.1258,,2.44984,,,443.0,65.9,22.1,olog
7470,,0.1246,,2.45041,,,442.0,65.84,22.08,olog
7471,,0.137,,2.45097,,,443.0,65.89,22.1,olog
7472,,0.1463,,2.45484,,,442.0,65.84,22.08,olog
7473,,0.1729,,2.45219,,,443.0,65.87,22.09,olog
7474,,0.1754,,2.45087,,,442.0,65.75,22.05,olog
7475,,0.1618,,2.45391,,,442.0,65.78,22.06,olog
7476,,0.1564,,2.45295,,,442.0,65.79,22.06,olog
7477,,0.1335,,2.45474,,,442.0,65.81,22.07,olog
7478,,0.1388,,2.45487,,,442.0,65.74,22.05,olog
7479,,0.1579,,2.45174,,,442.0,65.77,22.06,olog
7480,,0.1521,,2.44736,,,442.0,65.75,22.05,olog
7481,,0.1276,,2.45078,,,442.0,65.7,22.03,olog
7482,,0.1146,,2.44265,,,442.0,65.79,22.06,olog
7483,,0.1269,,2.45335,,,442.0,65.8,22.07,olog
7484,,0.1447,,2.44889,,,354.0,52.71,17.68,olog
7485,,0.1261,,2.44948,,,442.0,65.74,22.05,olog
7486,,0.1376,,2.45116,,,442.0,65.79,22.06,olog
7487,,0.1646,,2.45137,,,442.0,65.74,22.05,olog
7488,,0.1524,,2.45187,,,442.0,65.76,22.05,olog
7489,,0.1479,,2.45647,,,442.0,65.74,22.05,olog
7490,,0.1562,,2.45034,,,442.0,65.72,22.04,olog
7491,,0.154,,2.45605,,,442.0,65.75,22.05,olog
7492,,0.1673,,2.44976,,,442.0,65.78,22.06,olog
7493,,0.1514,,2.44914,,,442.0,65.84,22.08,olog
7494,,0.1208,,2.44689,,,442.0,65.8,22.07,olog
7495,,0.1402,,2.45063,,,442.0,65.79,22.06,olog
7496,,0.1449,,2.44492,,,442.0,65.82,22.07,olog
7497,,0.1424,,2.44835,,,442.0,65.77,22.06,olog
7498,,0.1858,,2.45223,,,442.0,65.77,22.06,olog
7499,,0.187,,2.45172,,,442.0,65.79,22.06,olog
7500,,0.1518,,2.45151,,,442.0,65.77,22.06,olog
7510,1785905101.1141205,0.1322030872106552,2.28e-05,2.3540735244750977,3.407132148742676,491236884480.0,354.92888722837404,52.81371281179828,17.711501173685356,wandb
7520,1785905516.2718031,0.12230730801820755,2.28e-05,2.3401005268096924,3.4346556663513184,491740200960.0,391.143064452111,58.202412420177495,19.51864470435425,wandb
7530,1785905950.1528108,0.1256573498249054,2.28e-05,2.335409641265869,3.114318370819092,492243517440.0,372.19075973627355,55.382293758661255,18.572895346391704,wandb
7540,1785906371.5454748,0.1106838807463646,2.28e-05,2.3283822536468506,3.3381450176239014,492746833920.0,391.63281922180994,58.27528833613089,19.543084225876655,wandb
7550,1785906809.484017,0.11612723767757416,2.28e-05,2.3324694633483887,3.3917083740234375,493250150400.0,396.52785286988626,59.00367340310136,19.787353986166266,wandb
7560,1785907242.3078566,0.13720305263996124,2.28e-05,2.326594591140747,3.3051917552948,493753466880.0,395.54931764725586,58.8580665503377,19.73852356303714,wandb
7570,1785907658.6450665,0.13979168236255646,2.28e-05,2.3247694969177246,3.2394156455993652,494256783360.0,401.19998597569787,59.69889068450021,20.02050066417659,wandb
7580,1785908079.8650863,0.11326336860656738,2.28e-05,2.3339197635650635,3.254128932952881,494760099840.0,404.85796165019275,60.24320049893639,20.20303931567396,wandb
7590,1785908493.909773,0.12754817306995392,2.28e-05,2.3253254890441895,3.150665283203125,495263416320.0,396.07181230228383,58.93581418838383,19.764596855543815,wandb
7600,1785909468.7737916,0.12817500531673431,2.28e-05,2.318417549133301,3.509536027908325,495766732800.0,384.7506027512559,57.25120881692682,19.199650965068717,wandb
7610,1785909908.9555433,0.1072525903582573,2.28e-05,2.31809139251709,3.618267059326172,496270049280.0,363.1744706760337,54.040662468026774,18.1229685581842,wandb
7620,1785910339.8273497,0.1102391853928566,2.28e-05,2.320307970046997,3.476651430130005,496773365760.0,326.482478989007,48.580863671191615,16.291981345775437,wandb
7630,1785910803.4962122,0.11776860058307648,2.28e-05,2.3118062019348145,3.4079861640930176,497276682240.0,404.54537286622707,60.19668702860866,20.1874406512279,wandb
7640,1785911262.6297183,0.11301456391811371,2.28e-05,2.3085269927978516,3.2324957847595215,497779998720.0,395.68626212368724,58.878444002017915,19.74535730450571,wandb
7650,1785911705.660276,0.12701010704040527,2.28e-05,2.3046860694885254,3.3144750595092773,498283315200.0,356.55690017442146,53.055962488509195,17.792741541100533,wandb
7660,1785912130.561167,0.1201418936252594,2.28e-05,2.3751254081726074,3.1244168281555176,498786631680.0,390.00836443804883,58.03356811691947,19.462021416270318,wandb
7670,1785912543.2667618,0.12263325601816177,2.28e-05,2.3757526874542236,3.1688857078552246,499289948160.0,393.77043509639077,58.593367351292635,19.649754568680187,wandb
7680,1785912957.789041,0.1363249272108078,2.28e-05,2.3719992637634277,4.076052665710449,499793264640.0,407.0544518813384,60.570040067187726,20.31264758005255,wandb
7690,1785913373.8165693,0.14810237288475037,2.28e-05,2.3641324043273926,3.607693672180176,500296581120.0,387.50115405102275,57.6604931317494,19.33690773488119,wandb
7700,1785914345.3731287,0.14512071013450623,2.28e-05,2.366809368133545,3.5664868354797363,500799897600.0,390.9649424847871,58.17590772369822,19.50975614231595,wandb
7710,1785914771.3885272,0.15518344938755035,2.28e-05,2.362356424331665,3.3038415908813477,501303214080.0,398.7467330128318,59.3338446087996,19.89807954182035,wandb
7720,1785915188.816148,0.1174149438738823,2.28e-05,2.3696303367614746,4.031497478485107,501806530560.0,390.72436249029295,58.140109220970814,19.497750827989115,wandb
7730,1785915604.9652848,0.12454495579004288,2.28e-05,2.367114305496216,3.802288770675659,502309847040.0,385.7748143000253,57.40361234490573,19.250760707614013,wandb
7740,1785916016.3936064,0.12492676824331284,2.28e-05,2.3635058403015137,3.5126044750213623,502813163520.0,389.89015891597296,58.015979037190185,19.456122777646307,wandb
7750,1785916471.3752985,0.14990952610969543,2.28e-05,2.3713927268981934,3.394557476043701,503316480000.0,404.41454738479257,60.17722008845932,20.180912257086558,wandb
7760,1785916878.3384717,0.12705402076244354,2.28e-05,2.363313913345337,3.386174440383911,503819796480.0,413.7006205971656,61.55899548470099,20.644301692317413,wandb
7770,1785917283.9125035,0.16768252849578857,2.28e-05,2.3690359592437744,3.383178949356079,504323112960.0,411.70715906815815,61.26236675572795,20.544824874619017,wandb
7780,1785917729.1097727,0.13279996812343597,2.28e-05,2.361504077911377,3.5029964447021484,504826429440.0,407.0052106757054,60.562712934946916,20.310190367628465,wandb
7790,1785918157.5074313,0.12872178852558136,2.28e-05,2.3619539737701416,3.200181484222412,505329745920.0,271.2725350758305,40.36557822357507,13.53691963734891,wandb
7800,1785919300.0603957,0.1563875675201416,2.28e-05,2.3594436645507812,3.2047171592712402,505833062400.0,319.03275513333006,47.47233858236793,15.920228587515,wandb
7810,1786128436.3523202,0.13090187311172485,2.28e-05,2.297579288482666,3.3648734092712402,506336378880.0,62.47396443408604,9.296177726197062,3.11754758267147,wandb
7820,1786133312.2511923,0.12182094156742096,2.28e-05,2.2768125534057617,3.3380777835845947,506839695360.0,42.84673437037058,6.375629613106498,2.138118404549902,wandb
7830,1786138574.385829,0.12294210493564606,2.28e-05,2.2657744884490967,3.0528759956359863,507343011840.0,24.72497326315218,3.679096529438868,1.2338144589732638,wandb
7840,1786144623.5046666,0.12323448807001114,2.28e-05,2.2583391666412354,3.2681961059570312,507846328320.0,26.72678527954974,3.9769678178617838,1.3337079789253599,wandb
7850,1786151361.7130866,0.11650843918323517,2.28e-05,2.261000156402588,3.294445514678955,508349644800.0,29.517359339314794,4.392207552568572,1.4729619464475432,wandb
7860,1786157184.6320684,0.13114887475967407,2.28e-05,2.255645275115967,3.21700382232666,508852961280.0,26.849976777952712,3.995298815004102,1.3398554254901935,wandb
7870,1786162974.4103303,0.13692957162857056,2.28e-05,2.2529408931732178,3.179556369781494,509356277760.0,27.002522180818765,4.01799769747783,1.3474676773499976,wandb
7880,1786165406.6198618,0.13045181334018707,2.28e-05,2.263819694519043,3.186774253845215,509859594240.0,375.42291080452657,55.86324051849269,18.73418469053589,wandb
7890,1786165819.4290614,0.12009948492050171,2.28e-05,2.2558321952819824,3.074786424636841,510362910720.0,404.5245748277591,60.1935922632339,20.1864027968971,wandb
7900,1786166753.093141,0.12552930414676666,2.28e-05,2.251323938369751,3.4461960792541504,510866227200.0,393.785797048528,58.595653222512475,19.650521153883872,wandb
7910,1786167160.8293004,0.12971802055835724,2.28e-05,2.249894142150879,3.566211223602295,511369543680.0,404.1878121343829,60.14348169513507,20.16959781693178,wandb
7920,1786167569.1722312,0.12059833854436874,2.28e-05,2.248305320739746,3.4165284633636475,511872860160.0,403.9918875049743,60.11432794777134,20.159820874483326,wandb
7930,1786167978.7826886,0.1282852292060852,2.28e-05,2.2435832023620605,3.346719741821289,512376176640.0,399.24703856535535,59.408290489988545,19.92304556374637,wandb
7940,1786168391.602405,0.12218225747346878,2.28e-05,2.237938404083252,3.1582531929016113,512879493120.0,384.5951051824863,57.228070649718,19.191891395558116,wandb
7950,1786168800.9230847,0.1339975744485855,2.28e-05,2.234436273574829,3.2528843879699707,513382809600.0,402.315614217128,59.864897092171695,20.07617224126852,wandb
7960,1786169209.4196634,0.13103707134723663,2.28e-05,2.314849376678467,3.0555102825164795,513886126080.0,393.7899966393851,58.59627812511531,19.650730719971815,wandb
7970,1786169624.0194895,0.11254894733428955,2.28e-05,2.3121111392974854,3.0843265056610107,514389442560.0,394.442972033719,58.69344140539611,19.683315203453688,wandb
7980,1786170034.7821898,0.13501384854316711,2.28e-05,2.305922031402588,3.9798073768615723,514892759040.0,404.584016001157,60.2024371591384,20.18936900350999,wandb
7990,1786170442.342055,0.1589983105659485,2.28e-05,2.299088954925537,3.5112411975860596,515396075520.0,404.0988180764262,60.130239305495884,20.16515687560897,wandb
8000,1786171344.2163706,0.1472124308347702,2.28e-05,2.29964017868042,3.4730825424194336,515899392000.0,406.49293601019355,60.48648603981764,20.284627068426996,wandb
8010,1786171767.7101624,0.12639310956001282,2.28e-05,2.2933177947998047,3.1851603984832764,516402708480.0,394.17319900961616,58.65329895564907,19.66985311173628,wandb
8020,1786172177.9162064,0.12815235555171967,2.28e-05,2.30165433883667,3.9939727783203125,516906024960.0,406.4363102162856,60.478060074716446,20.28180135361102,wandb
8030,1786172592.396007,0.12509126961231232,2.28e-05,2.3004326820373535,3.7329368591308594,517409341440.0,401.2756189564523,59.710144934769495,20.024274867053858,wandb
8040,1786173017.0600278,0.14618393778800964,2.28e-05,2.2977871894836426,3.3952252864837646,517912657920.0,403.7272765531513,60.07495361866117,20.146616378167515,wandb
8050,1786173442.850388,0.1307763010263443,2.28e-05,2.308406352996826,3.304471492767334,518415974400.0,379.4758717286799,56.46632446569462,18.93643371773005,wandb
8060,1786173849.8185432,0.1457669734954834,2.28e-05,2.3016433715820312,3.336534261703491,518919290880.0,409.10958524469106,60.875845616264414,20.41520191779987,wandb
8070,1786174265.9525602,0.16310514509677887,2.28e-05,2.3076000213623047,3.30108904838562,519422607360.0,403.95654314023005,60.10906867698137,20.15805713594252,wandb
8080,1786174677.2961593,0.14323467016220093,2.28e-05,2.298140287399292,3.396437168121338,519925923840.0,368.4426307892484,54.82456906249585,18.38585790696896,wandb
8090,1786175084.329756,0.12989374995231628,2.28e-05,2.30519437789917,3.107854127883911,520429240320.0,399.6902346336021,59.474238432548205,19.94516173395788,wandb
8100,1786175992.9662437,0.13826589286327362,2.28e-05,2.299649238586426,3.136397123336792,520932556800.0,407.5810526459581,60.64839869774688,20.338925773787235,wandb
8110,1786176402.3725178,0.1375589221715927,2.28e-05,2.4073307514190674,3.3318357467651367,521435873280.0,396.5446297953421,59.006169823524644,19.788191180730006,wandb
8120,1786176809.2278686,0.147388756275177,2.28e-05,2.406731605529785,4.064128875732422,521939189760.0,409.4933942212504,60.93295671032296,20.434354580159603,wandb
8130,1786177228.8091612,0.13114282488822937,2.28e-05,2.3993160724639893,3.4073359966278076,522442506240.0,379.149819243516,56.41780758546125,18.920163193742102,wandb
8140,1786177646.748424,0.14940902590751648,2.28e-05,2.403721809387207,3.3187246322631836,522945822720.0,349.972673750479,52.07622413540579,17.46417844513469,wandb
8150,1786178053.951193,0.14046773314476013,2.28e-05,2.4023854732513428,4.367336750030518,523449139200.0,403.85485368964146,60.093937202388496,20.152982674865218,wandb
8160,1786178458.8528237,0.13052387535572052,2.28e-05,2.3975775241851807,3.5612449645996094,523952455680.0,407.1816872486943,60.588972795384386,20.318996821941127,wandb
8170,1786178863.3837974,0.11153826117515564,2.28e-05,2.3946263790130615,3.0922679901123047,524455772160.0,401.83115867668096,59.79280970592638,20.05199715949304,wandb
8180,1786179268.001841,0.12862403690814972,2.28e-05,2.399752140045166,3.3926796913146973,524959088640.0,408.18525879389114,60.738305073712056,20.369076596341667,wandb
8190,1786179678.1199844,0.14488624036312103,2.28e-05,2.3920300006866455,3.5003180503845215,525462405120.0,393.14869805734986,58.500852364189775,19.61872892750827,wandb
8200,1786180590.8756332,0.1493099480867386,2.28e-05,2.3909707069396973,3.2174956798553467,525965721600.0,407.64278457534493,60.657584460042564,20.34200629267181,wandb
8210,1786181000.3458622,0.15286386013031006,2.28e-05,2.3910317420959473,3.4676849842071533,526469038080.0,404.25763008861753,60.153870664634994,20.173081840979606,wandb
8220,1786181402.890444,0.14497984945774078,2.28e-05,2.3911995887756348,2.970956802368164,526972354560.0,405.8937830452757,60.39733158167644,20.25472840753121,wandb
8230,1786181805.7151682,0.13188737630844116,2.28e-05,2.393637180328369,3.8574395179748535,527475671040.0,411.71092114632216,61.26292655607917,20.54501260814597,wandb
8240,1786182209.2449756,0.16136875748634338,2.28e-05,2.3923168182373047,4.308238983154297,527978987520.0,407.23840511508854,60.597412460947915,20.321827131316773,wandb
8250,1786182612.0718055,0.12665139138698578,2.28e-05,2.39164137840271,3.2161483764648438,528482304000.0,401.8366007186137,59.793619486279816,20.05226872581392,wandb
8260,1786183017.0075154,0.13152764737606049,2.28e-05,2.390759229660034,3.74725341796875,528985620480.0,400.4324067686497,59.58467426183055,19.982197272946046,wandb
8270,1786183447.6324537,0.15882021188735962,2.28e-05,2.385901689529419,3.573411226272583,529488936960.0,408.26321269028625,60.749904678153726,20.37296661650395,wandb
8280,1786183853.8287332,0.12282884120941162,2.28e-05,2.390463352203369,3.4844276905059814,529992253440.0,405.3004910169004,60.30904923575405,20.225122216446106,wandb
8290,1786184257.3822918,0.12975583970546722,2.28e-05,2.3877646923065186,3.795888662338257,530495569920.0,411.18786546998916,61.185095437597525,20.51891131980729,wandb
8300,1786185158.1063485,0.15424366295337677,2.28e-05,2.389073133468628,3.0521607398986816,530998886400.0,402.38151877247395,59.87470374467105,20.079460980650865,wandb
8310,1786634294.6831405,0.12039415538311005,2.28e-05,2.290400743484497,3.3636674880981445,531502202880.0,413.2754825818444,61.495734595394715,20.623086646914544,wandb
8320,1786634716.6765192,0.12796315550804138,2.28e-05,2.2735657691955566,3.502004384994507,532005519360.0,362.2525169475271,53.90347498851969,18.076961639243223,wandb
8330,1786635358.3708675,0.11398740112781525,2.28e-05,2.2598869800567627,3.0575947761535645,532508835840.0,185.17165017184428,27.553695134343947,9.240352130711798,wandb
8340,1786635757.9355164,0.1175425574183464,2.28e-05,2.254178047180176,3.2631332874298096,533012152320.0,414.3259411039782,61.652043694780545,20.675506154081088,wandb
8350,1786636155.5090516,0.1255081743001938,2.28e-05,2.259603977203369,3.2970006465911865,533515468800.0,412.3357698283739,61.35590455824296,20.57619352512333,wandb
8360,1786636556.2328992,0.11890433728694916,2.28e-05,2.2543880939483643,3.2266108989715576,534018785280.0,406.27371052654644,60.45386510601657,20.27368737726453,wandb
8370,1786636961.2921922,0.13270696997642517,2.28e-05,2.251946210861206,3.1735475063323975,534522101760.0,349.95751864696314,52.073969043432385,17.463422181997572,wandb
8380,1786637365.6216881,0.12126035988330841,2.28e-05,2.260120391845703,3.1920485496520996,535025418240.0,407.7136801335942,60.668133777913674,20.34554409082892,wandb
8390,1786637763.50526,0.12608648836612701,2.28e-05,2.2511396408081055,3.076873779296875,535528734720.0,405.28635252874165,60.306945416989,20.22441668398981,wandb
8400,1786638724.768462,0.13275590538978577,2.28e-05,2.245352268218994,3.4470162391662598,536032051200.0,380.6720159221756,56.64431171381662,18.996123165530236,wandb
8410,1786639138.2231317,0.13032957911491394,2.28e-05,2.2465696334838867,3.564398765563965,536535367680.0,401.4045010798555,59.72932270163187,20.030706284619633,wandb
8420,1786639563.7833974,0.129834845662117,2.28e-05,2.246856451034546,3.4177985191345215,537038684160.0,355.3891270910034,52.88219688509888,17.73446785563337,wandb
8430,1786640000.3521633,0.12332949787378311,2.28e-05,2.2400975227355957,3.344165325164795,537542000640.0,387.8711063323171,57.715542338059215,19.355368926686456,wandb
8440,1786640415.7418149,0.11723336577415466,2.28e-05,2.2343239784240723,3.1552670001983643,538045317120.0,405.1143531962861,60.28135177365649,20.215833650913947,wandb
8450,1786640847.89235,0.12232931703329086,2.28e-05,2.2275309562683105,3.24711275100708,538548633600.0,382.08287522382966,56.85424874812588,19.066527229770493,wandb
8460,1786641262.0202565,0.13957706093788147,2.28e-05,2.299445152282715,3.0352728366851807,539051950080.0,365.5940478043678,54.400697551616936,18.243709204241387,wandb
8470,1786641688.188711,0.12249508500099182,2.28e-05,2.2967867851257324,3.0825254917144775,539555266560.0,387.8465739600797,57.711891900722165,19.35414472331696,wandb
8480,1786642120.8145256,0.1267215758562088,2.28e-05,2.2910051345825195,3.9609780311584473,540058583040.0,382.68176873202503,56.943364598891584,19.09641294337399,wandb
8490,1786642554.2886972,0.1278807669878006,2.28e-05,2.279985189437866,3.4868011474609375,540561899520.0,397.5799908146392,59.16023240196589,19.83985729912253,wandb
8500,1786643501.395764,0.11881201714277267,2.28e-05,2.2832627296447754,3.4534506797790527,541065216000.0,352.2143556197539,52.40978825689451,17.576041842247097,wandb
8510,1786643924.2912362,0.14152833819389343,2.28e-05,2.2772364616394043,3.163839340209961,541568532480.0,415.7650500268809,61.86618429616297,20.747319918173645,wandb
8520,1786644328.5928502,0.12991492450237274,2.28e-05,2.2815980911254883,3.9751646518707275,542071848960.0,375.30909498951655,55.846304630815816,18.728505105093085,wandb
8530,1786644755.0588014,0.12407595664262772,2.28e-05,2.2834348678588867,3.7166600227355957,542575165440.0,417.0315849902052,62.05464574922039,20.81052197440695,wandb
8540,1786645157.3798242,0.13931885361671448,2.28e-05,2.2798590660095215,3.3635387420654297,543078481920.0,420.4993347241761,62.570649785925596,20.98356805685713,wandb
8550,1786645583.4805083,0.12687650322914124,2.28e-05,2.2892978191375732,3.2701528072357178,543581798400.0,366.18886716482444,54.489207165819856,18.27339161156283,wandb
8560,1786646000.2858098,0.13791285455226898,2.28e-05,2.281853199005127,3.316056489944458,544085114880.0,358.7501650955855,53.38232212796005,17.902188857515796,wandb
8570,1786646431.924991,0.13659873604774475,2.28e-05,2.2869014739990234,3.2717227935791016,544588431360.0,420.2125280648145,62.527972717123674,20.96925596035923,wandb
8580,1786646838.914652,0.11878930777311325,2.28e-05,2.2748334407806396,3.360203504562378,545091747840.0,375.22381954872117,55.833615574494594,18.724249728525887,wandb
8590,1786647272.0495427,0.14618882536888123,2.28e-05,2.281135082244873,3.087808609008789,545595064320.0,338.2305710740759,50.32898951778737,16.878229335839364,wandb
8600,1786648217.1997476,0.14686527848243713,2.28e-05,2.269331455230713,3.0974535942077637,546098380800.0,412.35286273182567,61.358447996454125,20.577046487478444,wandb
8610,1786648632.9656816,0.13579563796520233,2.28e-05,2.3525137901306152,3.2666306495666504,546601697280.0,412.46025489413296,61.37442803928081,20.582405522702665,wandb
8620,1786649053.1499178,0.16150106489658356,2.28e-05,2.348078489303589,4.027321815490723,547105013760.0,375.55049363444624,55.88222494940704,18.740551271344543,wandb
8630,1786649469.2648082,0.12915416061878204,2.28e-05,2.3455562591552734,3.3422205448150635,547608330240.0,415.5320357279911,61.83151157521679,20.735692143774948,wandb
8640,1786649877.799134,0.11588943004608154,2.28e-05,2.3472907543182373,3.2766380310058594,548111646720.0,418.00346499881385,62.199262300617505,20.859020292049035,wandb
8650,1786650304.0348935,0.13502351939678192,2.28e-05,2.3467938899993896,4.335902214050293,548614963200.0,412.1994093709447,61.33561400907468,20.569388927107482,wandb
8660,1786650723.7316792,0.15031951665878296,2.28e-05,2.3442325592041016,3.512624502182007,549118279680.0,356.4689918056138,53.0428816503159,17.78835477734774,wandb
8670,1786651148.4511647,0.13972660899162292,2.28e-05,2.342682123184204,3.032513380050659,549621596160.0,368.2946910384977,54.80255550487699,18.378475484282777,wandb
8680,1786651569.1074276,0.1303233653306961,2.28e-05,2.3474087715148926,3.3318092823028564,550124912640.0,402.36677645931377,59.87251007624495,20.078725316391814,wandb
8690,1786651988.8198304,0.1396898478269577,2.28e-05,2.3395159244537354,3.455085277557373,550628229120.0,383.00253769977,56.991095287350646,19.112419811659812,wandb
8700,1786652928.303142,0.13557690382003784,2.28e-05,2.34031343460083,3.1391258239746094,551131545600.0,404.496494136484,60.18941383308091,20.185001526912114,wandb
8710,1786653346.6976109,0.1436767578125,2.28e-05,2.3414342403411865,3.414097785949707,551634862080.0,395.3519664325703,58.8287005259015,19.72867543177393,wandb
8720,1786653774.4369826,0.12486129999160767,2.28e-05,2.3406589031219482,2.9302637577056885,552138178560.0,379.49981566161824,56.4698873427759,18.937628557067168,wandb
8730,1786654227.5845308,0.15579688549041748,2.28e-05,2.3440418243408203,3.824596405029297,552641495040.0,378.0833096127756,56.25911006780134,18.866942711396717,wandb
8740,1786654707.4914784,0.1523473858833313,2.28e-05,2.343390941619873,4.260356903076172,553144811520.0,379.9044299621414,56.53009428629703,18.957819437315226,wandb
8750,1786655125.582248,0.1480373591184616,2.28e-05,2.343294143676758,3.1619460582733154,553648128000.0,412.1264026529778,61.324750548886506,20.565745778810776,wandb
8760,1786655537.590619,0.1192159652709961,2.28e-05,2.3419599533081055,3.706990957260132,554151444480.0,379.3482825977964,56.44733909719162,18.93006682249354,wandb
8770,1786655951.2239301,0.15288688242435455,2.28e-05,2.340512752532959,3.543185234069824,554654760960.0,367.8750318032739,54.740109862593535,18.3575338384921,wandb
8780,1786656382.483319,0.13784076273441315,2.28e-05,2.3442587852478027,3.438262939453125,555158077440.0,408.7986103985414,60.82957230122238,20.399683791350437,wandb
8790,1786656795.5276325,0.12487860769033432,2.28e-05,2.3444385528564453,3.75435733795166,555661393920.0,373.6587988288674,55.60073919328957,18.646152770757844,wandb
8800,1786657720.6531682,0.16233289241790771,2.28e-05,2.3489136695861816,3.01283597946167,556164710400.0,411.51609520397005,61.23393629426075,20.535290491883245,wandb
8810,1786658147.290827,0.16301129758358002,2.28e-05,2.4115092754364014,3.133873462677002,556668026880.0,371.87382952749505,55.33513428072043,18.55708003812364,wandb
8820,1786658577.1598732,0.15221130847930908,2.28e-05,2.4095358848571777,3.3336102962493896,557171343360.0,398.34459932956344,59.27400678318351,19.878012448215195,wandb
8830,1786659002.8081648,0.1467510461807251,2.28e-05,2.412400960922241,3.458667039871216,557674659840.0,419.98802880045787,62.49456704037874,20.95805309937152,wandb
8840,1786659426.6845107,0.14025656878948212,2.28e-05,2.4091956615448,3.112220287322998,558177976320.0,376.99242613276317,56.096785701153095,18.81250593622332,wandb
8850,1786659843.107953,0.16176193952560425,2.28e-05,2.409297466278076,3.477182149887085,558681292800.0,405.02865693458705,60.268600098835755,20.211557274731902,wandb
8860,1786660262.2215743,0.15631306171417236,2.28e-05,2.4104321002960205,3.4587578773498535,559184609280.0,393.478341859347,58.5499036353467,19.63517866376829,wandb
8870,1786660670.751297,0.14263507723808289,2.28e-05,2.408289909362793,3.3444666862487793,559687925760.0,380.04508225836736,56.55102346463809,18.96483820473408,wandb
8880,1786661097.283337,0.1593678891658783,2.28e-05,2.4115943908691406,4.350810527801514,560191242240.0,349.52245618340595,52.00923138799686,17.441711891257103,wandb
8890,1786661516.3723102,0.1522710621356964,2.28e-05,2.4028937816619873,3.5083956718444824,560694558720.0,373.6497049603715,55.59938601811456,18.645698972635646,wandb
8900,1786662461.929404,0.12474419176578522,2.28e-05,2.4043190479278564,3.2998480796813965,561197875200.0,391.2627875957838,58.220227323259174,19.524619074646388,wandb
8910,1786662878.246999,0.1364523470401764,2.28e-05,2.404723882675171,3.5853960514068604,561701191680.0,358.5332584461363,53.35004623861097,17.891364879771128,wandb
8920,1786663283.987679,0.16618716716766357,2.28e-05,2.403252124786377,3.3782601356506348,562204508160.0,420.5359346653695,62.57609588753263,20.985394450607345,wandb
8930,1786663707.3066082,0.15535743534564972,2.28e-05,2.397625207901001,3.5052173137664795,562707824640.0,417.96667698350916,62.19378821342672,20.857184513109384,wandb
8940,1786664118.7774725,0.16686180233955383,2.28e-05,2.4035537242889404,3.201584815979004,563211141120.0,361.1678215504766,53.742071413748825,18.022833658993505,wandb
8950,1786664528.3336601,0.15827785432338715,2.28e-05,2.40073561668396,3.652439832687378,563714457600.0,377.33048024050265,56.14708843278033,18.829375359765468,wandb
8960,1786664942.8911004,0.14793750643730164,2.28e-05,2.4302380084991455,3.4678022861480713,564217774080.0,346.21953317622035,51.51775370495119,17.276890917751167,wandb
8970,1786665352.489525,0.18795180320739746,2.28e-05,2.427574634552002,3.3051552772521973,564721090560.0,389.19271107583074,57.91219822008589,19.421319050241287,wandb
8980,1786665763.7324867,0.17661713063716888,2.28e-05,2.425636053085327,3.142707347869873,565224407040.0,394.3781787499325,58.68380011102654,19.680081918243253,wandb
8990,1786666179.7201371,0.1505640298128128,2.28e-05,2.428635597229004,3.2837026119232178,565727723520.0,385.3798674347925,57.34484392377438,19.231052247359514,wandb
9000,1786667067.405201,0.20117518305778503,2.28e-05,2.4337007999420166,3.2735302448272705,566231040000.0,421.3722422415474,62.70053914853485,21.027127493901467,wandb
9010,1786667464.7083657,0.13134191930294037,2.28e-05,2.4628946781158447,3.6937103271484375,566734356480.0,411.530336533097,61.23605541584716,20.536001156263136,wandb
9020,1786667872.366174,0.15265651047229767,2.28e-05,2.459643602371216,4.304882049560547,567237672960.0,399.6635014215513,59.470260508421454,19.94382770527312,wandb
9030,1786668274.6049798,0.1643105447292328,2.28e-05,2.458923816680908,3.4700255393981934,567740989440.0,411.77288202506213,61.27214638622851,20.548104551957856,wandb
9040,1786668675.3435023,0.17434647679328918,2.28e-05,2.45497989654541,4.232865333557129,568244305920.0,415.87891781831723,61.8831279179752,20.753002097320625,wandb
9050,1786669078.6549788,0.1263253539800644,2.28e-05,2.459303855895996,3.3690857887268066,568747622400.0,378.95018132398883,56.38810129744794,18.91020095236573,wandb
9060,1786669471.7764378,0.17449724674224854,2.28e-05,2.47406268119812,3.5517868995666504,569250938880.0,412.9696121295941,61.45022081839869,20.607823237626192,wandb
9070,1786669872.1859016,0.16373975574970245,2.28e-05,2.475234270095825,3.5774059295654297,569754255360.0,413.98401966612266,61.60116550122432,20.65844374477657,wandb
9080,1786670263.5421934,0.15088726580142975,2.28e-05,2.4743690490722656,3.4087107181549072,570257571840.0,411.60816183329524,61.247635885068085,20.539884759276028,wandb
9090,1786670665.1906502,0.20860952138900757,2.28e-05,2.4766664505004883,3.3995461463928223,570760888320.0,399.45986681192863,59.43995950960691,19.93366602287105,wandb
9100,1786671566.8582246,0.1431424617767334,2.28e-05,2.4707083702087402,4.22590970993042,571264204800.0,415.2189209622558,61.78491983836547,20.72006723202396,wandb
9110,1786671960.3033493,0.16653017699718475,2.28e-05,2.485931396484375,3.6823275089263916,571767521280.0,417.8606258622016,62.17800771861311,20.851892397908006,wandb
9120,1786672361.1186116,0.16993127763271332,2.28e-05,2.4821910858154297,3.436579942703247,572270837760.0,419.62622543513925,62.44073039952515,20.939998551094185,wandb
9130,1786672757.8806272,0.13569949567317963,2.28e-05,2.4831132888793945,3.146003007888794,572774154240.0,417.27554674333084,62.090947460437114,20.822696043727035,wandb
9140,1786673154.1881514,0.17881280183792114,2.28e-05,2.484476089477539,3.830721616744995,573277470720.0,413.4258017695838,61.518102215211094,20.63058780719165,wandb
9150,1786673552.2468174,0.22723807394504547,2.28e-05,2.4843029975891113,3.8342714309692383,573780787200.0,370.7475030196374,55.167535962130955,18.500874600967894,wandb
9160,1786673947.9610648,0.1700388491153717,2.28e-05,2.481339454650879,3.490724563598633,574284103680.0,412.1040828866321,61.32142934914137,20.564631987902086,wandb
9170,1786674344.1435876,0.19850680232048035,2.28e-05,2.486455202102661,3.409308910369873,574787420160.0,414.7244402968119,61.71134070520537,20.695391880984587,wandb
9180,1786674742.6030366,0.1734321117401123,2.28e-05,2.477992057800293,4.315176486968994,575290736640.0,421.08339683237074,62.65755871206944,21.012713660630254,wandb
9190,1786675138.9577577,0.1736093908548355,2.28e-05,2.479175329208374,3.068610191345215,575794053120.0,423.0657552942172,62.95253529543959,21.111636418081293,wandb
9200,1786676020.4108078,0.17877556383609772,2.28e-05,2.485491991043091,3.412724018096924,576297369600.0,411.00487738020706,61.15786665806031,20.509779930721848,wandb
9210,1786676413.905547,0.1409517377614975,2.28e-05,2.496662139892578,3.3502511978149414,576800686080.0,418.8736915092821,62.32875272717586,20.902445942696662,wandb
9220,1786676818.6442418,0.18985189497470856,2.28e-05,2.4967362880706787,3.606259346008301,577304002560.0,419.09882634735624,62.362252977817136,20.913680519797232,wandb
9230,1786677220.325371,0.18751414120197296,2.28e-05,2.4971396923065186,3.2454466819763184,577807319040.0,363.6999891852015,54.11886005807702,18.149192745695682,wandb
9240,1786677618.745694,0.18668948113918304,2.28e-05,2.500885486602783,3.8112683296203613,578310635520.0,410.61621745477754,61.1000337387863,20.490385198500515,wandb
9250,1786678016.7263784,0.21191678941249847,2.28e-05,2.4925739765167236,3.485917568206787,578813952000.0,416.2377418131289,61.93652122602615,20.770907970395317,wandb
9260,1786678407.8388948,0.22454391419887543,2.28e-05,2.4934699535369873,3.2975914478302,579317268480.0,418.8239280155623,62.32134787803452,20.899962667288147,wandb
9270,1786678805.8423321,0.18437360227108002,2.28e-05,2.4954333305358887,4.255125999450684,579820584960.0,414.33275041736493,61.653056926260405,20.675845949365105,wandb
9280,1786679198.6337361,0.18952234089374542,2.28e-05,2.493360996246338,3.4122154712677,580323901440.0,413.7947165297148,61.572997037511236,20.64899722508399,wandb
9290,1786679592.0683985,0.21404846012592316,2.28e-05,2.495391368865967,3.319328784942627,580827217920.0,420.1259436165397,62.515088879403784,20.96493526229147,wandb
9300,1786680467.5180063,0.16675549745559692,2.28e-05,2.498227834701538,3.4141080379486084,581330534400.0,411.0064618625235,61.15810243034323,20.509858998843427,wandb
9310,1786680865.391261,0.22773797810077667,2.28e-05,2.4976892471313477,3.513601541519165,581833850880.0,415.746444187891,61.86341573188884,20.746391457991997,wandb
9320,1786681257.3139853,0.1813698410987854,2.28e-05,2.5001070499420166,3.457998752593994,582337167360.0,422.12414402457574,62.81242275750689,21.064648557392797,wandb
9330,1786681660.7007163,0.18564283847808838,2.28e-05,2.5033466815948486,3.9120891094207764,582840483840.0,419.4753723565294,62.41828333630442,20.93247074883578,wandb
9340,1786682056.3052793,0.17144498229026794,2.28e-05,2.500767230987549,3.2446389198303223,583343800320.0,408.5657685839605,60.79492524608441,20.38806462418589,wandb
9350,1786682455.5231836,0.22153282165527344,2.28e-05,2.499882698059082,3.6362550258636475,583847116800.0,417.86342381201285,62.178424055865754,20.852032019936953,wandb
9360,1786682852.4429903,0.17786957323551178,2.28e-05,2.498408794403076,3.2484912872314453,584350433280.0,421.435096807482,62.709891960080014,21.03026403408848,wandb
9370,1786683250.6347115,0.16696973145008087,2.28e-05,2.4993391036987305,3.6791975498199463,584853749760.0,420.5615850851095,62.57991269126543,20.986674446278812,wandb
9380,1786683643.0904543,0.1919701099395752,2.28e-05,2.4972128868103027,3.7627594470977783,585357066240.0,420.70073746938505,62.60061868146418,20.993618365768324,wandb
9390,1786684037.423397,0.20031720399856567,2.28e-05,2.4935221672058105,3.220008373260498,585860382720.0,419.09050551173397,62.36101483057491,20.913265297212675,wandb
9400,1786684919.749845,0.20647446811199188,2.28e-05,2.4985191822052,3.756389617919922,586363699200.0,399.9330504766898,59.51036963140083,19.957278620592334,wandb
9410,1786685315.4019,0.1907741278409958,2.28e-05,2.4909164905548096,3.316648006439209,586867015680.0,416.48723410766775,61.97364588639242,20.783358022297424,wandb
9420,1786685708.5508733,0.21176248788833618,2.28e-05,2.4908881187438965,3.306941270828247,587370332160.0,414.6569190796476,61.70129349208652,20.692022467673674,wandb
9430,1786686106.0350254,0.20077301561832428,2.28e-05,2.4927749633789062,3.9918336868286133,587873648640.0,419.0776171753484,62.35909703543063,20.912622149266046,wandb
9440,1786686498.696693,0.20106489956378937,2.28e-05,2.4852347373962402,3.16115140914917,588376965120.0,416.69742529358075,62.00492250919725,20.793846888010968,wandb
9450,1786686895.6210227,0.20131033658981323,2.28e-05,2.4907381534576416,3.6535470485687256,588880281600.0,408.4919295200766,60.78393793213342,20.38437994053882,wandb
9460,1786687290.501329,0.15649506449699402,2.28e-05,2.4968466758728027,4.348936557769775,589383598080.0,401.5892455357136,59.756812829898,20.039925319092468,wandb
9470,1786687685.1834197,0.1712096482515335,2.28e-05,2.4969847202301025,4.006494998931885,589886914560.0,421.47983731311047,62.716549384427104,21.03249665461181,wandb
9480,1786688078.8250515,0.1774590164422989,2.28e-05,2.490333080291748,4.319639205932617,590390231040.0,410.0626630620197,61.01766438600378,20.46276197697693,wandb
9490,1786688470.1000667,0.19801898300647736,2.28e-05,2.486044406890869,3.217311143875122,590893547520.0,420.9659096823006,62.64007652669045,21.00685086988192,wandb
9500,1786689347.1280396,0.18956677615642548,2.28e-05,2.492990255355835,3.929922103881836,591396864000.0,419.1699444017909,62.37283540330517,20.917229420858586,wandb
9510,1786689743.5100331,0.18138620257377625,2.28e-05,2.4964210987091064,4.714457988739014,591900180480.0,411.0640516342371,61.16667183614147,20.512732817644885,wandb
9520,1786690153.098906,0.18269525468349457,2.28e-05,2.4892141819000244,4.086828231811523,592403496960.0,327.7338376373751,48.7670668759957,16.354426080387896,wandb
9530,1786690564.076902,0.19772401452064514,2.28e-05,2.4878721237182617,3.715965986251831,592906813440.0,418.92887182590266,62.336963604057765,20.9051995259573,wandb
9540,1786690956.3130102,0.13860568404197693,2.28e-05,2.4881834983825684,3.2365360260009766,593410129920.0,410.84121093991325,61.13351295599309,20.501612721870536,wandb
9550,1786691353.4549308,0.15285763144493103,2.28e-05,2.490185499191284,3.5108065605163574,593913446400.0,412.72060549943336,61.413168425294714,20.59539742112873,wandb
9560,1786691752.3466156,0.2733228802680969,2.28e-05,2.490799903869629,3.405949115753174,594416762880.0,370.6920217877964,55.15928030881466,18.49810600157171,wandb
9570,1786692146.620603,0.13690873980522156,2.28e-05,2.4852442741394043,4.202959060668945,594920079360.0,420.4491352791418,62.56318006686706,20.981063026802836,wandb
9580,1786692571.134429,0.20916974544525146,2.28e-05,2.487654447555542,3.346813678741455,595423395840.0,369.094378194518,54.92154961698533,18.418381111894654,wandb
9590,1786692965.4269707,0.2207561582326889,2.28e-05,2.4892077445983887,3.3883848190307617,595926712320.0,417.28277984715055,62.09202375228492,20.82305698681001,wandb
9600,1786693846.286651,0.18232598900794983,2.28e-05,2.4824624061584473,4.058484077453613,596430028800.0,416.4345975978817,61.965813530077426,20.78073137893758,wandb
9610,1786694251.1999063,0.18313246965408325,2.28e-05,2.4803876876831055,3.549309253692627,596933345280.0,419.5669063374164,62.43190366858235,20.93703843624655,wandb
9620,1786694647.3631058,0.211483433842659,2.28e-05,2.4836864471435547,3.5606508255004883,597436661760.0,420.1708339333431,62.52176859577796,20.967175358624452,wandb
9630,1786695053.8458652,0.17458492517471313,2.28e-05,2.4803872108459473,4.251154899597168,597939978240.0,416.2854820668513,61.94362501537772,20.773290282994434,wandb
9640,1786695802.6100786,0.16829098761081696,2.28e-05,2.4840540885925293,3.3973159790039062,598443294720.0,285.43570297141764,42.47306935393642,14.243683650739538,wandb
9650,1786696203.6136494,0.22675900161266327,2.28e-05,2.481529951095581,3.4961438179016113,598946611200.0,420.8997042283416,62.630225100227904,21.003547115192756,wandb
9660,1786696623.713933,0.200707346200943,2.28e-05,2.476842164993286,3.0474891662597656,599449927680.0,417.04920542559967,62.05726768462218,20.811401261423025,wandb
9670,1786697028.82339,0.16848258674144745,2.28e-05,2.480788230895996,3.227771282196045,599953244160.0,406.00815162676474,60.414349721463886,20.260435576877427,wandb
9680,1786697432.9831722,0.15607206523418427,2.28e-05,2.484416961669922,3.6618740558624268,600456560640.0,388.94445751627995,57.875257884513296,19.40893081313359,wandb
9690,1786697829.2111857,0.15782088041305542,2.28e-05,2.4859797954559326,4.272828102111816,600959877120.0,418.9501908454138,62.340135891843865,20.90626337804903,wandb
9700,1786698717.8178718,0.19555622339248657,2.28e-05,2.4868693351745605,4.247767448425293,601463193600.0,417.64124604992514,62.14536382058398,20.840945005507916,wandb
9710,1786699124.1964958,0.1578092724084854,2.28e-05,2.482560873031616,4.35059928894043,601966510080.0,378.73131773636925,56.35553421407593,18.899279320375523,wandb
9720,1786699543.8138766,0.1828126609325409,2.28e-05,2.481030225753784,3.2458627223968506,602469826560.0,406.6993340265467,60.51719823584577,20.29492664910478,wandb
9730,1786699949.7924702,0.1985311359167099,2.28e-05,2.4813551902770996,3.511596202850342,602973143040.0,416.2702563604159,61.94135941763132,20.772530496662288,wandb
9740,1786700345.3824575,0.20274613797664642,2.28e-05,2.4791390895843506,3.4315881729125977,603476459520.0,410.18901227658637,61.03646525393039,20.469066998468886,wandb
9750,1786700745.7278318,0.18903101980686188,2.28e-05,2.479661464691162,3.259335517883301,603979776000.0,417.6188263648924,62.14202775285533,20.839826228501988,wandb
9760,1786701140.4169018,0.1573895514011383,2.28e-05,2.476436138153076,3.3652567863464355,604483092480.0,416.2620676142283,61.94014092540653,20.772121865545095,wandb
9770,1786701543.6852915,0.17024481296539307,2.28e-05,2.470871925354004,3.4209916591644287,604986408960.0,411.9263035232158,61.294975632407706,20.555760522329376,wandb
9780,1786701936.8456326,0.17688365280628204,2.28e-05,2.478245258331299,3.3168232440948486,605489725440.0,421.48326134578116,62.71705888332853,21.032667519145097,wandb
9790,1786702338.3048143,0.18228581547737122,2.28e-05,2.4828503131866455,4.105134010314941,605993041920.0,413.41882559629266,61.517064154839055,20.630239685339976,wandb
9800,1786703216.1443477,0.17529059946537018,2.28e-05,2.4749484062194824,3.3567001819610596,606496358400.0,388.45053001356735,57.801761062426436,19.38428306577123,wandb
9810,1786857600.5085926,0.12004490196704865,2.28e-05,2.363455295562744,3.4104745388031006,606999674880.0,314.16085509018365,46.74739581499897,15.67711322993988,wandb
9820,1786858018.6491444,0.13298630714416504,2.28e-05,2.3511319160461426,3.468442440032959,607502991360.0,411.495533713788,61.23087672746714,20.53426444167827,wandb
9830,1786858428.6316135,0.12212760746479034,2.28e-05,2.3427393436431885,3.1185131072998047,608006307840.0,411.3884595548951,61.21494400381229,20.528921275316943,wandb
9840,1786858834.8320556,0.13194060325622559,2.28e-05,2.336881399154663,3.3453776836395264,608509624320.0,409.8963855925633,60.99292216063149,20.454464473726542,wandb
9850,1786859234.6777792,0.15349507331848145,2.28e-05,2.340991735458374,3.419142246246338,609012940800.0,410.1686717504147,61.03343856676481,20.468051974710253,wandb
9860,1786859684.2954752,0.10777970403432846,2.28e-05,2.333462715148926,3.3278417587280273,609516257280.0,301.7846502700284,44.90580627244055,15.059521441596916,wandb
9870,1786860100.5231395,0.11452849954366684,2.28e-05,2.329493761062622,3.280623435974121,610019573760.0,375.678740451703,55.90130818218788,18.746950986149677,wandb
9880,1786860499.75143,0.1529855579137802,2.28e-05,2.337786912918091,3.2730982303619385,610522890240.0,409.75712350990926,60.972199847223024,20.447515080118038,wandb
9890,1786860907.0255353,0.14260965585708618,2.28e-05,2.328368902206421,3.162461042404175,611026206720.0,397.62119467162887,59.16636357006209,19.841913435401356,wandb
9900,1786861825.7958395,0.11758255213499069,2.28e-05,2.3226513862609863,3.522763729095459,611529523200.0,398.7718676313742,59.33758466088638,19.899333798213203,wandb
9910,1786862230.6900654,0.10588224977254868,2.28e-05,2.321460723876953,3.613208055496216,612032839680.0,408.5575615416124,60.793704031375775,20.38765508006195,wandb
9920,1786862632.394646,0.11221452057361603,2.28e-05,2.321286201477051,3.4730544090270996,612536156160.0,403.6215491087273,60.05922128723632,20.14134041494393,wandb
9930,1786863071.0584915,0.1432994306087494,2.28e-05,2.3145532608032227,3.3955845832824707,613039472640.0,207.69423471154838,30.90507439498444,10.364263981405216,wandb
9940,1786863474.1158562,0.10802672058343887,2.28e-05,2.312574863433838,3.226590633392334,613542789120.0,403.54275026803504,60.0474959543824,20.137408230752598,wandb
9950,1786864240.2309554,0.11704785376787186,2.28e-05,2.310865640640259,3.3231091499328613,614046105600.0,286.0569879365653,42.56551707206899,14.27468673272403,wandb
9960,1786864637.4909286,0.1418493688106537,2.28e-05,2.34114408493042,3.0659408569335938,614549422080.0,411.31652179111046,61.20423960489307,20.525331469489487,wandb
9970,1786865034.9522061,0.10682027041912079,2.28e-05,2.344799757003784,3.1501617431640625,615052738560.0,416.83609991477766,62.02555740785363,20.80076696638292,wandb
9980,1786865434.11875,0.10336489230394363,2.28e-05,2.341020107269287,4.028562068939209,615556055040.0,412.4784248684675,61.37713174653269,20.583312232562957,wandb
9990,1786865830.6036685,0.11159296333789825,2.28e-05,2.332596778869629,3.5001955032348633,616059371520.0,411.9209007695004,61.29417169817359,20.55549091655139,wandb
10000,1786866711.9039888,0.12675558030605316,2.28e-05,2.336254596710205,3.53143310546875,616562688000.0,411.34917453200194,61.20909835982121,20.526960891831354,wandb
10010,1786867106.6695216,0.13078190386295319,2.28e-05,2.3310630321502686,3.255676031112671,617066004480.0,408.7043275425997,60.815542934056275,20.394978930817075,wandb
10020,1786867503.1243405,0.12031088769435883,2.28e-05,2.3349382877349854,4.013438701629639,617569320960.0,415.5357012119512,61.83205700227035,20.735875057101524,wandb
10030,1786867899.7670124,0.11187975853681564,2.28e-05,2.333815574645996,3.7454302310943604,618072637440.0,415.8108068385398,61.87299294769034,20.749603253941917,wandb
10040,1786868294.9619765,0.14013852179050446,2.28e-05,2.3286290168762207,3.4772839546203613,618575953920.0,411.67766836939876,61.25797851529179,20.543353243076798,wandb
10050,1786868690.3270118,0.12602457404136658,2.28e-05,2.334137201309204,3.3287100791931152,619079270400.0,414.2005508472098,61.63338552056971,20.66924898606846,wandb
10060,1786869084.0983644,0.12277434021234512,2.28e-05,2.326516628265381,3.3549795150756836,619582586880.0,419.5343208492388,62.42705492091381,20.935412369919266,wandb
10070,1786869481.3210535,0.1330450475215912,2.28e-05,2.334367275238037,3.353452682495117,620085903360.0,395.6678049395053,58.875697557702516,19.74443626242921,wandb
10080,1786869879.0695856,0.09851741790771484,2.28e-05,2.323878526687622,3.457029104232788,620589219840.0,415.11675577968015,61.76971757445832,20.714969031183706,wandb
10090,1786870276.2152112,0.11704694479703903,2.28e-05,2.326512336730957,3.142495632171631,621092536320.0,408.6873466142902,60.813016157839165,20.39413155619499,wandb
10100,1786871151.788866,0.15447279810905457,2.28e-05,2.31850004196167,3.151431083679199,621595852800.0,415.0386208586347,61.75809103339853,20.711069977611007,wandb
10110,1786871546.4967816,0.12292513996362686,2.28e-05,2.35295033454895,3.235970973968506,622099169280.0,417.0818621593321,62.06212703368837,20.813030883013838,wandb
10120,1786871957.3188126,0.19329115748405457,2.28e-05,2.3541126251220703,4.028355598449707,622602485760.0,348.27662316755936,51.82385040189516,17.379542894265363,wandb
10130,1786872351.988653,0.10760141164064407,2.28e-05,2.3485019207000732,3.353863477706909,623105802240.0,416.88588460947824,62.03296541171849,20.803251299753207,wandb
10140,1786872758.1178744,0.12712585926055908,2.28e-05,2.3534274101257324,3.2849173545837402,623609118720.0,421.9099948642981,62.7805571848337,21.05396218262849,wandb
10150,1786873155.0322711,0.11440761387348175,2.28e-05,2.35198712348938,4.334579944610596,624112435200.0,410.88999425271527,61.140771953400865,20.504047084733184,wandb
10160,1786873556.23188,0.12078743427991867,2.28e-05,2.3497438430786133,3.510592460632324,624615751680.0,414.7373208046857,61.7132573354606,20.696034638276355,wandb
10170,1786874108.6820934,0.144917830824852,2.28e-05,2.3470401763916016,3.0402088165283203,625119068160.0,221.50677365519834,32.960391646471855,11.053531067052772,wandb
10180,1786874585.6661496,0.1268829107284546,2.28e-05,2.3515710830688477,3.3411054611206055,625622384640.0,415.32787010683666,61.80113156144588,20.72550396307503,wandb
10190,1786874979.6421096,0.11788102239370346,2.28e-05,2.34373140335083,3.4651660919189453,626125701120.0,408.1668125752821,60.735560261083,20.36815610146424,wandb
10200,1786875854.9268222,0.1367100477218628,2.28e-05,2.3435399532318115,3.1571295261383057,626629017600.0,422.1823505582747,62.82108393800012,21.067553153572547,wandb
10210,1786876254.7722452,0.1339176446199417,2.28e-05,2.3436176776885986,3.414907932281494,627132334080.0,420.8787584987765,62.62710835829539,21.002501890847473,wandb
10220,1786876667.2776506,0.11755593121051788,2.28e-05,2.34281063079834,2.933140754699707,627635650560.0,413.9190681951501,61.59150066847026,20.65520256578056,wandb
10230,1786877061.497993,0.10568622499704361,2.28e-05,2.345897912979126,3.8275198936462402,628138967040.0,419.53560567710997,62.42724610436674,20.935476484819933,wandb
10240,1786877571.898617,0.14102411270141602,2.28e-05,2.343636989593506,4.280263900756836,628642283520.0,237.67509184850846,35.366250804286246,11.86035518580384,wandb
10250,1786878046.3176827,0.12701429426670074,2.28e-05,2.3432323932647705,3.1491360664367676,629145600000.0,419.35397767207,62.400219706567256,20.92641296606957,wandb
10260,1786878444.509611,0.11525056511163712,2.28e-05,2.3419556617736816,3.717500925064087,629648916480.0,412.4014005766735,61.365670468026714,20.579468601110005,wandb
10270,1786878838.5495086,0.1281260848045349,2.28e-05,2.337872266769409,3.5493557453155518,630152232960.0,420.15852474790086,62.51993697877442,20.966561111206865,wandb
10280,1786879232.2115016,0.1212993711233139,2.28e-05,2.3438878059387207,3.427527904510498,630655549440.0,417.21389743782,62.0817739926427,20.81961964790183,wandb
10290,1786879628.088379,0.13778924942016602,2.28e-05,2.34091854095459,3.7543587684631348,631158865920.0,416.14702021951956,61.92302177764896,20.766380822367896,wandb
10300,1786880504.4834564,0.11081729084253311,2.28e-05,2.3412163257598877,3.005110740661621,631662182400.0,414.0414901522231,61.60971715722439,20.66131161104119,wandb
10310,1786880897.1089873,0.15395061671733856,2.28e-05,2.3649091720581055,3.0911943912506104,632165498880.0,415.68242696039096,61.85388991533839,20.743196899192185,wandb
10320,1786881292.275285,0.14397001266479492,2.28e-05,2.364922523498535,3.2713115215301514,632668815360.0,420.39969163051893,62.55582281094144,20.97859571216003,wandb
10330,1786881686.729958,0.14202582836151123,2.28e-05,2.36759614944458,3.4110398292541504,633172131840.0,417.37803903523735,62.10619839848402,20.827810567829516,wandb
10340,1786882082.3591175,0.16623404622077942,2.28e-05,2.3681716918945312,3.076601505279541,633675448320.0,414.4680338120158,61.67318720759391,20.682596800280194,wandb
10350,1786882479.8605201,0.1404401659965515,2.28e-05,2.367262125015259,3.4391398429870605,634178764800.0,418.8573092267556,62.3263150299478,20.901628441426304,wandb
10360,1786882872.356888,0.13520963490009308,2.28e-05,2.370835542678833,3.417163610458374,634682081280.0,416.1284403917344,61.920257083863675,20.765453660185653,wandb
10370,1786883277.7514038,0.1575165092945099,2.28e-05,2.367534637451172,3.3119773864746094,635185397760.0,417.5819030148326,62.136533527740724,20.837983696148456,wandb
10380,1786883677.3927472,0.15366299450397491,2.28e-05,2.371560573577881,4.319607734680176,635688714240.0,423.2171190647046,62.97505835003528,21.119189704655334,wandb
