_step,_timestamp,grad_norm,lr,loss_metrics/global_avg_loss,loss_metrics/global_max_loss,n_tokens_seen,throughput(tps),tflops,mfu(%),source
1,1786857636.5928476,0.25049251317977905,1.085e-06,2.6025354862213135,4.098584175109863,100663296.0,72.23824272843338,0.8082078767132906,0.27103897822899137,wandb
20,1786857812.2755966,1.5593372583389282,2.17e-05,2.6510610580444336,3.3010754585266113,2013265920.0,2138.2715698882585,23.923172270849932,8.02282723926919,wandb
40,1786857969.8189058,1.0585479736328125,2.17e-05,2.645493984222412,3.755621910095215,4026531840.0,1833.2593161235147,20.51066808088145,6.878416654442237,wandb
60,1786858111.8329148,1.1854667663574219,2.17e-05,2.641348361968994,3.542473793029785,6039797760.0,2328.5227278822813,26.051719126877927,8.736652458736856,wandb
80,1786858257.914156,0.936047375202179,2.17e-05,2.6314430236816406,3.189685821533203,8053063680.0,2444.332632295382,27.347410625077128,9.17117296996974,wandb
100,1786858510.074191,0.8794366717338562,2.17e-05,2.6252968311309814,3.5918426513671875,10066329600.0,2238.5214981365502,25.044777373493446,8.398966484822182,wandb
120,1786858658.1073997,0.8895015716552734,2.17e-05,2.625399112701416,4.093533992767334,12079595520.0,1768.518024833846,19.786336762834253,6.635506351289603,wandb
140,1786858799.465383,0.6961568593978882,2.17e-05,2.6202497482299805,3.4923040866851807,14092861440.0,1253.8852914713464,14.028580026119634,4.704596559669456,wandb
160,1786858939.3377779,0.7574812769889832,2.17e-05,2.618391513824463,3.3066115379333496,16106127360.0,2500.6218980381213,27.977179930494948,9.382371145561118,wandb
180,1786859073.4747334,0.7833007574081421,2.17e-05,2.6113600730895996,3.3612489700317383,18119393280.0,2578.371407180141,28.847048345420262,9.674088478648514,wandb
200,1786859306.064956,0.7017624974250793,2.17e-05,2.6111128330230713,3.397177219390869,20132659200.0,2610.5808902420345,29.207410903149523,9.794938945778489,wandb
220,1786859524.2507408,0.7364230751991272,2.17e-05,2.61275053024292,3.5649514198303223,22145925120.0,1217.8115879462239,13.624984226581335,4.5692474789735,wandb
240,1786859776.110164,0.6997860670089722,2.17e-05,2.6096041202545166,3.3951995372772217,24159191040.0,2262.9523923473243,25.31811238816878,8.490631569049132,wandb
260,1786859916.423246,0.7052186727523804,2.17e-05,2.6062283515930176,3.1788761615753174,26172456960.0,2459.86709526683,27.521211576759097,9.22945850976264,wandb
280,1786860047.7275794,0.6850726008415222,2.17e-05,2.603343963623047,4.131000995635986,28185722880.0,2460.1110911408623,27.523941424272415,9.230373985968761,wandb
300,1786860297.5810823,0.6964259147644043,2.17e-05,2.605978012084961,3.5802035331726074,30198988800.0,1592.4537030982203,17.816513491110243,5.974910355824981,wandb
320,1786860444.9864256,0.7173126339912415,2.17e-05,2.60359787940979,3.525662899017334,32212254720.0,1981.4955124651124,22.16914781366904,7.434601102948548,wandb
340,1786860596.612848,0.7337577939033508,2.17e-05,2.60321307182312,3.4758832454681396,34225520640.0,2384.8540013012303,26.68195841790881,8.948008247764104,wandb
360,1786860743.8333645,0.7235864996910095,2.17e-05,2.5993099212646484,3.3343076705932617,36238786560.0,2444.625429984488,27.35068647163265,9.172271551323407,wandb
380,1786860880.9568112,0.6837639212608337,2.17e-05,2.6011080741882324,3.2237935066223145,38252052480.0,2485.3350178738606,27.806148957253058,9.325014540201732,wandb
400,1786861139.8450742,0.6636213660240173,2.17e-05,2.600632905960083,3.402141809463501,40265318400.0,2480.384426500441,27.75076130119631,9.30643984656577,wandb
420,1786861278.142831,0.553580641746521,2.17e-05,2.596210479736328,3.5439071655273438,42278584320.0,2028.0176613363546,22.689641747896026,7.609152908458007,wandb
440,1786861421.1118386,0.6354060769081116,2.17e-05,2.5968477725982666,3.5165891647338867,44291850240.0,2574.549378739957,28.80428715171305,9.659748170190513,wandb
460,1786861554.104632,0.5946566462516785,2.17e-05,2.59495210647583,3.2401764392852783,46305116160.0,2419.936485503213,27.074464367607828,9.079638258582426,wandb
480,1786861688.6392028,0.6068124175071716,2.17e-05,2.593144178390503,3.2672481536865234,48318382080.0,2459.924813375837,27.521857332089887,9.229675068979748,wandb
500,1786861949.8211045,0.6274716258049011,2.17e-05,2.5953402519226074,3.565779685974121,50331648000.0,2123.012834443354,23.752456183228354,7.9655762333220945,wandb
520,1786862090.4646034,0.5948377251625061,2.17e-05,2.5924339294433594,3.8182575702667236,52344913920.0,2515.189769722609,28.140166572994175,9.437030020240256,wandb
540,1786862218.0764406,0.5900093913078308,2.17e-05,2.5913712978363037,3.9221558570861816,54358179840.0,2356.1255895124355,26.360542394813496,8.8402188126494,wandb
560,1786862347.2295766,0.6249958276748657,2.17e-05,2.5887413024902344,3.108128786087036,56371445760.0,2584.5462204892274,28.916132705243335,9.697256471484957,wandb
580,1786862478.9459376,0.5765074491500854,2.17e-05,2.587770700454712,3.2048120498657227,58384711680.0,2474.63083767405,27.686389638303844,9.284852294353055,wandb
600,1786862713.268147,0.7032503485679626,2.17e-05,2.5936660766601562,3.371493101119995,60397977600.0,2578.7246653360135,28.85100062904879,9.67541390858704,wandb
620,1786862839.9544146,0.6250509023666382,2.17e-05,2.591464042663574,4.073504447937012,62411243520.0,2509.6385771673713,28.078059337562635,9.416201861895093,wandb
640,1786862970.177197,0.6683651804924011,2.17e-05,2.5886082649230957,3.1789660453796387,64424509440.0,2413.6011896899154,27.003584515271655,9.055868132965308,wandb
660,1786863173.115995,0.5639940500259399,2.17e-05,2.5894980430603027,3.169572114944458,66437775360.0,1866.5377445551649,20.88299009436411,7.003277820751185,wandb
680,1786863307.4267423,0.5952914953231812,2.17e-05,2.5852952003479004,3.250978946685791,68451041280.0,2337.841826950418,26.15598203508645,8.771617859251068,wandb
700,1786863551.4559855,0.6034450531005859,2.17e-05,2.588466167449951,3.4287357330322266,70464307200.0,2395.0303345543293,26.795812138328515,8.98619000389301,wandb
720,1786863995.8645642,0.5944443345069885,2.17e-05,2.586662769317627,3.8520290851593018,72477573120.0,187.4807361082624,2.0975511298679894,0.7034305546915208,wandb
740,1786864335.3499217,0.5291702151298523,2.17e-05,2.5861830711364746,3.213540554046631,74490839040.0,2444.824857561788,27.352917685083032,9.173019806606764,wandb
760,1786864464.987412,0.6350635290145874,2.17e-05,2.5881659984588623,3.480797052383423,76504104960.0,2694.350845743362,30.144636606751064,10.10924508457429,wandb
780,1786864602.5174572,0.6505025029182434,2.17e-05,2.581435203552246,3.494680404663086,78517370880.0,2270.06299026822,25.397666389356395,8.517310639888686,wandb
800,1786864822.204191,0.6238519549369812,2.17e-05,2.5853452682495117,3.4556970596313477,80530636800.0,2693.9444675109808,30.140090010987787,10.107720347306065,wandb
820,1786864949.5116005,0.6191431879997253,2.17e-05,2.5860562324523926,3.6757659912109375,82543902720.0,2920.134627506665,32.670725613943794,10.956389245318334,wandb
840,1786865078.090925,0.5915904641151428,2.17e-05,2.5837841033935547,4.016573905944824,84557168640.0,2586.169488984968,28.934293977371873,9.703346999408385,wandb
860,1786865202.9784565,0.557016134262085,2.17e-05,2.5832273960113525,3.325490951538086,86570434560.0,2539.443710728255,28.41152181949143,9.528031173367822,wandb
880,1786865334.3535702,0.5771558284759521,2.17e-05,2.583505868911743,3.865370035171509,88583700480.0,2749.769041827503,30.764660307449624,10.31717499364484,wandb
900,1786865557.9630485,0.575043261051178,2.17e-05,2.5810632705688477,3.8481030464172363,90596966400.0,2648.7405973104314,29.634345095633847,9.938114743288093,wandb
920,1786865679.0805264,0.5900406241416931,2.17e-05,2.581258773803711,3.3504247665405273,92610232320.0,2316.9963718650183,25.92276123184753,8.693405396798113,wandb
940,1786865801.2645943,0.5531033277511597,2.17e-05,2.5794341564178467,3.1978204250335693,94623498240.0,2735.917788910623,30.609691259381073,10.265204883409798,wandb
960,1786865925.8748384,0.5749143958091736,2.17e-05,2.5788707733154297,3.262119770050049,96636764160.0,2698.9671681763352,30.19628443220832,10.126565596094931,wandb
980,1786866046.4645238,0.558671236038208,2.17e-05,2.580854892730713,3.508119821548462,98650030080.0,2727.033709669727,30.510295391643407,10.231871683860495,wandb
1000,1786866267.6415577,0.593701958656311,2.17e-05,2.579954147338867,3.6631529331207275,100663296000.0,2868.6304173494377,32.09449193548274,10.763144670585463,wandb
1020,1786866388.6407084,0.5158161520957947,2.17e-05,2.5795164108276367,3.3094353675842285,102676561920.0,2514.5627427269783,28.133151339266995,9.43467740547834,wandb
1040,1786866506.177046,0.5408331155776978,2.17e-05,2.5784740447998047,3.2216601371765137,104689827840.0,2890.914152976419,32.34380434918621,10.846753583362691,wandb
1060,1786866623.9872303,0.51950603723526,2.17e-05,2.5742225646972656,3.4631474018096924,106703093760.0,2777.2902051709034,31.072569527695574,10.420434814351033,wandb
1080,1786866749.222885,0.5770094394683838,2.17e-05,2.574902057647705,3.564110279083252,108716359680.0,2832.3788688731597,31.68890639083259,10.627128312945553,wandb
1100,1786866973.6332104,0.5243797302246094,2.17e-05,2.5745434761047363,3.1541733741760254,110729625600.0,2956.7845292692573,33.080767970547754,11.09390023050757,wandb
1120,1786867094.3571472,0.5633328557014465,2.17e-05,2.57745361328125,3.706840753555298,112742891520.0,2777.7327467609084,31.077520722316404,10.422095237083488,wandb
1140,1786867219.9720666,0.5473474860191345,2.17e-05,2.5751781463623047,3.340289354324341,114756157440.0,2908.7491103429907,32.54334343651835,10.913670612886316,wandb
1160,1786867339.9845345,0.5514069199562073,2.17e-05,2.5723795890808105,3.1570494174957275,116769423360.0,2844.5301704372946,31.824856232156552,10.672720180019018,wandb
1180,1786867477.4609835,0.5253775119781494,2.17e-05,2.571432590484619,3.4856436252593994,118782689280.0,2837.1506758171286,31.742293790810866,10.645032204700804,wandb
1200,1786867704.7530212,0.491263210773468,2.17e-05,2.574032783508301,3.4880118370056152,120795955200.0,2032.1101746069821,22.735429149913944,7.624508080086826,wandb
1220,1786867828.6787548,0.5992322564125061,2.17e-05,2.5750997066497803,3.1415226459503174,122809221120.0,2588.926556566923,28.965140294394605,9.713691558634867,wandb
1240,1786867945.3160038,0.5773319005966187,2.17e-05,2.575075626373291,3.2616841793060303,124822487040.0,2735.314831894276,30.602945322720306,10.26294257957385,wandb
1260,1786868067.7044291,0.5260315537452698,2.17e-05,2.571223497390747,3.1864535808563232,126835752960.0,2867.0422197745434,32.076723039932055,10.757185729286968,wandb
1280,1786868186.9383225,0.578658938407898,2.17e-05,2.5749402046203613,3.3338935375213623,128849018880.0,2767.224780388047,30.95995666109316,10.382669188478292,wandb
1300,1786868410.3957105,0.5171477794647217,2.17e-05,2.5694098472595215,3.4963181018829346,130862284800.0,2542.6495578158892,28.44738912148969,9.540059560080623,wandb
1320,1786868532.3649282,0.5712884068489075,2.17e-05,2.5743465423583984,3.3217320442199707,132875550720.0,2889.7408191734135,32.330676986368594,10.842351217204872,wandb
1340,1786868649.5629108,0.517362654209137,2.17e-05,2.569678544998169,3.683499813079834,134888816640.0,3001.518782157795,33.58125876569787,11.261743823275008,wandb
1360,1786868771.4732044,0.5558894276618958,2.17e-05,2.5716748237609863,3.4745357036590576,136902082560.0,2491.1490370624956,27.87119672040646,9.34682882804668,wandb
1380,1786868890.1456642,0.5648587942123413,2.17e-05,2.570039749145508,3.347897529602051,138915348480.0,2837.6053957446356,31.7473812377535,10.646738320739578,wandb
1400,1786869112.8090572,0.4892735779285431,2.17e-05,2.567856788635254,3.435563564300537,140928614400.0,2835.798808175627,31.727168975548643,10.639959976883318,wandb
1420,1786869234.1601477,0.5844213366508484,2.17e-05,2.571326971054077,4.3083038330078125,142941880320.0,2615.083323324382,29.257784524434964,9.811832142734726,wandb
1440,1786869353.4275494,0.5220093727111816,2.17e-05,2.570939540863037,3.376426935195923,144955146240.0,2725.305079012727,30.49095531829517,10.225385835516011,wandb
1460,1786869473.5031004,0.6023600101470947,2.17e-05,2.571152687072754,3.2112741470336914,146968412160.0,2559.1067242229296,28.631513361174665,9.601807097105816,wandb
1480,1786869596.2548673,0.5327236652374268,2.17e-05,2.5696029663085938,3.485352039337158,148981678080.0,2845.9071774614354,31.840262309064926,10.677886731180019,wandb
1500,1786869820.1684954,0.5152195692062378,2.17e-05,2.567638874053955,3.3427555561065674,150994944000.0,2690.930213783919,30.10636627252724,10.096410821777088,wandb
1520,1786869941.2885845,0.4489801526069641,2.17e-05,2.5673317909240723,3.326231002807617,153008209920.0,2767.810814680234,30.96651326481275,10.384867997997494,wandb
1540,1786870059.3863125,0.5087159276008606,2.17e-05,2.5685982704162598,3.54260516166687,155021475840.0,2922.683189189548,32.69923914844573,10.965951487260998,wandb
1560,1786870183.8039079,0.5260493755340576,2.17e-05,2.567957639694214,3.067232131958008,157034741760.0,2585.29520986077,28.924512464866375,9.700066690924132,wandb
1580,1786870314.0746953,0.5467095971107483,2.17e-05,2.568159580230713,3.1527152061462402,159048007680.0,2854.9344390565298,31.941260113700547,10.711757153085745,wandb
1600,1786870555.9800391,0.5365616083145142,2.17e-05,2.568706512451172,3.4079113006591797,161061273600.0,2806.645595575071,31.40100024323544,10.530576682704195,wandb
1620,1786870686.2085912,0.48302051424980164,2.17e-05,2.5627999305725098,3.823134422302246,163074539520.0,2199.510458734774,24.608318399237724,8.252596475534201,wandb
1640,1786870806.6588256,0.5416195392608643,2.17e-05,2.569897174835205,3.214689254760742,165087805440.0,2785.3558049076896,31.162808174034094,10.450697066433781,wandb
1660,1786870927.1433578,0.4969976246356964,2.17e-05,2.567237138748169,3.1749379634857178,167101071360.0,2889.14628841609,32.32402532344231,10.8401205288201,wandb
1680,1786871050.1671126,0.521728515625,2.17e-05,2.5637311935424805,3.6599385738372803,169114337280.0,2411.692246649097,26.98222709095575,9.048705749832237,wandb
1700,1786871274.7940164,0.5525407195091248,2.17e-05,2.5669198036193848,3.732491970062256,171127603200.0,2731.2099912446092,30.557020000890628,10.247541155432609,wandb
1720,1786871397.4040964,0.49854743480682373,2.17e-05,2.5633416175842285,3.6973776817321777,173140869120.0,2818.555334520406,31.53424746052178,10.575262203181937,wandb
1740,1786871523.0293927,0.5327994227409363,2.17e-05,2.566895008087158,3.684176445007324,175154135040.0,2238.5853918239563,25.04549222174395,8.399206214902756,wandb
1760,1786871661.4447913,0.5149633288383484,2.17e-05,2.565671443939209,3.3698794841766357,177167400960.0,2793.798987922963,31.257271255633803,10.482376016682654,wandb
1780,1786871781.2282453,0.48004424571990967,2.17e-05,2.5631508827209473,3.14916729927063,179180666880.0,2864.6669841714447,32.05014869300766,10.748273809414592,wandb
1800,1786872026.6296382,0.4807373583316803,2.17e-05,2.5626046657562256,3.2710628509521484,181193932800.0,1391.1493408954327,15.56430240451635,5.219613347153331,wandb
1820,1786872150.5764482,0.530326247215271,2.17e-05,2.563941240310669,3.120203733444214,183207198720.0,2262.8119927336807,25.31654158481936,8.49010478757732,wandb
1840,1786872272.811299,0.47439712285995483,2.17e-05,2.5646369457244873,3.363701105117798,185220464640.0,2544.6278870106084,28.469522844259146,9.547482281111545,wandb
1860,1786872396.8013074,0.5214179158210754,2.17e-05,2.5605053901672363,3.7380361557006836,187233730560.0,2786.1502849294648,31.17169688709296,10.453677967479987,wandb
1880,1786872517.9180007,0.48434847593307495,2.17e-05,2.5636909008026123,3.2008137702941895,189246996480.0,2838.4657903920934,31.75700740949983,10.649966534457308,wandb
1900,1786872762.9060051,0.48724091053009033,2.17e-05,2.5636117458343506,3.359771728515625,191260262400.0,2531.0180588349735,28.317254877641886,9.496418000153556,wandb
1920,1786872886.923517,0.5013395547866821,2.17e-05,2.564455032348633,3.817589521408081,193273528320.0,2639.4249669260525,29.530120995367337,9.903162357327753,wandb
1940,1786873008.938957,0.5235854387283325,2.17e-05,2.560793161392212,3.209439754486084,195286794240.0,2701.5723618469337,30.22543157041954,10.136340322111206,wandb
1960,1786873131.8090796,0.5807113647460938,2.17e-05,2.5616185665130615,3.178057909011841,197300060160.0,2885.1215400328847,32.27899608100456,10.825019612072808,wandb
1980,1786873253.8219755,0.5071195363998413,2.17e-05,2.5634779930114746,3.505699634552002,199313326080.0,2857.144979745257,31.965991839292773,10.720051135150875,wandb
2000,1786873488.0569177,0.5513527989387512,2.17e-05,2.5613481998443604,3.5276434421539307,201326592000.0,2537.866157717629,28.393872016271356,9.522112170635301,wandb
2020,1786873612.7195017,0.4383459985256195,2.17e-05,2.561379909515381,3.296867847442627,203339857920.0,2302.538576977104,25.76100613832671,8.639159531922965,wandb
2040,1786873751.6606,0.4999593496322632,2.17e-05,2.5615592002868652,3.316929340362549,205353123840.0,2086.5871510254715,23.344922401382775,7.828906518750125,wandb
2060,1786874313.2779102,0.552932620048523,2.17e-05,2.5618181228637695,3.5792276859283447,207366389760.0,2854.535130460154,31.936792613652916,10.710258941198635,wandb
2080,1786874438.200915,0.5221938490867615,2.17e-05,2.560488700866699,3.2401435375213623,209379655680.0,2627.7997702595435,29.400057262372965,9.859544443779567,wandb
2100,1786874679.1955163,0.5074597597122192,2.17e-05,2.5572969913482666,3.213017463684082,211392921600.0,2902.858798063944,32.47744209949216,10.89157007221336,wandb
2120,1786874802.285986,0.5251407027244568,2.17e-05,2.5609710216522217,3.427187442779541,213406187520.0,2372.352676958684,26.542092490646755,8.901103089937232,wandb
2140,1786874925.6681669,0.5100383758544922,2.17e-05,2.558509349822998,3.239459753036499,215419453440.0,2694.039663214555,30.141155068975802,10.108077523024273,wandb
2160,1786875047.1768868,0.5298436880111694,2.17e-05,2.558537244796753,3.3487424850463867,217432719360.0,2736.188611268089,30.612721243974097,10.266221012987106,wandb
2180,1786875166.0827005,0.49454250931739807,2.17e-05,2.5568413734436035,3.276580333709717,219445985280.0,2886.7786667058776,32.29753616142788,10.831237176388878,wandb
2200,1786875388.8922167,0.5515061020851135,2.17e-05,2.5570895671844482,3.3780064582824707,221459251200.0,2792.2716932653166,31.240183747331418,10.47664558404991,wandb
2220,1786875510.2931519,0.41701313853263855,2.17e-05,2.5569677352905273,3.229996919631958,223472517120.0,2863.882739746894,32.04137449671979,10.745331312483831,wandb
2240,1786875627.5542564,0.5192953944206238,2.17e-05,2.5588369369506836,3.3653347492218018,225485783040.0,2934.395417907279,32.830276603760396,11.009895946380414,wandb
2260,1786875747.3168483,0.4546399712562561,2.17e-05,2.5592689514160156,3.3095619678497314,227499048960.0,2945.6599256241007,32.95630491674495,11.052160549539403,wandb
2280,1786875870.7249918,0.5235214829444885,2.17e-05,2.56160306930542,3.215853452682495,229512314880.0,2313.851414559275,25.887575170138028,8.681605469467003,wandb
2300,1786876099.5350626,0.5115915536880493,2.17e-05,2.5548055171966553,3.6888651847839355,231525580800.0,2020.0420060934255,22.60040940854473,7.579228129475262,wandb
2320,1786876221.353674,0.5463549494743347,2.17e-05,2.559755802154541,3.2299461364746094,233538846720.0,2685.6124076281662,30.046870184865316,10.076458332729237,wandb
2340,1786876338.391805,0.5015198588371277,2.17e-05,2.5600099563598633,3.5409014225006104,235552112640.0,2620.6047160406783,29.319558356621247,9.832548491633906,wandb
2360,1786876485.5881333,0.5197588205337524,2.17e-05,2.55468487739563,3.2767586708068848,237565378560.0,2664.3873315034866,29.80940214771644,9.99682152640087,wandb
2380,1786876602.299763,0.5289245247840881,2.17e-05,2.5575828552246094,3.186509609222412,239578644480.0,2826.0386309527125,31.617971245762615,10.603339644467738,wandb
2400,1786876823.1919284,0.49342137575149536,2.17e-05,2.557492971420288,3.284177780151367,241591910400.0,2715.5588055527937,30.38191314504447,10.18881767022922,wandb
2420,1786876948.0279958,0.4830830991268158,2.17e-05,2.554490804672241,3.2304253578186035,243605176320.0,2881.5564593694276,32.23910964184856,10.811643375555539,wandb
2440,1786877078.9154818,0.504797637462616,2.17e-05,2.5523974895477295,3.2529125213623047,245618442240.0,2893.583658827764,32.3736710177886,10.85676960965288,wandb
2460,1786877199.2421405,0.5789465308189392,2.17e-05,2.5724823474884033,4.033269882202148,247631708160.0,2708.7067838903367,30.305252118006113,10.163108781418389,wandb
2480,1786877487.9900463,0.4527367949485779,2.17e-05,2.553582191467285,3.5687618255615234,249644974080.0,389.32517765355203,4.3558046721221215,1.4607539492167785,wandb
2500,1786877946.6105332,0.49938100576400757,2.17e-05,2.5592501163482666,3.2836339473724365,251658240000.0,2872.697001025602,32.13998923489443,10.778402553984064,wandb
2520,1786878072.2923386,0.48461470007896423,2.17e-05,2.554832935333252,3.5262701511383057,253671505920.0,2723.6442371362928,30.472373671845716,10.21915433170049,wandb
2540,1786878193.8317482,0.5097640752792358,2.17e-05,2.556633949279785,3.980966806411743,255684771840.0,2858.983774573314,31.9865644391729,10.726950321129735,wandb
2560,1786878312.9788465,0.5382646918296814,2.17e-05,2.553799867630005,3.3608245849609375,257698037760.0,2896.181695441635,32.40273808221338,10.86651748228417,wandb
2580,1786878435.0934231,0.49606695771217346,2.17e-05,2.555391788482666,3.4369893074035645,259711303680.0,2723.3677813680656,30.469280660152673,10.218117065480888,wandb
2600,1786878661.0215578,0.48782679438591003,2.17e-05,2.5551512241363525,3.4324536323547363,261724569600.0,2841.917591917846,31.795626471600386,10.662917745938273,wandb
2620,1786878789.1418684,0.4558703899383545,2.17e-05,2.553906202316284,3.353853225708008,263737835520.0,2384.063291048282,26.673111881358448,8.945041490947496,wandb
2640,1786878917.3813725,0.5679485201835632,2.17e-05,2.5544800758361816,3.38163423538208,265751101440.0,2860.22033729546,32.00039921275461,10.731589923147553,wandb
2660,1786879040.4793189,0.47750020027160645,2.17e-05,2.5512561798095703,3.4987728595733643,267764367360.0,2609.5726776379934,29.19613093097397,9.791156116854143,wandb
2680,1786879163.2793539,0.5161888003349304,2.17e-05,2.557492256164551,3.2141025066375732,269777633280.0,2679.2554054132243,29.97574747937933,10.05260676436517,wandb
2700,1786879392.4546835,0.5433850288391113,2.17e-05,2.5542664527893066,3.1670515537261963,271790899200.0,2134.5238392829324,23.88124232791914,8.008765697410212,wandb
2720,1786879520.607808,0.4876280426979065,2.17e-05,2.5533504486083984,3.310800552368164,273804165120.0,2758.7908580022845,30.865597188239057,10.351024984251271,wandb
2740,1786879640.952979,0.503204345703125,2.17e-05,2.552093744277954,3.593012809753418,275817431040.0,2653.3672441824365,29.68610843183213,9.955473992259982,wandb
2760,1786879764.168204,0.47775331139564514,2.17e-05,2.5537073612213135,3.2383480072021484,277830696960.0,2830.1621377378146,31.664105405973693,10.618811104231176,wandb
2780,1786879883.0331452,0.5151361227035522,2.17e-05,2.5534496307373047,3.6882212162017822,279843962880.0,2895.210872881901,32.39187643317497,10.862874941371027,wandb
2800,1786880104.4064577,0.4806164503097534,2.17e-05,2.550499439239502,3.283036231994629,281857228800.0,2779.9924602352917,31.102802597402672,10.430573716183394,wandb
2820,1786880225.4878316,0.46734872460365295,2.17e-05,2.5494766235351562,3.489192008972168,283870494720.0,2445.554705066538,27.36108328379999,9.175758205472503,wandb
2840,1786880347.322207,0.48565083742141724,2.17e-05,2.5509204864501953,3.493002414703369,285883760640.0,2857.5369469612497,31.970377203324535,10.721521802067862,wandb
2860,1786880468.0453706,0.5277129411697388,2.17e-05,2.5543975830078125,3.1643013954162598,287897026560.0,2795.8389736438603,31.280094797095217,10.49003007393142,wandb
2880,1786880590.060995,0.43700268864631653,2.17e-05,2.5522279739379883,3.513160228729248,289910292480.0,2349.8891829558806,26.290768924266292,8.81681972101779,wandb
2900,1786880811.5063088,0.4815157949924469,2.17e-05,2.5514183044433594,3.2014968395233154,291923558400.0,2748.2789633993557,30.747989177628867,10.31158419686751,wandb
2920,1786880935.0081263,0.45599088072776794,2.17e-05,2.5481457710266113,3.184626817703247,293936824320.0,2398.317334225132,26.832587382636213,8.998522876324063,wandb
2940,1786881055.1816485,0.5005313158035278,2.17e-05,2.5483412742614746,3.365640878677368,295950090240.0,2978.0186769045235,33.31833750056292,11.173571073280725,wandb
2960,1786881181.9791079,0.45401424169540405,2.17e-05,2.546480894088745,3.8753421306610107,297963356160.0,2477.501317405491,27.718504820529663,9.295622377678056,wandb
2980,1786881304.1102815,0.44300341606140137,2.17e-05,2.5466995239257812,3.1775922775268555,299976622080.0,2779.269215750016,31.09471087385415,10.427860091946496,wandb
3000,1786881528.0823224,0.4919703006744385,2.17e-05,2.5478594303131104,3.3546814918518066,301989888000.0,2816.222043832714,31.508142397037005,10.56650766126595,wandb
3020,1786881649.3758502,0.46400147676467896,2.17e-05,2.551650047302246,3.60509991645813,304003153920.0,2787.5083479413247,31.186891016709104,10.458773440420668,wandb
3040,1786881771.1437469,0.5005056858062744,2.17e-05,2.5499820709228516,3.443488121032715,306016419840.0,2575.9250496900995,28.819678280506846,9.664909708381686,wandb
3060,1786881893.8617918,0.5199000835418701,2.17e-05,2.5500974655151367,3.6355111598968506,308029685760.0,2684.8448016569173,30.03828214107101,10.073578263526668,wandb
3080,1786882018.3360388,0.5155885815620422,2.17e-05,2.5519540309906006,3.2521419525146484,310042951680.0,2762.018969964815,30.901713591635488,10.363136909111104,wandb
3100,1786882239.4573836,0.516505241394043,2.17e-05,2.550048828125,3.3322649002075195,312056217600.0,2517.2550903341753,28.163273563462937,9.44477913438162,wandb
3120,1786882357.6698625,0.5492525696754456,2.17e-05,2.54512357711792,3.168426275253296,314069483520.0,2994.6416784364624,33.50431711835672,11.235940826200286,wandb
3140,1786882474.0811164,0.5253608226776123,2.17e-05,2.5470845699310303,3.3919222354888916,316082749440.0,2803.167942003575,31.362091946150617,10.517528473956975,wandb
3160,1786882595.3272228,0.4933934807777405,2.17e-05,2.550642967224121,3.5508179664611816,318096015360.0,2651.824484872158,29.668847903622343,9.949685536016894,wandb
3180,1786882719.5252151,0.46825969219207764,2.17e-05,2.549832344055176,3.697490930557251,320109281280.0,2863.0082500685285,32.031590628515566,10.74205021399716,wandb
3200,1786882937.7334764,0.5297066569328308,2.17e-05,2.5453009605407715,3.234140396118164,322122547200.0,2806.689608621545,31.40149266510916,10.530741820319596,wandb
3220,1786883069.4638066,0.5065478086471558,2.17e-05,2.5449681282043457,3.698889970779419,324135813120.0,2313.255113974652,25.880903706226693,8.679368140663462,wandb
3240,1786883199.805203,0.4694521427154541,2.17e-05,2.5498368740081787,3.2131869792938232,326149079040.0,1030.8170268594374,11.532872466041516,3.867641060308608,wandb
3260,1786883333.0578294,0.508061408996582,2.17e-05,2.548765182495117,3.1934945583343506,328162344960.0,1194.5391904920687,13.364610576530636,4.481929092082142,wandb
3280,1786883456.7481077,0.5138538479804993,2.17e-05,2.5487594604492188,3.205900192260742,330175610880.0,2613.9034721474886,29.24458424465934,9.807405323291599,wandb
3300,1786883677.1787083,0.5641385316848755,2.17e-05,2.5453271865844727,3.498528480529785,332188876800.0,2804.7519061661815,31.379813477908566,10.5234715314286,wandb
3320,1786911972.3458762,0.47974732518196106,2.17e-05,2.5468862056732178,3.2041802406311035,334202142720.0,1674.4654865767304,18.734068609938564,6.282619806625387,wandb
3340,1786912153.2137268,0.5426943302154541,2.17e-05,2.54746150970459,3.6935534477233887,336215408640.0,1715.2871116802683,19.190784577863546,6.435783160824131,wandb
3360,1786912331.81683,0.5161713361740112,2.17e-05,2.545870780944824,3.5077295303344727,338228674560.0,1936.2304590361866,21.662718374920992,7.264765938533236,wandb
3380,1786912518.6712997,0.5306560397148132,2.17e-05,2.5466394424438477,3.1206443309783936,340241940480.0,2026.6710047738209,22.674575234648202,7.604100232687547,wandb
3400,1786912847.3222039,0.5189299583435059,2.17e-05,2.5449771881103516,3.5827982425689697,342255206400.0,2080.7674027541652,23.279810540743522,7.807070735300427,wandb
3420,1786912982.9622705,0.43967577815055847,2.17e-05,2.5485591888427734,4.054843425750732,344268472320.0,2430.507683953532,27.192735874930694,9.119301554897667,wandb
3440,1786913131.192523,0.5312051177024841,2.17e-05,2.5471582412719727,3.4448211193084717,346281738240.0,2259.9079940276642,25.284051389328432,8.479208940553246,wandb
3460,1786913276.159203,0.45189332962036133,2.17e-05,2.54587459564209,3.2216055393218994,348295004160.0,2006.6814448005189,22.45093026195431,7.529099101627663,wandb
3480,1786913434.138679,0.44571420550346375,2.17e-05,2.541044235229492,3.2923099994659424,350308270080.0,2433.014218055014,27.220779201118514,9.128706108719884,wandb
3500,1786913675.2937782,0.45957955718040466,2.17e-05,2.5444164276123047,3.369169235229492,352321536000.0,2518.2373352103205,28.174263006392028,9.448464531998528,wandb
3520,1786913839.114674,0.4953042268753052,2.17e-05,2.5466113090515137,3.5110738277435303,354334801920.0,2711.385392329446,30.33522062716901,10.173158960755405,wandb
3540,1786913977.1326025,0.4667769968509674,2.17e-05,2.5461106300354004,3.365565776824951,356348067840.0,2426.391978707089,27.146688999027162,9.10385936662516,wandb
3560,1786914113.6828501,0.510654091835022,2.17e-05,2.5440621376037598,3.142045497894287,358361333760.0,2544.257941050114,28.465383855990094,9.546094238277929,wandb
3580,1786914248.095735,0.5231912732124329,2.17e-05,2.543116569519043,4.04524040222168,360374599680.0,2337.0302965348833,26.146902560707574,8.768572984869845,wandb
3600,1786914474.816303,0.5231670141220093,2.17e-05,2.54534912109375,3.5434913635253906,362387865600.0,2642.96489127349,29.569725983425027,9.916444206967206,wandb
3620,1786914604.560604,0.527675986289978,2.17e-05,2.5438265800476074,3.4820008277893066,364401131520.0,2737.0057517429905,30.621863484195515,10.269286936395838,wandb
3640,1786914736.8998442,0.4714260697364807,2.17e-05,2.5433802604675293,3.424351930618286,366414397440.0,2501.534750157832,27.987393001100752,9.385796180507366,wandb
3660,1786914911.8689926,0.4797341227531433,2.17e-05,2.5398452281951904,3.2295823097229004,368427663360.0,2024.123148077245,22.646069587595708,7.594540635864161,wandb
3680,1786915046.4637907,0.47895365953445435,2.17e-05,2.5424962043762207,3.1736161708831787,370440929280.0,2511.082806624776,28.09421750502587,9.421620632641424,wandb
3700,1786915275.1565397,0.5127924680709839,2.17e-05,2.546110153198242,3.337853193283081,372454195200.0,2731.2250770396126,30.557188782105232,10.247597757563407,wandb
3720,1786915406.6612327,0.506829023361206,2.17e-05,2.5432286262512207,3.4848439693450928,374467461120.0,2742.272406003704,30.680787279911808,10.289047502760603,wandb
3740,1786915532.9968991,0.4859219491481781,2.17e-05,2.5425753593444824,3.484551429748535,376480727040.0,2615.7453099124295,29.265190889187632,9.814315926415624,wandb
3760,1786915663.784145,0.460580438375473,2.17e-05,2.541851043701172,3.207730293273926,378493992960.0,2194.0702158154077,24.54745247818819,8.232184601899263,wandb
3780,1786915796.417885,0.48599401116371155,2.17e-05,2.540699005126953,3.210657835006714,380507258880.0,2618.3903322546844,29.2947836341154,9.824240090209761,wandb
3800,1786916073.5453029,0.49986526370048523,2.17e-05,2.5441150665283203,3.514540195465088,382520524800.0,2606.2855368037453,29.15935410731711,9.778822714775709,wandb
3820,1786916201.0796328,0.47014477849006653,2.17e-05,2.5421323776245117,3.7781975269317627,384533790720.0,2679.8211226033827,29.98207677355661,10.05472934381057,wandb
3840,1786916339.1946077,0.5227903127670288,2.17e-05,2.5410852432250977,3.915776252746582,386547056640.0,2143.525274684064,23.981951186802508,8.042539219045954,wandb
3860,1786916473.0494115,0.5002214312553406,2.17e-05,2.540114164352417,3.0871710777282715,388560322560.0,2598.9536715440513,29.077324547487397,9.751313445537658,wandb
3880,1786916617.9034126,0.4818338453769684,2.17e-05,2.538830280303955,3.1776976585388184,390573588480.0,2547.8401716261446,28.505462169891434,9.559534821526304,wandb
3900,1786916865.6602032,0.46633896231651306,2.17e-05,2.543119192123413,3.3779103755950928,392586854400.0,2402.9521888797003,26.88444254823493,9.01591292102015,wandb
3920,1786917006.7234972,0.4806801676750183,2.17e-05,2.542036533355713,4.050758361816406,394600120320.0,2631.0593208039363,29.436525403416024,9.87177432667358,wandb
3940,1786917140.0023654,0.4768567383289337,2.17e-05,2.538881778717041,3.142911672592163,396613386240.0,2321.3069006821815,25.970987811166847,8.709578566051727,wandb
3960,1786917293.7549632,0.48272064328193665,2.17e-05,2.542304515838623,3.0997486114501953,398626652160.0,1535.8458543566294,17.183179850800904,5.762516852008159,wandb
3980,1786917491.5373535,0.4800715446472168,2.17e-05,2.537796974182129,3.1777660846710205,400639918080.0,2383.8666597119936,26.670911952500898,8.944303727202666,wandb
4000,1786917728.0703714,0.4475414752960205,2.17e-05,2.541987657546997,3.3972554206848145,402653184000.0,2489.226649786304,27.84968888079092,9.339616001939348,wandb
4020,1786917860.303322,0.4603517949581146,2.17e-05,2.5396409034729004,3.837397813796997,404666449920.0,2677.5556974459296,29.956730995652777,10.04622943438948,wandb
4040,1786917989.3288043,0.5286235809326172,2.17e-05,2.5423707962036133,3.1808557510375977,406679715840.0,2546.541675677934,28.49093448187486,9.554662845108489,wandb
4060,1786918122.8363678,0.5657708644866943,2.17e-05,2.541627883911133,3.447869300842285,408692981760.0,2300.729897067526,25.740770466829698,8.632373337573275,wandb
4080,1786918261.2918887,0.45075908303260803,2.17e-05,2.535964250564575,3.453272819519043,410706247680.0,2387.337517323605,26.70974421578283,8.957326437405708,wandb
4100,1786918506.820894,0.5540236234664917,2.17e-05,2.5408077239990234,3.409036159515381,412719513600.0,2437.7453142905247,27.273711126074147,9.146457253281863,wandb
4120,1786918653.293804,0.47399646043777466,2.17e-05,2.540482521057129,3.6465349197387695,414732779520.0,2212.151908915637,24.749752066826517,8.300027387623718,wandb
4140,1786918792.9793367,0.47832074761390686,2.17e-05,2.5393548011779785,3.9992008209228516,416746045440.0,2040.5579796834784,22.829943943545207,7.656204372379246,wandb
4160,1786918931.5619776,0.484048455953598,2.17e-05,2.5397963523864746,3.286134719848633,418759311360.0,2458.3171264724915,27.503870388201214,9.223643003426425,wandb
4180,1786919075.538871,0.5189096927642822,2.17e-05,2.540705919265747,3.834484100341797,420772577280.0,2210.880079675495,24.735522728308677,8.295255465097506,wandb
4200,1786919320.2161932,0.4353789687156677,2.17e-05,2.537707805633545,3.8448872566223145,422785843200.0,2528.932919767203,28.2939261565246,9.488594526865059,wandb
4220,1786919459.6712036,0.4935867488384247,2.17e-05,2.538782835006714,3.3246703147888184,424799109120.0,2280.2447382747414,25.5115806905184,8.555512712254249,wandb
4240,1786919598.5329902,0.46766844391822815,2.17e-05,2.5368599891662598,3.170006275177002,426812375040.0,2472.433969483954,27.661810881840857,9.276609611709379,wandb
4260,1786919738.6389177,0.5113195776939392,2.17e-05,2.5377390384674072,3.2442626953125,428825640960.0,2487.8547408053873,27.834339841243008,9.334468578713556,wandb
4280,1786919873.8015718,0.4758181571960449,2.17e-05,2.5394554138183594,3.4633898735046387,430838906880.0,2635.6375138720236,29.487746634151833,9.888951776241038,wandb
4300,1786920106.3302464,0.4962630569934845,2.17e-05,2.5377094745635986,3.6796555519104004,432852172800.0,2708.607509380859,30.304141425975324,10.162736301958802,wandb
4320,1786920236.8912628,0.4949462413787842,2.17e-05,2.539884567260742,3.276186943054199,434865438720.0,2807.620797432588,31.411910888246474,10.53423565480879,wandb
4340,1786920361.7538443,0.4871900975704193,2.17e-05,2.5383918285369873,3.2056589126586914,436878704640.0,2708.4363514755723,30.302226496126675,10.162094114911989,wandb
4360,1786920488.630812,0.5117530226707458,2.17e-05,2.534602642059326,3.4402427673339844,438891970560.0,2191.17598910767,24.515071612682075,8.221325419560385,wandb
4380,1786920616.0864298,0.5223910808563232,2.17e-05,2.5349009037017822,3.5451457500457764,440905236480.0,2521.999184283244,28.216350907992474,9.462579046561265,wandb
4400,1786920850.9140444,0.4483453333377838,2.17e-05,2.5351595878601074,3.125387668609619,442918502400.0,2652.047618883454,29.671344346762165,9.950522738198806,wandb
4420,1786920986.8644483,0.4568779766559601,2.17e-05,2.537003993988037,3.6913442611694336,444931768320.0,1990.5486674394865,22.2704353157322,7.468568677204576,wandb
4440,1786921112.1775112,0.4872376620769501,2.17e-05,2.5365469455718994,3.3005754947662354,446945034240.0,2711.177301245329,30.332892485634765,10.172378199863564,wandb
4460,1786921236.573485,0.49930649995803833,2.17e-05,2.533397674560547,3.141104221343994,448958300160.0,2628.4707419584347,29.40756415334392,9.862061939732115,wandb
4480,1786921392.4861076,0.47059643268585205,2.17e-05,2.5337648391723633,3.462998628616333,450971566080.0,2312.1974491741394,25.869070458484078,8.67539976635074,wandb
4500,1786921631.210516,0.5111942887306213,2.17e-05,2.536715507507324,3.409092664718628,452984832000.0,2639.017791117819,29.525565476254577,9.90163462754288,wandb
4520,1786921762.920766,0.4718002378940582,2.17e-05,2.5350546836853027,3.1241676807403564,454998097920.0,2326.4295436264547,26.028300395481995,8.728798799781211,wandb
4540,1786921918.7018328,0.5260703563690186,2.17e-05,2.5376715660095215,3.2088890075683594,457011363840.0,2142.7788285403394,23.973599881038215,8.039738541835982,wandb
4560,1786922051.7540157,0.45473814010620117,2.17e-05,2.5327401161193848,3.1540040969848633,459024629760.0,2449.131228252946,27.40109774291923,9.189177374508777,wandb
4580,1786922183.625347,0.4556664824485779,2.17e-05,2.5364248752593994,3.2951438426971436,461037895680.0,2508.658158493291,28.067090326344477,9.412523316215927,wandb
4600,1786922419.8814597,0.43966877460479736,2.17e-05,2.532482385635376,3.484783172607422,463051161600.0,2722.78217117545,30.462728801296766,10.215919847189689,wandb
4620,1786922543.9189858,0.46585941314697266,2.17e-05,2.535858154296875,3.2837584018707275,465064427520.0,2823.8819903499343,31.59384255912003,10.59524789633951,wandb
4640,1786922670.7188709,0.4138847589492798,2.17e-05,2.5328989028930664,3.651185989379883,467077693440.0,2054.9339677437215,22.990783775010982,7.710143296800879,wandb
4660,1786922799.809929,0.49821025133132935,2.17e-05,2.5352790355682373,3.4348669052124023,469090959360.0,2452.8339780522833,27.442524436596884,9.203070147704034,wandb
4680,1786922926.139402,0.512080192565918,2.17e-05,2.534351348876953,3.320390224456787,471104225280.0,2613.300945736718,29.237843125652013,9.80514463509428,wandb
4700,1786923160.212835,0.5590695142745972,2.17e-05,2.5331571102142334,3.4094791412353516,473117491200.0,2696.848561958577,30.172581277644017,10.118616553553997,wandb
4720,1786923287.4206796,0.42942461371421814,2.17e-05,2.5342092514038086,4.290013313293457,475130757120.0,2532.3626976539626,28.332298816195692,9.501463105319747,wandb
4740,1786923413.9085505,0.48224735260009766,2.17e-05,2.534369707107544,3.3213653564453125,477144023040.0,2613.8689678572664,29.24419820759525,9.807275862673329,wandb
4760,1786923542.564061,0.4974932372570038,2.17e-05,2.5346121788024902,3.1879334449768066,479157288960.0,2663.7000171490495,29.801712413663488,9.994242712557778,wandb
4780,1786923675.7743366,0.5086104869842529,2.17e-05,2.5363612174987793,3.512389898300171,481170554880.0,2169.1149349939897,24.268250579530662,8.138552011185752,wandb
4800,1786923913.4392114,0.5170491933822632,2.17e-05,2.5324809551239014,3.3295176029205322,483183820800.0,2439.25074500784,27.290554018669894,9.152105652080124,wandb
4820,1786924044.6093328,0.4906795620918274,2.17e-05,2.5346362590789795,3.289466142654419,485197086720.0,2547.0392234133187,28.496501090136505,9.556529651729544,wandb
4840,1786924178.1000667,0.4533369243144989,2.17e-05,2.534470319747925,3.5154590606689453,487210352640.0,1894.1643378608358,21.19207887439349,7.106933216268851,wandb
4860,1786924310.7872512,0.4934031069278717,2.17e-05,2.5338761806488037,3.037553310394287,489223618560.0,2667.262739975594,29.84157247313066,10.007610102435322,wandb
4880,1786924443.4520729,0.5252254009246826,2.17e-05,2.5345101356506348,3.128485679626465,491236884480.0,2620.889420349744,29.322743653721922,9.83361670650337,wandb
4900,1786924680.844491,0.5023782849311829,2.17e-05,2.534614086151123,3.3686985969543457,493250150400.0,2258.074403213024,25.263537012412698,8.472329280111358,wandb
4920,1786924809.2183368,0.44367316365242004,2.17e-05,2.5288209915161133,3.8230412006378174,495263416320.0,2639.8060501999903,29.534384588888543,9.904592187529694,wandb
4940,1786924944.7824447,0.45392167568206787,2.17e-05,2.536184549331665,3.1531097888946533,497276682240.0,2570.1001917468225,28.754509252403682,9.643054753365547,wandb
4960,1786925114.6101613,0.48794981837272644,2.17e-05,2.5347180366516113,3.1517508029937744,499289948160.0,2645.6192044469567,29.599422674997722,9.926403230100433,wandb
4980,1786925251.6080067,0.49988630414009094,2.17e-05,2.5303258895874023,3.5353732109069824,501303214080.0,2682.2245685371495,30.0089667401665,10.063747109269865,wandb
5000,1786925493.0411522,0.4686080813407898,2.17e-05,2.533022880554199,3.6901679039001465,503316480000.0,2265.290078293149,25.344266626191985,8.499402602040044,wandb
5020,1786925621.0751216,0.5086917877197266,2.17e-05,2.532207489013672,3.6780102252960205,505329745920.0,2744.968668096941,30.7109532997253,10.299163918874655,wandb
5040,1786925752.07257,0.4335913360118866,2.17e-05,2.5333058834075928,3.6499733924865723,507343011840.0,2459.8787825330987,27.52134233493232,9.229502360562275,wandb
5060,1786925878.824981,0.4932570457458496,2.17e-05,2.534029960632324,3.363151788711548,509356277760.0,2650.8804749824167,29.658286237117633,9.946143596646698,wandb
5080,1786926008.0994153,0.4885641634464264,2.17e-05,2.5310890674591064,3.1245899200439453,511369543680.0,2549.539113171498,28.524470078821217,9.565909275875292,wandb
5100,1786926235.011768,0.4855491816997528,2.17e-05,2.531757354736328,3.2619388103485107,513382809600.0,2779.3317225072155,31.0954102050063,10.428094618243978,wandb
5120,1786926361.1447742,0.4581613540649414,2.17e-05,2.531890869140625,3.0905046463012695,515396075520.0,2490.6232530252387,27.865314201891184,9.344856078394354,wandb
5140,1786926499.5736432,0.5010814666748047,2.17e-05,2.5334033966064453,3.336946964263916,517409341440.0,2460.959654302872,27.533435224308544,9.233557807774318,wandb
5160,1786926628.6914876,0.48790445923805237,2.17e-05,2.529017210006714,3.716373920440674,519422607360.0,2578.2713854664803,28.845929293602694,9.673713195667542,wandb
5180,1786926765.2976618,0.5107674598693848,2.17e-05,2.5336170196533203,3.1655683517456055,521435873280.0,2520.312329860266,28.197478230861538,9.456249943278063,wandb
5200,1786926997.8793173,0.49243736267089844,2.17e-05,2.5337796211242676,3.3227570056915283,523449139200.0,2163.388490457655,24.204182609366626,8.117066304759476,wandb
5220,1786927125.4193296,0.4568885862827301,2.17e-05,2.533620834350586,3.7929773330688477,525462405120.0,2403.8924901196337,26.894962722036144,9.019440945480227,wandb
5240,1786927248.431483,0.4988076388835907,2.17e-05,2.5293514728546143,3.201014757156372,527475671040.0,2583.9081814169085,28.908994267423946,9.694862539244916,wandb
5260,1786927380.302606,0.4615495204925537,2.17e-05,2.529775619506836,3.1530604362487793,529488936960.0,2196.6959823314455,24.576829787221715,8.242036517542482,wandb
5280,1786927513.4714441,0.44355008006095886,2.17e-05,2.531989336013794,3.479982376098633,531502202880.0,2606.6402594549613,29.163322775849636,9.780153639522892,wandb
5300,1786927739.572037,0.4674084186553955,2.17e-05,2.52980637550354,3.5092270374298096,533515468800.0,2567.958419752792,28.73054691707658,9.635018792482004,wandb
5320,1786927894.5437255,0.4681350588798523,2.17e-05,2.5317254066467285,3.2659716606140137,535528734720.0,2269.467629859278,25.391005444214098,8.515076838638507,wandb
5340,1786928026.1428618,0.47912880778312683,2.17e-05,2.5311646461486816,3.2934961318969727,537542000640.0,2503.7907531294554,28.012633362752528,9.394260737744855,wandb
5360,1786928156.5377393,0.4456888437271118,2.17e-05,2.530381441116333,3.5569381713867188,539555266560.0,2527.4103140052275,28.2768911080035,9.482881687039722,wandb
5380,1786928288.0154424,0.49040842056274414,2.17e-05,2.5306363105773926,3.20236873626709,541568532480.0,2716.5176491735547,30.392640772649543,10.192415265982337,wandb
5400,1786928531.0143685,0.4625883400440216,2.17e-05,2.527621269226074,3.1906185150146484,543581798400.0,2804.6358618029244,31.37851516326399,10.523036131224243,wandb
5420,1786928658.0428343,0.45327872037887573,2.17e-05,2.531256675720215,3.40792179107666,545595064320.0,2486.0306754544044,27.81393203606084,9.327624657955242,wandb
5440,1786928781.9211075,0.43002980947494507,2.17e-05,2.528560161590576,3.213243007659912,547608330240.0,2699.0869240177426,30.197624271200137,10.12701492182139,wandb
5460,1786928930.8660643,0.4799942076206207,2.17e-05,2.529026985168457,3.3307735919952393,549621596160.0,2427.0474837364623,27.154022847525614,9.106318831399976,wandb
5480,1786929089.5997584,0.5161729454994202,2.17e-05,2.5281505584716797,3.2547640800476074,551634862080.0,2427.7734466020897,27.16214498455499,9.109042655041032,wandb
5500,1786929324.9522455,0.47556182742118835,2.17e-05,2.5265398025512695,3.3590617179870605,553648128000.0,2254.026078312834,25.218243993808578,8.457139903916103,wandb
5520,1786929453.78568,0.4750063121318817,2.17e-05,2.5296473503112793,3.204324960708618,555661393920.0,2586.8829160142595,28.94227586235073,9.70602378840209,wandb
5540,1786929590.545831,0.47890910506248474,2.17e-05,2.529611349105835,3.3350937366485596,557674659840.0,1996.2640970011737,22.334380049381394,7.490013055279539,wandb
5560,1786929723.0778964,0.4942637085914612,2.17e-05,2.532121181488037,3.2699010372161865,559687925760.0,2640.260482627376,29.539468819254274,9.90629722486367,wandb
5580,1786929852.5793142,0.4979809820652008,2.17e-05,2.5326895713806152,3.2000434398651123,561701191680.0,2603.9227397128157,29.132918923571797,9.769957464388936,wandb
5600,1786930088.2155313,0.4667716324329376,2.17e-05,2.5262625217437744,3.68475079536438,563714457600.0,2355.455379820449,26.35304402924348,8.83770417575827,wandb
5620,1786930216.3581514,0.4922938346862793,2.17e-05,2.5316531658172607,3.1899824142456055,565727723520.0,2636.1995159319117,29.494034363121628,9.891060416461528,wandb
5640,1786930352.050044,0.4700871407985687,2.17e-05,2.531306505203247,3.520017147064209,567740989440.0,2653.0216568928654,29.682241970537202,9.954177343527727,wandb
5660,1786930476.522802,0.5241332650184631,2.17e-05,2.5276050567626953,3.2516279220581055,569754255360.0,2645.9721591602893,29.60337156368416,9.927727521517964,wandb
5680,1786930604.4284642,0.5078676342964172,2.17e-05,2.528977870941162,3.1683778762817383,571767521280.0,2777.442786969775,31.074276626415497,10.421007303565894,wandb
5700,1786930901.0730338,0.46394139528274536,2.17e-05,2.5287864208221436,3.256824016571045,573780787200.0,2515.6158480593626,28.144933575275164,9.438628672597751,wandb
5720,1786931413.649448,0.4678860008716583,2.17e-05,2.527045249938965,3.202347993850708,575794053120.0,460.96805610637097,5.1573515604324385,1.7295591116877758,wandb
5740,1786931599.5810106,0.515654444694519,2.17e-05,2.525355815887451,3.216318368911743,577807319040.0,2457.431798784189,27.49396526337906,9.220321240562711,wandb
5760,1786931733.8346407,0.43909481167793274,2.17e-05,2.528646945953369,4.012557506561279,579820584960.0,2610.9409589705297,29.211439384069553,9.7962899290884,wandb
5780,1786931867.8650048,0.45721110701560974,2.17e-05,2.525599718093872,3.5282814502716064,581833850880.0,2321.4979145379484,25.97312489115331,8.71029525292476,wandb
5800,1786932098.8974745,0.48306652903556824,2.17e-05,2.5304996967315674,3.266775131225586,583847116800.0,2658.6684659164343,29.74541897151023,9.97536425630682,wandb
5820,1786932223.153377,0.5137336254119873,2.17e-05,2.528012990951538,3.5411934852600098,585860382720.0,2329.478871828854,26.062416550288365,8.740239925271629,wandb
5840,1786932375.5014775,0.4295620620250702,2.17e-05,2.5277175903320312,3.953556537628174,587873648640.0,2108.967645897644,23.595317366116763,7.9128784736773365,wandb
5860,1786932505.8239973,0.486286997795105,2.17e-05,2.525951385498047,3.332946300506592,589886914560.0,2601.4206466790056,29.104925284443603,9.76056957351973,wandb
5880,1786932637.8777301,0.4505707919597626,2.17e-05,2.5280232429504395,3.418828010559082,591900180480.0,2562.321673642901,28.66748250087569,9.613869635907077,wandb
5900,1786932874.2089539,0.448818176984787,2.17e-05,2.5286455154418945,3.391385555267334,593913446400.0,2488.7404363647283,27.844249081839024,9.337791721834966,wandb
5920,1786932997.6708868,0.47757500410079956,2.17e-05,2.5274882316589355,3.3476693630218506,595926712320.0,2190.325112783256,24.505551932779483,8.218132918734534,wandb
5940,1786933126.109622,0.5026335120201111,2.17e-05,2.526707887649536,3.33923077583313,597939978240.0,2718.0713996913782,30.41002427146572,10.19824496140221,wandb
5960,1786933257.8148856,0.5205290913581848,2.17e-05,2.5256175994873047,3.4775311946868896,599953244160.0,2660.0824762839916,29.761239045111832,9.980669644571435,wandb
5980,1786933394.0691426,0.49552100896835327,2.17e-05,2.531320095062256,3.20127534866333,601966510080.0,2561.5208149845503,28.658522423064184,9.61086480212006,wandb
6000,1786933627.7999418,0.459082692861557,2.17e-05,2.527127742767334,3.158565044403076,603979776000.0,2586.5322436496053,28.93835250878405,9.704708060391285,wandb
6020,1786933754.9612815,0.4583316743373871,2.17e-05,2.5277791023254395,3.2787981033325195,605993041920.0,2065.742699709023,23.111712828400048,7.750697822453442,wandb
6040,1786933882.394031,0.4657745659351349,2.17e-05,2.5253829956054688,3.542221784591675,608006307840.0,2714.829420514291,30.373752720440972,10.18608100654383,wandb
6060,1786934017.4722323,0.4272107481956482,2.17e-05,2.527667999267578,3.2241389751434326,610019573760.0,2579.5940843914905,28.860727766673698,9.678675982020016,wandb
6080,1786934151.977689,0.4210263192653656,2.17e-05,2.5270979404449463,3.6584391593933105,612032839680.0,2675.742613133922,29.936446047310127,10.039426714655322,wandb
6100,1786934385.0736074,0.4588266611099243,2.17e-05,2.5250654220581055,3.2338292598724365,614046105600.0,2637.715698077954,29.510997543657044,9.896749154782823,wandb
6120,1786934517.690699,0.4640222191810608,2.17e-05,2.5236339569091797,3.4687306880950928,616059371520.0,2712.73289568367,30.35029661439749,10.178214813701082,wandb
6140,1786934647.6653397,0.4999774992465973,2.17e-05,2.526291847229004,3.4668970108032227,618072637440.0,2597.019555275635,29.055685482864938,9.744056612074276,wandb
6160,1786934775.4078467,0.49437353014945984,2.17e-05,2.5277462005615234,3.1487624645233154,620085903360.0,2518.4773659402053,28.17694849152039,9.449365130923894,wandb
6180,1786934916.3066936,0.5171882510185242,2.17e-05,2.5281805992126465,3.4799842834472656,622099169280.0,2541.2613254903117,28.431857454911672,9.534850891419019,wandb
6200,1786935546.0648127,0.5122225284576416,2.17e-05,2.5263381004333496,3.1805012226104736,624112435200.0,818.013041810973,9.152002577515697,3.069197292961941,wandb
6220,1786935674.2213511,0.4820769131183624,2.17e-05,2.5232319831848145,3.148939847946167,626125701120.0,2783.2455922559634,31.13919892743217,10.442779516679423,wandb
6240,1786935800.6110325,0.44825828075408936,2.17e-05,2.5218849182128906,3.3408102989196777,628138967040.0,2805.8084826247755,31.391634549185117,10.527435822265998,wandb
6260,1786935931.7510788,0.43011215329170227,2.17e-05,2.5212562084198,3.8316078186035156,630152232960.0,2599.6169614291052,29.084745493642746,9.753802119208617,wandb
6280,1786936066.416626,0.4636721611022949,2.17e-05,2.52286434173584,3.1550865173339844,632165498880.0,2561.7117774357657,28.660658927931962,9.611581296122443,wandb
6300,1786936302.470911,0.45617127418518066,2.17e-05,2.5233540534973145,3.333052396774292,634178764800.0,2490.10255249937,27.859488558152897,9.342902402153566,wandb
6320,1786936431.0145938,0.4739481806755066,2.17e-05,2.527554988861084,3.5894815921783447,636192030720.0,2901.0866892858267,32.45761558906261,10.884921093301495,wandb
6340,1786936581.8642185,0.4414317309856415,2.17e-05,2.525015354156494,3.4243948459625244,638205296640.0,2423.987522462453,27.11978772896952,9.094837810464217,wandb
6360,1786936716.1994536,0.4770042896270752,2.17e-05,2.52561092376709,3.6141152381896973,640218562560.0,2261.8575561844323,25.30586326392186,8.486523727223108,wandb
6380,1786936848.9425187,0.4395388960838318,2.17e-05,2.526474714279175,3.250946521759033,642231828480.0,2414.576305857477,27.014494201575854,9.059526783559898,wandb
6400,1786937116.7450488,0.447751522064209,2.17e-05,2.525657892227173,3.315162181854248,644245094400.0,519.2928761106381,5.80989482775059,1.948394717625407,wandb
6420,1786937246.9099414,0.49591487646102905,2.17e-05,2.5216574668884277,3.143861770629883,646258360320.0,2761.06028348469,30.89098772213381,10.359539902952028,wandb
6440,1786937375.8817382,0.48273220658302307,2.17e-05,2.5231683254241943,3.3521056175231934,648271626240.0,2626.1592767572456,29.381703275340936,9.853389287371268,wandb
6460,1786937510.5409214,0.4688069224357605,2.17e-05,2.5276997089385986,3.518887996673584,650284892160.0,2431.4152474601647,27.202889776063586,9.122706746887738,wandb
6480,1786937645.8373325,0.5164665579795837,2.17e-05,2.526904821395874,3.7317988872528076,652298158080.0,2585.901239773058,28.931292781359907,9.702340524312081,wandb
6500,1786937877.5272486,0.4335671663284302,2.17e-05,2.5200657844543457,3.2224345207214355,654311424000.0,2661.7442796799264,29.77983144912687,9.986904756022652,wandb
6520,1786938036.6210198,0.4626280963420868,2.17e-05,2.521115779876709,3.7015886306762695,656324689920.0,2640.2034579443957,29.538830822035475,9.90608326739149,wandb
6540,1786938164.9681826,0.4852220416069031,2.17e-05,2.5269343852996826,3.1784262657165527,658337955840.0,2747.7719887877965,30.742317100639177,10.30968202046461,wandb
6560,1786938300.2077746,0.4356059432029724,2.17e-05,2.524723529815674,3.1796915531158447,660351221760.0,1921.683463453542,21.499965296103653,7.210185391303648,wandb
6580,1786938443.4478586,0.4678434133529663,2.17e-05,2.5248732566833496,3.1849451065063477,662364487680.0,2680.1595819802537,29.985863487131066,10.055999248506673,wandb
6600,1786939200.4882674,0.47379270195961,2.17e-05,2.520585060119629,3.480821371078491,664377753600.0,2545.0642522971093,28.47440493784772,9.54911953025993,wandb
6620,1786939332.1693602,0.43034783005714417,2.17e-05,2.521878242492676,3.7009873390197754,666391019520.0,2528.838136421173,28.29286571202942,9.488238898318588,wandb
6640,1786939463.3790607,0.4895554482936859,2.17e-05,2.524123430252075,3.5076541900634766,668404285440.0,2561.4815613322676,28.658083249715464,9.610717521823577,wandb
6660,1786939591.5526915,0.5100423097610474,2.17e-05,2.526423454284668,3.8218588829040527,670417551360.0,2600.543636259432,29.09511321396282,9.757279017173959,wandb
6680,1786939726.089448,0.43958592414855957,2.17e-05,2.5238122940063477,3.08229923248291,672430817280.0,2505.0007124055837,28.026170494616956,9.39880052323124,wandb
6700,1786939957.9574025,0.4048444628715515,2.17e-05,2.5244574546813965,3.2274680137634277,674444083200.0,2708.012212796111,30.297481194903774,10.160502740177959,wandb
6720,1786940088.879287,0.4870243966579437,2.17e-05,2.5241427421569824,3.350963830947876,676457349120.0,2835.08735915492,31.71920922070553,10.637290609407707,wandb
6740,1786940217.1740956,0.45276111364364624,2.17e-05,2.524171829223633,3.3583931922912598,678470615040.0,2464.315011093068,27.570975254140308,9.246147157150205,wandb
6760,1786940354.8406777,0.47436779737472534,2.17e-05,2.5221333503723145,3.324402093887329,680483880960.0,2678.9139168307443,29.971926874783424,10.05132549404385,wandb
6780,1786940491.26201,0.4404526352882385,2.17e-05,2.5194242000579834,3.61676025390625,682497146880.0,1852.58147686935,20.72684613173204,6.950913693516336,wandb
6800,1786940731.0483327,0.4822283983230591,2.17e-05,2.524813652038574,3.2189321517944336,684510412800.0,2525.086330410487,28.25089017310143,9.474162065477117,wandb
6820,1786940866.1573014,0.4545344114303589,2.17e-05,2.523715019226074,3.61077618598938,686523678720.0,2469.3291434482508,27.6270738123455,9.26496025750984,wandb
6840,1786940997.296604,0.4428105056285858,2.17e-05,2.525589942932129,3.526787281036377,688536944640.0,2382.449924061053,26.655061388186716,8.938988113633616,wandb
6860,1786941130.523055,0.43125393986701965,2.17e-05,2.5211567878723145,3.7131507396698,690550210560.0,2541.5066573143836,28.434602249152707,9.535771380129873,wandb
6880,1786941271.8961568,0.4331011474132538,2.17e-05,2.5215282440185547,3.2211203575134277,692563476480.0,2721.818578316322,30.45194803879096,10.212304432222458,wandb
6900,1786941551.6838787,0.4591224789619446,2.17e-05,2.5275135040283203,3.107269287109375,694576742400.0,1430.815170037499,16.00808722455272,5.3684401374406825,wandb
6920,1786941675.0582905,0.47168242931365967,2.17e-05,2.522909641265869,3.113138198852539,696590008320.0,2797.1542173702137,31.29480986074139,10.494964888265887,wandb
6940,1786941812.8814409,0.43792033195495605,2.17e-05,2.522855043411255,3.3015007972717285,698603274240.0,2395.6361501118645,26.80259005660203,8.988463033018686,wandb
6960,1786941956.3755987,0.42382264137268066,2.17e-05,2.52567195892334,3.1303060054779053,700616540160.0,2630.832570265484,29.433988498249114,9.87092355522713,wandb
6980,1786942094.4592018,0.4601701498031616,2.17e-05,2.5244061946868896,3.4076156616210938,702629806080.0,2722.1330182614665,30.455466020829565,10.213484215647792,wandb
7000,1786942329.9377081,0.45234838128089905,2.17e-05,2.5214407444000244,3.380033254623413,704643072000.0,2779.451695049174,31.096752468463134,10.428544757034178,wandb
7020,1786942465.6641665,0.43493327498435974,2.17e-05,2.521099805831909,3.052208662033081,706656337920.0,2682.6322591067055,30.013528018474663,10.065276770447,wandb
7040,1786942599.487614,0.4902765154838562,2.17e-05,2.526012897491455,3.3413238525390625,708669603840.0,2768.059863259786,30.969299642444263,10.385802432031069,wandb
7060,1786942722.401336,0.5165160298347473,2.17e-05,2.524648427963257,3.355377674102783,710682869760.0,2673.0101535481626,29.905875046734806,10.02917448500239,wandb
7080,1786942905.2070467,0.48323458433151245,2.17e-05,2.5256810188293457,3.3889002799987793,712696135680.0,2696.8867150202586,30.173008137487326,10.118759704417913,wandb
7100,1786943145.088864,0.4188802242279053,2.17e-05,2.5232019424438477,3.761810779571533,714709401600.0,2526.640380985865,28.26827702898818,9.479992886717469,wandb
7120,1786943277.6626627,0.4482046067714691,2.17e-05,2.523796558380127,3.4374489784240723,716722667520.0,2484.410655622171,27.795807110268207,9.32154631906638,wandb
7140,1786943405.396648,0.4724479615688324,2.17e-05,2.516880989074707,3.058746099472046,718735933440.0,2675.759036957049,29.936629798502235,10.039488337087857,wandb
7160,1786943537.8633175,0.48689281940460205,2.17e-05,2.519693374633789,3.6887848377227783,720749199360.0,2319.3261203509305,25.948826664864132,8.702146648319498,wandb
7180,1786943672.69243,0.4474758803844452,2.17e-05,2.5230395793914795,3.2390613555908203,722762465280.0,2325.1701488750823,26.014210175129087,8.724073531644745,wandb
7200,1786943920.5922933,0.4869803786277771,2.17e-05,2.5247771739959717,3.23551869392395,724775731200.0,2448.2106685718504,27.390798439431972,9.185723420675751,wandb
7220,1786944060.716535,0.45025643706321716,2.17e-05,2.5217552185058594,3.633157253265381,726788997120.0,2448.993232874066,27.399553838361914,9.188659613762125,wandb
7240,1786944202.3794582,0.48638325929641724,2.17e-05,2.521556854248047,3.5295534133911133,728802263040.0,2487.123989938881,27.826164135634478,9.33172679042086,wandb
7260,1786944340.8710053,0.42699572443962097,2.17e-05,2.5236871242523193,3.4124646186828613,730815528960.0,2428.959194266296,27.175411234754463,9.113491598193649,wandb
7280,1786944477.669274,0.4422272741794586,2.17e-05,2.523983955383301,3.215299129486084,732828794880.0,2606.9119262767745,29.16636220838479,9.781172937543191,wandb
7300,1786944725.225472,0.43016335368156433,2.17e-05,2.5207700729370117,3.1164979934692383,734842060800.0,2423.2354434602416,27.111373402284098,9.092015998684086,wandb
7320,1786944853.1598082,0.4683436453342438,2.17e-05,2.521638870239258,3.306175947189331,736855326720.0,2755.546514506598,30.829299185007798,10.338852158433783,wandb
7340,1786944988.7955008,0.4556160271167755,2.17e-05,2.5212254524230957,3.3130130767822266,738868592640.0,2629.267536002086,29.416478755885098,9.865051523023366,wandb
7360,1786945120.6008632,0.4733130633831024,2.17e-05,2.5216355323791504,3.2034316062927246,740881858560.0,2306.529902376918,25.805661441457246,8.654135045131556,wandb
7380,1786945251.4080803,0.45209887623786926,2.17e-05,2.5186927318573,3.2487902641296387,742895124480.0,2369.5216089040837,26.51041824976245,8.890480879819245,wandb
7400,1786945489.245662,0.45776885747909546,2.17e-05,2.5184271335601807,3.420435905456543,744908390400.0,2582.1147240819055,28.88892890744353,9.688133460225043,wandb
7420,1786945623.239673,0.4325975775718689,2.17e-05,2.5208218097686768,4.3658447265625,746921656320.0,2511.651305677239,28.100577922925737,9.423753649676225,wandb
7440,1786945752.3828666,0.4969654381275177,2.17e-05,2.5208940505981445,3.4125852584838867,748934922240.0,2520.7168294888206,28.202003808638324,9.457767631996346,wandb
7460,1786945897.602146,0.4551404118537903,2.17e-05,2.5213379859924316,4.469694137573242,750948188160.0,2211.214202124067,24.739260919944066,8.296509097573104,wandb
7480,1786946032.7900188,0.46472710371017456,2.17e-05,2.5200254917144775,3.6794686317443848,752961454080.0,2624.007991099735,29.357634500301703,9.845317631078599,wandb
7500,1786946270.3153148,0.43722614645957947,2.17e-05,2.520151376724243,4.273412704467773,754974720000.0,2557.4730220702204,28.61323535636512,9.595677421943789,wandb
7520,1786946403.3903842,0.5737881660461426,2.17e-05,2.5219454765319824,3.335960626602173,756987985920.0,2769.927061237727,30.99019001928839,10.392808187057458,wandb
7540,1786946540.048123,0.49192288517951965,2.17e-05,2.519852638244629,3.4756929874420166,759001251840.0,2570.524811887125,28.75925994025324,9.644647934547926,wandb
7560,1786946676.608797,0.47929662466049194,2.17e-05,2.519641876220703,3.4980053901672363,761014517760.0,2407.1290046295585,26.931173133879238,9.031584396824844,wandb
7580,1786946811.1630917,0.48072493076324463,2.17e-05,2.521454334259033,3.4037857055664062,763027783680.0,2575.979037003863,28.820282295369037,9.66511226959867,wandb
7600,1786947053.2973468,0.49099257588386536,2.17e-05,2.525749444961548,3.7331314086914062,765041049600.0,2268.3588980990576,25.37860085478989,8.510916860321343,wandb
7620,1786947184.8930156,0.45660915970802307,2.17e-05,2.5201902389526367,3.1355831623077393,767054315520.0,2647.586354682487,29.621431326578726,9.933784007507567,wandb
7640,1786947378.5323558,0.44690144062042236,2.17e-05,2.5199646949768066,3.450986623764038,769067581440.0,2524.096650558058,28.23981754699722,9.47044877171685,wandb
7660,1786947514.0802186,0.387043833732605,2.17e-05,2.520474910736084,3.5269699096679688,771080847360.0,2520.1691495557593,28.195876316895728,9.455712728612118,wandb
7680,1786947650.1945953,0.45350438356399536,2.17e-05,2.5193965435028076,3.395883083343506,773094113280.0,2613.6752384207575,29.242030745450215,9.806548986900317,wandb
7700,1786947898.7876587,0.46053335070610046,2.17e-05,2.5192301273345947,4.236350059509277,775107379200.0,2484.1523430195016,27.79291708592312,9.32057712627809,wandb
7720,1788884755.1677732,0.487356573343277,2.17e-05,2.5195841789245605,3.3359546661376953,777120645120.0,1977.5089238959047,22.12454550662011,7.419643362399966,wandb
7740,1788884931.2223806,0.49491068720817566,2.17e-05,2.520904064178467,3.3086752891540527,779133911040.0,2165.0498768724924,24.222770348160104,8.123299851691312,wandb
7760,1788885100.4614668,0.43391546607017517,2.17e-05,2.5185112953186035,3.3220138549804688,781147176960.0,2058.3239413091096,23.02871110039867,7.722862528840344,wandb
7780,1788885272.5793684,0.4298066794872284,2.17e-05,2.518004894256592,3.2411177158355713,783160442880.0,2013.3697476454972,22.525759588319247,7.554193714961543,wandb
7800,1788885596.4348361,0.44746047258377075,2.17e-05,2.515890598297119,3.326798915863037,785173708800.0,1971.3842755345759,22.0560223966888,7.396663589205497,wandb
7820,1788885764.456171,0.5054352879524231,2.17e-05,2.521115303039551,3.304079532623291,787186974720.0,1891.608728741969,21.163486492551737,7.09734453223989,wandb
7840,1788885940.1455743,0.4519977569580078,2.17e-05,2.517547845840454,3.4898858070373535,789200240640.0,2255.4075901178207,25.23370047060522,8.462323357082903,wandb
7860,1788886097.391228,0.4642556607723236,2.17e-05,2.518991231918335,3.2401986122131348,791213506560.0,2314.464907808406,25.89443898710714,8.68390730540756,wandb
7880,1788886248.4637656,0.47994717955589294,2.17e-05,2.519888401031494,4.113104820251465,793226772480.0,2259.7114777286956,25.281852747518638,8.478471608430175,wandb
7900,1788886506.4588728,0.4350084960460663,2.17e-05,2.5193889141082764,3.6654388904571533,795240038400.0,2271.984180360567,25.41916083477273,8.524518974144144,wandb
7920,1788886651.3251905,0.45280709862709045,2.17e-05,2.517788887023926,3.6121437549591064,797253304320.0,2281.2133531136315,25.522417639379892,8.559146969765429,wandb
7940,1788886797.6777492,0.48266008496284485,2.17e-05,2.517061471939087,3.503340244293213,799266570240.0,2195.4114089190043,24.562457865772096,8.237216778689238,wandb
7960,1788886945.8840728,0.485760360956192,2.17e-05,2.51513409614563,3.208801031112671,801279836160.0,2241.0843591232037,25.07345088987619,8.408582377968655,wandb
7980,1788887094.364033,0.4388352334499359,2.17e-05,2.5195624828338623,3.700772285461426,803293102080.0,2213.3645862160547,24.763319608188144,8.30457737117831,wandb
8000,1788887341.306129,0.5046404004096985,2.17e-05,2.5191545486450195,3.20361328125,805306368000.0,2202.632999826222,24.643253666350414,8.264312296890566,wandb
8020,1788887490.213891,0.4445614516735077,2.17e-05,2.518477439880371,3.2485313415527344,807319633920.0,2345.4516775792786,26.24112171992039,8.800170133794559,wandb
8040,1788887639.5301456,0.44310399889945984,2.17e-05,2.5183911323547363,3.2477903366088867,809332899840.0,2343.8475511713614,26.223174611170855,8.79415142727388,wandb
8060,1788887786.2693079,0.47888579964637756,2.17e-05,2.515890121459961,3.3050851821899414,811346165760.0,2138.784659612383,23.928912764262225,8.024752359666836,wandb
8080,1788887982.2505455,0.4806317687034607,2.17e-05,2.5208330154418945,3.3187828063964844,813359431680.0,1807.308120940551,20.220323803877882,6.781047377996049,wandb
8100,1788888279.9796,0.4209955632686615,2.17e-05,2.5175819396972656,3.4788544178009033,815372697600.0,1940.9361749477068,21.71536634255724,7.28242185573611,wandb
8120,1788888438.255042,0.4937632381916046,2.17e-05,2.5186586380004883,4.440202713012695,817385963520.0,1945.746984783123,21.769190110349733,7.300472086929399,wandb
8140,1788888604.812929,0.399892657995224,2.17e-05,2.515500783920288,3.6538453102111816,819399229440.0,2180.048542406269,24.390576750513457,8.179575071402232,wandb
8160,1788888769.128425,0.45207250118255615,2.17e-05,2.5191144943237305,3.3748278617858887,821412495360.0,2080.1804860148764,23.273244064127372,7.804868614826368,wandb
8180,1788888925.1919057,0.42815443873405457,2.17e-05,2.5168240070343018,3.572382688522339,823425761280.0,2068.919875310322,23.147259351262246,7.76261863331629,wandb
8200,1788889220.267489,0.4395148754119873,2.17e-05,2.514780282974243,3.8862133026123047,825439027200.0,2186.000497273477,24.45716775029183,8.20190689599738,wandb
8220,1788889405.1047726,0.5168671607971191,2.17e-05,2.518390655517578,3.5538768768310547,827452293120.0,2340.061477035875,26.1808156774185,8.779946019910373,wandb
8240,1788889551.2135606,0.44937723875045776,2.17e-05,2.517732620239258,3.257404327392578,829465559040.0,2286.6809536147666,25.58358963948448,8.57966148946053,wandb
8260,1788889738.1573012,0.5047897100448608,2.17e-05,2.5175113677978516,3.9105262756347656,831478824960.0,2436.463912748222,27.259374691789404,9.141649415333307,wandb
8280,1788889907.2834458,0.4911074936389923,2.17e-05,2.5170063972473145,3.3458261489868164,833492090880.0,1673.3578822537927,18.721676634382828,6.278464058469946,wandb
8300,1788890212.453885,0.4244745075702667,2.17e-05,2.51387095451355,3.395493984222412,835505356800.0,1692.5994941424508,18.936953497464003,6.350658877014832,wandb
8320,1788890404.0235476,0.48438870906829834,2.17e-05,2.5143680572509766,3.4393839836120605,837518622720.0,2308.882318220678,25.831980478887036,8.662961344922088,wandb
8340,1788890590.8499606,0.5173857808113098,2.17e-05,2.5147037506103516,4.350166320800781,839531888640.0,1260.7323255762908,14.105185251921487,4.730286735089141,wandb
8360,1788890795.6480467,0.4840523302555084,2.17e-05,2.5167784690856934,3.163616895675659,841545154560.0,2248.4596182408072,25.155965944042958,8.436254461617258,wandb
8380,1788890942.109274,0.45895645022392273,2.17e-05,2.514608860015869,3.789865016937256,843558420480.0,2350.592715890922,26.298640113239774,8.81945938722037,wandb
8400,1788891299.763578,0.5112913250923157,2.17e-05,2.516937494277954,3.526425838470459,845571686400.0,2174.8254576487684,24.332140414269478,8.159977978471852,wandb
8420,1788891517.2441967,0.526226282119751,2.17e-05,2.5189859867095947,3.2357304096221924,847584952320.0,1519.8652260455517,17.00438716166539,5.702557293119457,wandb
8440,1788891727.722282,0.4156779646873474,2.17e-05,2.5119566917419434,3.6124935150146484,849598218240.0,1684.2363301989733,18.843385676347797,6.319280159532417,wandb
8460,1788891972.1667016,0.4484931528568268,2.17e-05,2.516216278076172,3.402215003967285,851611484160.0,1367.756428177295,15.302580418986604,5.131842785170538,wandb
8480,1788892222.5864203,0.5096133947372437,2.17e-05,2.518132209777832,3.2380735874176025,853624750080.0,1007.7921498139058,11.27526809631023,3.7812513737304116,wandb
8500,1788892542.4617717,0.47956132888793945,2.17e-05,2.5187907218933105,3.6284501552581787,855638016000.0,1994.633276519796,22.3161342849667,7.483894192191892,wandb
8520,1788892693.7358892,0.4420486390590668,2.17e-05,2.5159308910369873,3.479053497314453,857651281920.0,2030.253824635572,22.71466014153053,7.617543026944852,wandb
8540,1788892842.2433846,0.46813446283340454,2.17e-05,2.516749620437622,3.3898394107818604,859664547840.0,2341.02690041128,26.19161691990302,8.783568303002333,wandb
8560,1788892986.626842,0.43316397070884705,2.17e-05,2.5196356773376465,3.3562209606170654,861677813760.0,2234.463099216042,24.999371645855106,8.383739310750473,wandb
8580,1788893132.8304608,0.4820946753025055,2.17e-05,2.515148639678955,3.492910385131836,863691079680.0,2188.5330397064686,24.485502060002954,8.211409033472403,wandb
8600,1788893395.7388594,0.45952004194259644,2.17e-05,2.5142040252685547,3.2608845233917236,865704345600.0,1954.9951613256005,21.872659531040988,7.335171385055706,wandb
8620,1788893545.0970075,0.47110944986343384,2.17e-05,2.5134613513946533,3.818422794342041,867717611520.0,2329.8618077193782,26.066700871048507,8.741676706518993,wandb
8640,1788893855.9264631,0.44427749514579773,2.17e-05,2.5151007175445557,3.2952253818511963,869730877440.0,2282.278975713667,25.534339919690478,8.5631452018622,wandb
8660,1788894013.0063245,0.45076531171798706,2.17e-05,2.514584541320801,3.221137046813965,871744143360.0,2249.2349046716613,25.1646399175016,8.439163348020315,wandb
8680,1788894163.4483654,0.4383765757083893,2.17e-05,2.5166094303131104,3.165276050567627,873757409280.0,2202.16299584336,24.637995220038757,8.262548834845159,wandb
8700,1788894416.3875463,0.495840460062027,2.17e-05,2.5151357650756836,3.191645622253418,875770675200.0,2278.196246030367,25.488661977316674,8.547826738400865,wandb
8720,1788894561.9048362,0.44593545794487,2.17e-05,2.515686273574829,3.451676845550537,877783941120.0,2334.97316828655,26.123887227126406,8.760854608599118,wandb
8740,1788894707.6686392,0.4967125952243805,2.17e-05,2.517996311187744,3.2617299556732178,879797207040.0,2365.229673348478,26.462399693505116,8.874377472763939,wandb
8760,1788894852.7139614,0.46583521366119385,2.17e-05,2.5173299312591553,3.28602933883667,881810472960.0,2282.7422861384825,25.539523477880106,8.56488354957668,wandb
8780,1788895001.74356,0.4510239362716675,2.17e-05,2.5156915187835693,3.3835268020629883,883823738880.0,1976.3458136948564,22.111532526369373,7.415279355351165,wandb
8800,1788895301.1386518,0.4139108955860138,2.17e-05,2.514589786529541,3.09873628616333,885837004800.0,1983.0131561289197,22.18612734579504,7.440295324906582,wandb
8820,1788895455.3965728,0.48261895775794983,2.17e-05,2.5138087272644043,3.427762269973755,887850270720.0,2058.0883508635907,23.026075293566237,7.72197858992901,wandb
8840,1788895610.8873692,0.4746418595314026,2.17e-05,2.5116047859191895,3.6492104530334473,889863536640.0,2396.127068573392,26.808082495958867,8.990304966504063,wandb
8860,1788895767.6093013,0.45762377977371216,2.17e-05,2.5135459899902344,3.309840202331543,891876802560.0,2242.551524845878,25.089865670312733,8.414087205928839,wandb
8880,1788895914.2704885,0.4812728762626648,2.17e-05,2.5157718658447266,4.164176940917969,893890068480.0,2026.9849341889874,22.678087504832067,7.605278100596691,wandb
8900,1788896174.1353588,0.4068799316883087,2.17e-05,2.5141241550445557,3.0801620483398438,895903334400.0,2274.929499091725,25.452113322375485,8.535569854526893,wandb
8920,1788896323.1810334,0.4155971109867096,2.17e-05,2.5133605003356934,4.368411064147949,897916600320.0,2059.244250716478,23.039007603801235,7.7263155436425635,wandb
8940,1788896474.048467,0.4461323320865631,2.17e-05,2.514566659927368,4.417119026184082,899929866240.0,1645.9832383579244,18.415406686731487,6.175753980944786,wandb
8960,1788896621.084817,0.45401930809020996,2.17e-05,2.513652801513672,3.08026123046875,901943132160.0,2210.0590751096706,24.726337256294755,8.292175043561246,wandb
8980,1788896765.7485352,0.49171364307403564,2.17e-05,2.5117833614349365,3.6884186267852783,903956398080.0,2253.2564630516385,25.20963346989986,8.454252295827295,wandb
9000,1788897017.0546622,0.4354380667209625,2.17e-05,2.510740041732788,3.271244525909424,905969664000.0,2327.46485187617,26.03988351614831,8.732683291977537,wandb
9020,1788897166.5709922,0.48902881145477295,2.17e-05,2.51350736618042,3.1201395988464355,907982929920.0,2262.9899874599446,25.318533005628424,8.490772626479743,wandb
9040,1788897339.6416,0.433074414730072,2.17e-05,2.5138139724731445,3.723766565322876,909996195840.0,1850.771045961178,20.706590869907213,6.944120929393463,wandb
9060,1788897549.2781534,0.47649329900741577,2.17e-05,2.5119380950927734,3.240293025970459,912009461760.0,1372.7213753788558,15.358128689323856,5.1504713420906,wandb
9080,1788897717.421187,0.4440970718860626,2.17e-05,2.5154991149902344,3.860710859298706,914022727680.0,2359.753537737888,26.401132201837758,8.853830929209197,wandb
9100,1788898052.4132857,0.47806888818740845,2.17e-05,2.5131237506866455,3.4728269577026367,916035993600.0,1377.2534008080868,15.408833392414975,5.167475569979481,wandb
9120,1788898334.5262935,0.45911309123039246,2.17e-05,2.515280246734619,3.5797905921936035,918049259520.0,2186.24721590593,24.459928060268226,8.202832588034234,wandb
9140,1788898554.6576831,0.45571252703666687,2.17e-05,2.5130043029785156,3.189235210418701,920062525440.0,1197.1349651091477,13.393652333534366,4.491668477667291,wandb
9160,1788898799.9519138,0.44948023557662964,2.17e-05,2.5127904415130615,3.154794931411743,922075791360.0,1682.0521984851196,18.818949416712414,6.311085264340046,wandb
9180,1788899029.2029493,0.42691609263420105,2.17e-05,2.512777805328369,3.4014315605163574,924089057280.0,1412.5409627088698,15.803633769625634,5.299875035422402,wandb
9200,1788899374.7528582,0.4685368835926056,2.17e-05,2.5134687423706055,3.6041221618652344,926102323200.0,1153.1390232230158,12.901421827464812,4.326595038936678,wandb
9220,1788899541.0878751,0.4236452877521515,2.17e-05,2.5089192390441895,3.367215156555176,928115589120.0,2102.7854546790018,23.526150461586184,7.889682798812759,wandb
9240,1788899692.3683147,0.4562465250492096,2.17e-05,2.519179105758667,3.5785951614379883,930128855040.0,2258.9959371933483,25.273847216446274,8.475786889529813,wandb
9260,1788899841.9199178,0.4377204179763794,2.17e-05,2.512929916381836,3.180328130722046,932142120960.0,2414.4459089358365,27.01303530923312,9.059037532339618,wandb
9280,1788899986.6786118,0.4639364778995514,2.17e-05,2.511989116668701,3.2914373874664307,934155386880.0,2304.3613948238676,25.781399986320856,8.6459987720266,wandb
9300,1788900248.6673543,0.5140334367752075,2.17e-05,2.513941526412964,3.2362823486328125,936168652800.0,2352.926244291508,26.324747836277524,8.828214821038724,wandb
9320,1788900405.7536895,0.46299493312835693,2.17e-05,2.5127410888671875,3.157900810241699,938181918720.0,2168.4790742618025,24.261136513174172,8.136166252110801,wandb
9340,1788900554.9545853,0.4302314817905426,2.17e-05,2.511446475982666,3.253082513809204,940195184640.0,2424.7621059580933,27.128453837926543,9.09774405944373,wandb
9360,1788900712.6729195,0.46763062477111816,2.17e-05,2.5138683319091797,3.699889898300171,942208450560.0,1907.5550096345742,21.34189489971823,7.157175219095497,wandb
9380,1788900885.0819705,0.43346551060676575,2.17e-05,2.5127835273742676,3.077065944671631,944221716480.0,2047.4877626009768,22.907474970412657,7.682205022593959,wandb
9400,1788901153.5351512,0.49130910634994507,2.17e-05,2.511683940887451,3.170341968536377,946234982400.0,1910.1556915683045,21.370991560216584,7.166933017006871,wandb
9420,1788901300.3208272,0.4034510850906372,2.17e-05,2.514258861541748,3.22737455368042,948248248320.0,2400.8582904354757,26.861015826435757,9.008056582418844,wandb
9440,1788901450.418559,0.4750690162181854,2.17e-05,2.5166029930114746,3.349813938140869,950261514240.0,2084.607497283128,23.322773859456834,7.821478827996502,wandb
9460,1788901596.6044178,0.48792582750320435,2.17e-05,2.513810157775879,3.7141571044921875,952274780160.0,2313.6768152705104,25.885621737785325,8.680950370297383,wandb
9480,1788901746.686789,0.48278725147247314,2.17e-05,2.510864019393921,3.2464284896850586,954288046080.0,2275.665873809805,25.460351948135,8.538332743595669,wandb
9500,1788902024.414575,0.47869861125946045,2.17e-05,2.515005588531494,3.1106221675872803,956301312000.0,2437.1540490681955,27.267095998243455,9.144238817233733,wandb
9520,1788902171.6851435,0.4331802725791931,2.17e-05,2.513526439666748,3.598362922668457,958314577920.0,2300.2488554403963,25.73538853037348,8.630568462119799,wandb
9540,1788902316.4723969,0.4416801333427429,2.17e-05,2.5087223052978516,3.1735761165618896,960327843840.0,2396.8002694311804,26.81561432695758,8.992830826294476,wandb
9560,1788902496.5644593,0.4744417071342468,2.17e-05,2.5114145278930664,3.591026782989502,962341109760.0,1755.2329274601711,19.63770191327581,6.585660465207214,wandb
9580,1788902705.7766106,0.4555319547653198,2.17e-05,2.5137195587158203,3.2958264350891113,964354375680.0,1183.1465394810966,13.237148584987905,4.43918369334727,wandb
9600,1788903005.9214337,0.46624886989593506,2.17e-05,2.510974407196045,3.1269869804382324,966367641600.0,2391.76158005803,26.75924102265392,8.973925587632372,wandb
9620,1788903152.3130717,0.5038180351257324,2.17e-05,2.511718273162842,3.288440465927124,968380907520.0,2458.548006142761,27.50645349046169,9.224509267437844,wandb
9640,1788903298.4593723,0.47593507170677185,2.17e-05,2.51485276222229,3.264746904373169,970394173440.0,2291.4672889475564,25.63713958436747,8.597619891950158,wandb
9660,1788903454.9062748,0.4412848949432373,2.17e-05,2.5154988765716553,4.192893028259277,972407439360.0,2297.70948288729,25.706977804671784,8.621040697930903,wandb
9680,1788903601.2393773,0.42507773637771606,2.17e-05,2.510690927505493,3.1672749519348145,974420705280.0,2245.78100657382,25.125997398766273,8.426204270169194,wandb
9700,1788903856.0381596,0.4972437024116516,2.17e-05,2.512072801589966,3.33223819732666,976433971200.0,2350.8352343178526,26.30135343094367,8.82036932002264,wandb
9720,1788904008.8114247,0.45523571968078613,2.17e-05,2.509737014770508,3.512524127960205,978447237120.0,2347.1031050288575,26.259598036925883,8.806366314538268,wandb
9740,1788904158.0444648,0.4459112584590912,2.17e-05,2.5098752975463867,3.7082443237304688,980460503040.0,2144.710769556437,23.995214608744497,8.046987213719795,wandb
9760,1788904319.5355449,0.44505542516708374,2.17e-05,2.508281946182251,3.5364537239074707,982473768960.0,1983.2650173170769,22.18894519114147,7.441240311890143,wandb
9780,1788904483.3429806,0.4310813546180725,2.17e-05,2.511709451675415,3.5312047004699707,984487034880.0,1818.015556672287,20.340119546007475,6.8212218386497,wandb
9800,1788904761.4917333,0.4649307429790497,2.17e-05,2.5085229873657227,3.210476875305176,986500300800.0,1712.8477833521965,19.163493155838665,6.426630764079222,wandb
9820,1788904904.0326667,0.47968393564224243,2.17e-05,2.510075807571411,3.248798131942749,988513566720.0,2327.9144095952897,26.044913207844935,8.734370039332441,wandb
9840,1788905078.6691806,0.4461798071861267,2.17e-05,2.5092148780822754,3.1872129440307617,990526832640.0,1218.0054393035098,13.627153052786852,4.5699748121951105,wandb
9860,1788905293.677564,0.4286634624004364,2.17e-05,2.5102505683898926,3.1591079235076904,992540098560.0,1266.4540949619848,14.169200916084849,4.751754900279571,wandb
9880,1788905567.6631367,0.45610737800598145,2.17e-05,2.5091195106506348,3.235135316848755,994553364480.0,1806.6488517265689,20.21294784134765,6.778573789943703,wandb
9900,1788905890.0485878,0.4361054599285126,2.17e-05,2.512457847595215,3.641313076019287,996566630400.0,1370.7309484303119,15.33585961580994,5.143003230104531,wandb
9920,1788906040.6210465,0.49669480323791504,2.17e-05,2.5119428634643555,3.3503732681274414,998579896320.0,2287.154183946511,25.588884182474033,8.581437056815693,wandb
9940,1788906196.5963616,0.47449931502342224,2.17e-05,2.513970375061035,4.989070892333984,1000593162240.0,2318.0547852018212,25.934602854280655,8.697376579630307,wandb
9960,1788906349.2828104,0.42410334944725037,2.17e-05,2.5103418827056885,3.4854190349578857,1002606428160.0,2380.0318427634684,26.62800767982634,8.929915436068136,wandb
9980,1788906491.4439902,0.45083630084991455,2.17e-05,2.509993314743042,3.1425869464874268,1004619694080.0,2372.317944208343,26.54170389755056,8.900972772133144,wandb
10000,1788906748.2722857,0.4410613179206848,2.17e-05,2.507934808731079,3.346269130706787,1006632960000.0,2287.7468814896342,25.595515335237003,8.583660866953087,wandb
10020,1788906890.339669,0.4601634442806244,2.17e-05,2.510657548904419,3.858088731765747,1008646225920.0,2210.9583789059466,24.736398747054444,8.295549244993254,wandb
10040,1788907067.273821,0.44007521867752075,2.17e-05,2.5049822330474854,3.139521360397339,1010659491840.0,1924.156349381903,21.527632163541558,7.219463696671894,wandb
10060,1788907221.3243232,0.441591739654541,2.17e-05,2.508923053741455,3.256537914276123,1012672757760.0,2176.417756195111,24.34995519185302,8.165952306677186,wandb
10080,1788907532.8218672,0.46440932154655457,2.17e-05,2.5139358043670654,3.5595240592956543,1014686023680.0,2274.527431884827,25.447614958748275,8.534061292291419,wandb
10100,1788907802.450692,0.4876311719417572,2.17e-05,2.5121214389801025,3.4494152069091797,1016699289600.0,2022.5846662543318,22.628856916294534,7.588768228818298,wandb
10120,1788907951.4895535,0.4733514189720154,2.17e-05,2.5094618797302246,3.155956506729126,1018712555520.0,2148.797164137686,24.040933554322116,8.062319427933618,wandb
10140,1788908101.0003614,0.45491907000541687,2.17e-05,2.5065722465515137,3.75557279586792,1020725821440.0,2413.047986387342,26.99739522758031,9.053792505815212,wandb
10160,1788908247.1067755,0.4315865933895111,2.17e-05,2.510251760482788,3.8246655464172363,1022739087360.0,2413.9656093153453,27.00766167441309,9.057235440906261,wandb
10180,1788908400.7368994,0.5097166299819946,2.17e-05,2.5144076347351074,3.157893419265747,1024752353280.0,2051.471514709181,22.952045542883916,7.697152120697997,wandb
10200,1788908656.6550543,0.4349556863307953,2.17e-05,2.509098529815674,3.306710958480835,1026765619200.0,2138.421058611375,23.92484476396354,8.023388123217083,wandb
10220,1788908798.3023944,0.4754210412502289,2.17e-05,2.5112757682800293,4.415596008300781,1028778885120.0,1900.1956603286915,21.259557845938296,7.129562829300865,wandb
10240,1788908945.6835897,0.44831085205078125,2.17e-05,2.5096635818481445,3.3556060791015625,1030792151040.0,2287.9147445420863,25.59739340197945,8.584290691662279,wandb
10260,1788909092.6401498,0.4479982852935791,2.17e-05,2.511080741882324,3.1976046562194824,1032805416960.0,2418.416292843458,27.057456317088736,9.073934472753079,wandb
10280,1788909238.0021398,0.43966084718704224,2.17e-05,2.510517120361328,3.5656251907348633,1034818682880.0,2252.3342627308325,25.19931581078978,8.450792186289284,wandb
10300,1788909495.7587895,0.46811845898628235,2.17e-05,2.5096800327301025,3.74224591255188,1036831948800.0,2302.4343467861654,25.75984000169151,8.638768458671658,wandb
10320,1788909641.9058888,0.467077374458313,2.17e-05,2.5070157051086426,3.1162211894989014,1038845214720.0,2021.7971343589952,22.620045939491476,7.585813397247476,wandb
10340,1788909791.8811514,0.5169968008995056,2.17e-05,2.5125937461853027,3.582078695297241,1040858480640.0,2053.039717964245,22.9695907402082,7.703036043006377,wandb
10360,1788909942.4707024,0.44903379678726196,2.17e-05,2.5071616172790527,3.2727317810058594,1042871746560.0,2336.232726646273,26.137979277944073,8.765580490596587,wandb
10380,1788910094.1127064,0.4797634482383728,2.17e-05,2.510784149169922,3.43351149559021,1044885012480.0,2188.9298968087687,24.489942132517097,8.2128980473167,wandb
10400,1788910350.6169565,0.4655640721321106,2.17e-05,2.5073323249816895,3.2313389778137207,1046898278400.0,1998.8255560240248,22.363037880468582,7.499623688236642,wandb
10420,1788910500.467318,0.4460345208644867,2.17e-05,2.5111773014068604,3.6430399417877197,1048911544320.0,2216.7102042940087,24.80075068044224,8.317130180758712,wandb
10440,1788910667.2649078,0.4378677010536194,2.17e-05,2.5100913047790527,3.2093210220336914,1050924810240.0,2148.703596007439,24.03988670576907,8.061968358895125,wandb
10460,1788910826.412935,0.5178155303001404,2.17e-05,2.509701728820801,3.7632060050964355,1052938076160.0,2155.706853955418,24.118239777804465,8.0882446885344,wandb
10480,1788911024.971718,0.44657397270202637,2.17e-05,2.5077037811279297,4.110163688659668,1054951342080.0,1653.4122342539333,18.498522952748598,6.203627685797924,wandb
10500,1788911398.4241624,0.47414928674697876,2.17e-05,2.508577585220337,3.8766939640045166,1056964608000.0,2110.007059673906,23.606946419778787,7.916778369871298,wandb
10520,1788911761.2138548,0.4831409156322479,2.17e-05,2.5097711086273193,3.659268379211426,1058977873920.0,893.6678391873718,9.998435171129806,3.353055235853864,wandb
10540,1788912199.9036877,0.40815940499305725,2.17e-05,2.5076122283935547,3.3460164070129395,1060991139840.0,1049.3822570147265,11.740581910205416,3.9372980843698406,wandb
10560,1788912594.6695976,0.5139946937561035,2.17e-05,2.512131690979004,3.303060293197632,1063004405760.0,620.0972703253943,6.937703344881229,2.3266143278624916,wandb
10580,1788913048.574126,0.4196230173110962,2.17e-05,2.5085277557373047,3.6283063888549805,1065017671680.0,347.5793238768458,3.8887483517006496,1.3041228750713136,wandb
10600,1788913606.3590167,0.4660526216030121,2.17e-05,2.506317138671875,3.53397274017334,1067030937600.0,520.0960012330236,5.818880262963049,1.9514080552197295,wandb
10620,1788913874.2616606,0.4322209060192108,2.17e-05,2.5098190307617188,3.2431325912475586,1069044203520.0,483.29740794955467,5.407174332414961,1.8133391771974536,wandb
10640,1788914078.1229308,0.44850432872772217,2.17e-05,2.508504867553711,3.1484620571136475,1071057469440.0,759.9971189884429,8.502915279306773,2.8515206739175896,wandb
10660,1788914363.932972,0.4841250777244568,2.17e-05,2.5098891258239746,3.19937801361084,1073070735360.0,1252.6043551277642,14.0142487965195,4.699790467153528,wandb
10680,1788914782.0802426,0.4086790084838867,2.17e-05,2.5079803466796875,3.262227773666382,1075084001280.0,1932.3309472688409,21.6190902908665,7.25013491146096,wandb
10700,1788915218.9562373,0.44899868965148926,2.17e-05,2.5085504055023193,3.2535789012908936,1077097267200.0,637.4863954761776,7.132254421778957,2.3918585881760004,wandb
10720,1788915793.6771166,0.41951248049736023,2.17e-05,2.5080952644348145,3.321514129638672,1079110533120.0,721.5162993722827,8.072388451113005,2.707140057276801,wandb
10740,1788916234.694271,0.4491402506828308,2.17e-05,2.505984306335449,3.7644882202148438,1081123799040.0,1141.7230117931067,12.773698477479861,4.283761991556981,wandb
10760,1788916643.0643337,0.43310338258743286,2.17e-05,2.5058510303497314,3.1838650703430176,1083137064960.0,1431.7270887442396,16.0182898520513,5.371861670207365,wandb
10780,1788917115.769579,0.438855916261673,2.17e-05,2.5070815086364746,3.3713958263397217,1085150330880.0,1176.5092731259783,13.162890259405195,4.4142805696945,wandb
10800,1788917607.4405925,0.4368142783641815,2.17e-05,2.507694721221924,3.3200604915618896,1087163596800.0,685.6117607758983,7.6706852838246835,2.572425685949534,wandb
10820,1788917885.8908434,0.43865442276000977,2.17e-05,2.5067660808563232,3.2891628742218018,1089176862720.0,2166.966177980427,24.24421009518454,8.130489842403383,wandb
10840,1788918753.0626366,0.4754617214202881,2.17e-05,2.5070557594299316,3.512922763824463,1091190128640.0,1322.6538706765468,14.797968999117845,4.9626173079330425,wandb
10860,1788919112.3654885,0.46735942363739014,2.17e-05,2.5074827671051025,3.4759488105773926,1093203394560.0,2299.148364862463,25.723076144028784,8.6264394048431,wandb
10880,1788919261.967017,0.4430740475654602,2.17e-05,2.5093398094177246,3.527139186859131,1095216660480.0,2069.985114223535,23.15917733885058,7.76661542581431,wandb
10900,1788919520.7917218,0.5052648186683655,2.17e-05,2.507779359817505,3.8935718536376953,1097229926400.0,2297.257816537424,25.70192452142706,8.619346038961575,wandb
10920,1788919673.9633994,0.42463964223861694,2.17e-05,2.5053491592407227,3.557943105697632,1099243192320.0,2251.683623279647,25.192036398812313,8.448350977237345,wandb
10940,1788919816.154245,0.45657312870025635,2.17e-05,2.5116641521453857,3.38553786277771,1101256458240.0,2038.5573752203961,22.80756100309455,7.648698074204848,wandb
10960,1788919968.503727,0.4966106116771698,2.17e-05,2.5086007118225098,4.041424751281738,1103269724160.0,2078.2754511884878,23.25193036526168,7.797720895372891,wandb
10980,1788920114.6302958,0.45657432079315186,2.17e-05,2.5077013969421387,3.140084981918335,1105282990080.0,2189.883054695793,24.500606147628048,8.216474310110925,wandb
11000,1788920370.3992286,0.4653819799423218,2.17e-05,2.5047686100006104,3.3553032875061035,1107296256000.0,2093.1695309607667,23.418566652824833,7.85360370772639,wandb
11020,1788920517.398173,0.4530370831489563,2.17e-05,2.5065877437591553,3.467750072479248,1109309521920.0,2417.385581429897,27.045924626233656,9.07006722795546,wandb
11040,1788920663.8414757,0.4309893846511841,2.17e-05,2.5078463554382324,3.9197797775268555,1111322787840.0,2302.529561125958,25.76090526818319,8.639125704313237,wandb
11060,1788920810.739626,0.44765615463256836,2.17e-05,2.5108895301818848,5.590651988983154,1113336053760.0,2244.519064470862,25.11187867841754,8.421469444331086,wandb
11080,1788921011.8869913,0.49954643845558167,2.17e-05,2.508070468902588,3.6563079357147217,1115349319680.0,1864.3935988008277,20.859001201195827,6.9952329534831055,wandb
11120,1789071513.7884636,0.45081406831741333,2.17e-05,2.5061497688293457,3.318221092224121,1119375851520.0,1898.9272503316279,21.245366762215752,7.124803735826347,wandb
11140,1789071663.0541778,0.4710676670074463,2.17e-05,2.5069522857666016,3.288037061691284,1121389117440.0,2296.7469213345694,25.69620858051368,8.617429152440897,wandb
11160,1789071810.5532074,0.44873523712158203,2.17e-05,2.5056214332580566,3.3121705055236816,1123402383360.0,2382.387821801644,26.654366582591777,8.938755105017956,wandb
11180,1789071950.7604878,0.46051767468452454,2.17e-05,2.5050830841064453,3.228912591934204,1125415649280.0,2331.5062856363775,26.085099436066155,8.747846812511455,wandb
11200,1789072241.7610323,0.4513241946697235,2.17e-05,2.502525806427002,3.2903945446014404,1127428915200.0,2237.351656118115,25.031689077071785,8.394577219892827,wandb
11220,1789072369.5497427,0.4268757104873657,2.17e-05,2.5067331790924072,3.2798123359680176,1129442181120.0,2690.061803635759,30.096650422647016,10.09315253377961,wandb
11240,1789072506.6268282,0.3851050138473511,2.17e-05,2.5034115314483643,3.481562376022339,1131455447040.0,2456.0482023048066,27.478485463060082,9.215129965666076,wandb
11260,1789072638.7985172,0.4818364083766937,2.17e-05,2.5057082176208496,3.227336883544922,1133468712960.0,2800.540336649036,31.332694064028598,10.507669658963918,wandb
11280,1789072782.8682444,0.4915045201778412,2.17e-05,2.5063023567199707,4.097672939300537,1135481978880.0,2833.6925863435645,31.703604378591628,10.632057400744639,wandb
11300,1789073013.7781377,0.4558148682117462,2.17e-05,2.506412982940674,3.6582894325256348,1137495244800.0,2590.3157404324165,28.98068260688573,9.718903797488615,wandb
11320,1789073136.7974951,0.4896315038204193,2.17e-05,2.5051918029785156,3.601283550262451,1139508510720.0,2821.7662417499664,31.57017137583741,10.587309575623703,wandb
11340,1789073255.1601896,0.4583103358745575,2.17e-05,2.5039830207824707,3.483086585998535,1141521776640.0,2736.2182679457164,30.613053045517855,10.266332285289673,wandb
11360,1789073383.237049,0.44332972168922424,2.17e-05,2.501159191131592,3.1994385719299316,1143535042560.0,2701.0987448331352,30.220132701196817,10.134563303919135,wandb
11380,1789073514.4133654,0.46229875087738037,2.17e-05,2.506046772003174,3.68937349319458,1145548308480.0,2829.93514686403,31.661565811913732,10.617959431042927,wandb
11400,1789073742.1241891,0.4928833544254303,2.17e-05,2.5058326721191406,3.199530601501465,1147561574400.0,2679.754526249513,29.981331687633627,10.054479473284587,wandb
11420,1789073861.7081096,0.4455919563770294,2.17e-05,2.5050368309020996,3.2341768741607666,1149574840320.0,2477.8573718126445,27.72248838886592,9.296958299193639,wandb
11440,1789073978.9903622,0.4485695958137512,2.17e-05,2.5054149627685547,3.235175132751465,1151588106240.0,3034.411603995259,33.94926657835057,11.385158187816097,wandb
11460,1789074109.411504,0.43761104345321655,2.17e-05,2.5021355152130127,3.299182891845703,1153601372160.0,2857.074654867957,31.965205038318445,10.719787275148645,wandb
11480,1789074235.0472405,0.4744577705860138,2.17e-05,2.507965087890625,3.3095779418945312,1155614638080.0,2903.4402169043206,32.483947065126884,10.893751564487628,wandb
11500,1789074458.3371923,0.4800809919834137,2.17e-05,2.5049214363098145,3.4708075523376465,1157627904000.0,2724.7961524346956,30.485261402531187,10.223476335305413,wandb
11520,1789074586.331426,0.4958595037460327,2.17e-05,2.5051639080047607,4.405501365661621,1159641169920.0,2813.2202404172613,31.474557953768716,10.555244849494251,wandb
11540,1789074716.4075716,0.4938170611858368,2.17e-05,2.5027921199798584,3.643289566040039,1161654435840.0,2583.774355463766,28.907497010772158,9.69436042224663,wandb
11560,1789074849.3757284,0.4510349631309509,2.17e-05,2.506761312484741,3.3552589416503906,1163667701760.0,2750.8182963886334,30.776399460686935,10.321111812612322,wandb
11580,1789074966.72951,0.4463198482990265,2.17e-05,2.5037403106689453,3.566516160964966,1165680967680.0,2879.590509513048,32.21711442021612,10.804267101989115,wandb
11600,1789075185.2693272,0.46209195256233215,2.17e-05,2.5021004676818848,3.8783936500549316,1167694233600.0,2947.970849706492,32.98215974066275,11.060831171614344,wandb
11620,1789075318.841097,0.4773450791835785,2.17e-05,2.5055344104766846,3.5448639392852783,1169707499520.0,2465.8845634434365,27.588535545262708,9.25203614128455,wandb
11640,1789075457.7874694,0.4649062156677246,2.17e-05,2.5046284198760986,3.2475764751434326,1171720765440.0,2570.91057087854,28.763575846116936,9.646095308112491,wandb
11660,1789075583.6614633,0.4634896516799927,2.17e-05,2.504025459289551,3.902855157852173,1173734031360.0,2814.644998870504,31.49049827790774,10.560590564738764,wandb
11680,1789075775.117926,0.4798153340816498,2.17e-05,2.503448724746704,3.3262786865234375,1175747297280.0,2539.1724226904976,28.408486624825937,9.527013296551024,wandb
11700,1789076002.6064973,0.42283302545547485,2.17e-05,2.5013582706451416,3.3849642276763916,1177760563200.0,2654.9565000460602,29.703889167611134,9.96143690427378,wandb
11720,1789076127.8979769,0.461163192987442,2.17e-05,2.5009586811065674,3.425764560699463,1179773829120.0,2502.0616803338835,27.993288342718674,9.387773230489769,wandb
11740,1789076260.505327,0.4981975257396698,2.17e-05,2.5009751319885254,4.345113754272461,1181787095040.0,2744.131506220079,30.701587058280204,10.29602287486324,wandb
11760,1789076511.1639485,0.4632156193256378,2.17e-05,2.5036048889160156,3.1426162719726562,1183800360960.0,2468.0025056791924,27.61223127113739,9.259982692554981,wandb
11780,1789076638.0525265,0.4863584041595459,2.17e-05,2.5015385150909424,3.7675328254699707,1185813626880.0,2644.0645517472976,29.582029082491026,9.92057014968068,wandb
11800,1789076870.9578576,0.47055384516716003,2.17e-05,2.503113031387329,3.522026538848877,1187826892800.0,2607.284424151882,29.170529747701224,9.782570555198994,wandb
11820,1789077000.016508,0.480972021818161,2.17e-05,2.505366563796997,3.213214159011841,1189840158720.0,2683.6782651227136,30.025230826700568,10.069201400824097,wandb
11840,1789077142.7627645,0.5022600889205933,2.17e-05,2.4992527961730957,3.607800006866455,1191853424640.0,2743.0501730973774,30.689489007246433,10.291965696648042,wandb
11860,1789077270.089208,0.47712716460227966,2.17e-05,2.5035152435302734,3.3903958797454834,1193866690560.0,2829.9455808289267,31.661682548039867,10.617998579436877,wandb
11880,1789077392.502417,0.4581835865974426,2.17e-05,2.5046329498291016,3.2214832305908203,1195879956480.0,2694.230617401171,30.143291481378508,10.108793986017753,wandb
11900,1789077616.1667197,0.45240169763565063,2.17e-05,2.5053892135620117,3.6169087886810303,1197893222400.0,2767.648250599199,30.964694483433234,10.384258055109123,wandb
11920,1789077736.2757566,0.47074094414711,2.17e-05,2.5038719177246094,3.4664359092712402,1199906488320.0,2797.52958432491,31.299009499575128,10.496373270751661,wandb
11940,1789077860.158054,0.47757190465927124,2.17e-05,2.5046143531799316,3.3812692165374756,1201919754240.0,2713.3398176740825,30.35708691154032,10.180491994179635,wandb
11960,1789077980.3579946,0.4298878610134125,2.17e-05,2.5066909790039062,3.3467516899108887,1203933020160.0,2800.8301794900713,31.33593685148142,10.508757153682975,wandb
11980,1789078095.3813848,0.43710702657699585,2.17e-05,2.501667022705078,3.487370491027832,1205946286080.0,2733.0312624889502,30.577396545359484,10.254374592660584,wandb
12000,1789078316.2427263,0.4541851282119751,2.17e-05,2.5019631385803223,3.251394510269165,1207959552000.0,2927.725634797946,32.75565447784301,10.984870819374507,wandb
12020,1789078442.3193476,0.4743673503398895,2.17e-05,2.5011043548583984,3.8103628158569336,1209972817920.0,2831.8210979303944,31.682665999977022,10.62503554794044,wandb
12040,1789079097.3054,0.41022026538848877,2.17e-05,2.5022873878479004,3.2890892028808594,1211986083840.0,447.89058584633466,5.011039661465315,1.6804922456729812,wandb
12060,1789079621.9673276,0.4230888783931732,2.17e-05,2.5018563270568848,3.205332040786743,1213999349760.0,813.4895043247875,9.10139283828537,3.0522249119636187,wandb
12080,1789080648.4379818,0.4643821120262146,2.17e-05,2.5047786235809326,3.1586644649505615,1216012615680.0,503.3560584082126,5.631592295596463,1.8885995368023425,wandb
12100,1789081696.4409165,0.472890168428421,2.17e-05,2.5019216537475586,3.1796650886535645,1218025881600.0,599.4352733761833,6.706535087566944,2.2490902031085485,wandb
12120,1789081835.2298477,0.4349850118160248,2.17e-05,2.50276517868042,3.4425859451293945,1220039147520.0,2663.9594361343593,29.804614816315844,9.995216056510452,wandb
12140,1789081980.7143369,0.42440301179885864,2.17e-05,2.5044329166412354,3.254127025604248,1222052413440.0,2528.1070100729476,28.284685805498054,9.485495701212807,wandb
12160,1789082119.804087,0.4352758824825287,2.17e-05,2.5047736167907715,3.278021812438965,1224065679360.0,2385.420440698358,26.68829579220182,8.950133536940966,wandb
12180,1789082254.3045688,0.46999993920326233,2.17e-05,2.503805637359619,3.3805625438690186,1226078945280.0,2702.7730117477718,30.23886454816625,10.14084517868084,wandb
12200,1789082507.9680665,0.4635031223297119,2.17e-05,2.5030341148376465,3.0783441066741943,1228092211200.0,1616.2711069913057,18.082984721613702,6.064273615110194,wandb
12220,1789082644.9403274,0.4384780824184418,2.17e-05,2.5005645751953125,3.4060215950012207,1230105477120.0,2630.340333958448,29.42848131471966,9.869076677165493,wandb
12240,1789082783.8906648,0.4128742516040802,2.17e-05,2.498291015625,3.6458537578582764,1232118743040.0,2656.2285888473916,29.71812141012262,9.966209800677497,wandb
12260,1789082917.036269,0.5007098913192749,2.17e-05,2.5016849040985107,3.306670904159546,1234132008960.0,2604.9738287160912,29.14467860071078,9.773901166211065,wandb
12280,1789083051.1396244,0.4663486182689667,2.17e-05,2.5031192302703857,4.159885406494141,1236145274880.0,2196.4900301810108,24.574525576267508,8.241263781962136,wandb
12300,1789083300.8460243,0.4439324736595154,2.17e-05,2.5023269653320312,3.0676002502441406,1238158540800.0,2374.144731533561,26.56214215642227,8.907826905779919,wandb
12320,1789083440.112579,0.43828320503234863,2.17e-05,2.5009772777557373,4.366036415100098,1240171806720.0,2407.707332384714,26.93764351617793,9.033754291300657,wandb
12340,1789083574.5006385,0.4464550018310547,2.17e-05,2.502220630645752,4.41705846786499,1242185072640.0,2445.5518187621306,27.361050991569883,9.175747376014753,wandb
12360,1789083712.2224674,0.43761807680130005,2.17e-05,2.5018677711486816,3.0725274085998535,1244198338560.0,1897.7165029629489,21.231820813101862,7.120260993404804,wandb
12380,1789083846.4316661,0.4763699173927307,2.17e-05,2.499558925628662,3.680746078491211,1246211604480.0,2574.365604872638,28.802231073360485,9.65905864786353,wandb
12400,1789084093.9848516,0.40792474150657654,2.17e-05,2.497640371322632,3.257086753845215,1248224870400.0,2528.6173533207016,28.290395571088737,9.48741051678961,wandb
12420,1789084236.3389862,0.46168914437294006,2.17e-05,2.500230073928833,3.1091558933258057,1250238136320.0,2651.2285683024784,29.662180736104307,9.947449648043223,wandb
12440,1789084372.8061042,0.4396980106830597,2.17e-05,2.5006327629089355,3.715531826019287,1252251402240.0,2363.686961716746,26.445139698727136,8.868589195411476,wandb
12460,1789084514.1171107,0.5251701474189758,2.17e-05,2.5007643699645996,3.234072685241699,1254264668160.0,2475.378469149614,27.69475420566605,9.287657418946,wandb
12480,1789084649.0765114,0.44273674488067627,2.17e-05,2.503690719604492,3.8523595333099365,1256277934080.0,2369.3623814881703,26.508636799288723,8.88988345614883,wandb
12500,1789084881.1223514,0.46806105971336365,2.17e-05,2.5010123252868652,3.46701717376709,1258291200000.0,2958.344619822207,33.09822240224012,11.099753713835034,wandb
12520,1789085016.099099,0.44192397594451904,2.17e-05,2.502293586730957,3.5640013217926025,1260304465920.0,2556.999188455438,28.607934063791348,9.593899591061552,wandb
12540,1789085289.6335578,0.4425084590911865,2.17e-05,2.500080108642578,3.18115234375,1262317731840.0,1539.4035393530507,17.22298354657714,5.775865339870961,wandb
12560,1789085578.9018772,0.41199105978012085,2.17e-05,2.500438690185547,3.1468591690063477,1264330997760.0,1116.222152506841,12.488392598492789,4.188082382199729,wandb
12580,1789085848.4790666,0.4533562660217285,2.17e-05,2.5019805431365967,3.3914942741394043,1266344263680.0,2427.3446636762174,27.157347723090684,9.107433855024295,wandb
12600,1789086249.4359603,0.4461336135864258,2.17e-05,2.5015060901641846,3.5926058292388916,1268357529600.0,2446.5980769789294,27.372756621440637,9.179672952653029,wandb
12620,1789086393.7136185,0.43613237142562866,2.17e-05,2.4973297119140625,3.329397678375244,1270370795520.0,2456.043198488242,27.47842947991586,9.215111191270719,wandb
12640,1789086529.4466236,0.4831206500530243,2.17e-05,2.507375717163086,3.562854051589966,1272384061440.0,2436.9352830250123,27.2646484243189,9.143418003734178,wandb
12660,1789086660.1085417,0.4488515555858612,2.17e-05,2.5010225772857666,3.161527156829834,1274397327360.0,2413.625077059042,27.003851769279407,9.055957758735206,wandb
12680,1789086797.9695826,0.48568251729011536,2.17e-05,2.500084400177002,3.268500804901123,1276410593280.0,2237.504832109643,25.03340282367193,8.395151938527514,wandb
12700,1789087047.4948976,0.4675358533859253,2.17e-05,2.501417636871338,3.2194297313690186,1278423859200.0,2449.542345686001,27.405697361280634,9.19071989332954,wandb
12720,1789087193.9425478,0.43113961815834045,2.17e-05,2.500518798828125,3.150559902191162,1280437125120.0,2297.871808395485,25.708793916877166,8.621649745690371,wandb
12740,1789087335.8052797,0.45232316851615906,2.17e-05,2.4999852180480957,3.243467330932617,1282450391040.0,2020.6294999522902,22.60698234202596,7.581432415310689,wandb
12760,1789087477.942932,0.42100581526756287,2.17e-05,2.5013623237609863,3.6881117820739746,1284463656960.0,2264.3746772047834,25.334025037498442,8.495968003324888,wandb
12780,1789087616.7993119,0.49782052636146545,2.17e-05,2.5013809204101562,3.0650181770324707,1286476922880.0,2560.477061680962,28.646844818384945,9.606948623954,wandb
12800,1789087868.5716264,0.500461220741272,2.17e-05,2.4998717308044434,3.1636948585510254,1288490188800.0,2476.901750150449,27.711796808819493,9.293372792277744,wandb
12820,1789088006.801805,0.4881746768951416,2.17e-05,2.502971649169922,3.2234396934509277,1290503454720.0,2388.239052680125,26.719830673436764,8.96070901168547,wandb
12840,1789088143.3432167,0.4539596736431122,2.17e-05,2.5037379264831543,3.3348464965820312,1292516720640.0,2493.7286199646865,27.90005732306568,9.356507462072916,wandb
12860,1789088280.7288888,0.45174580812454224,2.17e-05,2.50134015083313,3.708111047744751,1294529986560.0,2215.588529625298,24.788201284608103,8.31292164045333,wandb
12880,1789088416.8194652,0.48230406641960144,2.17e-05,2.49929141998291,3.2306699752807617,1296543252480.0,2471.571899342752,27.652165964521675,9.273375111513804,wandb
12900,1789088654.5943015,0.466534286737442,2.17e-05,2.503741502761841,3.101768732070923,1298556518400.0,2429.2917033187287,27.179131375570524,9.114739177182551,wandb
12920,1789088787.2440438,0.4547394812107086,2.17e-05,2.502378225326538,3.5083508491516113,1300569784320.0,2450.0453862526633,27.411325423826547,9.192607309136545,wandb
12940,1789088932.084555,0.5053226947784424,2.17e-05,2.4974517822265625,3.157966375350952,1302583050240.0,2124.479550414818,23.768865931808403,7.971079373808944,wandb
12960,1789089063.9262502,0.44617974758148193,2.17e-05,2.4999618530273438,3.5909693241119385,1304596316160.0,2587.270583912124,28.946613125229355,9.707478324212497,wandb
12980,1789089195.1369948,0.41807904839515686,2.17e-05,2.5018470287323,3.2909727096557617,1306609582080.0,2494.1201984092218,27.90443833748784,9.35797667031352,wandb
13000,1789089439.6286128,0.49291932582855225,2.17e-05,2.499089002609253,3.117091178894043,1308622848000.0,2471.0482360620563,27.646307173219192,9.271410318972137,wandb
13020,1789089568.441918,0.44146406650543213,2.17e-05,2.4997448921203613,3.2826857566833496,1310636113920.0,2648.2119209126804,29.628430217132426,9.936131141455489,wandb
13040,1789089703.2043707,0.477354496717453,2.17e-05,2.503331422805786,3.2442169189453125,1312649379840.0,2466.2134373748668,27.592215016022077,9.253270081244526,wandb
13060,1789089832.3451426,0.41276973485946655,2.17e-05,2.50345516204834,4.184022426605225,1314662645760.0,2530.3640848563036,28.30993815867471,9.49396427990411,wandb
13080,1789089967.8077152,0.49214059114456177,2.17e-05,2.500333070755005,3.1600306034088135,1316675911680.0,2024.369652993649,22.648827506497963,7.59546552603517,wandb
13100,1789090212.1629775,0.4626186490058899,2.17e-05,2.500601291656494,3.3239729404449463,1318689177600.0,2421.5964803814586,27.093036537766306,9.085866584447942,wandb
13120,1789090342.8873863,0.44433125853538513,2.17e-05,2.497678518295288,3.500004768371582,1320702443520.0,2131.8463832513553,23.851286711994078,7.998719841923667,wandb
13140,1789090606.916935,0.45891380310058594,2.17e-05,2.498530387878418,3.6921281814575195,1322715709440.0,2529.235244774205,28.29730859555907,9.489728854859427,wandb
13160,1789090744.8310435,0.4427025318145752,2.17e-05,2.497218608856201,3.532701015472412,1324728975360.0,2505.6530838229014,28.03346928398536,9.401248230646276,wandb
13180,1789090881.9314342,0.47127339243888855,2.17e-05,2.500492572784424,3.516824722290039,1326742241280.0,2697.3370146602433,30.178046129860487,10.120449235471114,wandb
13200,1789091119.1573787,0.4432484805583954,2.17e-05,2.4966845512390137,3.206299066543579,1328755507200.0,2427.7071816685875,27.16140360659252,9.108794028009275,wandb
13220,1789091247.578722,0.4517204165458679,2.17e-05,2.4982054233551025,3.2358617782592773,1330768773120.0,2743.494637197219,30.694461711078098,10.293633332666452,wandb
13240,1789091392.3563163,0.39380306005477905,2.17e-05,2.4972925186157227,3.1747348308563232,1332782039040.0,2383.079571953315,26.662105944738222,8.941350562039291,wandb
13260,1789091524.9763296,0.45816686749458313,2.17e-05,2.498997211456299,3.150547742843628,1334795304960.0,2686.1400523371567,30.052773520741237,10.078438063650022,wandb
13280,1789091669.6146338,0.42232486605644226,2.17e-05,2.497854232788086,3.217679500579834,1336808570880.0,2350.9318670689636,26.30243456674718,8.820731887564918,wandb
13300,1789091913.4603138,0.4563439190387726,2.17e-05,2.501366138458252,3.630812168121338,1338821836800.0,2453.022936887127,27.444638524826708,9.203779124107513,wandb
13320,1789092050.622638,0.4885120093822479,2.17e-05,2.5002264976501465,3.3220367431640625,1340835102720.0,2511.1196751878497,28.094629993784647,9.421758964047157,wandb
13340,1789092186.4366124,0.4655192494392395,2.17e-05,2.5026063919067383,4.943002223968506,1342848368640.0,2323.0546365054997,25.990541634813,8.716136097268912,wandb
13360,1789092323.7788308,0.47678324580192566,2.17e-05,2.500244617462158,3.474231719970703,1344861634560.0,2428.3140285702225,27.168193063635435,9.111070926753598,wandb
13380,1789092458.7434707,0.4519052505493164,2.17e-05,2.4988012313842773,3.1341311931610107,1346874900480.0,2504.678120817027,28.022561311267726,9.397590154716651,wandb
13400,1789092696.9211943,0.42731377482414246,2.17e-05,2.4970455169677734,3.337834596633911,1348888166400.0,2317.89439715008,25.93280841851018,8.696774801236726,wandb
13420,1789092826.8725286,0.43584874272346497,2.17e-05,2.498595714569092,3.847085475921631,1350901432320.0,2751.77577158251,30.787111778210466,10.324704274007093,wandb
13440,1789092959.9172678,0.44495633244514465,2.17e-05,2.49383807182312,3.1130783557891846,1352914698240.0,2503.082604135037,28.004710528896684,9.391603752017744,wandb
13460,1789093093.6888237,0.4680505692958832,2.17e-05,2.4974961280822754,3.2500412464141846,1354927964160.0,2330.308936773138,26.07170339062134,8.743354341484771,wandb
13480,1789093232.703103,0.46356892585754395,2.17e-05,2.503025531768799,3.549179792404175,1356941230080.0,2566.8098326934064,28.71769642302489,9.630709276480166,wandb
13500,1789093477.8614545,0.4315892457962036,2.17e-05,2.500180721282959,3.4423694610595703,1358954496000.0,2619.928189908075,29.311989322152513,9.830010155362142,wandb
13520,1789093616.1230803,0.4909088909626007,2.17e-05,2.4981398582458496,3.119955539703369,1360967761920.0,2424.374915445421,27.124121916075854,9.096291314789775,wandb
13540,1789093750.6767967,0.43785208463668823,2.17e-05,2.495671272277832,3.745699882507324,1362981027840.0,2312.97506923056,25.877770540752856,8.678317408552184,wandb
13560,1789093891.1957078,0.4558171033859253,2.17e-05,2.499094247817993,3.81545090675354,1364994293760.0,2572.230413443504,28.77834236197801,9.651047377358912,wandb
13580,1789094025.4633305,0.43914657831192017,2.17e-05,2.5017685890197754,3.1391305923461914,1367007559680.0,2415.6334036405515,27.026321105477003,9.063493030414623,wandb
13600,1789094287.7134075,0.4982225000858307,2.17e-05,2.498291015625,3.293452262878418,1369020825600.0,2199.976813295707,24.61353601549265,8.254346244893386,wandb
13620,1789094430.2780862,0.47200122475624084,2.17e-05,2.4996113777160645,4.404025077819824,1371034091520.0,2534.379418719017,28.354862070620886,9.509029873228265,wandb
13640,1789094569.5168478,0.45660683512687683,2.17e-05,2.4986929893493652,3.3490912914276123,1373047357440.0,2362.1983121533403,26.428484555172034,8.863003759756246,wandb
13660,1789094705.9711401,0.474417120218277,2.17e-05,2.500699758529663,3.1845169067382812,1375060623360.0,2440.8595795215133,27.30855380212486,9.15814202348474,wandb
13680,1789094845.65228,0.47706934809684753,2.17e-05,2.499075412750244,3.558317184448242,1377073889280.0,2277.384989349488,25.479585565505445,8.544782891076206,wandb
13700,1789095091.6676435,0.41222307085990906,2.17e-05,2.4974098205566406,3.726897716522217,1379087155200.0,2603.339157363364,29.126389752405345,9.76776785459593,wandb
13720,1789095226.5149426,0.42754819989204407,2.17e-05,2.4951930046081543,3.103698492050171,1381100421120.0,3021.6622717556475,33.80662591670511,11.337322500612066,wandb
13740,1789095355.5729318,0.4712907671928406,2.17e-05,2.5010228157043457,3.567312240600586,1383113687040.0,2530.412055509283,28.310474858601573,9.494144266518921,wandb
13760,1789095490.198221,0.4537580609321594,2.17e-05,2.496046781539917,3.2575671672821045,1385126952960.0,2553.504660978101,28.56883697994904,9.580788071164658,wandb
13780,1789095617.5680473,0.446040540933609,2.17e-05,2.499295473098755,3.4150824546813965,1387140218880.0,2494.9384017361845,27.913592468992537,9.361046581559245,wandb
13800,1789095858.082221,0.4857097864151001,2.17e-05,2.496915817260742,3.228116512298584,1389153484800.0,1829.6220902848888,20.46997447509686,6.864769728137629,wandb
13820,1789095988.2989657,0.4408361315727234,2.17e-05,2.4996025562286377,3.6299614906311035,1391166750720.0,2748.6258411188155,30.75187007636803,10.312885687312209,wandb
13840,1789096113.5934124,0.4413396120071411,2.17e-05,2.4998650550842285,3.2033207416534424,1393180016640.0,2481.6587954448105,27.765019054150656,9.311221298100618,wandb
13860,1789096242.0235455,0.46502119302749634,2.17e-05,2.498476028442383,3.739222526550293,1395193282560.0,2551.9767800003274,28.551742911844986,9.575055438649937,wandb
13880,1789096372.693413,0.4650866389274597,2.17e-05,2.497100591659546,4.10054349899292,1397206548480.0,2555.8234486302435,28.594779782183753,9.589488197472123,wandb
13900,1789096606.6453903,0.45216888189315796,2.17e-05,2.496866464614868,3.870716094970703,1399219814400.0,2404.9697053771965,26.907014702028942,9.023482673403208,wandb
13920,1789096898.7187693,0.4565032422542572,2.17e-05,2.4986319541931152,3.644864559173584,1401233080320.0,1990.1843935718248,22.266359787341624,7.467201916148972,wandb
13940,1789097683.1098933,0.4316916763782501,2.17e-05,2.4972360134124756,3.334519386291504,1403246346240.0,256.66969565186344,2.8716433554354523,0.9630285763366875,wandb
13960,1789098614.6286209,0.4360150396823883,2.17e-05,2.49967360496521,3.293844699859619,1405259612160.0,279.0729872195155,3.12229337162354,1.0470860648097917,wandb
13980,1789099492.213424,0.4377541244029999,2.17e-05,2.498119831085205,3.6168289184570312,1407272878080.0,359.70037698837365,4.024359770649813,1.3496012494935468,wandb
14000,1789099862.1055312,0.49766454100608826,2.17e-05,2.4966189861297607,3.537083625793457,1409286144000.0,2138.6023301311993,23.926872845830047,8.024068256698458,wandb
14020,1789100020.1437402,0.4529955983161926,2.17e-05,2.498910903930664,3.2361907958984375,1411299409920.0,2260.780328384759,25.293811143606813,8.48248195224194,wandb
14040,1789100153.3379073,0.4189513623714447,2.17e-05,2.497474193572998,3.1371638774871826,1413312675840.0,2437.4038859254147,27.269891195195534,9.145176208897025,wandb
14060,1789100287.7164738,0.46585196256637573,2.17e-05,2.4987168312072754,3.184960126876831,1415325941760.0,2620.4808356982803,29.318172372345956,9.83208369071741,wandb
14080,1789100422.2574773,0.4478989243507385,2.17e-05,2.4980058670043945,3.2436797618865967,1417339207680.0,2420.773267804164,27.08382636232391,9.08277787841928,wandb
14100,1789100671.8567302,0.49467071890830994,2.17e-05,2.4982197284698486,3.2425403594970703,1419352473600.0,2362.5905487280356,26.432872932812888,8.864475437311155,wandb
14120,1789100807.6130133,0.43079277873039246,2.17e-05,2.4975428581237793,3.3107781410217285,1421365739520.0,2586.72779334064,28.94054033609842,9.705441765786782,wandb
14140,1789100934.7148616,0.43356797099113464,2.17e-05,2.4948487281799316,3.7574915885925293,1423379005440.0,2837.0114591598467,31.740736222482305,10.644509861699133,wandb
14160,1789101069.917473,0.4179390072822571,2.17e-05,2.494809627532959,3.1697397232055664,1425392271360.0,2439.9442819714154,27.29831337182665,9.154707813246725,wandb
14180,1789101204.6806886,0.4856843054294586,2.17e-05,2.4965672492980957,3.3604869842529297,1427405537280.0,2437.6883755742724,27.27307409065874,9.146243618358147,wandb
14200,1789101444.0353673,0.4561111629009247,2.17e-05,2.4978439807891846,3.3190441131591797,1429418803200.0,2592.3134176060166,29.003032796561627,9.726399112428645,wandb
14220,1789101596.127626,0.40303292870521545,2.17e-05,2.4954771995544434,3.2794108390808105,1431432069120.0,1240.8661806901032,13.882921058185438,4.655748659300898,wandb
14240,1789101853.16582,0.4415912628173828,2.17e-05,2.4956657886505127,3.505030632019043,1433445335040.0,1422.6967691493592,15.917257834242427,5.337979774640237,wandb
14260,1789102007.632033,0.44233229756355286,2.17e-05,2.496384382247925,3.4704408645629883,1435458600960.0,2501.648677541307,27.988667630787464,9.386223637771595,wandb
14280,1789102140.8230307,0.3898259103298187,2.17e-05,2.497788429260254,3.520646095275879,1437471866880.0,2783.340155382999,31.140256908097676,10.443134318960897,wandb
14300,1789102374.4428115,0.5511298775672913,2.17e-05,2.4980416297912598,3.878572940826416,1439485132800.0,2383.1271448056627,26.66263819403628,8.941529056100121,wandb
14320,1789102501.4870634,0.4733142852783203,2.17e-05,2.495250701904297,3.549692153930664,1441498398720.0,2574.8931667630573,28.808133482654874,9.661038068047786,wandb
14340,1789102628.7820647,0.4743629992008209,2.17e-05,2.500699520111084,3.374379873275757,1443511664640.0,2710.1508603669886,30.321408573907096,10.168526978178622,wandb
14420,1789240898.211777,0.4936857521533966,2.17e-05,2.4858176708221436,3.301950454711914,1451564728320.0,2828.1075614958563,31.641118624466543,10.611102303126927,wandb
14440,1789241013.53201,0.4480060636997223,2.17e-05,2.4866833686828613,3.2435202598571777,1453577994240.0,2999.573169570627,33.559491079239976,11.254443855449962,wandb
14460,1789241124.6543782,0.46213048696517944,2.17e-05,2.4866950511932373,3.295135974884033,1455591260160.0,2847.4471615220737,31.85749178753521,10.683664774644523,wandb
14480,1789241228.6000009,0.4987795948982239,2.17e-05,2.487159252166748,3.2138822078704834,1457604526080.0,2992.6762406628077,33.48232762595131,11.228566473975986,wandb
14500,1789241490.404254,0.5019524097442627,2.17e-05,2.4842379093170166,3.245861291885376,1459617792000.0,3245.047682824705,36.30588173951856,12.175467938272181,wandb
14520,1789241614.8324676,0.43425071239471436,2.17e-05,2.499457836151123,3.2676758766174316,1461631057920.0,2646.8570055336936,29.61327130351248,9.93104747848091,wandb
14540,1789241743.0876532,0.4271492660045624,2.17e-05,2.4950194358825684,3.472306251525879,1463644323840.0,2696.308622405102,30.166540385955827,10.11659069219093,wandb
14560,1789241869.2407446,0.3591846823692322,2.17e-05,2.4956254959106445,3.2132670879364014,1465657589760.0,2463.732086989892,27.564453447491665,9.24396001710717,wandb
14580,1789241998.2962098,0.4352138936519623,2.17e-05,2.4972050189971924,4.0907487869262695,1467670855680.0,2742.5727063883232,30.684147067291214,10.290174234341201,wandb
14600,1789242229.1902945,0.48165038228034973,2.17e-05,2.4979376792907715,3.651395797729492,1469684121600.0,2382.2145647271473,26.65242816705154,8.938105041856547,wandb
14620,1789242348.848591,0.4255453646183014,2.17e-05,2.4945554733276367,3.595919609069824,1471697387520.0,2516.622676784602,28.15619806449175,9.44240630918792,wandb
14640,1789242488.9462035,0.4077790081501007,2.17e-05,2.4940927028656006,3.4750936031341553,1473710653440.0,2195.905991650328,24.567991301304918,8.239072460570256,wandb
14660,1789242614.9031582,0.45580601692199707,2.17e-05,2.492391586303711,3.19104266166687,1475723919360.0,2530.234213232582,28.308485143411758,9.493476999609562,wandb
14680,1789242740.7275064,0.43926000595092773,2.17e-05,2.4969089031219482,3.6765389442443848,1477737185280.0,2952.9656048546653,33.038041504954606,11.07957156840049,wandb
14700,1789242969.6057858,0.4513309597969055,2.17e-05,2.4966185092926025,3.196690320968628,1479750451200.0,2501.722643476526,27.989495168241238,9.386501159078154,wandb
14720,1789243096.1860664,0.4585404396057129,2.17e-05,2.4958910942077637,3.238116502761841,1481763717120.0,2344.0260370620676,26.225171527171337,8.794821109032712,wandb
14740,1789243216.1798577,0.4212171137332916,2.17e-05,2.496065139770508,3.222785711288452,1483776983040.0,2854.3207425941973,31.934394023164085,10.709454554686188,wandb
14760,1789243344.0213547,0.41387826204299927,2.17e-05,2.492846965789795,3.287301778793335,1485790248960.0,2825.8947614881886,31.616361621413304,10.602799844062991,wandb
14780,1789243466.3227904,0.4142591655254364,2.17e-05,2.497939109802246,3.3011598587036133,1487803514880.0,2834.631390529401,31.71410780321862,10.635579808235125,wandb
14800,1789243685.855026,0.4227781593799591,2.17e-05,2.495454788208008,3.462949752807617,1489816780800.0,2896.2584108877,32.40359638143874,10.866805319796969,wandb
14820,1789243805.1177948,0.4770313799381256,2.17e-05,2.4959399700164795,4.414658069610596,1491830046720.0,2772.52256649574,31.019228762678967,10.402546562003325,wandb
14840,1789243927.0841894,0.46976834535598755,2.17e-05,2.4937503337860107,3.6335291862487793,1493843312640.0,2884.192129588136,32.26859775438732,10.821532450040822,wandb
14860,1789244058.0795743,0.4424421191215515,2.17e-05,2.4976770877838135,3.3439836502075195,1495856578560.0,2647.097356213774,29.615960368272056,9.931949277864245,wandb
14880,1789244180.604713,0.45783230662345886,2.17e-05,2.4945621490478516,3.558929920196533,1497869844480.0,2996.153026370412,33.52122621329781,11.241611426484768,wandb
14900,1789244401.1157904,0.45946893095970154,2.17e-05,2.4930810928344727,3.8691282272338867,1499883110400.0,2608.1405862076062,29.180108564835255,9.785782888168589,wandb
14920,1789244521.2479668,0.480154812335968,2.17e-05,2.4967503547668457,3.54025936126709,1501896376320.0,2941.541320764024,32.91022559970651,11.036707481872728,wandb
14940,1789244642.0878859,0.44246792793273926,2.17e-05,2.4953856468200684,3.240657329559326,1503909642240.0,2671.1100403930914,29.884616411965016,10.022045231734062,wandb
14960,1789244772.4792223,0.3932904005050659,2.17e-05,2.4939026832580566,3.8997788429260254,1505922908160.0,2342.333797501316,26.20623860064062,8.78847180063122,wandb
14980,1789244895.5923893,0.4576582610607147,2.17e-05,2.494210720062256,3.3223838806152344,1507936174080.0,2859.684920280316,31.994408919627013,10.729581030416641,wandb
15000,1789245116.9239628,0.41090643405914307,2.17e-05,2.491818904876709,3.3775734901428223,1509949440000.0,2528.0111847841085,28.283613703654172,9.485136163281174,wandb
15020,1789245245.662857,0.4374924600124359,2.17e-05,2.4914371967315674,3.4215381145477295,1511962705920.0,2881.905317495587,32.243012697553795,10.812952296516096,wandb
15040,1789245370.7010784,0.45652350783348083,2.17e-05,2.492237091064453,4.3405256271362305,1513975971840.0,2751.069944810453,30.779214925584682,10.32205600129337,wandb
15060,1789245495.2477968,0.4403666853904724,2.17e-05,2.494175910949707,3.1340227127075195,1515989237760.0,2849.3102550810063,31.87833624377488,10.69065512982878,wandb
15080,1789245619.006373,0.39792299270629883,2.17e-05,2.4916679859161377,3.7692697048187256,1518002503680.0,2688.366730599544,30.077685794941114,10.086792594135364,wandb
15100,1789245846.102131,0.47666215896606445,2.17e-05,2.4937028884887695,3.517260789871216,1520015769600.0,2718.863189792408,30.418882889452338,10.201215769825136,wandb
15120,1789245966.7270408,0.45184090733528137,2.17e-05,2.496131181716919,3.2019762992858887,1522029035520.0,2629.151646295465,29.415182171552708,9.864616703093041,wandb
15140,1789246093.6053925,0.4557814598083496,2.17e-05,2.490128517150879,3.6027309894561768,1524042301440.0,2827.102621480288,31.629875266301532,10.60733175300398,wandb
15160,1789246222.9510205,0.43454423546791077,2.17e-05,2.49385666847229,3.385673999786377,1526055567360.0,2533.6459655697713,28.346656131633015,9.506277945929899,wandb
15180,1789246354.9925451,0.48098641633987427,2.17e-05,2.4957194328308105,3.211398124694824,1528068833280.0,2570.603811401606,28.760143793838942,9.644944341919931,wandb
15200,1789246582.285392,0.4744099974632263,2.17e-05,2.49621844291687,3.6097335815429688,1530082099200.0,2811.3666420348864,31.453819730407854,10.548290120355913,wandb
15220,1789246745.0334349,0.4472397565841675,2.17e-05,2.4936747550964355,3.4535322189331055,1532095365120.0,2712.7287671388895,30.35025042387174,10.178199323338683,wandb
15240,1789246869.2875512,0.40550920367240906,2.17e-05,2.4940454959869385,3.3757567405700684,1534108631040.0,2743.1658290723503,30.690782976568382,10.29239963961369,wandb
15260,1789247004.7900507,0.5196521282196045,2.17e-05,2.49888277053833,3.330578327178955,1536121896960.0,2630.666608119813,29.4321316990206,9.870300862748902,wandb
15280,1789247130.3471951,0.4633139669895172,2.17e-05,2.4935712814331055,3.479091167449951,1538135162880.0,2909.9411017046755,32.556679541759856,10.918142982486215,wandb
15300,1789247355.830243,0.44597071409225464,2.17e-05,2.4924347400665283,3.2427401542663574,1540148428800.0,2396.364681445181,26.810740929876065,8.991196493589317,wandb
15320,1789247476.424159,0.4036930501461029,2.17e-05,2.4917168617248535,3.8094677925109863,1542161694720.0,2767.3469010962267,30.961322958424503,10.383127387220615,wandb
15340,1789247600.5882974,0.447937935590744,2.17e-05,2.493683338165283,3.2838656902313232,1544174960640.0,2537.160498245714,28.385977035414427,9.519464525634238,wandb
15360,1789247726.8581169,0.47278520464897156,2.17e-05,2.4926886558532715,3.196817398071289,1546188226560.0,2628.6397673641322,29.40945522459773,9.862696125608247,wandb
15380,1789247851.9399526,0.43373197317123413,2.17e-05,2.4960780143737793,3.149442672729492,1548201492480.0,2778.641378082353,31.087686570256267,10.425504435530867,wandb
15400,1789248073.86295,0.43645766377449036,2.17e-05,2.4922938346862793,3.1705727577209473,1550214758400.0,2960.9580924526563,33.12746216618959,11.109559502633763,wandb
15420,1789248200.3839145,0.4643138647079468,2.17e-05,2.4941906929016113,3.44008469581604,1552228024320.0,2728.323540138827,30.524726129509915,10.236711147269755,wandb
15440,1789248329.2399993,0.49514439702033997,2.17e-05,2.4960501194000244,3.255178928375244,1554241290240.0,2683.205722706833,30.01994398017481,10.06742841453965,wandb
15460,1789248451.682594,0.49965447187423706,2.17e-05,2.496345281600952,3.276282548904419,1556254556160.0,2503.4061878878647,28.008330812667914,9.392817843147668,wandb
15480,1789248576.1619241,0.4473836421966553,2.17e-05,2.4945414066314697,3.3774476051330566,1558267822080.0,2877.946199436259,32.19871773300966,10.79809762573566,wandb
15500,1789248821.9939523,0.41830945014953613,2.17e-05,2.4940743446350098,3.070553779602051,1560281088000.0,2581.5261538528853,28.88234393143738,9.685925135832527,wandb
15520,1789248973.8165655,0.44659554958343506,2.17e-05,2.491783618927002,3.390258550643921,1562294353920.0,2382.0598968014965,26.650697728559894,8.93752472546249,wandb
15540,1789249121.3802805,0.42911776900291443,2.17e-05,2.4891443252563477,3.641442060470581,1564307619840.0,2120.9954138058206,23.729885101924122,7.958006840607065,wandb
15560,1789249253.7043986,0.5006030201911926,2.17e-05,2.4929757118225098,3.303616523742676,1566320885760.0,2776.7206787724726,31.066197615757762,10.41829794269864,wandb
15580,1789249394.227923,0.4472222328186035,2.17e-05,2.494189500808716,4.1471171379089355,1568334151680.0,2165.2714786810852,24.225249648879977,8.124131305025532,wandb
15600,1789249626.5241919,0.49639901518821716,2.17e-05,2.4944658279418945,3.0605721473693848,1570347417600.0,2559.818402084405,28.639475676308617,9.604477323195445,wandb
15620,1789249758.749239,0.4964980483055115,2.17e-05,2.493134021759033,4.366059303283691,1572360683520.0,2629.5309658059296,29.419426031931497,9.866039915627782,wandb
15640,1789249895.6862416,0.43552106618881226,2.17e-05,2.4929518699645996,4.414704322814941,1574373949440.0,2454.140170597392,27.457138234823258,9.207971001869709,wandb
15660,1789250029.6041827,0.41682931780815125,2.17e-05,2.492525577545166,3.0667269229888916,1576387215360.0,2775.9010494630197,31.05702753023429,10.415222681145064,wandb
15680,1789250151.5162091,0.4611433446407318,2.17e-05,2.4906044006347656,3.6779961585998535,1578400481280.0,2574.094373295499,28.79919651038141,9.658040982887824,wandb
15700,1789250383.583563,0.46217772364616394,2.17e-05,2.4897351264953613,3.2588443756103516,1580413747200.0,2722.893997391993,30.463979922941192,10.216339420843838,wandb
15720,1789250511.4707212,0.41721558570861816,2.17e-05,2.491703987121582,3.1068344116210938,1582427013120.0,2608.2120482283476,29.180908088271423,9.786051014750193,wandb
15740,1789250635.1830733,0.4416825473308563,2.17e-05,2.492060661315918,3.711777687072754,1584440279040.0,2611.105133895043,29.213276187708992,9.796905915885839,wandb
15760,1789250761.8363612,0.44148898124694824,2.17e-05,2.490368127822876,3.2261173725128174,1586453544960.0,2776.8557367680246,31.06770865660947,10.418804682338662,wandb
15780,1789250886.0499852,0.46485090255737305,2.17e-05,2.4947509765625,3.850308418273926,1588466810880.0,2753.4085135702876,30.805379040609456,10.330830346615787,wandb
15800,1789251116.3487048,0.42842090129852295,2.17e-05,2.4916975498199463,3.462052345275879,1590480076800.0,2600.462956131034,29.09421055751933,9.75697630411314,wandb
15820,1789251239.5399776,0.46353209018707275,2.17e-05,2.4943408966064453,3.549915313720703,1592493342720.0,2724.61438946632,30.483227822294634,10.22279435790165,wandb
15840,1789251425.2997289,0.456893652677536,2.17e-05,2.491537094116211,3.179919719696045,1594506608640.0,2113.712162764176,23.64839944228444,7.930679972649692,wandb
15860,1789251784.554321,0.45177721977233887,2.17e-05,2.49192476272583,3.1388940811157227,1596519874560.0,2431.028148808749,27.198558881964797,9.12125434689861,wandb
15880,1789251911.4148223,0.4355336129665375,2.17e-05,2.4920575618743896,3.384300470352173,1598533140480.0,2645.065798381514,29.59323111877738,9.924326842180987,wandb
15900,1789252153.0329692,0.46674054861068726,2.17e-05,2.4930551052093506,3.5867514610290527,1600546406400.0,2776.1293380299103,31.05958164299999,10.416079223297452,wandb
15920,1789252281.471179,0.4377883970737457,2.17e-05,2.488609790802002,3.2963826656341553,1602559672320.0,2711.4179455169274,30.33558483512232,10.17328110080671,wandb
15940,1789252408.3420415,0.4154398441314697,2.17e-05,2.497232437133789,3.5586469173431396,1604572938240.0,2565.335172854262,28.701197797747557,9.625176330481748,wandb
15960,1789252549.7199993,0.42648231983184814,2.17e-05,2.491982936859131,3.153517484664917,1606586204160.0,2618.8097755755452,29.299476403249184,9.825813847887373,wandb
15980,1789252679.49633,0.4574521481990814,2.17e-05,2.491166353225708,3.255183219909668,1608599470080.0,2422.7106480263665,27.105501944351275,9.090046958286587,wandb
16000,1789252918.227949,0.45582830905914307,2.17e-05,2.4927191734313965,3.2107765674591064,1610612736000.0,2467.88779997769,27.610947933559444,9.259552315029755,wandb
16020,1789253045.3996575,0.494709849357605,2.17e-05,2.4927964210510254,3.1479270458221436,1612626001920.0,2766.20562810731,30.948554294842943,10.378845313721689,wandb
16040,1789253176.201189,0.5093869566917419,2.17e-05,2.492184638977051,3.2351438999176025,1614639267840.0,2219.6890788264477,24.834078593330545,8.32830696301489,wandb
16060,1789253301.4482384,0.4405129551887512,2.17e-05,2.4936704635620117,3.6814277172088623,1616652533760.0,2658.0331155351487,29.73831061500496,9.972980412076163,wandb
16080,1789253429.4059982,0.3917764127254486,2.17e-05,2.4921813011169434,3.0589637756347656,1618665799680.0,2780.057370711207,31.103528821573338,10.43081726126982,wandb
16100,1789253678.2601082,0.45826634764671326,2.17e-05,2.4909777641296387,3.1544559001922607,1620679065600.0,1641.2814266183098,18.36280239931734,6.158112712253894,wandb
16120,1789253809.4338713,0.4518736004829407,2.17e-05,2.493950843811035,3.218364715576172,1622692331520.0,2422.316874811445,27.10109637464307,9.088569515234331,wandb
16140,1789253938.360833,0.42531970143318176,2.17e-05,2.4946110248565674,3.320112705230713,1624705597440.0,2673.216525752585,29.908183957290337,10.029948796631642,wandb
16160,1789254070.4096427,0.4519039988517761,2.17e-05,2.492842674255371,3.7041211128234863,1626718863360.0,2469.0382386335746,27.623819143437245,9.263868778249634,wandb
16180,1789254201.7129564,0.471081405878067,2.17e-05,2.4901108741760254,3.228588104248047,1628732129280.0,2282.555653806099,25.537435418766478,8.564183302245583,wandb
16200,1789254437.536263,0.5231271982192993,2.17e-05,2.4956483840942383,3.0947794914245605,1630745395200.0,2563.1549513742134,28.67680528615534,9.616996106545699,wandb
16220,1789254622.557096,0.4003303050994873,2.17e-05,2.493049383163452,3.433455467224121,1632758661120.0,2415.287716090271,27.022453522456345,9.06219600550267,wandb
16240,1789254841.6216128,0.5157849192619324,2.17e-05,2.488913059234619,3.15010142326355,1634771927040.0,2439.70401015121,27.295625189358365,9.153806309746834,wandb
16260,1789254972.6109107,0.4917526841163635,2.17e-05,2.4919333457946777,3.5862035751342773,1636785192960.0,2660.767850876202,29.768907076932674,9.983241180397345,wandb
16280,1789255139.1065953,0.44922512769699097,2.17e-05,2.4938230514526367,3.2843403816223145,1638798458880.0,1559.9043916393166,17.452348903087593,5.8527848474146555,wandb
16300,1789255449.0435503,0.4632997512817383,2.17e-05,2.490603446960449,3.1074485778808594,1640811724800.0,2573.3865780452265,28.791277634246494,9.655385324414095,wandb
16320,1789255597.5571818,0.49004554748535156,2.17e-05,2.491952896118164,3.2776761054992676,1642824990720.0,2569.5100437238407,28.747906623898537,9.640840509066248,wandb
16340,1789255724.8715973,0.502715528011322,2.17e-05,2.495087146759033,3.230393886566162,1644838256640.0,2675.918423360153,29.93841302773878,10.040086357280614,wandb
16360,1789255849.998634,0.4698772430419922,2.17e-05,2.495366334915161,4.178739547729492,1646851522560.0,2591.6562009500435,28.99567979823273,9.723933225604963,wandb
16380,1789255975.7372983,0.38892683386802673,2.17e-05,2.490318775177002,3.1519153118133545,1648864788480.0,2664.3335851280654,29.80880082849383,9.996619869188189,wandb
16400,1789256204.5504525,0.45025575160980225,2.17e-05,2.4914681911468506,3.3134865760803223,1650878054400.0,2606.027390685732,29.156465945617136,9.777854146640363,wandb
16420,1789256327.926245,0.44181185960769653,2.17e-05,2.4886932373046875,3.4926302433013916,1652891320320.0,2817.168145127022,31.518727462361788,10.57005744761768,wandb
16440,1789256454.4709914,0.48711729049682617,2.17e-05,2.4901490211486816,3.6778016090393066,1654904586240.0,2668.6298848073093,29.8568682109541,10.012739650501329,wandb
16460,1789256584.794263,0.4729960560798645,2.17e-05,2.489048957824707,3.526268482208252,1656917852160.0,2066.722639569518,23.122676482609286,7.754374571616803,wandb
16480,1789256719.6217318,0.48642516136169434,2.17e-05,2.4923794269561768,3.506532669067383,1658931118080.0,2596.6854506817162,29.051947490988997,9.742803046589609,wandb
16500,1789256946.2408144,0.4782203435897827,2.17e-05,2.4889016151428223,3.1992712020874023,1660944384000.0,2857.8605362530407,31.973997549066176,10.72273591398006,wandb
16520,1789257068.2158806,0.4649108052253723,2.17e-05,2.490518093109131,3.222929000854492,1662957649920.0,2121.2507992623828,23.73274237709854,7.958965050698933,wandb
16540,1789257204.7084615,0.4555701017379761,2.17e-05,2.489978790283203,3.1656384468078613,1664970915840.0,2540.049890144471,28.418303808648183,9.53030556769677,wandb
16560,1789257330.7100294,0.43080660700798035,2.17e-05,2.4901962280273438,3.145659923553467,1666984181760.0,2556.6537113962213,28.604068835763414,9.592603355915251,wandb
16580,1789257456.7519555,0.4649980664253235,2.17e-05,2.489166259765625,3.196794033050537,1668997447680.0,2775.9664999309907,31.057759795884046,10.41546825228984,wandb
16600,1789257703.8930333,0.4381043612957001,2.17e-05,2.4926319122314453,3.630606174468994,1671010713600.0,2324.346151629781,26.004991220751332,8.720981881529868,wandb
16620,1789257827.2764575,0.40641841292381287,2.17e-05,2.491173267364502,3.3097407817840576,1673023979520.0,2775.38947773323,31.05130402027746,10.413303256285099,wandb
16640,1789257960.377457,0.48822712898254395,2.17e-05,2.49383544921875,4.911805629730225,1675037245440.0,2534.9419749935973,28.36115600019389,9.511140592870655,wandb
16660,1789258092.5670397,0.421543687582016,2.17e-05,2.491032361984253,3.464439868927002,1677050511360.0,2648.197049542089,29.6282638349172,9.936075343848326,wandb
16680,1789258224.9583712,0.41324925422668457,2.17e-05,2.489816904067993,3.126641035079956,1679063777280.0,2888.094612006945,32.31225907435428,10.836174623042272,wandb
16700,1789258457.100401,0.45459893345832825,2.17e-05,2.489072799682617,3.334909200668335,1681077043200.0,2722.115157776297,30.455266196134907,10.213417202837569,wandb
16720,1789258581.9388971,0.5010427832603455,2.17e-05,2.4911088943481445,3.8403797149658203,1683090309120.0,2671.5352583584,29.88937378833385,10.023640655964895,wandb
16740,1789258711.0938792,0.4661479592323303,2.17e-05,2.486252784729004,3.093947410583496,1685103575040.0,2845.9688594946133,31.84095241313146,10.678118163100512,wandb
16760,1789258835.6221924,0.4390789866447449,2.17e-05,2.488797187805176,3.247570753097534,1687116840960.0,2645.732775902361,29.600693322529562,9.926829351917164,wandb
16780,1789258964.3578575,0.4257045388221741,2.17e-05,2.4931154251098633,3.5339856147766113,1689130106880.0,2626.813631449872,29.389024253769676,9.85584443606523,wandb
16800,1789259193.6958854,0.4880940020084381,2.17e-05,2.4929041862487793,3.4381284713745117,1691143372800.0,2684.0300343999334,30.02916645262247,10.070521244467422,wandb
16820,1789259320.8363054,0.4698334336280823,2.17e-05,2.48980975151062,3.1004040241241455,1693156638720.0,2731.7972487275397,30.563590289776915,10.24974455438196,wandb
16840,1789259450.5453339,0.3891153335571289,2.17e-05,2.4864540100097656,3.7428596019744873,1695169904640.0,2439.625570920684,27.29474760427933,9.153512004568693,wandb
16860,1789259576.0879693,0.45667824149131775,2.17e-05,2.491124153137207,3.8087124824523926,1697183170560.0,2590.676051423437,28.984713798260415,9.720255689771184,wandb
16880,1789259698.7435718,0.41147077083587646,2.17e-05,2.4935014247894287,3.133699417114258,1699196436480.0,2891.887445016554,32.35469362699072,10.850405389803614,wandb
16900,1789259955.545386,0.46833479404449463,2.17e-05,2.4901373386383057,3.286363363265991,1701209702400.0,2747.483521489571,30.739089702881504,10.308599686802959,wandb
16920,1789260077.6092334,0.40906304121017456,2.17e-05,2.4902544021606445,4.400457382202148,1703222968320.0,2711.670540460271,30.33841088978696,10.174228840850816,wandb
16940,1789260213.3520565,0.4693465232849121,2.17e-05,2.4903416633605957,3.3434128761291504,1705236234240.0,2208.5490366576983,24.70944281195435,8.28650935647293,wandb
16960,1789260339.9887664,0.4652174115180969,2.17e-05,2.4920339584350586,3.1755781173706055,1707249500160.0,2677.7288268478696,29.95866798278111,10.046879018521524,wandb
16980,1789260462.732377,0.4098954498767853,2.17e-05,2.4907126426696777,3.5498921871185303,1709262766080.0,2637.497850314154,29.508560243523796,9.89593178668139,wandb
17000,1789260699.9259517,0.4728574752807617,2.17e-05,2.4903173446655273,3.724653720855713,1711276032000.0,2797.074012858961,31.293912525544766,10.494663959727784,wandb
17020,1789260825.700189,0.4384121000766754,2.17e-05,2.4866507053375244,3.0897295475006104,1713289297920.0,2617.7182546545605,29.28726437022322,9.821718444899078,wandb
17040,1789260956.2507007,0.4307299554347992,2.17e-05,2.4921677112579346,3.557508945465088,1715302563840.0,2659.226123399453,29.751658092968075,9.97745659560925,wandb
17060,1789261085.998059,0.4740263521671295,2.17e-05,2.4874720573425293,3.2515206336975098,1717315829760.0,2632.731074647299,29.455229133920806,9.878046772353892,wandb
17080,1789261211.8490074,0.43139809370040894,2.17e-05,2.4915623664855957,3.402585506439209,1719329095680.0,2474.8103559923657,27.68839810519613,9.285525849795878,wandb
17100,1789261473.1248825,0.4897366166114807,2.17e-05,2.488828659057617,3.2183914184570312,1721342361600.0,2794.6621103421435,31.266927945932487,10.485614465041103,wandb
17120,1789261598.072978,0.47924038767814636,2.17e-05,2.4916369915008545,3.6144790649414062,1723355627520.0,2626.272971315053,29.382975300153397,9.853815871070074,wandb
17140,1789261731.97587,0.5006733536720276,2.17e-05,2.49226450920105,3.195645332336426,1725368893440.0,2443.7124960097904,27.34047248522598,9.168846209256008,wandb
17160,1789261866.1924891,0.46264252066612244,2.17e-05,2.490112066268921,3.7188901901245117,1727382159360.0,2450.8826900857334,27.420693253490313,9.19574888576979,wandb
17180,1789261993.1805074,0.4685080051422119,2.17e-05,2.4889473915100098,4.093222618103027,1729395425280.0,2393.0308058319574,26.773441233360483,8.97868774191401,wandb
17200,1789262234.2127252,0.4166436493396759,2.17e-05,2.4894962310791016,3.86434268951416,1731408691200.0,2275.917274359645,25.463164639819023,8.539276002257303,wandb
17220,1789262357.7518983,0.46560582518577576,2.17e-05,2.490826368331909,3.637787342071533,1733421957120.0,2825.063062500708,31.607056499259887,10.599679296895085,wandb
17240,1789262487.214201,0.43859291076660156,2.17e-05,2.4892196655273438,3.329408884048462,1735435223040.0,2208.417380255102,24.707969828426805,8.286015379661075,wandb
17260,1789262623.9759464,0.430543452501297,2.17e-05,2.492119550704956,3.287893295288086,1737448488960.0,2546.199819772279,28.48710976763465,9.553380196585067,wandb
17280,1789262759.3000872,0.5199997425079346,2.17e-05,2.490419864654541,3.6115915775299072,1739461754880.0,2621.7613062717696,29.332498390868917,9.83688803565691,wandb
17300,1789262991.9315197,0.4721105992794037,2.17e-05,2.488199472427368,3.531409740447998,1741475020800.0,2835.3747181783774,31.722424218986653,10.638368784805683,wandb
17320,1789263115.1465073,0.43234074115753174,2.17e-05,2.4911558628082275,3.230490207672119,1743488286720.0,2535.329483261037,28.365491477113135,9.512594529745295,wandb
17340,1789263245.2340348,0.4770856201648712,2.17e-05,2.4907310009002686,3.1294779777526855,1745501552640.0,2718.3377585819885,30.413004318395057,10.199244343984436,wandb
17360,1789263374.071724,0.4430384635925293,2.17e-05,2.4908766746520996,3.179230213165283,1747514818560.0,2585.8524228293654,28.930746613057362,9.702157362401728,wandb
17380,1789263502.287122,0.4700825810432434,2.17e-05,2.489537239074707,3.2376599311828613,1749528084480.0,2729.7044326484147,30.540175677574624,10.241892276830862,wandb
17400,1789263756.2053375,0.48365771770477295,2.17e-05,2.4902992248535156,3.234776496887207,1751541350400.0,1235.9258419561534,13.827648109569836,4.6372124337231435,wandb
17420,1789263892.1547835,0.46167683601379395,2.17e-05,2.489877700805664,3.304079532623291,1753554616320.0,2809.429153472028,31.43214293625561,10.54102063399283,wandb
17440,1789264058.7495403,0.4735100567340851,2.17e-05,2.4879202842712402,3.745821475982666,1755567882240.0,2506.1329140238845,28.03883766689824,9.403048560810547,wandb
17460,1789264191.9393756,0.41224125027656555,2.17e-05,2.4870142936706543,3.157230854034424,1757581148160.0,2750.7202175076172,30.775302145453583,10.32074381916879,wandb
17480,1789264323.6013148,0.45150724053382874,2.17e-05,2.4884328842163086,3.354780673980713,1759594414080.0,2428.3969916706683,27.169121262173,9.111382205560034,wandb
17500,1789264562.242974,0.4435059130191803,2.17e-05,2.4899020195007324,3.3120553493499756,1761607680000.0,2585.841714615609,28.930626808610626,9.702117185021914,wandb
17520,1789264688.8889902,0.41603589057922363,2.17e-05,2.487647771835327,3.273132562637329,1763620945920.0,2945.0769026036583,32.94978200340114,11.049973038357289,wandb
17540,1789264809.696127,0.47069481015205383,2.17e-05,2.4885001182556152,3.499868392944336,1765634211840.0,2581.0725254006416,28.87726869601695,9.684223115025432,wandb
17560,1789264938.6369636,0.44603392481803894,2.17e-05,2.488551378250122,3.4697890281677246,1767647477760.0,2307.3131561757186,25.81442455453623,8.657073825219536,wandb
17580,1789265069.289859,0.4463282823562622,2.17e-05,2.4903626441955566,3.5148696899414062,1769660743680.0,2687.822498309174,30.07159687573121,10.084750626358606,wandb
17600,1789265518.5753195,0.47094157338142395,2.17e-05,2.489436388015747,3.8732872009277344,1771674009600.0,2219.2354488037695,24.829003340339963,8.326604936315501,wandb
17620,1789265644.2979167,0.4416559934616089,2.17e-05,2.487837553024292,3.5377211570739746,1773687275520.0,2609.1696113426274,29.19162138945623,9.789643806023644,wandb
17640,1789265771.0072064,0.45027270913124084,2.17e-05,2.493797540664673,3.3638858795166016,1775700541440.0,2375.4826289441653,26.577110671500215,8.91284671707999,wandb
17660,1789265910.0915933,0.45192182064056396,2.17e-05,2.491105556488037,4.029671669006348,1777713807360.0,2249.8041778766506,25.171008996688695,8.44129926968709,wandb
17680,1789266043.5942373,0.4277108311653137,2.17e-05,2.49019718170166,3.1304683685302734,1779727073280.0,2006.1308212580236,22.444769836847883,7.52703315377636,wandb
17700,1789266299.227615,0.47848770022392273,2.17e-05,2.4873270988464355,3.345906972885132,1781740339200.0,2621.1758508872167,29.325948264019367,9.834691398207902,wandb
17720,1789266434.2263255,0.4335828125476837,2.17e-05,2.4895572662353516,3.475609302520752,1783753605120.0,2659.489636513882,29.754606301100704,9.978445300796242,wandb
17740,1789266900.7866883,0.447691947221756,2.17e-05,2.4914417266845703,3.9087414741516113,1785766871040.0,2419.2624946010487,27.06692369752245,9.077109434533575,wandb
17760,1789267189.2275252,0.4475298821926117,2.17e-05,2.493147373199463,3.32917857170105,1787780136960.0,781.0309294028748,8.738243418698884,2.930439848411102,wandb
17780,1789267462.1934907,0.4885201156139374,2.17e-05,2.4907004833221436,3.6379587650299072,1789793402880.0,2586.491375283198,28.93789526987027,9.70455472166301,wandb
17800,1789267947.4297276,0.4561645984649658,2.17e-05,2.488664150238037,3.030426263809204,1791806668800.0,1427.7142748006704,15.973394133184359,5.356805531657916,wandb
17820,1789268290.5222077,0.4320782721042633,2.17e-05,2.4929847717285156,3.3034515380859375,1793819934720.0,1813.2347229933962,20.286631154117032,6.80328407844863,wandb
17840,1789268522.1972454,0.37162691354751587,2.17e-05,2.4911460876464844,3.3763699531555176,1795833200640.0,1207.089541060959,13.505025013568119,4.529018197051036,wandb
17860,1789268707.227567,0.415227472782135,2.17e-05,2.488349437713623,3.072331666946411,1797846466560.0,2689.556769035287,30.091000050673696,10.09125763632762,wandb
17880,1789268933.5212657,0.4484233558177948,2.17e-05,2.4940185546875,3.240004062652588,1799859732480.0,711.4926014939646,7.960242428825252,2.6695309913803777,wandb
17900,1789269364.4825056,0.4347721040248871,2.17e-05,2.4901623725891113,3.2699453830718994,1801872998400.0,1798.1185028420716,20.11750954025994,6.746567792036435,wandb
17920,1789269608.2154775,0.46648141741752625,2.17e-05,2.494194984436035,4.438838481903076,1803886264320.0,1710.3369892771775,19.135402168688493,6.417210226771928,wandb
17940,1789269840.856279,0.4453446865081787,2.17e-05,2.4884161949157715,3.1098170280456543,1805899530240.0,2681.554529960792,30.001470289053348,10.061233114407163,wandb
17960,1789270171.0510814,0.5102313756942749,2.17e-05,2.492858648300171,3.1412365436553955,1807912796160.0,1294.554228079717,14.483587701597063,4.857187024327226,wandb
17980,1789270396.6527052,0.46955177187919617,2.17e-05,2.489187240600586,3.267467498779297,1809926062080.0,2674.449276642314,29.92197608375235,10.034574096596637,wandb
18000,1789270636.6279757,0.4679381549358368,2.17e-05,2.4886608123779297,3.0661768913269043,1811939328000.0,2278.190671942506,25.488599613926528,8.547805824338985,wandb
18020,1789270766.3102102,0.4358275234699249,2.17e-05,2.488584518432617,3.5038070678710938,1813952593920.0,2592.9678029564725,29.010354117992886,9.728854376151245,wandb
18040,1789270893.5995126,0.44235309958457947,2.17e-05,2.4919371604919434,3.427745819091797,1815965859840.0,2764.8827417235802,30.933753724467127,10.373881824021268,wandb
18060,1789271035.9010568,0.4629451632499695,2.17e-05,2.4902563095092773,3.439237117767334,1817979125760.0,1419.286235585806,15.879100481768877,5.325183401176998,wandb
18080,1789271227.170992,0.4017217755317688,2.17e-05,2.488806962966919,3.2409191131591797,1819992391680.0,2368.9770893386685,26.504326116493825,8.888437834182177,wandb
18100,1789271505.6985052,0.41926607489585876,2.17e-05,2.489532232284546,3.580112934112549,1822005657600.0,2695.3169212957873,30.15544514585002,10.112869814644286,wandb
18120,1789271660.1750681,0.4237399399280548,2.17e-05,2.48988676071167,3.105870246887207,1824018923520.0,2865.392430101949,32.05826504652095,10.750995693507253,wandb
18140,1789271784.1910303,0.43358632922172546,2.17e-05,2.4869258403778076,3.7119317054748535,1826032189440.0,2177.4258107821797,24.36123339612065,8.169734542719462,wandb
18160,1789271916.2798765,0.42958998680114746,2.17e-05,2.491715431213379,3.323906421661377,1828045455360.0,2750.112346680038,30.768501232636247,10.318463078638851,wandb
18180,1789272046.385731,0.4505789279937744,2.17e-05,2.4908599853515625,3.652405261993408,1830058721280.0,2559.0289384698294,28.630643087259113,9.60151524378485,wandb
18200,1789272320.217113,0.432843416929245,2.17e-05,2.4896957874298096,3.5808169841766357,1832071987200.0,2543.933895203055,28.461758402267556,9.544878413363465,wandb
18220,1789272504.2426057,0.4035596251487732,2.17e-05,2.492794990539551,3.4340085983276367,1834085253120.0,2639.5463218831255,29.531478725407272,9.90361768296035,wandb
18240,1789272805.3935318,0.42944440245628357,2.17e-05,2.4886691570281982,3.376426935195923,1836098519040.0,1721.349046767816,19.25860604611685,6.458527632867783,wandb
18260,1789273072.2555141,0.4386550188064575,2.17e-05,2.4868857860565186,3.087669849395752,1838111784960.0,2135.1866085872625,23.888657449771106,8.011252417854427,wandb
18280,1789273199.7397993,0.45455846190452576,2.17e-05,2.4878108501434326,3.2318477630615234,1840125050880.0,2459.745279142761,27.519848687141845,9.229001453824505,wandb
18300,1789273433.6717353,0.4507293105125427,2.17e-05,2.4905271530151367,3.589284896850586,1842138316800.0,2689.1046190791526,30.085941356799083,10.089561162860269,wandb
18320,1789273569.5312734,0.44384974241256714,2.17e-05,2.488640308380127,3.2268898487091064,1844151582720.0,1773.0551179147653,19.837098163262628,6.65252959308419,wandb
18340,1789273698.8934555,0.4543432593345642,2.17e-05,2.490004301071167,3.192709445953369,1846164848640.0,2648.61711996945,29.632963620174205,9.937651454439,wandb
18360,1789273844.9010959,0.5078426599502563,2.17e-05,2.4908273220062256,3.4139957427978516,1848178114560.0,2520.6618000880353,28.201388134813964,9.457561160853112,wandb
18380,1789274047.2686803,0.49965450167655945,2.17e-05,2.4858222007751465,3.3468425273895264,1850191380480.0,1022.1250217154242,11.435625540362095,3.835028525673028,wandb
18400,1789274374.2519271,0.4700598418712616,2.17e-05,2.4877471923828125,3.1538166999816895,1852204646400.0,2378.756729192132,26.61374159591934,8.925131190681656,wandb
18420,1789274659.1664822,0.4511924982070923,2.17e-05,2.488642692565918,3.198662281036377,1854217912320.0,1567.4476656792988,17.536743723131032,5.881087325590711,wandb
18440,1789274936.2077196,0.4469226598739624,2.17e-05,2.4897055625915527,3.0881996154785156,1856231178240.0,1418.6648548317828,15.87214841869437,5.322851971198908,wandb
18460,1789275153.9359753,0.46627792716026306,2.17e-05,2.4882020950317383,3.020494222640991,1858244444160.0,2562.535747238079,28.669877575275127,9.614672843270816,wandb
18480,1789275323.1848218,0.47542136907577515,2.17e-05,2.488978624343872,3.262073278427124,1860257710080.0,2473.878958113271,27.677977542986884,9.282031230880195,wandb
18500,1789275631.6301484,0.4377014636993408,2.17e-05,2.4883813858032227,3.15047550201416,1862270976000.0,2565.037390755316,28.69786618517197,9.62405904754705,wandb
18520,1789619190.6652598,0.4770062565803528,2.17e-05,2.4850900173187256,3.2999775409698486,1864284241920.0,2108.569827993245,23.59086654406338,7.911385854889045,wandb
18540,1789619333.1280448,0.37393203377723694,2.17e-05,2.485506534576416,3.2445638179779053,1866297507840.0,2541.325233895347,28.432572467824322,9.53509067672036,wandb
18560,1789619469.6549916,0.46728312969207764,2.17e-05,2.485476016998291,3.3012678623199463,1868310773760.0,2685.272633677398,30.043068763721323,10.075183495732007,wandb
18580,1789619593.1020367,0.464799165725708,2.17e-05,2.4847869873046875,3.214245319366455,1870324039680.0,2651.7637251858127,29.66816811885411,9.949457564755654,wandb
18600,1789619874.0335467,0.4848922789096832,2.17e-05,2.482842206954956,3.2446770668029785,1872337305600.0,2879.9847886967627,32.221525650748134,10.80574644344393,wandb
18620,1789620000.2039015,0.47483521699905396,2.17e-05,2.4884696006774902,3.2551817893981934,1874350571520.0,2880.814804857312,32.23081194528435,10.808860676619764,wandb
18640,1789620129.5622547,0.4621063768863678,2.17e-05,2.4853880405426025,3.4640886783599854,1876363837440.0,2497.0237874598524,27.93692394971792,9.368870980304395,wandb
18660,1789620254.136393,0.49637100100517273,2.17e-05,2.487222194671631,3.209825038909912,1878377103360.0,2779.6273843580498,31.098718096057667,10.429203945975727,wandb
18680,1789620386.726561,0.47523120045661926,2.17e-05,2.487482786178589,4.080678462982178,1880390369280.0,2465.5984880022374,27.58533490781392,9.250962781906605,wandb
18700,1789620626.4065716,0.40011292695999146,2.17e-05,2.487203598022461,3.6442885398864746,1882403635200.0,2480.3690999345718,27.750589826215876,9.306382341059045,wandb
18720,1789620751.9033847,0.46128860116004944,2.17e-05,2.485663890838623,3.5873842239379883,1884416901120.0,2696.6891212350524,30.170797440665787,10.1180183295502,wandb
18740,1789620874.4876306,0.4617891013622284,2.17e-05,2.4845924377441406,3.471674680709839,1886430167040.0,2713.574731425764,30.35971514746199,10.181373394125464,wandb
18760,1789620999.6923604,0.4060574471950531,2.17e-05,2.4820661544799805,3.1824138164520264,1888443432960.0,2589.481769899011,28.97135207047472,9.715774727446075,wandb
18780,1789621122.9441085,0.4707201421260834,2.17e-05,2.4879446029663086,3.6678147315979004,1890456698880.0,2839.5630098502133,31.769283198265477,10.65408331844304,wandb
18800,1789621343.1329567,0.45458629727363586,2.17e-05,2.486955165863037,3.1967525482177734,1892469964800.0,2846.897585902867,31.851343086687624,10.681602758617233,wandb
18820,1789621472.391128,0.42379406094551086,2.17e-05,2.486487865447998,3.2322428226470947,1894483230720.0,2556.540406445675,28.6028011699116,9.592178234028776,wandb
18840,1789621606.6319258,0.47076544165611267,2.17e-05,2.487609386444092,3.215850353240967,1896496496640.0,2643.696002202077,29.577905717440107,9.919187346218271,wandb
18860,1789621731.7484727,0.4426129162311554,2.17e-05,2.4835431575775146,3.2832746505737305,1898509762560.0,2849.169961915266,31.87676663137405,10.690128747751107,wandb
18880,1789621863.7935421,0.4690515398979187,2.17e-05,2.4898900985717773,3.2982351779937744,1900523028480.0,2576.5853016483834,28.82706523806763,9.667386983705502,wandb
18900,1789622099.9650075,0.4285765290260315,2.17e-05,2.485841751098633,3.4558403491973877,1902536294400.0,2862.4474118832118,32.02531592107787,10.73994594065165,wandb
18920,1789622229.4060543,0.44135046005249023,2.17e-05,2.4857380390167236,4.407215118408203,1904549560320.0,2495.40781678044,27.91884432620674,9.362807833898103,wandb
18940,1789622352.8881357,0.45119819045066833,2.17e-05,2.4845292568206787,3.62538480758667,1906562826240.0,2933.333256301802,32.81839304536439,11.00591069998752,wandb
18960,1789622479.2333417,0.46992355585098267,2.17e-05,2.488161087036133,3.332247018814087,1908576092160.0,2686.2119571530525,30.05357799820893,10.078707851605738,wandb
18980,1789622604.4465976,0.4640277922153473,2.17e-05,2.4851531982421875,3.5533695220947266,1910589358080.0,1905.0699902976537,21.314092282627527,7.147851388995002,wandb
19000,1789622834.7018356,0.5097874402999878,2.17e-05,2.484583616256714,3.8690342903137207,1912602624000.0,1757.8811979228801,19.667330998463758,6.595596815998373,wandb
19020,1789622975.933717,0.39521729946136475,2.17e-05,2.4867191314697266,3.530162811279297,1914615889920.0,2771.312101834284,31.005685976518603,10.398004880303553,wandb
19040,1789623115.0095482,0.48893246054649353,2.17e-05,2.4873130321502686,3.2375857830047607,1916629155840.0,2790.6960617507325,31.222555441979754,10.470733790799573,wandb
19060,1789623246.0849228,0.42953214049339294,2.17e-05,2.485584259033203,3.8973898887634277,1918642421760.0,2617.339698593861,29.283029051388223,9.820298096839393,wandb
19080,1789623383.9453127,0.3984355628490448,2.17e-05,2.4840760231018066,3.3069262504577637,1920655687680.0,2469.7049096323412,27.631277917793167,9.266370137910332,wandb
19100,1789623672.3547618,0.4843246042728424,2.17e-05,2.4839186668395996,3.3744471073150635,1922668953600.0,1653.465362001148,18.49911735070388,6.203827021908228,wandb
19120,1789623838.551484,0.42328768968582153,2.17e-05,2.4829258918762207,3.4112086296081543,1924682219520.0,2382.440692518274,26.654958104866047,8.93895347674562,wandb
19140,1789623987.480456,0.4448266923427582,2.17e-05,2.4829626083374023,4.3366498947143555,1926695485440.0,2602.4408832069416,29.1163397813478,9.764397516388208,wandb
19160,1789624118.445822,0.42261120676994324,2.17e-05,2.4853098392486572,3.1189870834350586,1928708751360.0,2828.3965241962173,31.644351564827318,10.612186495544874,wandb
19180,1789624252.5567555,0.45859479904174805,2.17e-05,2.4831812381744385,3.768655300140381,1930722017280.0,2870.1661514893503,32.11167386546242,10.768906768283188,wandb
19200,1789624492.490634,0.4189263582229614,2.17e-05,2.485658645629883,3.5114564895629883,1932735283200.0,2352.8611639174183,26.32401971127099,8.827970638491784,wandb
19220,1789624627.305791,0.4333650767803192,2.17e-05,2.4875502586364746,3.198423385620117,1934748549120.0,2826.4759489952976,31.62286399887089,10.604980468371345,wandb
19240,1789624751.98603,0.470224529504776,2.17e-05,2.481964588165283,3.5964109897613525,1936761815040.0,2859.5175686931107,31.992536575203182,10.728953124732781,wandb
19260,1789624882.1459436,0.4025774896144867,2.17e-05,2.4851393699645996,3.3811533451080322,1938775080960.0,2739.9865688828536,30.655213131148255,10.280471007344426,wandb
19280,1789625007.4693847,0.43043461441993713,2.17e-05,2.4865174293518066,3.2014410495758057,1940788346880.0,2750.226409391465,30.76977737638411,10.3188910436556,wandb
19300,1789625249.7765324,0.48902660608291626,2.17e-05,2.4879462718963623,3.599724769592285,1942801612800.0,1753.0691319602038,19.61349317700789,6.577541871796623,wandb
19320,1789625382.174159,0.458209365606308,2.17e-05,2.4857988357543945,3.446514844894409,1944814878720.0,2746.8768715846113,30.73230244985489,10.306323527193138,wandb
19340,1789625503.272896,0.4791964888572693,2.17e-05,2.4865081310272217,3.3692286014556885,1946828144640.0,2849.2868297211166,31.87807415876751,10.690567237524519,wandb
19360,1789625628.9683452,0.38061538338661194,2.17e-05,2.4886040687561035,3.3242993354797363,1948841410560.0,2893.421147507204,32.371852826697975,10.856159864722608,wandb
19380,1789625750.3942754,0.4576016366481781,2.17e-05,2.484619140625,3.474790334701538,1950854676480.0,2886.130728556663,32.29028697185683,10.828806102662751,wandb
19400,1789625976.2612016,0.40217819809913635,2.17e-05,2.483062267303467,3.236128807067871,1952867942400.0,3004.592638342229,33.615649341746106,11.273276978124633,wandb
19420,1789626137.0237753,0.41823288798332214,2.17e-05,2.4830055236816406,3.797785520553589,1954881208320.0,2271.9757926297957,25.419066992095765,8.524487503251553,wandb
19440,1789626259.1669648,0.4824880063533783,2.17e-05,2.485391616821289,3.283146381378174,1956894474240.0,2826.304463761038,31.62094540683662,10.604337053181277,wandb
19460,1789626382.353211,0.4460303485393524,2.17e-05,2.484065055847168,3.1881890296936035,1958907740160.0,2900.078261348496,32.446333207719086,10.881137456443398,wandb
19480,1789626505.9609127,0.46894729137420654,2.17e-05,2.4879002571105957,3.141570568084717,1960921006080.0,2863.1701328651916,32.03340178762501,10.742657600696273,wandb
19500,1789626739.2235637,0.4437004029750824,2.17e-05,2.484191656112671,3.1620125770568848,1962934272000.0,2951.278138413678,33.01916198051182,11.073240168816474,wandb
19520,1789626881.1970422,0.49898815155029297,2.17e-05,2.4860305786132812,3.4422965049743652,1964947537920.0,1805.7358405788746,20.20273299152264,6.7751481583220565,wandb
19540,1789627098.9290826,0.4160553812980652,2.17e-05,2.486367702484131,3.249596357345581,1966960803840.0,2510.07391915567,28.082929982400024,9.417835271613159,wandb
19560,1789627229.0188618,0.45812615752220154,2.17e-05,2.48728084564209,3.2729315757751465,1968974069760.0,2931.5183260108506,32.79808744404533,10.999101054112474,wandb
19580,1789627372.8054807,0.43497520685195923,2.17e-05,2.4856019020080566,3.3785154819488525,1970987335680.0,1493.306267398427,16.70724317303595,5.602907678972499,wandb
19600,1789627620.247303,0.44339510798454285,2.17e-05,2.4853200912475586,3.0609869956970215,1973000601600.0,2730.7832670195403,30.552245772353793,10.245940079692394,wandb
19620,1789627753.4432895,0.4134104549884796,2.17e-05,2.4827394485473633,3.380634307861328,1975013867520.0,2673.1644904552363,29.907601781761198,10.029753559409743,wandb
19640,1789627883.988668,0.41935431957244873,2.17e-05,2.4807283878326416,3.6347386837005615,1977027133440.0,2724.94847355908,30.48696558480179,10.224047846465659,wandb
19660,1789628028.7845464,0.4317288100719452,2.17e-05,2.483541965484619,3.2943568229675293,1979040399360.0,2525.2242568603006,28.252433306474227,9.474679567600873,wandb
19680,1789628154.5247946,0.4740273654460907,2.17e-05,2.4855427742004395,4.140104293823242,1981053665280.0,2786.0707182929436,31.1708066884955,10.453379432257517,wandb
19700,1789628393.73423,0.4577050507068634,2.17e-05,2.4849629402160645,3.0510544776916504,1983066931200.0,2699.33213764278,30.20036774301987,10.127934967047679,wandb
19720,1789628521.3769288,0.4381495714187622,2.17e-05,2.483827829360962,4.363025665283203,1985080197120.0,2553.689692320534,28.570907127044883,9.58148231155727,wandb
19740,1789628653.8407173,0.46232151985168457,2.17e-05,2.484295606613159,4.413338661193848,1987093463040.0,2096.2388815654863,23.452906820046987,7.865119957572849,wandb
19760,1789628818.3475382,0.4284769296646118,2.17e-05,2.484074115753174,3.060631513595581,1989106728960.0,2871.8984171872307,32.13105460797093,10.77540625535598,wandb
19780,1789628945.8703506,0.42682474851608276,2.17e-05,2.4821605682373047,3.667220115661621,1991119994880.0,2910.2068995026407,32.55965331113484,10.919140259840356,wandb
19800,1789629175.0711443,0.41818487644195557,2.17e-05,2.480783462524414,3.266667366027832,1993133260800.0,2654.8418459076424,29.702606406925558,9.961006720214025,wandb
19820,1789629305.9750361,0.4752621650695801,2.17e-05,2.4830849170684814,3.101118564605713,1995146526720.0,2713.497917144778,30.358855742462755,10.18108518578255,wandb
19840,1789629429.9645057,0.43960273265838623,2.17e-05,2.4838268756866455,3.7062110900878906,1997159792640.0,2913.7770065505606,32.59959598592672,10.932535355428078,wandb
19860,1789629555.948941,0.4430791437625885,2.17e-05,2.4824934005737305,3.2206850051879883,1999173058560.0,2971.05975576557,33.24048047268542,11.147461096018839,wandb
19880,1789629685.3111591,0.45007771253585815,2.17e-05,2.486466646194458,3.842737913131714,2001186324480.0,2300.9668016917276,25.743420976809976,8.63326220730288,wandb
19900,1789629913.129672,0.41789698600769043,2.17e-05,2.4831390380859375,3.4615695476531982,2003199590400.0,2788.259658843322,31.1952967498211,10.461592370277186,wandb
19920,1789630067.188329,0.45658695697784424,2.17e-05,2.485431671142578,3.5553417205810547,2005212856320.0,2815.4508639236124,31.49951436770852,10.563614182594558,wandb
19940,1789630198.2334692,0.4239608347415924,2.17e-05,2.4829766750335693,3.16965651512146,2007226122240.0,2115.6610977239516,23.670204299742203,7.9379924060669635,wandb
19960,1789630324.5198667,0.4055534303188324,2.17e-05,2.483153820037842,3.1303703784942627,2009239388160.0,2049.4203199947747,22.929096594207405,7.689456007136219,wandb
19980,1789630454.4104955,0.4716503620147705,2.17e-05,2.4843366146087646,3.3806357383728027,2011252654080.0,2801.6040224391077,31.34459467513726,10.511660624120443,wandb
20000,1789630690.863645,0.4477103352546692,2.17e-05,2.4844696521759033,3.584463357925415,2013265920000.0,1700.9573835636925,19.03046230675689,6.382017804410121,wandb
20020,1789630831.169041,0.4338143765926361,2.17e-05,2.480698585510254,3.2751712799072266,2015279185920.0,2497.049729407398,27.93721419053153,9.368968314883567,wandb
20040,1789631010.430221,0.4696953594684601,2.17e-05,2.4899914264678955,3.5550107955932617,2017292451840.0,1495.415243963591,16.730838590191606,5.610820590911398,wandb
20060,1789631155.9317794,0.44177043437957764,2.17e-05,2.484323024749756,3.1406826972961426,2019305717760.0,2610.840342061366,29.210313673151827,9.795912412924906,wandb
20080,1789631289.4196286,0.4702188968658447,2.17e-05,2.48291277885437,3.237842082977295,2021318983680.0,1735.3411396363508,19.41515082407561,6.511026176729511,wandb
20100,1789631530.1644027,0.40767452120780945,2.17e-05,2.484139919281006,3.197134494781494,2023332249600.0,2156.3839921679382,24.125815660277684,8.090785321339261,wandb
20120,1789631661.0924459,0.4810740649700165,2.17e-05,2.4836833477020264,3.141209125518799,2025345515520.0,2800.8319160580295,31.335956280358,10.508763669312193,wandb
20140,1789631788.094346,0.5090544819831848,2.17e-05,2.4837677478790283,3.228546380996704,2027358781440.0,3002.855901503092,33.59621857571204,11.266760715262288,wandb
20160,1789631917.5943499,0.4645073711872101,2.17e-05,2.484762191772461,3.671919822692871,2029372047360.0,2813.926294538102,31.482457349992885,10.557893975224045,wandb
20180,1789632046.391261,0.4979698956012726,2.17e-05,2.484785318374634,3.0601768493652344,2031385313280.0,2950.9990584718335,33.01603960933124,11.072193056657808,wandb
20200,1789632281.4032927,0.46087512373924255,2.17e-05,2.4830777645111084,3.1553635597229004,2033398579200.0,2592.237784803523,29.002186610048714,9.726115337010885,wandb
20220,1789632409.084773,0.3885532319545746,2.17e-05,2.4850850105285645,3.2120003700256348,2035411845120.0,2170.817552017791,24.287299610039828,8.14494025598541,wandb
20240,1789632540.0194547,0.4634894132614136,2.17e-05,2.487793445587158,3.308444023132324,2037425111040.0,2209.962098668771,24.725252275259358,8.291811186489687,wandb
20260,1789632672.772723,0.39661821722984314,2.17e-05,2.4833052158355713,3.700924873352051,2039438376960.0,2874.781398082416,32.16330965432723,10.78622324323624,wandb
20280,1789632808.0666268,0.4544486403465271,2.17e-05,2.4814062118530273,3.2025511264801025,2041451642880.0,2545.113033801031,28.474950709646958,9.549302559199727,wandb
20300,1789633044.5352638,0.43248993158340454,2.17e-05,2.48642635345459,3.0867269039154053,2043464908800.0,2848.9096557110583,31.873854302437856,10.68915207493972,wandb
20320,1789633175.2469528,0.4682307839393616,2.17e-05,2.4853134155273438,3.360104560852051,2045478174720.0,1866.6135799699482,20.883838547721318,7.003562356373317,wandb
20340,1789633303.6562836,0.44289690256118774,2.17e-05,2.4801621437072754,3.1386959552764893,2047491440640.0,2178.857821488502,24.37725485911136,8.175107468527107,wandb
20360,1789633431.6500058,0.4473132789134979,2.17e-05,2.483147382736206,3.580815315246582,2049504706560.0,1853.2891199929923,20.734763305860703,6.953568781208652,wandb
20380,1789633559.2740517,0.4797934889793396,2.17e-05,2.485917091369629,3.284066677093506,2051517972480.0,1981.8086132502988,22.172650813067076,7.435775861825486,wandb
20400,1789633800.531421,0.4359312653541565,2.17e-05,2.4819788932800293,3.1056714057922363,2053531238400.0,2580.7119143296013,28.873234147320353,9.682870096838096,wandb
20420,1789633931.3489895,0.44812092185020447,2.17e-05,2.483271598815918,3.272134780883789,2055544504320.0,2810.7227369344587,31.44661566294489,10.545874178689774,wandb
20440,1789634059.5977695,0.41083940863609314,2.17e-05,2.4857873916625977,3.2239086627960205,2057557770240.0,2826.182869576214,31.619585000295356,10.603880829962545,wandb
20460,1789634191.1003647,0.4471035599708557,2.17e-05,2.4876224994659424,4.174811363220215,2059571036160.0,2050.614367201684,22.94245570042791,7.6939360902984655,wandb
20480,1789634333.1398773,0.4658110737800598,2.17e-05,2.4826903343200684,3.1481709480285645,2061584302080.0,2154.939786880832,24.109657763233894,8.085366641280254,wandb
20500,1789634567.3096066,0.39028769731521606,2.17e-05,2.4825921058654785,3.3125762939453125,2063597568000.0,2906.958429538401,32.52330914060684,10.906951951450505,wandb
20520,1789634694.0060294,0.4534013569355011,2.17e-05,2.4812793731689453,3.4868640899658203,2065610833920.0,2600.1688119305854,29.090919646075292,9.755872670628571,wandb
20540,1789634824.1404676,0.46881550550460815,2.17e-05,2.4822351932525635,3.650172710418701,2067624099840.0,2404.477780208342,26.901510999541106,9.02163696273673,wandb
20560,1789634955.2832572,0.4467509984970093,2.17e-05,2.480651378631592,3.52406644821167,2069637365760.0,2629.951255636484,29.424128271890922,9.867616849422554,wandb
20580,1789635086.0379574,0.4780469834804535,2.17e-05,2.4839413166046143,3.5033462047576904,2071650631680.0,2900.422665861984,32.450186436010135,10.882429667381917,wandb
20600,1789635317.0839477,0.44299933314323425,2.17e-05,2.480220079421997,3.190415382385254,2073663897600.0,2892.126833550886,32.35737192717819,10.851303579201565,wandb
20620,1789635452.9355357,0.4121808111667633,2.17e-05,2.4814863204956055,3.21195125579834,2075677163520.0,2810.7379374382067,31.446785727531115,10.545931211209513,wandb
20640,1789635584.3900719,0.44970887899398804,2.17e-05,2.4817371368408203,3.159919023513794,2077690429440.0,2699.7709473821374,30.205277185364153,10.129581387820116,wandb
20660,1789635717.019872,0.42709270119667053,2.17e-05,2.4824085235595703,3.1406686305999756,2079703695360.0,2691.4321334875167,30.111981794757618,10.098294032088939,wandb
20680,1789635855.1029422,0.44507426023483276,2.17e-05,2.48128342628479,3.1826682090759277,2081716961280.0,1960.2671951690963,21.931643514007334,7.3549521356963545,wandb
20700,1789637360.7045388,0.501423716545105,2.17e-05,2.4854896068573,3.626161575317383,2083730227200.0,2736.4320398731547,30.61544474483182,10.267134360791491,wandb
20720,1789638804.7599082,0.4227854907512665,2.17e-05,2.482346773147583,3.2907679080963135,2085743493120.0,2506.528707583428,28.043265840401546,9.404533584226352,wandb
20740,1789638949.882084,0.43295392394065857,2.17e-05,2.4854021072387695,4.8928632736206055,2087756759040.0,2703.574708588606,30.247834003637838,10.1438531573412,wandb
20760,1789639083.052841,0.4685308635234833,2.17e-05,2.4839420318603516,3.45843243598938,2089770024960.0,2413.597422899249,27.00354237208307,9.055853999909813,wandb
20780,1789639217.6399953,0.415079802274704,2.17e-05,2.4812095165252686,3.1225383281707764,2091783290880.0,2725.833480963454,30.496867126258902,10.227368407619235,wandb
20800,1789639467.131615,0.4404190182685852,2.17e-05,2.4806933403015137,3.3235936164855957,2093796556800.0,2098.7997917000935,23.481558510123744,7.874728531092965,wandb
20820,1789639609.7462838,0.4164678454399109,2.17e-05,2.481882095336914,3.831010580062866,2095809822720.0,2502.956823287579,28.003303281601962,9.391131820377547,wandb
20840,1789639748.0390353,0.4751250147819519,2.17e-05,2.478178024291992,3.0804905891418457,2097823088640.0,2582.594879220581,28.89430092578817,9.689935009560443,wandb
20860,1789639889.235636,0.48737239837646484,2.17e-05,2.4807915687561035,3.2420246601104736,2099836354560.0,2059.665397152721,23.043719427541202,7.727895691434824,wandb
20880,1789640023.1310554,0.401763379573822,2.17e-05,2.485236644744873,3.5285592079162598,2101849620480.0,2138.303616011566,23.92353080572422,8.022947476808056,wandb
20900,1789640249.6307116,0.4682067036628723,2.17e-05,2.4844157695770264,3.433873176574707,2103862886400.0,2277.5210530138916,25.481107857869603,8.545293404000954,wandb
20920,1789640372.3540618,0.4857284426689148,2.17e-05,2.482085704803467,3.0862133502960205,2105876152320.0,2956.555588581874,33.07820656180005,11.093041241589239,wandb
20940,1789640502.07422,0.43411412835121155,2.17e-05,2.4793474674224854,3.733973264694214,2107889418240.0,2743.7191202154495,30.696973247027337,10.294475596342766,wandb
20960,1789640637.5156014,0.42281365394592285,2.17e-05,2.4823408126831055,3.803645610809326,2109902684160.0,2838.60176907877,31.758528751125628,10.650476728544342,wandb
20980,1789640776.6760817,0.4176592528820038,2.17e-05,2.4860663414001465,3.126084327697754,2111915950080.0,1908.9030672756733,21.356977088357503,7.162233151733903,wandb
21000,1789641004.6573768,0.48467111587524414,2.17e-05,2.4818596839904785,3.2810747623443604,2113929216000.0,1919.7720776162755,21.47858054156409,7.203013842761395,wandb
21020,1789641132.2575252,0.4572827219963074,2.17e-05,2.483218193054199,4.3933563232421875,2115942481920.0,2818.8686970318704,31.53775338813666,10.576437944059824,wandb
21040,1789641260.6404467,0.47973909974098206,2.17e-05,2.482560396194458,3.338205337524414,2117955747840.0,2802.0662086966795,31.349765656043903,10.513394753942435,wandb
21060,1789641391.9436507,0.47067791223526,2.17e-05,2.4841532707214355,3.1668848991394043,2119969013760.0,2822.004725631302,31.572839554686794,10.588204370749938,wandb
21080,1789641525.208322,0.40920203924179077,2.17e-05,2.4828152656555176,3.545692205429077,2121982279680.0,2639.3571254793083,29.52936197923467,9.90290781519449,wandb
21100,1789641765.5520139,0.46293026208877563,2.17e-05,2.4821786880493164,3.7157928943634033,2123995545600.0,2506.2120436699392,28.039722976407543,9.403345456438185,wandb
21120,1789641905.2349575,0.4321821331977844,2.17e-05,2.478792667388916,3.0817675590515137,2126008811520.0,2703.086428945848,30.242371087619805,10.14202112474372,wandb
21140,1789642032.1596737,0.42768946290016174,2.17e-05,2.4839649200439453,3.554812431335449,2128022077440.0,2481.163776997341,27.759480743786888,9.309363981406038,wandb
21160,1789642158.451019,0.4789101779460907,2.17e-05,2.4801344871520996,3.2470264434814453,2130035343360.0,2950.4992290125324,33.010447472939724,11.070317688974141,wandb
21180,1789642296.6944084,0.47913914918899536,2.17e-05,2.484121799468994,3.3890175819396973,2132048609280.0,2438.349501321465,27.280470824247452,9.148724172151152,wandb
21200,1789642527.120031,0.42121854424476624,2.17e-05,2.4799270629882812,3.213191509246826,2134061875200.0,2090.406450083489,23.38765305851985,7.843236586524995,wandb
21220,1789642658.4282866,0.47416433691978455,2.17e-05,2.4839677810668945,3.6069796085357666,2136075141120.0,2246.4472764367442,25.133451685178755,8.428704124762149,wandb
21240,1789642800.5683193,0.43144363164901733,2.17e-05,2.4832024574279785,3.191784381866455,2138088407040.0,2656.1709950432632,29.71747704552586,9.965993707854171,wandb
21260,1789642936.1413634,0.4244229793548584,2.17e-05,2.482316493988037,3.7098777294158936,2140101672960.0,2704.6398867817984,30.259751311885182,10.147849722016785,wandb
21280,1789643070.1193452,0.45526400208473206,2.17e-05,2.480733871459961,4.086117744445801,2142114938880.0,2878.7998833214388,32.20826882415149,10.801300660571924,wandb
21300,1789643361.4393075,0.46221280097961426,2.17e-05,2.4819304943084717,3.86179518699646,2144128204800.0,1834.3348069798544,20.522700768120185,6.882451912385772,wandb
21320,1789643768.678485,0.5155773162841797,2.17e-05,2.483506679534912,3.627089738845825,2146141470720.0,439.6930284122613,4.919324660687479,1.6497348863161458,wandb
21340,1789644068.0125144,0.4219723045825958,2.17e-05,2.480830669403076,3.323608875274658,2148154736640.0,1439.0701066351994,16.100444188510323,5.399412784286439,wandb
21360,1789644418.4141057,0.43574342131614685,2.17e-05,2.483614683151245,3.280306339263916,2150168002560.0,1565.0141608358615,17.509517454769554,5.871956778648143,wandb
21380,1789644700.1872447,0.43690553307533264,2.17e-05,2.4823436737060547,3.605883836746216,2152181268480.0,1060.9426790111027,11.869920938436278,3.9806729623769495,wandb
21400,1789645278.1783283,0.5031020045280457,2.17e-05,2.4800734519958496,3.5270440578460693,2154194534400.0,952.1549915258129,10.652794627023003,3.5724999151621395,wandb
21420,1789645587.5914063,0.3913707733154297,2.17e-05,2.4830920696258545,3.225353479385376,2156207800320.0,848.8051830625129,9.496507789165417,3.1847298722035893,wandb
21440,1789645919.0800853,0.4354490637779236,2.17e-05,2.4823648929595947,3.1187188625335693,2158221066240.0,956.9514451413085,10.706457776151735,3.5904962816013657,wandb
21460,1789646230.0153358,0.4722713232040405,2.17e-05,2.4829230308532715,3.171445369720459,2160234332160.0,931.711436696041,10.42407031954565,3.4957953885409685,wandb
21480,1789646456.6066315,0.41787511110305786,2.17e-05,2.4818315505981445,3.217836380004883,2162247598080.0,1772.2779566322565,19.828403213797127,6.649613672209395,wandb
21500,1789646752.040203,0.4909381866455078,2.17e-05,2.482820987701416,3.2313575744628906,2164260864000.0,1368.4040435207203,15.309825996977812,5.134272647724466,wandb
21520,1789646889.1192071,0.4278847873210907,2.17e-05,2.4817421436309814,3.2990245819091797,2166274129920.0,2855.218931809101,31.94444304388837,10.712824574192046,wandb
21540,1789647012.6367774,0.5189463496208191,2.17e-05,2.480340003967285,3.742905378341675,2168287395840.0,2807.9549196479747,31.415649077272963,10.53548928640947,wandb
21560,1789647132.7370813,0.4258030354976654,2.17e-05,2.479116678237915,3.1437084674835205,2170300661760.0,2858.121626281493,31.976918647497648,10.723715527711853,wandb
21580,1789647259.5331826,0.4265874922275543,2.17e-05,2.4797582626342773,3.353458881378174,2172313927680.0,2796.3261285621347,31.285545129595818,10.491857886545644,wandb
21600,1789647485.2545328,0.44811704754829407,2.17e-05,2.4819693565368652,3.3078153133392334,2174327193600.0,2880.3885856198794,32.22604336659405,10.807261495600791,wandb
21620,1789647618.5987186,0.4463489055633545,2.17e-05,2.480738639831543,3.2702889442443848,2176340459520.0,2148.806580890356,24.0410389097875,8.062354759731921,wandb
21640,1789647881.000351,0.4603888988494873,2.17e-05,2.4807918071746826,3.4906632900238037,2178353725440.0,1362.0832554459778,15.239108458509348,5.110556955361619,wandb
21660,1789648086.139004,0.4860868752002716,2.17e-05,2.4815096855163574,3.466034173965454,2180366991360.0,2623.831758238576,29.355662791395936,9.844656402720672,wandb
21680,1789648204.106028,0.44297322630882263,2.17e-05,2.4826388359069824,3.5129165649414062,2182380257280.0,2742.271476052163,30.68077687553136,10.28904401356837,wandb
21700,1789648426.0801167,0.4574369490146637,2.17e-05,2.4809556007385254,3.859861135482788,2184393523200.0,2456.9745640961787,27.488849681072523,9.218605689104528,wandb
21720,1789648549.8098838,0.4966410994529724,2.17e-05,2.480222225189209,3.529062271118164,2186406789120.0,2924.727169961437,32.72210738689252,10.973620534001451,wandb
21740,1789648677.1050506,0.4416528642177582,2.17e-05,2.4849853515625,3.3583898544311523,2188420055040.0,2915.7698437841887,32.62189202592427,10.940012510840202,wandb
21760,1789648802.3133295,0.4770878851413727,2.17e-05,2.4830214977264404,4.020549774169922,2190433320960.0,2823.9545678858394,31.594654563038944,10.595520208350866,wandb
21780,1789648927.9082136,0.48680973052978516,2.17e-05,2.4822869300842285,3.1243038177490234,2192446586880.0,2299.08576374935,25.722375757214294,8.626204524520805,wandb
21800,1789649361.683604,0.4582975208759308,2.17e-05,2.4791712760925293,3.335007905960083,2194459852800.0,1359.734243803429,15.212827507585109,5.101743428185468,wandb
21820,1789649591.466726,0.4415634572505951,2.17e-05,2.482038736343384,3.4732425212860107,2196473118720.0,1347.766365148458,15.078929818062695,5.056839766638685,wandb
21840,1789649821.8805919,0.4388501048088074,2.17e-05,2.483125686645508,3.898702383041382,2198486384640.0,1780.0546049830805,19.915409046361376,6.6787917743259895,wandb
21860,1789650100.5396369,0.43729594349861145,2.17e-05,2.4843037128448486,3.3219962120056152,2200499650560.0,1613.5727590239194,18.05279536485494,6.054149372764819,wandb
21880,1789650408.0064096,0.40728697180747986,2.17e-05,2.481480121612549,3.624504804611206,2202512916480.0,1214.2057449010642,13.584641734277838,4.555718301384169,wandb
21900,1789650923.696299,0.5065125226974487,2.17e-05,2.4815833568573,3.0224719047546387,2204526182400.0,2116.070019441365,23.674779352241956,7.939526686529459,wandb
21920,1789651228.532788,0.42470863461494446,2.17e-05,2.485116720199585,3.3004326820373535,2206539448320.0,991.0862856037462,11.088361403511636,3.7185707187901205,wandb
21940,1789651546.4708323,0.4700973629951477,2.17e-05,2.4842772483825684,3.369908332824707,2208552714240.0,1048.2833377998693,11.7282871044104,3.9331749228711472,wandb
21960,1789651818.0609572,0.4154132604598999,2.17e-05,2.4800243377685547,3.0658414363861084,2210565980160.0,2566.2124145112157,28.71101245533269,9.628467754433663,wandb
21980,1789652095.8577385,0.4003966450691223,2.17e-05,2.485785961151123,3.229811668395996,2212579246080.0,1374.3601062073828,15.376462955405154,5.156619884920277,wandb
22000,1789652440.686691,0.4142560064792633,2.17e-05,2.4807143211364746,3.2675228118896484,2214592512000.0,2722.3752281983407,30.45817588711931,10.21439299099071,wandb
22020,1789652566.0005193,0.433479905128479,2.17e-05,2.485978126525879,4.435699939727783,2216605777920.0,2838.366284556881,31.755894129376177,10.649593187060068,wandb
22040,1789652689.344152,0.41196945309638977,2.17e-05,2.47953200340271,3.1022915840148926,2218619043840.0,2438.529579401003,27.28248555379802,9.149399827826539,wandb
22060,1789652807.3900654,0.4661479890346527,2.17e-05,2.4841387271881104,3.1415855884552,2220632309760.0,2657.7309223687644,29.73492965101503,9.971846578749782,wandb
22080,1789652928.4064262,0.4937606155872345,2.17e-05,2.4809775352478027,3.2588589191436768,2222645575680.0,2587.3975136058007,28.948033225917627,9.707954566341066,wandb
22100,1789653155.822682,0.4691559374332428,2.17e-05,2.4797463417053223,3.061906337738037,2224658841600.0,2675.2772743218325,29.931239795343497,10.037680756401144,wandb
22120,1789653392.5409653,0.43605396151542664,2.17e-05,2.4807605743408203,3.4799647331237793,2226672107520.0,2736.6126582636775,30.617465519429683,10.26781204372186,wandb
22140,1789653557.086325,0.4471224546432495,2.17e-05,2.4839577674865723,3.4158196449279785,2228685373440.0,2071.5527426212598,23.176716104619885,7.772497191249264,wandb
22160,1789653684.4105778,0.49000808596611023,2.17e-05,2.4827165603637695,3.4284191131591797,2230698639360.0,2888.9497862663784,32.32182683993565,10.839383249785255,wandb
22180,1789653805.178821,0.46046581864356995,2.17e-05,2.481104850769043,3.231267213821411,2232711905280.0,2762.813234155776,30.91059988996004,10.366117000356834,wandb
22200,1789654025.419433,0.4443904757499695,2.17e-05,2.4823484420776367,3.566023349761963,2234725171200.0,2742.6997581114492,30.685568533255804,10.290650934326106,wandb
22220,1789654144.3004017,0.4358709454536438,2.17e-05,2.4827017784118652,3.103278160095215,2236738437120.0,2847.9026338650874,31.86258765256937,10.685373713757649,wandb
22240,1789654262.5145195,0.43411681056022644,2.17e-05,2.4784302711486816,3.7013678550720215,2238751703040.0,2949.216210565074,32.99609294857647,11.065503784373009,wandb
22260,1789654382.9500635,0.4890882968902588,2.17e-05,2.4842255115509033,3.3178675174713135,2240764968960.0,2267.8592739971255,25.373011015954866,8.509042263141628,wandb
22280,1789654514.8917453,0.42828303575515747,2.17e-05,2.48258113861084,3.646574020385742,2242778234880.0,2540.227092546879,28.420286364867568,9.530970433788111,wandb
22300,1789654743.7834778,0.4748062789440155,2.17e-05,2.48173189163208,3.5792620182037354,2244791500800.0,2668.9260680762372,29.86018193567742,10.013850934601642,wandb
22320,1789654879.9427233,0.45237159729003906,2.17e-05,2.4856510162353516,3.4297749996185303,2246804766720.0,2501.5858059266034,27.98796421757715,9.385987742523243,wandb
22340,1789655010.8709784,0.4750331938266754,2.17e-05,2.4818384647369385,3.3773245811462402,2248818032640.0,2354.095589986483,26.33783057978822,8.832602223754957,wandb
22360,1789655157.5183437,0.4700019061565399,2.17e-05,2.478848695755005,3.0819149017333984,2250831298560.0,2354.5840679965486,26.343295715157314,8.834435000629572,wandb
22380,1789655280.077966,0.42950230836868286,2.17e-05,2.4792957305908203,3.223548412322998,2252844564480.0,2787.8950101213,31.191217027526644,10.460224202762358,wandb
22384,1789655304.2038112,0.45509517192840576,2.17e-05,2.481198310852051,3.3385605812072754,2253247217664.0,2843.392936526178,31.812132758136215,10.66845326120103,wandb
