_step,_timestamp,grad_norm,lr,loss_metrics/global_avg_loss,loss_metrics/global_max_loss,n_tokens_seen,throughput(tps),tflops,mfu(%),source
1,1777604559.6978655,1.200491189956665,1.1399999999999999e-07,12.961017608642578,13.026864051818848,50331648.0,343.75687400971,3.845982443031267,1.2897809854130227,wandb
50,1777604807.1741614,2.594697952270508,5.7e-06,10.6432523727417,11.669149398803711,2516582400.0,3454.933907446256,38.654107465197576,12.962964224410031,wandb
100,1777605051.552821,1.0404123067855835,1.14e-05,8.277558326721191,9.598443984985352,5033164800.0,3682.5188992070443,41.200348569847264,13.816866552280725,wandb
150,1777605346.4992647,1.0185967683792114,1.71e-05,6.997859001159668,8.647769927978516,7549747200.0,3660.5949632200054,40.955061626477196,13.734607613189091,wandb
200,1777605665.3412569,1.0168893337249756,2.28e-05,6.3036909103393555,8.681236267089844,10066329600.0,2539.2450721089,28.409299432972617,9.527285878266593,wandb
250,1777605947.5754201,0.6309250593185425,2.28e-05,5.852060794830322,7.0788445472717285,12582912000.0,3720.337852863169,41.62347038288528,13.958763837838738,wandb
300,1777606179.2182026,0.7666139006614685,2.28e-05,5.577596664428711,8.402410507202148,15099494400.0,2579.3152790160493,28.857608467366425,9.677629900038642,wandb
350,1777606464.8678064,0.5987721681594849,2.28e-05,5.339583396911621,6.862373352050781,17616076800.0,3874.073762046981,43.34348139150205,14.535583292029093,wandb
400,1777606694.8484204,0.6331444978713989,2.28e-05,5.143468856811523,6.359720706939697,20132659200.0,3538.528690733796,39.58937332651037,13.27661311441287,wandb
450,1777606972.7893233,0.5766744613647461,2.28e-05,4.966348648071289,6.2845587730407715,22649241600.0,3624.757505713738,40.55410896838405,13.60014493112553,wandb
500,1777607213.5098813,0.5782659649848938,2.28e-05,4.820041656494141,5.9247846603393555,25165824000.0,3695.7508350137523,41.34838864307204,13.866512975360589,wandb
550,1777607499.1582963,0.5342648029327393,2.28e-05,4.675300598144531,6.120763778686523,27682406400.0,3032.7309629026577,33.930463416511834,11.378852397042353,wandb
600,1777607730.1247215,0.4739808738231659,2.28e-05,4.5673322677612305,5.795784950256348,30198988800.0,3764.3122357398397,42.11545968484185,14.1237563868401,wandb
650,1777608017.1956415,0.5127909779548645,2.28e-05,4.4522857666015625,6.393101692199707,32715571200.0,3903.1711869152286,43.66902596571045,14.644757269793653,wandb
700,1777608653.460317,0.528964102268219,2.28e-05,4.351083755493164,5.395447254180908,35232153600.0,3265.2669413736635,36.532096600281484,12.25133090185865,wandb
750,1777608975.6531236,0.4491129219532013,2.28e-05,4.2464704513549805,5.363332748413086,37748736000.0,3640.437820846163,40.72954172699937,13.658977710430229,wandb
800,1777609213.9015987,0.4818057119846344,2.28e-05,4.161708831787109,5.6167497634887695,40265318400.0,2867.7585051208,32.08473690401504,10.759873242729116,wandb
850,1777609502.6672063,0.4793602228164673,2.28e-05,4.0803351402282715,5.56474494934082,42781900800.0,3459.950715445987,38.71023595875165,12.98178736382844,wandb
900,1777609729.80039,0.47556689381599426,2.28e-05,4.0159125328063965,5.1683197021484375,45298483200.0,3610.896721332997,40.39903328145112,13.548139058694062,wandb
950,1777610017.6417935,0.4117971360683441,2.28e-05,3.9362008571624756,5.05100154876709,47815065600.0,2765.2241087855314,30.937572969480556,10.375162638395727,wandb
1000,1777610371.4952788,0.40598243474960327,2.28e-05,3.8872876167297363,4.871742248535156,50331648000.0,1403.423158390246,15.701622964956078,5.265664895849905,wandb
1050,1777610686.9833128,0.38342663645744324,2.28e-05,3.836207866668701,4.965514183044434,52848230400.0,3039.0227697825185,34.00085671079751,11.4024593515241,wandb
1100,1777610927.7486691,0.3763974606990814,2.28e-05,3.7916884422302246,5.009481430053711,55364812800.0,3598.6275237242976,40.26176440870763,13.502104843879994,wandb
1150,1777611225.5244997,0.3785695731639862,2.28e-05,3.747941493988037,5.015501976013184,57881395200.0,3634.036721290632,40.657925656549615,13.634960688177966,wandb
1200,1777611504.0254114,0.39895114302635193,2.28e-05,3.7130417823791504,5.446422576904297,60397977600.0,2970.1624953247883,33.230441843168514,11.144094561287519,wandb
1250,1777611817.1758869,0.35921573638916016,2.28e-05,3.675797462463379,4.53236198425293,62914560000.0,3298.6346191692573,36.90541714357614,12.37652693312966,wandb
1300,1777612068.9336536,0.3417688012123108,2.28e-05,3.636229991912842,4.8811540603637695,65431142400.0,3707.33027056017,41.47794039658977,13.909959192494746,wandb
1350,1777612378.9999726,0.34463831782341003,2.28e-05,3.607527732849121,4.717987060546875,67947724800.0,3075.372188444415,34.407537235778356,11.538842919579258,wandb
1400,1777612640.4709005,0.3975944221019745,2.28e-05,3.589900016784668,4.974922180175781,70464307200.0,3254.798050199241,36.41496971584951,12.212051463988422,wandb
1450,1777612980.1182551,0.3482971489429474,2.28e-05,3.5535569190979004,4.2702412605285645,72980889600.0,3346.7272801689155,37.443482107007576,12.556971323875203,wandb
1500,1777613221.6577775,0.35806605219841003,2.28e-05,3.5294785499572754,4.47860050201416,75497472000.0,3210.4928192199113,35.919278855930486,12.045817567906804,wandb
1550,1777613516.5048196,0.33475950360298157,2.28e-05,3.508338689804077,4.793095588684082,78014054400.0,3551.985422511203,39.73992843702439,13.327102975371439,wandb
1600,1777613810.1118946,0.28449541330337524,2.28e-05,3.4820539951324463,4.821120262145996,80530636800.0,671.5580165637203,7.513450745156631,2.519695825314911,wandb
1650,1777614165.8394263,0.2748538851737976,2.28e-05,3.4612486362457275,4.3358917236328125,83047219200.0,3367.3517833864116,37.6742308811208,12.634354771581224,wandb
1700,1777614427.9720232,0.27508795261383057,2.28e-05,3.445073366165161,4.4777350425720215,85563801600.0,3092.4975608964164,34.59913742405244,11.603097575781664,wandb
1750,1777614788.964471,0.3261457681655884,2.28e-05,3.4234373569488525,4.578622817993164,88080384000.0,3387.491672492109,37.899557749501966,12.709919939817311,wandb
1800,1777615045.3571196,0.3007980287075043,2.28e-05,3.4018115997314453,4.578810691833496,90596966400.0,3144.524258244497,35.18121673561834,11.798302530349343,wandb
1850,1777615911.1162362,0.31135815382003784,2.28e-05,3.391826629638672,4.56233549118042,93113548800.0,2200.096100617202,24.614870612642065,8.254793812726053,wandb
1900,1777616577.6958888,0.33341726660728455,2.28e-05,3.371407985687256,4.323062896728516,95630131200.0,3585.0889840922327,40.11029402464853,13.451308038614641,wandb
1950,1777617064.085685,0.29166463017463684,2.28e-05,3.361380100250244,4.37894868850708,98146713600.0,3422.0932303812215,38.28668305289094,12.839745507842999,wandb
2000,1777617317.4146998,0.3871838450431824,2.28e-05,3.3456943035125732,4.181355953216553,100663296000.0,3883.4185207244927,43.44803138169966,14.570644967785396,wandb
2050,1778210385.3113225,0.31883805990219116,2.28e-05,3.3410303592681885,4.6447649002075195,103179878400.0,1465.6116090037792,16.39739287474473,5.498996902212535,wandb
2100,1778211261.826403,0.2846483886241913,2.28e-05,3.31984806060791,4.365711212158203,105696460800.0,1301.1672380827017,14.55757464495736,4.881999137780279,wandb
2150,1778211912.256151,0.2564637362957001,2.28e-05,3.3087456226348877,4.305475234985352,108213043200.0,1458.59011782435,16.318835807696175,5.472652161213357,wandb
2200,1778212551.823734,0.2895902991294861,2.28e-05,3.30245304107666,4.578503608703613,110729625600.0,1644.495511076398,18.398761861747982,6.170172005705105,wandb
2250,1778213055.976536,0.2786388695240021,2.28e-05,3.2847073078155518,4.5568695068359375,113246208000.0,2018.4057764909646,22.58210312640285,7.573088971283579,wandb
2300,1778213379.960373,0.262356162071228,2.28e-05,3.272706985473633,4.101247787475586,115762790400.0,2317.878294111895,25.9326282562885,8.696714382394141,wandb
2350,1778213786.424221,0.2578046917915344,2.28e-05,3.2664365768432617,4.923324108123779,118279372800.0,2286.0525962919655,25.576559521938748,8.57730388329097,wandb
2400,1778214034.9790366,0.256523072719574,2.28e-05,3.2481794357299805,4.541210174560547,120795955200.0,3397.2736077140303,38.00899890971369,12.746621908573927,wandb
2450,1778214466.602494,0.25554177165031433,2.28e-05,3.2428698539733887,4.187105178833008,123312537600.0,2186.721450207905,24.465233835765908,8.204611922300872,wandb
2500,1778214827.099949,0.3054225444793701,2.28e-05,3.237401008605957,3.9845991134643555,125829120000.0,943.3007383889905,10.553732456387216,3.53927862360599,wandb
2550,1778216101.4100814,0.2757459878921509,2.28e-05,3.227250099182129,4.212490081787109,128345702400.0,890.3709028027904,9.961548753985657,3.340685080722568,wandb
2600,1778216613.7365289,0.2630160450935364,2.28e-05,3.2202229499816895,4.235037803649902,130862284800.0,3490.8930548595335,39.05642160078031,13.097883488843413,wandb
2650,1778217010.4521935,0.2549018859863281,2.28e-05,3.209886074066162,4.431180953979492,133378867200.0,2249.3789327452537,25.16625131638325,8.43970374352868,wandb
2700,1778217268.8138509,0.2602294981479645,2.28e-05,3.2034785747528076,4.08229923248291,135895449600.0,3556.2536694587725,39.787681963030714,13.343117502411463,wandb
2750,1778217677.6197793,0.30819442868232727,2.28e-05,3.195582389831543,4.1247406005859375,138412032000.0,2370.8413665473026,26.525183815511497,8.895432630437996,wandb
2800,1778217946.2182605,0.27212658524513245,2.28e-05,3.186501979827881,4.665172576904297,140928614400.0,3272.0122758007,36.607564001052715,12.276639498550152,wandb
2850,1778218354.4267406,0.27350306510925293,2.28e-05,3.1796085834503174,4.687738418579102,143445196800.0,2385.1374113875754,26.685129235130724,8.949071606690365,wandb
2900,1778218603.7236898,0.2692871689796448,2.28e-05,3.175524950027466,4.240913391113281,145961779200.0,3619.3982669059615,40.49414932853074,13.580036986141245,wandb
2950,1778219011.4127893,0.23863227665424347,2.28e-05,3.157754898071289,4.249137878417969,148478361600.0,2321.2550881015277,25.97040812741188,8.70938416446623,wandb
3000,1778219259.8648946,0.23468418419361115,2.28e-05,3.1569414138793945,4.10506534576416,150994944000.0,3532.3228716459225,39.519942071279914,13.253328787425925,wandb
3050,1778220039.5611873,0.27787506580352783,2.28e-05,3.150617837905884,4.160102844238281,153511526400.0,1463.0971608010734,16.3692610048894,5.489562654562947,wandb
3100,1778220473.0149467,0.25911474227905273,2.28e-05,3.1485466957092285,4.397127151489258,156028108800.0,1685.8702560595862,18.861666184021235,6.325410674049875,wandb
3150,1778220978.0893207,0.26820823550224304,2.28e-05,3.1359431743621826,4.410439968109131,158544691200.0,2286.304096973303,25.579373333902854,8.578247517647496,wandb
3200,1778221233.2589784,0.2572876513004303,2.28e-05,3.13510799407959,4.791624069213867,161061273600.0,3139.453295323648,35.12448235199611,11.779276200848624,wandb
3250,1778221710.2206178,0.2608751952648163,2.28e-05,3.1294913291931152,4.021041393280029,163577856000.0,1761.7179038412273,19.710256405100484,6.609992194576217,wandb
3300,1778222235.0441453,0.2410508692264557,2.28e-05,3.1152069568634033,4.466057777404785,166094438400.0,2510.8464828775664,28.09157349394898,9.420733942371069,wandb
3350,1778222668.9230354,0.2652401626110077,2.28e-05,3.11311411857605,4.21175479888916,168611020800.0,2257.5926294188466,25.25814688440651,8.470521657556057,wandb
3400,1778222930.5946743,0.2388860583305359,2.28e-05,3.1136157512664795,4.607701301574707,171127603200.0,2542.6731536069187,28.44765311329579,9.540148091845095,wandb
3450,1778223341.8984017,0.24577488005161285,2.28e-05,3.1028032302856445,3.83644962310791,173644185600.0,2273.6191665299934,25.437453205275368,8.530653466956295,wandb
3500,1778223595.6152744,0.2870257794857025,2.28e-05,3.098745346069336,4.045034408569336,176160768000.0,3609.174961840247,40.379770083298894,13.541678991061666,wandb
3550,1778224130.0271766,0.23366157710552216,2.28e-05,3.093998908996582,4.482415199279785,178677350400.0,2179.2122143046486,24.381219837419827,8.176437155728125,wandb
3600,1778224449.5431755,0.24614812433719635,2.28e-05,3.089477062225342,4.425726413726807,181193932800.0,2971.3125026298003,33.243308227054435,11.148409406072409,wandb
3650,1778224863.02894,0.25096920132637024,2.28e-05,3.0838799476623535,3.976412773132324,183710515200.0,2131.617233253231,23.84872296145921,7.997860067668274,wandb
3700,1778225124.845856,0.21391239762306213,2.28e-05,3.081132173538208,4.061934471130371,186227097600.0,2887.7880239704527,32.308828940167174,10.83502430009684,wandb
3750,1778225581.2139492,0.24527667462825775,2.28e-05,3.0744943618774414,4.164464950561523,188743680000.0,1918.5821899553907,21.465267972714006,7.198549366278683,wandb
3800,1778225983.5982823,0.23234879970550537,2.28e-05,3.0673747062683105,4.206325531005859,191260262400.0,3042.8558337546765,34.04374137101674,11.416841065464814,wandb
3850,1778226404.7695348,0.23324380815029144,2.28e-05,3.064666986465454,4.232427597045898,193776844800.0,2306.0441391974105,25.8002266798536,8.652312454342216,wandb
3900,1778226696.794534,0.239280104637146,2.28e-05,3.060190200805664,4.0076093673706055,196293427200.0,2683.9176337530625,30.027908904200505,10.070099515542001,wandb
3950,1778227714.6305938,0.2366238683462143,2.28e-05,3.0590479373931885,3.9723565578460693,198810009600.0,1960.3271349354457,21.932314125437816,7.355177030605381,wandb
4000,1778228013.4502,0.21653588116168976,2.28e-05,3.0528876781463623,3.9121205806732178,201326592000.0,3108.566771732796,34.77892118234999,11.663389497643772,wandb
4050,1778228423.1872327,0.24548014998435974,2.28e-05,3.055619716644287,4.036144256591797,203843174400.0,2047.4244334151276,22.90676643785572,7.6819674105317555,wandb
4100,1778228666.1201634,0.28423556685447693,2.28e-05,3.050269603729248,3.9946982860565186,206359756800.0,3359.5381664254805,37.58681144046268,12.605037962680917,wandb
4150,1778229068.4112775,0.23271842300891876,2.28e-05,3.042339324951172,3.9862141609191895,208876339200.0,2198.7307001749473,24.599594391202867,8.249670809635663,wandb
4200,1778229402.8614714,0.2308903932571411,2.28e-05,3.0382137298583984,4.648837089538574,211392921600.0,3682.9900409615134,41.205619745648725,13.818634283262393,wandb
4250,1778229804.1710925,0.24914734065532684,2.28e-05,3.0345852375030518,3.8266661167144775,213909504000.0,2197.9158527521236,24.59047780585179,8.246613489792974,wandb
4300,1778230093.1945407,0.23789258301258087,2.28e-05,3.0359063148498535,4.017210006713867,216426086400.0,3603.4735236141973,40.315981885955686,13.520287108689423,wandb
4350,1778230492.4368334,0.25651636719703674,2.28e-05,3.0325875282287598,4.336800575256348,218942668800.0,2307.9697352037574,25.821770419027157,8.659537319653573,wandb
4400,1778230736.368461,0.23996146023273468,2.28e-05,3.0271832942962646,4.154073715209961,221459251200.0,3530.2601811141476,39.49686450637749,13.245589541383676,wandb
4450,1778231179.1914725,0.2737390995025635,2.28e-05,3.0299739837646484,4.4766035079956055,223975833600.0,2215.928018849469,24.79199952020563,8.314195409152065,wandb
4500,1778233777.9709194,0.2265491634607315,2.28e-05,3.0220658779144287,3.81187105178833,226492416000.0,1389.4614021406478,15.545417595784842,5.213280175440809,wandb
4550,1778234347.783078,0.2688624858856201,2.28e-05,3.0183448791503906,4.007009506225586,229008998400.0,1973.5436592624335,22.080181773658445,7.404765629580469,wandb
4600,1778234697.7982922,0.23181918263435364,2.28e-05,3.0153679847717285,3.7614905834198,231525580800.0,2385.16558980532,26.685444497771595,8.949177332539517,wandb
4650,1778235194.6302016,0.23061122000217438,2.28e-05,3.0200369358062744,4.531495094299316,234042163200.0,2027.1641415384333,22.68009249257701,7.605950489279616,wandb
4700,1778235549.9224453,0.24596050381660461,2.28e-05,3.009084939956665,3.982348680496216,236558745600.0,2536.9438142132444,28.383552755210683,9.518651523870341,wandb
4750,1778236052.6285584,0.2330964207649231,2.28e-05,3.0070955753326416,3.9975392818450928,239075328000.0,2026.1432694669115,22.668670885154718,7.6021201618420005,wandb
4800,1778236392.928408,0.22260579466819763,2.28e-05,3.0017895698547363,4.053985595703125,241591910400.0,2644.381777920444,29.585578237096026,9.92176038707558,wandb
4850,1778236819.036037,0.23974889516830444,2.28e-05,3.0009636878967285,4.105629920959473,244108492800.0,2372.3940461985007,26.54255533337674,8.90125830795011,wandb
4900,1778237064.6791155,0.21662968397140503,2.28e-05,2.9956274032592773,3.8377561569213867,246625075200.0,3564.0748476510385,39.875185999416686,13.372462681165988,wandb
4950,1778237466.0867274,0.2448596954345703,2.28e-05,2.9949262142181396,3.9408817291259766,249141657600.0,2273.380250805574,25.434780194927203,8.529757051548282,wandb
5000,1778237727.0797071,0.24868960678577423,2.28e-05,2.995842218399048,4.1306352615356445,251658240000.0,3597.5762589080537,40.250002764557536,13.498160482404952,wandb
5050,1778238150.8263273,0.23441511392593384,2.28e-05,2.9930570125579834,4.251882076263428,254174822400.0,1457.9824426044365,16.312037083354777,5.470372154606336,wandb
5100,1778238406.0620325,0.2196425199508667,2.28e-05,2.986060619354248,3.9862618446350098,256691404800.0,3491.291721591748,39.060881919594685,13.099379292446493,wandb
5150,1778238817.4350853,0.22533223032951355,2.28e-05,2.986966371536255,4.089465141296387,259207987200.0,2287.3016041014052,25.59053353226262,8.581990179464357,wandb
5200,1778239087.3276615,0.22051450610160828,2.28e-05,2.982527256011963,3.7460825443267822,261724569600.0,3402.3032024003237,38.0652704618529,12.765493023833523,wandb
5250,1778239495.791686,0.2301950305700302,2.28e-05,2.9838168621063232,4.771533012390137,264241152000.0,2233.3062351192702,24.986428547573876,8.379398739179297,wandb
5300,1778239787.5968335,0.25812941789627075,2.28e-05,2.9812679290771484,4.738481521606445,266757734400.0,2052.270992180764,22.96099016785517,7.700151772251394,wandb
5350,1778240250.1452594,0.24426870048046112,2.28e-05,2.9770493507385254,4.099549293518066,269274316800.0,1812.56833234767,20.279175516375833,6.800783770676777,wandb
5400,1778240597.4972737,0.23578666150569916,2.28e-05,2.9743003845214844,3.9694325923919678,271790899200.0,3527.14680828087,39.46203181455165,13.2339081194705,wandb
5450,1778241095.297134,0.2547514736652374,2.28e-05,2.9722788333892822,3.88297963142395,274307481600.0,1775.8682913934535,19.86857219804202,6.66308466248297,wandb
5500,1778241426.5613704,0.24400801956653595,2.28e-05,2.974846601486206,5.12593412399292,276824064000.0,3502.9543342804873,39.19136426636952,13.143137591475439,wandb
5550,1778241901.145901,0.23136581480503082,2.28e-05,2.9641175270080566,3.8881845474243164,279340646400.0,1743.2741668371343,19.503906237104648,6.540791014654021,wandb
5600,1778242227.3006272,0.23226618766784668,2.28e-05,2.9667818546295166,5.062732696533203,281857228800.0,2145.548330536433,24.00458531539091,8.050129755172197,wandb
5650,1778242671.298314,0.2530345320701599,2.28e-05,2.963867664337158,4.277549743652344,284373811200.0,2192.040923246977,24.52474857266647,8.224570665520124,wandb
5700,1778242962.135355,0.2545730769634247,2.28e-05,2.962880849838257,4.011401176452637,286890393600.0,3315.826268556388,37.09775884408796,12.44103026139411,wandb
5750,1778243364.0429947,0.225666344165802,2.28e-05,2.9568161964416504,3.816251277923584,289406976000.0,2228.639051053222,24.934211677647628,8.361887394042844,wandb
5800,1778243607.209783,0.23506738245487213,2.28e-05,2.9525585174560547,4.279906749725342,291923558400.0,3646.276865759172,40.794869480180154,13.680885895171166,wandb
5850,1778244212.7333531,0.23517414927482605,2.28e-05,2.9525890350341797,3.8012537956237793,294440140800.0,2246.118304010762,25.12977111245359,8.427469815249127,wandb
5900,1778244620.7256527,0.213100865483284,2.28e-05,2.9484689235687256,4.615965366363525,296956723200.0,3012.956624913139,33.7092263664911,11.304658782117606,wandb
5950,1778245014.7632084,0.27154889702796936,2.28e-05,2.948176383972168,3.829674482345581,299473305600.0,2389.7895991043238,26.737178324568845,8.96652668529765,wandb
6000,1778245258.9088264,0.23815597593784332,2.28e-05,2.9471843242645264,4.461090087890625,301989888000.0,3480.1872349717287,38.93664393685616,13.05771509086061,wandb
6050,1778245658.9285944,0.2479257732629776,2.28e-05,2.950495958328247,4.460686683654785,304506470400.0,2276.3916112911534,25.468471563545037,8.541055721591501,wandb
6100,1778245978.9712484,0.22031483054161072,2.28e-05,2.939986228942871,3.9793074131011963,307023052800.0,3610.951180346289,40.39964257372954,13.548343389734804,wandb
6150,1778246404.0332537,0.22992900013923645,2.28e-05,2.944227933883667,4.292057037353516,309539635200.0,2336.0032457359544,26.135411825134184,8.764719474753639,wandb
6200,1778246649.3190033,0.25557664036750793,2.28e-05,2.945669651031494,4.092426300048828,312056217600.0,3501.177102415008,39.17148043838347,13.136469390662382,wandb
6250,1778247057.036555,0.232147678732872,2.28e-05,2.939016342163086,3.869673013687134,314572800000.0,2358.7398802495713,26.389791311813244,8.850027670996779,wandb
6300,1778247315.4293654,0.26462647318840027,2.28e-05,2.934131145477295,4.116119384765625,317089382400.0,2902.3925072471684,32.47222519641252,10.889820542023216,wandb
6350,1778247743.680705,0.24000056087970734,2.28e-05,2.9385032653808594,3.9244909286499023,319605964800.0,2187.6391100086544,24.475500695134247,8.208054995739023,wandb
6400,1778248014.5808244,0.24465131759643555,2.28e-05,2.9373111724853516,4.259217262268066,322122547200.0,3533.895985700992,39.5375422110709,13.259231135130126,wandb
6450,1778248418.8267672,0.23546671867370605,2.28e-05,2.9304418563842773,3.7686190605163574,324639129600.0,2094.565069909325,23.434180066549818,7.858839790947821,wandb
6500,1778248698.1946092,0.2502695620059967,2.28e-05,2.935580015182495,4.612222194671631,327155712000.0,3645.1005230981336,40.781708453991584,13.67647223973254,wandb
6550,1778249102.1627653,0.24418288469314575,2.28e-05,2.931433916091919,3.8242740631103516,329672294400.0,2277.2572217763377,25.47815609054719,8.544303505211191,wandb
6600,1778249338.6577363,0.22408099472522736,2.28e-05,2.9258179664611816,4.040501594543457,332188876800.0,3685.0628094909584,41.228810064084335,13.826411342104175,wandb
6650,1778249734.1295986,0.31442561745643616,2.28e-05,2.9317946434020996,3.8591794967651367,334705459200.0,2356.4199822401865,26.36383608680307,8.841323378612165,wandb
6700,1778249975.523496,0.2917041480541229,2.28e-05,2.929246425628662,4.031795978546143,337222041600.0,3438.5876412501443,38.47122398692396,12.901632786651934,wandb
6750,1778250374.8147144,0.2558741569519043,2.28e-05,2.9298529624938965,4.077532768249512,339738624000.0,2347.969388364655,26.269290091840467,8.809616622703626,wandb
6800,1778250624.402408,0.2523208260536194,2.28e-05,2.925339937210083,3.852095603942871,342255206400.0,2973.8349746879708,33.27152986851749,11.15787375934894,wandb
6850,1778251027.2824898,0.27429264783859253,2.28e-05,2.91979718208313,4.717811584472656,344771788800.0,2319.0064253019323,25.94524988825679,8.7009471476651,wandb
6900,1778251266.7206473,0.23977001011371613,2.28e-05,2.9111146926879883,4.646339416503906,347288371200.0,3717.320558292843,41.589712623200164,13.947442903019887,wandb
6950,1778486027.9434183,0.2653793394565582,2.28e-05,2.920382022857666,4.115940093994141,349804953600.0,3456.6195137468576,38.672966178224485,12.969288644719215,wandb
7000,1778486533.4560952,0.23904576897621155,2.28e-05,2.91434645652771,3.987665891647339,352321536000.0,3808.265990013096,42.607218192150945,14.288671537009755,wandb
7050,1778486918.2433395,0.25726979970932007,2.28e-05,2.915048599243164,3.891667127609253,354838118400.0,2462.448323959832,27.550090592672117,9.239143318820867,wandb
7100,1778487190.6944542,0.2404833287000656,2.28e-05,2.915996551513672,4.119367599487305,357354700800.0,3107.852190438398,34.77092638335058,11.660708377829943,wandb
7150,1778487572.9664824,0.310611754655838,2.28e-05,2.912832736968994,4.098282814025879,359871283200.0,3025.799723814722,33.85291609788017,11.352846283254157,wandb
7200,1778487797.0253391,0.2738112509250641,2.28e-05,2.9107871055603027,3.768939256668091,362387865600.0,3261.1890402646845,36.48647268042612,12.236030555281122,wandb
7250,1778488283.984449,0.25853413343429565,2.28e-05,2.9122042655944824,4.658089637756348,364904448000.0,2329.2688699854352,26.060067031009307,8.739451995182016,wandb
7300,1778488533.7693708,0.25209903717041016,2.28e-05,2.9046144485473633,4.144669532775879,367421030400.0,3294.385060406801,36.857872702644976,12.36058252444256,wandb
7350,1778488937.7256994,0.27310726046562195,2.28e-05,2.905823230743408,3.8407840728759766,369937612800.0,2358.3106619216637,26.384989179032292,8.84841723734503,wandb
7400,1778489218.9445302,0.2761766016483307,2.28e-05,2.907057762145996,3.5736732482910156,372454195200.0,3301.5351116788574,36.9378681114301,12.387409624851806,wandb
7450,1778489628.5298738,0.23662009835243225,2.28e-05,2.904489040374756,3.9194154739379883,374970777600.0,2335.377887786452,26.12841526484335,8.762373122278019,wandb
7500,1778489896.5825016,0.26403388381004333,2.28e-05,2.904755115509033,3.869891881942749,377487360000.0,2871.046701863707,32.12152554127177,10.772210606592793,wandb
7550,1778490365.030994,0.2765362858772278,2.28e-05,2.9032936096191406,4.018359184265137,380003942400.0,2317.9504016008946,25.933435001280884,8.696984930782405,wandb
7600,1778490581.9743397,0.278716117143631,2.28e-05,2.9034767150878906,3.7481675148010254,382520524800.0,3741.2781464192226,41.85775224735856,14.037332135666587,wandb
7650,1778490944.6528769,0.2689031660556793,2.28e-05,2.9012701511383057,3.757195472717285,385037107200.0,2419.5933491146125,27.07062532721067,9.078350805667643,wandb
7700,1778491186.2089546,0.2707301378250122,2.28e-05,2.8964006900787354,4.461353302001953,387553689600.0,2917.9947904405794,32.64678492676243,10.948360544313678,wandb
7750,1778491568.5937457,0.2925429344177246,2.28e-05,2.898411750793457,4.383570671081543,390070272000.0,2400.512836964491,26.857150862315056,9.006760435775943,wandb
7800,1778491801.3219185,0.2675163447856903,2.28e-05,2.8995914459228516,3.93137788772583,392586854400.0,3454.3161693858688,38.64719615690306,12.960646461873504,wandb
7850,1778492202.8120677,0.23956947028636932,2.28e-05,2.8889429569244385,3.9588282108306885,395103436800.0,2300.6131641207335,25.739464448251358,8.631935353793088,wandb
7900,1778492436.898811,0.28571319580078125,2.28e-05,2.894562244415283,3.8213882446289062,397620019200.0,4042.668742104706,45.22973700501715,15.1681542046573,wandb
7950,1778492834.2233431,0.2539088726043701,2.28e-05,2.8914217948913574,3.9381015300750732,400136601600.0,2405.0611138164577,26.90803738776739,9.023825639248486,wandb
8000,1778493204.494279,0.28565719723701477,2.28e-05,2.894991397857666,4.110431671142578,402653184000.0,1673.0200578532615,18.717897024980072,6.277196536214663,wandb
8050,1778493684.5841756,0.28017866611480713,2.28e-05,2.886451005935669,4.068030834197998,405169766400.0,2347.132054951235,26.259921931229126,8.806474935084458,wandb
8100,1778493909.1114562,0.310055136680603,2.28e-05,2.8909645080566406,4.4601640701293945,407686348800.0,3515.742205884372,39.334436109845996,13.19111787895655,wandb
8150,1778494280.4940083,0.2730048894882202,2.28e-05,2.888090133666992,3.8254661560058594,410202931200.0,2333.4371305500104,26.106701900480694,8.755091371802258,wandb
8200,1778494525.5367138,0.25762560963630676,2.28e-05,2.8804256916046143,4.302726745605469,412719513600.0,3996.7514733977428,44.716010523800826,14.995871918663891,wandb
8250,1778494885.089072,0.2526818811893463,2.28e-05,2.880815029144287,3.9483039379119873,415236096000.0,2294.9623182569735,25.676242282751677,8.6107332947286,wandb
8300,1778495185.0205805,0.27193549275398254,2.28e-05,2.887122631072998,4.475374221801758,417752678400.0,3388.6396694105147,37.91240164100395,12.714227241601277,wandb
8350,1778495580.507975,0.2600533366203308,2.28e-05,2.879817485809326,3.6399106979370117,420269260800.0,2412.0756095978427,26.986516189681215,9.050144133408503,wandb
8400,1778495806.1667295,0.27617698907852173,2.28e-05,2.8791589736938477,3.8083114624023438,422785843200.0,4109.805725163022,45.980871535386065,15.420053179524537,wandb
8450,1778496214.7869048,0.2751694619655609,2.28e-05,2.880246639251709,4.316595077514648,425302425600.0,2261.4979991985833,25.301840508424014,8.485174663979336,wandb
8500,1778496443.4339144,0.2584792971611023,2.28e-05,2.8772127628326416,4.1850786209106445,427819008000.0,3399.1316564818317,38.02978692438204,12.75359333562563,wandb
8550,1778496804.6647959,0.2983287572860718,2.28e-05,2.876415729522705,3.7773499488830566,430335590400.0,2189.3701473542856,24.494867694728676,8.214549874015615,wandb
8600,1778497024.8642836,0.33068913221359253,2.28e-05,2.879819869995117,3.780538558959961,432852172800.0,3972.4653817716967,44.44429557330654,14.90475013592279,wandb
8650,1778497414.0895731,0.28695663809776306,2.28e-05,2.8735780715942383,3.934678554534912,435368755200.0,2336.405824930107,26.139915916920277,8.766229957973028,wandb
8700,1778497629.7882135,0.3072379529476166,2.28e-05,2.871049642562866,3.986720323562622,437885337600.0,3966.7647875462235,44.38051681871676,14.883361420253461,wandb
8750,1778497993.4510303,0.31291529536247253,2.28e-05,2.8709218502044678,4.007400035858154,440401920000.0,2336.7213253316763,26.143445763439566,8.767413720246893,wandb
8800,1778498206.6042607,0.2770698070526123,2.28e-05,2.8688411712646484,3.8113956451416016,442918502400.0,3938.925353553216,44.06904675817039,14.77890744326091,wandb
8850,1778498563.0799026,0.27920159697532654,2.28e-05,2.8703370094299316,3.7639598846435547,445435084800.0,2337.4476925183885,26.151572424049153,8.770139060906766,wandb
8900,1778498778.85466,0.28820371627807617,2.28e-05,2.868621826171875,3.7160325050354004,447951667200.0,4116.116149110819,46.05147311908159,15.443729985526485,wandb
8950,1778499165.0650198,0.27962788939476013,2.28e-05,2.873673915863037,3.8298449516296387,450468249600.0,2270.2415211203647,25.399663808389445,8.517980490343515,wandb
9000,1778499426.4227576,0.2929181456565857,2.28e-05,2.8691911697387695,3.8029847145080566,452984832000.0,3406.5221066300473,38.11247193714874,12.781322416250626,wandb
9050,1778499848.8852463,0.2843013405799866,2.28e-05,2.864442825317383,3.743483304977417,455501414400.0,2315.3070186678374,25.903860598208848,8.687066918076347,wandb
9100,1778500070.3842719,0.2913134694099426,2.28e-05,2.863532066345215,4.564313888549805,458017996800.0,3803.5411377235346,42.55435612501725,14.270943819827322,wandb
9150,1778500445.9337146,0.2904870808124542,2.28e-05,2.860462188720703,3.4717278480529785,460534579200.0,2334.598116494031,26.119691114355103,8.759447408606594,wandb
9200,1778500703.6736665,0.2973611652851105,2.28e-05,2.866685628890991,3.88346529006958,463051161600.0,3759.7887602926025,42.06485063970879,14.106784238612848,wandb
9250,1778501078.8004763,0.29277390241622925,2.28e-05,2.865462064743042,4.114629745483398,465567744000.0,2367.688981441169,26.489914650911395,8.883604833887588,wandb
9300,1778501301.560456,0.2781504988670349,2.28e-05,2.8611860275268555,3.95473575592041,468084326400.0,3746.9208984344077,41.9208838581614,14.058503826488923,wandb
9350,1778501663.2811847,0.32133960723876953,2.28e-05,2.8663735389709473,4.31125545501709,470600908800.0,2362.152193732462,26.42796857818246,8.862830722744267,wandb
9400,1778502119.10008,0.29323163628578186,2.28e-05,2.861677646636963,3.631294012069702,473117491200.0,3747.4186303289516,41.92645252681208,14.060371324077927,wandb
9450,1778502491.5485175,0.2710859179496765,2.28e-05,2.858051061630249,3.8031129837036133,475634073600.0,2375.9255007554593,26.58206556066616,8.914508378807708,wandb
9500,1778502716.2207553,0.2571065127849579,2.28e-05,2.8592171669006348,3.5522711277008057,478150656000.0,3507.8576251680306,39.24622272038849,13.161534812973688,wandb
9550,1778503107.900089,0.30792269110679626,2.28e-05,2.865359306335449,4.429585933685303,480667238400.0,2327.476427759843,26.040013028163152,8.732726724867987,wandb
9600,1778503342.3988519,0.2857207655906677,2.28e-05,2.855926990509033,3.827343463897705,483183820800.0,3490.275392751039,39.04951114224231,13.095566011279535,wandb
9650,1778503731.349644,0.3030756413936615,2.28e-05,2.856221914291382,3.801473379135132,485700403200.0,2332.939703916396,26.10113664711642,8.753225019556876,wandb
9700,1778503956.6129086,0.2964755594730377,2.28e-05,2.8551816940307617,3.8969814777374268,488216985600.0,2983.456894670004,33.379180764010876,11.193975348507681,wandb
9750,1778504350.2315001,0.32717257738113403,2.28e-05,2.855741024017334,3.960625171661377,490733568000.0,2377.6098407794866,26.600910106478274,8.920828048028051,wandb
9800,1778504564.0201972,0.28755810856819153,2.28e-05,2.851713180541992,3.674525737762451,493250150400.0,3447.370919292118,38.56949208189372,12.934587778579784,wandb
9850,1778504943.0064583,0.3184308707714081,2.28e-05,2.851860761642456,3.757362127304077,495766732800.0,2336.9320125330883,26.14580295056473,8.768204221810052,wandb
9900,1778505160.6058967,0.28921833634376526,2.28e-05,2.8539953231811523,3.979185104370117,498283315200.0,4225.700181653554,47.2775090097385,15.854890931429518,wandb
9950,1778505560.7094839,0.27912142872810364,2.28e-05,2.852733612060547,4.0858049392700195,500799897600.0,2272.680627520909,25.42695274746944,8.527132054412988,wandb
10000,1778505773.1425252,0.28419914841651917,2.28e-05,2.849196672439575,3.83076810836792,503316480000.0,3889.4292411816127,43.515279856118234,14.593197281761835,wandb
10050,1778506241.6450183,0.31240683794021606,2.28e-05,2.8503761291503906,3.9363760948181152,505833062400.0,2320.693795422581,25.96412833505907,8.70727818585375,wandb
10100,1778506514.9519484,0.3311304748058319,2.28e-05,2.84859037399292,3.5924243927001953,508349644800.0,3814.800345084129,42.68032513714549,14.313188535969658,wandb
10150,1778506901.9804907,0.2859298884868622,2.28e-05,2.8486649990081787,4.694388389587402,510866227200.0,2330.253087185829,26.07107854047729,8.743144792989305,wandb
10200,1778507135.9984276,0.32226264476776123,2.28e-05,2.849358081817627,4.574207305908203,513382809600.0,2980.143118371671,33.34210594041575,11.18154200976554,wandb
10250,1778507516.115184,0.29989808797836304,2.28e-05,2.847017526626587,3.96783447265625,515899392000.0,2344.3146222036603,26.22840024337107,8.795903884844458,wandb
10300,1778507748.900345,0.2852654457092285,2.28e-05,2.84478759765625,3.8308634757995605,518415974400.0,3843.1864393747715,42.997911281662724,14.419693590658913,wandb
10350,1778508129.1585817,0.30420124530792236,2.28e-05,2.8455123901367188,3.726308822631836,520932556800.0,2123.961674080255,23.763071885373325,7.96913629397661,wandb
10400,1778508359.2534862,0.2811936140060425,2.28e-05,2.8472695350646973,4.973767280578613,523449139200.0,3754.178690794929,42.00208468381513,14.085735173090043,wandb
10450,1778508744.5760593,0.29994696378707886,2.28e-05,2.840514659881592,3.690690279006958,525965721600.0,2274.734805965692,25.449935078386446,8.534839362976223,wandb
10500,1778508968.5430057,0.31077420711517334,2.28e-05,2.8442134857177734,4.940786361694336,528482304000.0,3748.2990519869622,41.936302762531525,14.063674679441856,wandb
10550,1778509341.8704586,0.33428311347961426,2.28e-05,2.843076705932617,4.180488109588623,530998886400.0,2317.222995966426,25.92529672242555,8.69425569385086,wandb
10600,1778509545.6289196,0.29384833574295044,2.28e-05,2.8420798778533936,3.8480143547058105,533515468800.0,4222.601926372908,47.242845454434416,15.843266230802234,wandb
10650,1778509912.8480904,0.3309504985809326,2.28e-05,2.839224338531494,3.6939432621002197,536032051200.0,2316.8374885207795,25.92098363087826,8.692809264089819,wandb
10700,1778510128.9177577,0.27173224091529846,2.28e-05,2.8347370624542236,4.133879661560059,538548633600.0,3553.8099238473305,39.76034112004709,13.333948531952606,wandb
10750,1778510520.311068,0.33237728476524353,2.28e-05,2.837421417236328,3.6518940925598145,541065216000.0,2365.869251719331,26.46955535313324,8.876777180475337,wandb
10800,1778510740.9039981,0.32240355014801025,2.28e-05,2.8357577323913574,4.550894737243652,543581798400.0,3562.5362130226213,39.85797161851396,13.366689700791566,wandb
10850,1778511120.5771096,0.27668580412864685,2.28e-05,2.832840919494629,3.715423107147217,546098380800.0,2423.3728488345832,27.112910705818226,9.092531545724798,wandb
10900,1778511336.9970837,0.30681538581848145,2.28e-05,2.835568904876709,4.354976654052734,548614963200.0,3978.1286874606867,44.50765714043773,14.925998944439806,wandb
10950,1778511743.7246757,0.2944905459880829,2.28e-05,2.839324951171875,4.332978248596191,551131545600.0,2304.4336094841096,25.782207930354616,8.646269722522984,wandb
11000,1778511985.5002089,0.2880712151527405,2.28e-05,2.830113410949707,3.8472042083740234,553648128000.0,3781.3913088714694,42.30654187220675,14.187837327292893,wandb
11050,1778512468.466969,0.3063509464263916,2.28e-05,2.8354647159576416,4.189314842224121,556164710400.0,1158.2278801941336,12.95835641131102,4.345688507184382,wandb
11100,1778512781.5536926,0.34901162981987,2.28e-05,2.837780237197876,3.972013235092163,558681292800.0,2347.370600287794,26.262590797645004,8.807369960791622,wandb
11150,1778513171.1893442,0.31972765922546387,2.28e-05,2.833164691925049,3.7514891624450684,561197875200.0,2368.9975458793447,26.504554986088106,8.88851458743189,wandb
11200,1778513391.996848,0.295194149017334,2.28e-05,2.8275363445281982,4.000393867492676,563714457600.0,3524.220265440582,39.42928939328385,13.222927686513998,wandb
11250,1778513761.4429736,0.3104596734046936,2.28e-05,2.8329553604125977,3.8336241245269775,566231040000.0,2307.350592582548,25.814843396381388,8.657214287183619,wandb
11300,1778513975.34329,0.32296815514564514,2.28e-05,2.8327810764312744,4.120815753936768,568747622400.0,4087.830178139482,45.735007163154904,15.337600595044117,wandb
11350,1778514351.2110221,0.3277021646499634,2.28e-05,2.8290328979492188,3.667538642883301,571264204800.0,2226.8450287430364,24.914139996674685,8.355156195227549,wandb
11400,1778514573.0248675,0.31063002347946167,2.28e-05,2.834113836288452,4.457701683044434,573780787200.0,1851.6418743163024,20.71633377490177,6.94738829054001,wandb
11450,1778514968.2451446,0.31346753239631653,2.28e-05,2.8309788703918457,3.7042243480682373,576297369600.0,2319.5610342757186,25.951454902722535,8.703028048914828,wandb
11500,1778515205.9665122,0.3416902720928192,2.28e-05,2.8277571201324463,3.95569109916687,578813952000.0,3595.939075885718,40.2316858154694,13.492017746967491,wandb
11550,1778515633.891903,0.3108944296836853,2.28e-05,2.83052396774292,3.7488934993743896,581330534400.0,2303.2978805527137,25.769501294181087,8.642008450411646,wandb
11600,1778515902.424528,0.3010968267917633,2.28e-05,2.829078197479248,3.917179584503174,583847116800.0,3409.7203056363246,38.14825367173339,12.793322107246613,wandb
11650,1778516288.083038,0.3136706054210663,2.28e-05,2.833667755126953,3.8439884185791016,586363699200.0,2272.16376606225,25.42117005555612,8.525192782410379,wandb
11700,1778516528.6484342,0.31537070870399475,2.28e-05,2.829741954803467,3.677412271499634,588880281600.0,3549.309783923061,39.70999315481793,13.317063938960125,wandb
11750,1778516972.7630842,0.3199194073677063,2.28e-05,2.824171304702759,4.589282512664795,591396864000.0,2359.7483360703104,26.401074005118826,8.853811412473851,wandb
11800,1778517220.0846384,0.32440972328186035,2.28e-05,2.817627191543579,4.522840976715088,593913446400.0,4009.2694564583576,44.856062830280464,15.042839580252666,wandb
11850,1778517763.2560422,0.3306537866592407,2.28e-05,2.82670259475708,4.0433244705200195,596430028800.0,2105.121261557547,23.552283676437742,7.898446781514846,wandb
11900,1778518000.9102972,0.32801353931427,2.28e-05,2.831352949142456,4.497377395629883,598946611200.0,3723.905123017155,41.66338131825582,13.972148289357554,wandb
11950,1778518413.9121177,0.29285240173339844,2.28e-05,2.822192668914795,3.7124366760253906,601463193600.0,2352.968184997366,26.32521707262034,8.828372183200825,wandb
12000,1778518662.181319,0.32272207736968994,2.28e-05,2.823744297027588,3.9099340438842773,603979776000.0,3620.277669062613,40.50398815797841,13.58333651632067,wandb
12050,1778519071.413814,0.32400447130203247,2.28e-05,2.822977066040039,4.14300537109375,606496358400.0,1335.9438893523356,14.94665890864151,5.012481658815324,wandb
12100,1778519299.098255,0.297831654548645,2.28e-05,2.8196988105773926,4.15286922454834,609012940800.0,3571.0106314787445,39.95278416500061,13.398485846886473,wandb
12150,1778519685.1258457,0.3318348824977875,2.28e-05,2.8164138793945312,4.714641571044922,611529523200.0,2196.960461577798,24.579788804524128,8.243028847671047,wandb
12200,1778519944.036214,0.28683364391326904,2.28e-05,2.8209962844848633,3.8707847595214844,614046105600.0,2231.090806048531,24.961642130329444,8.371086415830993,wandb
12250,1778520391.0917444,0.3022213578224182,2.28e-05,2.8170905113220215,4.368372917175293,616562688000.0,2096.365471313943,23.45432311739794,7.865594924221817,wandb
12300,1778520634.5974135,0.30336475372314453,2.28e-05,2.82344913482666,4.602993965148926,619079270400.0,3498.85394769548,39.14548877701091,13.127752879052101,wandb
12350,1778521038.8355408,0.33141887187957764,2.28e-05,2.8179550170898438,3.5125772953033447,621595852800.0,2429.2744320383313,27.178938142951196,9.114674375077533,wandb
12400,1778521286.5400198,0.33638742566108704,2.28e-05,2.825343132019043,3.816725254058838,624112435200.0,3695.7328831788514,41.34818779634847,13.86644561980479,wandb
12450,1778521670.597372,0.3146272599697113,2.28e-05,2.8147690296173096,3.518409490585327,626629017600.0,2392.564429366738,26.768223372038452,8.976937890369609,wandb
12500,1778521919.0950642,0.3215636610984802,2.28e-05,2.8154525756835938,4.352289199829102,629145600000.0,3653.1767198715334,40.872065660917094,13.706774252056782,wandb
12550,1778522321.7849329,0.35304588079452515,2.28e-05,2.8211841583251953,3.9378342628479004,631662182400.0,2282.2890274283473,25.534452379167234,8.563182916047563,wandb
12600,1778522579.2609513,0.3478383719921112,2.28e-05,2.813497304916382,3.850775957107544,634178764800.0,3662.357591609378,40.974782069475296,13.741221021539138,wandb
12650,1778523149.7165606,0.32883021235466003,2.28e-05,2.8169164657592773,4.757175445556641,636695347200.0,2350.841608412384,26.30142474487951,8.820393235721635,wandb
12700,1778523620.9194431,0.31804975867271423,2.28e-05,2.8147828578948975,3.899064064025879,639211929600.0,2975.1288694286886,33.2860060778159,11.16272847196672,wandb
12750,1778524144.377014,0.30186793208122253,2.28e-05,2.8167731761932373,3.7914955615997314,641728512000.0,2345.287738197702,26.239287551556245,8.799555030757778,wandb
12800,1778524499.1762903,0.317149817943573,2.28e-05,2.8121020793914795,4.49590539932251,644245094400.0,2187.0988086695584,24.46945575575639,8.206027776950842,wandb
12850,1779460974.1927655,0.3402918875217438,2.28e-05,2.816484212875366,3.9979357719421387,646761676800.0,3111.034586111026,34.806531308834515,11.672648774479294,wandb
12900,1779461253.4779973,0.320984423160553,2.28e-05,2.8108749389648438,3.9051499366760254,649278259200.0,3141.245033820141,35.14452848145858,11.78599883076044,wandb
12950,1779461762.626887,0.3364788293838501,2.28e-05,2.8132970333099365,3.782898187637329,651794841600.0,2493.1707402284337,27.893815715018913,9.354414288872993,wandb
13000,1779462021.4465566,0.3308144211769104,2.28e-05,2.8142051696777344,4.00860595703125,654311424000.0,3157.4802698851113,35.32616974476196,11.84691368178884,wandb
13050,1779462535.9987316,0.3059050142765045,2.28e-05,2.810950756072998,3.968019962310791,656828006400.0,2364.438833818865,26.45355171059595,8.871410230899333,wandb
13100,1779462781.9147825,0.3199002742767334,2.28e-05,2.809817314147949,3.677684783935547,659344588800.0,3641.4793442466826,40.741194383324995,13.662885521966283,wandb
13150,1779463158.0190074,0.30987682938575745,2.28e-05,2.8133082389831543,4.595334053039551,661861171200.0,2347.381652894539,26.262714455191094,8.807411430339132,wandb
13200,1779463394.1527417,0.35706987977027893,2.28e-05,2.8069839477539062,4.018937587738037,664377753600.0,3361.7067469886556,37.61107371244283,12.613174509720963,wandb
13250,1779463800.4537377,0.3597712218761444,2.28e-05,2.8084092140197754,3.7306573390960693,666894336000.0,2180.212723514439,24.3924136233362,8.180191081400844,wandb
13300,1779464050.6108303,0.29187333583831787,2.28e-05,2.8087711334228516,3.464639663696289,669410918400.0,3644.9513248384496,40.78003921060866,13.675912445607839,wandb
13350,1779464432.522127,0.350151926279068,2.28e-05,2.8098597526550293,3.821810245513916,671927500800.0,2374.1315074949234,26.56199420470328,8.907777288987136,wandb
13400,1779464677.8510165,0.30037009716033936,2.28e-05,2.809783458709717,3.765455722808838,674444083200.0,3440.9007866947127,38.49710366363913,12.910311743311329,wandb
13450,1779465081.3774884,0.31436437368392944,2.28e-05,2.808445692062378,3.945321559906006,676960665600.0,2337.5507683248898,26.15272564532872,8.770525802890223,wandb
13500,1779465361.11643,0.3438514173030853,2.28e-05,2.8098909854888916,3.6494598388671875,679477248000.0,3613.336543329177,40.42633022667865,13.557293307689172,wandb
13550,1779465750.9624703,0.3388557732105255,2.28e-05,2.8084609508514404,3.6230273246765137,681993830400.0,2473.583952454215,27.67467699346742,9.280924365189913,wandb
13600,1779466024.0328603,0.3294316530227661,2.28e-05,2.805083751678467,4.405966758728027,684510412800.0,3713.3421420284835,41.54520174862384,13.932515825082577,wandb
13650,1779466421.055024,0.32098037004470825,2.28e-05,2.806352138519287,4.284960746765137,687026995200.0,2461.9092355712273,27.544059223892106,9.237120651041256,wandb
13700,1779466720.839972,0.3251197636127472,2.28e-05,2.8087215423583984,3.8209352493286133,689543577600.0,3566.379901661392,39.90097514844708,13.381111278641947,wandb
13750,1779467136.6637447,0.34495338797569275,2.28e-05,2.800438404083252,3.860226631164551,692060160000.0,2371.7276800637223,26.5350999698662,8.898758092143702,wandb
13800,1779467393.3981261,0.32520705461502075,2.28e-05,2.805291175842285,3.7117409706115723,694576742400.0,3620.993978787707,40.51200229481399,13.586024121232585,wandb
13850,1779467831.069338,0.31676915287971497,2.28e-05,2.804175615310669,3.861074924468994,697093324800.0,2448.549714251689,27.39459171261611,9.186995525189447,wandb
13900,1779468143.0707004,0.32409390807151794,2.28e-05,2.806428909301758,4.019647121429443,699609907200.0,3407.4737144648407,38.12311861013764,12.78489286322546,wandb
13950,1779468566.46286,0.29191869497299194,2.28e-05,2.799480438232422,3.9332427978515625,702126489600.0,2284.157103357275,25.555352578604996,8.570191965159323,wandb
14000,1779468904.0841193,0.32902055978775024,2.28e-05,2.8039824962615967,4.3464250564575195,704643072000.0,3432.7798919718794,38.40624637208475,12.87984202360543,wandb
14050,1779469281.9320285,0.30515676736831665,2.28e-05,2.8023617267608643,3.752718687057495,707159654400.0,2396.3876031865525,26.810997380354713,8.991282496309289,wandb
14100,1779469521.0141733,0.353324294090271,2.28e-05,2.796996593475342,4.255343437194824,709676236800.0,2115.235580416667,23.66544357430875,7.936395858700511,wandb
14150,1779469897.4167273,0.2858082354068756,2.28e-05,2.7962286472320557,3.833582878112793,712192819200.0,2358.187571136646,26.383612028395117,8.847955398859755,wandb
14200,1779470158.0557926,0.3422854244709015,2.28e-05,2.803837299346924,4.425335884094238,714709401600.0,1578.6018464752651,17.661537688724493,5.922937980475623,wandb
14250,1779470566.2979329,0.3639921545982361,2.28e-05,2.7980751991271973,3.5705127716064453,717225984000.0,2468.2967005506316,27.615522749492968,9.261086516157874,wandb
14300,1779470848.9566658,0.3083689212799072,2.28e-05,2.7964930534362793,3.7212424278259277,719742566400.0,963.2544648925626,10.776976521038614,3.6141453069460074,wandb
14350,1779471304.0439515,0.34218794107437134,2.28e-05,2.7983264923095703,4.254081726074219,722259148800.0,2108.549716438708,23.590641534204675,7.911310396032539,wandb
14400,1779471623.5188982,0.3520526885986328,2.28e-05,2.7969460487365723,4.0806732177734375,724775731200.0,2376.786666902889,26.591700364022714,8.91773948720499,wandb
14450,1779472035.3893118,0.3168441355228424,2.28e-05,2.795949935913086,3.6957125663757324,727292313600.0,2319.5676891296444,25.95152935781942,8.70305301802731,wandb
14500,1779472283.9489944,0.3289569616317749,2.28e-05,2.797248601913452,3.6519734859466553,729808896000.0,3543.602581087733,39.64614046251404,13.295650427686768,wandb
14550,1779472673.6023428,0.39731982350349426,2.28e-05,2.7942748069763184,3.8366124629974365,732325478400.0,2317.1792121286485,25.92480686495909,8.694091416229949,wandb
14600,1779472914.6864166,0.36025676131248474,2.28e-05,2.792088747024536,3.874033212661743,734842060800.0,3547.0689037724674,39.684921988631224,13.308656122775647,wandb
14650,1779473313.9664044,0.3210940361022949,2.28e-05,2.792675256729126,3.922610282897949,737358643200.0,2294.0207550045584,25.66570798944271,8.607200535178622,wandb
14700,1779473550.7484024,0.33187538385391235,2.28e-05,2.791309356689453,3.730219841003418,739875225600.0,3446.5626324056807,38.56044889640651,12.931555073968745,wandb
14750,1779473988.3429048,0.30612045526504517,2.28e-05,2.7934818267822266,3.685126304626465,742391808000.0,2250.3068918818713,25.176633405636196,8.44318546023063,wandb
14800,1779474303.4407125,0.31012576818466187,2.28e-05,2.7913944721221924,3.6224594116210938,744908390400.0,3372.326166808907,37.7298847247361,12.653018733344815,wandb
14850,1779474708.6929648,0.36406075954437256,2.28e-05,2.798797369003296,3.7333781719207764,747424972800.0,2288.5603183158964,25.604616138708444,8.586712894216163,wandb
14900,1779474967.7995286,0.31466126441955566,2.28e-05,2.7933216094970703,3.718263626098633,749941555200.0,3742.409797498735,41.87041326016298,14.041578107616038,wandb
14950,1779475956.5320551,0.32192811369895935,2.28e-05,2.789436101913452,3.633664608001709,752458137600.0,338.45926707871433,3.786712346090269,1.2699042841616686,wandb
15000,1779477164.4661653,0.3469230830669403,2.28e-05,2.7891926765441895,4.52501106262207,754974720000.0,1304.1746789632411,14.591222160685824,4.893283101406164,wandb
15050,1779477821.8319418,0.3225661814212799,2.28e-05,2.7877297401428223,3.387178659439087,757491302400.0,2265.5547518289336,25.347227817221825,8.500395661145497,wandb
15100,1779478090.5443518,0.3349550664424896,2.28e-05,2.792922019958496,3.828977584838867,760007884800.0,3644.823266629581,40.77860648399218,13.675431969273218,wandb
15150,1779478470.9606864,0.29744669795036316,2.28e-05,2.7918057441711426,4.010836601257324,762524467200.0,2368.50333696381,26.499025732839534,8.886660308113361,wandb
15200,1779478715.9374325,0.337629109621048,2.28e-05,2.7897510528564453,3.8608860969543457,765041049600.0,3085.5471179507413,34.52137525095448,11.577019408829063,wandb
15250,1779479140.7423496,0.33212152123451233,2.28e-05,2.7937517166137695,4.238630294799805,767557632000.0,2339.2589706166455,26.171837164311906,8.776935003699638,wandb
15300,1779479403.6411548,0.31275472044944763,2.28e-05,2.7898199558258057,3.5472006797790527,770074214400.0,3552.6861177386622,39.747767877473365,13.329731994452295,wandb
15350,1779479799.8268452,0.33984270691871643,2.28e-05,2.7877750396728516,3.7340750694274902,772590796800.0,2343.9880835295253,26.224746899677765,8.79467870680514,wandb
15400,1779480038.346384,0.3622030019760132,2.28e-05,2.7910428047180176,3.460268497467041,775107379200.0,3369.8226043930945,37.701874646031534,12.643625329332133,wandb
15450,1779480433.543312,0.357767790555954,2.28e-05,2.795917510986328,4.3838348388671875,777623961600.0,2377.298297402073,26.597424531496745,8.91965913256861,wandb
15500,1779480665.1183712,0.342881441116333,2.28e-05,2.787790298461914,3.7480852603912354,780140544000.0,3313.78962460729,37.0749726906663,12.433388742523627,wandb
15550,1779481070.3724024,0.34055179357528687,2.28e-05,2.787604808807373,3.7105908393859863,782657126400.0,2365.3103183347207,26.463301956775055,8.874680053970858,wandb
15600,1779481315.7521088,0.3129027485847473,2.28e-05,2.785226821899414,3.8127894401550293,785173708800.0,3285.3327345061025,36.75659447633175,12.326618060883488,wandb
15650,1779481727.208866,0.31335654854774475,2.28e-05,2.78690242767334,3.8839468955993652,787690291200.0,1313.115824571684,14.69125649201293,4.926830414828769,wandb
15700,1779482009.5214028,0.36482587456703186,2.28e-05,2.7862749099731445,3.6022961139678955,790206873600.0,3643.9776798430994,40.76914598390985,13.672259314873614,wandb
15750,1779482440.933605,0.3010895252227783,2.28e-05,2.7830519676208496,3.6887307167053223,792723456000.0,2222.450616941211,24.864974927071472,8.338668295748022,wandb
15800,1779482743.0937576,0.298475980758667,2.28e-05,2.7868247032165527,3.9179935455322266,795240038400.0,1809.1485362846163,20.240914534235063,6.787952644175456,wandb
15850,1779483192.268712,0.3538959324359894,2.28e-05,2.7874045372009277,4.009514331817627,797756620800.0,2148.013680835415,24.03216787353792,8.059379786745149,wandb
15900,1779483510.6362033,0.38061612844467163,2.28e-05,2.785377025604248,3.7751336097717285,800273203200.0,3629.0983877454196,40.60267514216373,13.616431986098652,wandb
15950,1779483986.444055,0.3321913778781891,2.28e-05,2.7843594551086426,3.8462390899658203,802789785600.0,2311.8779425633365,25.865495790140002,8.6742009727193,wandb
16000,1779484273.1639767,0.39597198367118835,2.28e-05,2.783447027206421,3.5309150218963623,805306368000.0,3496.9108601209155,39.123749340618325,13.120462385112496,wandb
16050,1779484723.463241,0.3164433240890503,2.28e-05,2.7842204570770264,4.647770881652832,807822950400.0,2247.4986517321922,25.145214565379995,8.432648900756835,wandb
16100,1779485030.2443724,0.3565891683101654,2.28e-05,2.7851195335388184,4.492608547210693,810339532800.0,3115.48252141914,34.85629520418068,11.689337494963151,wandb
16150,1779485453.5003188,0.36215490102767944,2.28e-05,2.7840235233306885,3.900491952896118,812856115200.0,2283.3485699987127,25.54630663556577,8.567158335781146,wandb
16200,1779485735.8405888,0.3602309823036194,2.28e-05,2.7826828956604004,3.7676138877868652,815372697600.0,3334.461534194972,37.30625185146035,12.510950059646893,wandb
16250,1779486179.2515676,0.31982293725013733,2.28e-05,2.7819783687591553,3.64624285697937,817889280000.0,1341.9219821666757,15.013542342094286,5.034911553383054,wandb
16300,1779486475.8277473,0.36452099680900574,2.28e-05,2.786642074584961,4.877707481384277,820405862400.0,3105.4299187250376,34.74382579224626,11.651619977761158,wandb
16350,1779486931.529211,0.34072309732437134,2.28e-05,2.7789840698242188,3.607848644256592,822922444800.0,2113.833940762194,23.64976190534405,7.931136885538306,wandb
16400,1779487212.236134,0.34511709213256836,2.28e-05,2.7828550338745117,4.887393474578857,825439027200.0,3675.7257207072616,41.12434588534006,13.79137844390536,wandb
16450,1779487782.6896262,0.3799504041671753,2.28e-05,2.7812325954437256,4.135132312774658,827955609600.0,2296.11237700721,25.68910924221134,8.615048332536748,wandb
16500,1779488026.5034235,0.3751146197319031,2.28e-05,2.782463550567627,3.761298656463623,830472192000.0,3663.989564701617,40.9930407294027,13.747344209240152,wandb
16550,1779488411.9858,0.336012065410614,2.28e-05,2.7782347202301025,3.6192362308502197,832988774400.0,2274.385328392898,25.446025092257234,8.533528117842533,wandb
16600,1779488720.5814786,0.3414589464664459,2.28e-05,2.7756032943725586,4.061150074005127,835505356800.0,3837.173135660829,42.93063390553734,14.397131584263843,wandb
16650,1779489112.9555137,0.2957669794559479,2.28e-05,2.7763352394104004,3.5792651176452637,838021939200.0,2385.370627234422,26.68773847474227,8.9499466360716,wandb
16700,1779489345.8101046,0.34841853380203247,2.28e-05,2.776200532913208,4.5199151039123535,840538521600.0,3897.8574394588873,43.60957528713809,14.62482000904732,wandb
16750,1779489743.7084887,0.33489131927490234,2.28e-05,2.774193525314331,3.6248066425323486,843055104000.0,2448.0628761866783,27.389144925097973,9.185168901413459,wandb
16800,1779489984.4615293,0.36152106523513794,2.28e-05,2.7771425247192383,4.298047065734863,845571686400.0,3457.291226862296,38.680481364229635,12.97180892247785,wandb
16850,1779490730.2145212,0.2927905023097992,2.28e-05,2.7816314697265625,4.272505760192871,848088268800.0,2341.035059860484,26.191708208545535,8.783598917379035,wandb
16900,1779490957.559097,0.32439467310905457,2.28e-05,2.773050546646118,3.772691249847412,850604851200.0,3493.0898755464955,39.080999825774015,13.106125993254615,wandb
16950,1779491357.4221961,0.3492366671562195,2.28e-05,2.7781028747558594,4.131966590881348,853121433600.0,2357.3262776413194,26.373975800258975,8.844723812651239,wandb
17000,1779491584.491037,0.3000556528568268,2.28e-05,2.7791554927825928,3.896606922149658,855638016000.0,3750.606118973503,41.96211443291831,14.072330829634886,wandb
17050,1779491961.0897233,0.3547264337539673,2.28e-05,2.7766284942626953,3.686483383178711,858154598400.0,2322.3123610929,25.982236991559027,8.713351068705137,wandb
17100,1779492187.6769524,0.35599786043167114,2.28e-05,2.772109031677246,3.9401912689208984,860671180800.0,3632.1274331571594,40.63656437130645,13.627797010252042,wandb
17150,1779492562.3294344,0.3436146378517151,2.28e-05,2.776865005493164,3.782541275024414,863187763200.0,2124.716308971187,23.7715148075688,7.9719676954898375,wandb
17200,1779492800.0446036,0.3336959481239319,2.28e-05,2.7769615650177,4.041860580444336,865704345600.0,3288.5877355554844,36.79301171722049,12.338830874003479,wandb
17250,1779493170.5401046,0.3048125207424164,2.28e-05,2.7724180221557617,3.610024929046631,868220928000.0,2230.8355707064006,24.958786534648628,8.37012876897074,wandb
17300,1779493412.7466295,0.3236256539821625,2.28e-05,2.77799129486084,4.365860939025879,870737510400.0,3894.5753013587414,43.57285443451477,14.612505377302826,wandb
17350,1779493785.7727928,0.3241482377052307,2.28e-05,2.7758235931396484,3.647677421569824,873254092800.0,2346.86151328205,26.256895087001524,8.80545985865382,wandb
17400,1779494014.4391418,0.3883908689022064,2.28e-05,2.7735190391540527,3.9144158363342285,875770675200.0,3902.744792688117,43.66425542922008,14.643157432210758,wandb
17450,1779494400.7463036,0.36695533990859985,2.28e-05,2.777413845062256,3.696495532989502,878287257600.0,2375.0619950608534,26.572404582247973,8.911268492394072,wandb
17500,1779494626.5482204,0.3278549313545227,2.28e-05,2.775010585784912,3.858827590942383,880803840000.0,3763.461141793837,42.1059375701696,14.120563069494763,wandb
17550,1779495119.914338,0.3377222716808319,2.28e-05,2.779527187347412,3.7746405601501465,883320422400.0,2146.9610579454943,24.02039103513889,8.05543032975715,wandb
17600,1779495401.354189,0.3515523374080658,2.28e-05,2.777134656906128,3.5888447761535645,885837004800.0,3423.341890567764,38.30065317397897,12.844430499730025,wandb
17650,1779495765.6508732,0.32138320803642273,2.28e-05,2.7710180282592773,4.513217926025391,888353587200.0,2375.6890549144405,26.579420183592887,8.913621230439535,wandb
17700,1779496008.2284696,0.34029456973075867,2.28e-05,2.7652111053466797,4.4480695724487305,890870169600.0,3544.2797778794034,39.65371700037599,13.298191280281484,wandb
17750,1779496402.9066672,0.33426424860954285,2.28e-05,2.773036003112793,4.002099990844727,893386752000.0,3048.496481571243,34.106849439858514,11.43800486130214,wandb
17800,1779496631.0936654,0.2960200607776642,2.28e-05,2.778386116027832,4.461376190185547,895903334400.0,3761.0321611027516,42.07876191842652,14.111449497240178,wandb
17850,1779497018.5995145,0.34269896149635315,2.28e-05,2.770462989807129,3.639678478240967,898419916800.0,2339.774548820539,26.177605499056913,8.778869460910979,wandb
17900,1779497253.677778,0.3619271218776703,2.28e-05,2.77236270904541,3.855837821960449,900936499200.0,3463.824450935908,38.753575655524564,12.99632167791834,wandb
17950,1779497627.2212143,0.3386251628398895,2.28e-05,2.771005630493164,4.082906723022461,903453081600.0,2335.049971412986,26.124746507327547,8.761142775089994,wandb
18000,1779497866.8441224,0.3493427038192749,2.28e-05,2.7690494060516357,4.086162567138672,905969664000.0,2920.077953850266,32.670091544041576,10.956176604903193,wandb
18050,1779498236.6027172,0.32751259207725525,2.28e-05,2.7650210857391357,4.670246124267578,908486246400.0,2321.311489894601,25.971039155683066,8.709595784846066,wandb
18100,1779498467.0788,0.3177904486656189,2.28e-05,2.770413398742676,3.791923999786377,911002828800.0,3859.9405320910596,43.18535755927213,14.482555199682926,wandb
18150,1779498846.0450013,0.3713475465774536,2.28e-05,2.7675890922546387,4.293825149536133,913519411200.0,2304.3052426399504,25.780771750699078,8.64578808818409,wandb
18200,1779499066.6541438,0.38722777366638184,2.28e-05,2.7740378379821777,4.57456636428833,916035993600.0,3561.0218152333523,39.84102840152063,13.361007657403844,wandb
18250,1779499444.1088727,0.34090879559516907,2.28e-05,2.7674245834350586,3.4560656547546387,918552576000.0,2461.4328543867,27.53872942888172,9.235333261638841,wandb
18300,1779499664.8953476,0.3484762907028198,2.28e-05,2.7745823860168457,3.7607595920562744,921069158400.0,3833.076158809215,42.884796564578835,14.381759665211716,wandb
18350,1779500035.5111334,0.34652528166770935,2.28e-05,2.7655563354492188,3.4618170261383057,923585740800.0,2433.135793699837,27.222139400232603,9.129162262376253,wandb
18400,1779500258.8376973,0.33193105459213257,2.28e-05,2.7662129402160645,4.302912712097168,926102323200.0,3806.515960052495,42.58763870149308,14.282105398154819,wandb
18450,1779500644.924269,0.37072715163230896,2.28e-05,2.7710304260253906,3.905061721801758,928618905600.0,2234.742774170339,25.002500674087866,8.384788655404854,wandb
18500,1779500867.3588624,0.3128412365913391,2.28e-05,2.7641665935516357,3.798353433609009,931135488000.0,3366.7007578378752,37.666947149451865,12.631912113886193,wandb
18550,1779501272.8717563,0.3388207256793976,2.28e-05,2.767683506011963,4.7030463218688965,933652070400.0,2409.7363281924186,26.960344101514284,9.041367114229068,wandb
18600,1779501492.4670525,0.3341321647167206,2.279171322034811e-05,2.766425132751465,3.848597288131714,936168652800.0,3835.101276822748,42.907453764809524,14.389357938597803,wandb
18650,1779501849.8983867,0.37057405710220337,2.2776367332103866e-05,2.769315719604492,3.729743480682373,938685235200.0,2357.71927817465,26.378372725136902,8.84619835659049,wandb
18700,1779502076.856863,0.33059176802635193,2.2761021443859625e-05,2.764282703399658,4.459168434143066,941201817600.0,3891.519522940017,43.53866611411517,14.601040050503295,wandb
18750,1779502437.1124997,0.31578704714775085,2.274567555561538e-05,2.763247489929199,4.344311714172363,943718400000.0,2414.9183688197772,27.018321232384206,9.06081020896298,wandb
18800,1779502659.086885,0.3613143861293793,2.273032966737114e-05,2.764415979385376,4.316938877105713,946234982400.0,3900.211236814682,43.63590978104725,14.63365149229188,wandb
18850,1779515968.9906971,0.32267969846725464,2.2714983779126897e-05,2.76810884475708,3.9408059120178223,948751564800.0,3002.156865189387,33.58839769533751,11.264137920450906,wandb
18900,1779516254.8035498,0.2931627333164215,2.2699637890882657e-05,2.7625365257263184,3.8715713024139404,951268147200.0,2873.567286095407,32.14972606156457,10.781667876715883,wandb
18950,1779516822.6513288,0.34266307950019836,2.2684292002638413e-05,2.765237331390381,3.7269721031188965,953784729600.0,2211.27337479861,24.739922949083276,8.296731114342082,wandb
19000,1779517174.8525922,0.3419935405254364,2.2668946114394173e-05,2.767487049102783,3.963181257247925,956301312000.0,2550.53258166792,28.535585092610983,9.569636784685066,wandb
19050,1779517596.6058633,0.33903929591178894,2.2653600226149932e-05,2.7642014026641846,3.917013645172119,958817894400.0,2640.5280626120284,29.54246252789223,9.907301189009187,wandb
19100,1779517843.780531,0.35672473907470703,2.263825433790569e-05,2.763207197189331,3.6358022689819336,961334476800.0,3382.1272959425673,37.8395406281374,12.689792717948292,wandb
19150,1779518221.1761613,0.32930874824523926,2.2622908449661445e-05,2.7672228813171387,4.567438125610352,963851059200.0,2365.3966694100177,26.464268060276215,8.875004044510128,wandb
19200,1779518463.9466352,0.36576104164123535,2.2607562561417205e-05,2.759838581085205,3.9515511989593506,966367641600.0,3439.937989325682,38.486331801147195,12.906699313034961,wandb
19250,1779518860.4315853,0.33682116866111755,2.2592216673172964e-05,2.761481523513794,3.6794862747192383,968884224000.0,2189.0250867227933,24.491007125731112,8.213255201312428,wandb
19300,1779519158.6486366,0.3505944609642029,2.257687078492872e-05,2.7640461921691895,3.41902756690979,971400806400.0,3346.2271316960914,37.43788640146444,12.555094759247979,wandb
19350,1779519573.742981,0.3407958745956421,2.2561524896684477e-05,2.764155626296997,3.786451578140259,973917388800.0,1775.7626946431844,19.867390772219636,6.662688461880405,wandb
19400,1779519852.836801,0.3652383089065552,2.2546179008440236e-05,2.765620708465576,3.7140583992004395,976433971200.0,1570.5924572048864,17.57192793007743,5.8928866309121695,wandb
19450,1779520401.1112783,0.3308137059211731,2.2530833120195996e-05,2.763359308242798,3.910977602005005,978950553600.0,2287.9933534045017,25.598272884915133,8.584585633301833,wandb
19500,1779520704.0637286,0.32555484771728516,2.2515487231951756e-05,2.7648305892944336,3.596468210220337,981467136000.0,3392.2948500134266,37.95329612628633,12.727941534452782,wandb
19550,1779521089.1007645,0.3335600197315216,2.2500141343707512e-05,2.7630810737609863,3.589927911758423,983983718400.0,2310.125977339604,25.84589464758631,8.667627572727852,wandb
19600,1779521323.2972639,0.364055871963501,2.2484795455463268e-05,2.7606353759765625,4.378574848175049,986500300800.0,3692.49364564466,41.311946919067985,13.854291951631982,wandb
19650,1779521713.2637007,0.3862149119377136,2.2469449567219028e-05,2.762943744659424,4.231200218200684,989016883200.0,2450.5607772786575,27.417091664408584,9.194541064053574,wandb
19700,1779521953.09722,0.354233980178833,2.2454103678974787e-05,2.7652716636657715,3.755139112472534,991533465600.0,3651.4657570560094,40.85292325694876,13.700354693720477,wandb
19750,1779522333.9147196,0.3324646055698395,2.2438757790730544e-05,2.756192922592163,3.810462713241577,994050048000.0,2344.2458802744454,26.22763115256053,8.79564596408736,wandb
19800,1779522574.806871,0.3274365961551666,2.24234119024863e-05,2.7617478370666504,3.6631829738616943,996566630400.0,3193.950504287117,35.73420196697546,11.983750552326399,wandb
19850,1779523039.792591,0.3390796482563019,2.240806601424206e-05,2.760366678237915,3.82555890083313,999083212800.0,2442.673412196016,27.32884712321358,9.164947551086286,wandb
19900,1779523315.3251774,0.3362727761268616,2.239272012599782e-05,2.76324462890625,3.9712700843811035,1001599795200.0,3218.0182093972167,36.00347358972964,12.074052945559872,wandb
19950,1779523762.5568385,0.3912705183029175,2.2377374237753575e-05,2.757065534591675,3.888848304748535,1004116377600.0,2371.4328941032354,26.531801878353846,8.897652050765771,wandb
20000,1779524009.2163315,0.33191248774528503,2.2362028349509335e-05,2.7600302696228027,4.295151710510254,1006632960000.0,3106.5208333761793,34.75603104227136,11.655713106015842,wandb
20050,1779524392.5542667,0.33051013946533203,2.234668246126509e-05,2.7597620487213135,3.7161293029785156,1009149542400.0,2374.022768336167,26.56077762133559,8.907369298020445,wandb
20100,1779524626.1841505,0.3879334330558777,2.233133657302085e-05,2.7548112869262695,4.22910213470459,1011666124800.0,3677.4888795814363,41.14407226344926,13.7979938426424,wandb
20150,1779524998.53074,0.3117707371711731,2.2315990684776607e-05,2.754862070083618,3.7740049362182617,1014182707200.0,2360.148198043411,26.40554769639441,8.855311700638794,wandb
20200,1779525229.769529,0.3350211977958679,2.2300644796532367e-05,2.7611424922943115,4.400932312011719,1016699289600.0,3323.484046505259,37.18343474403566,12.469762359966456,wandb
20250,1779525599.2673037,0.3325726091861725,2.2285298908288123e-05,2.7551815509796143,3.5310935974121094,1019215872000.0,2406.428619541021,26.923337163292075,9.02895654138991,wandb
20300,1779525836.5821378,0.31596049666404724,2.2269953020043883e-05,2.754058599472046,3.6771950721740723,1021732454400.0,3543.7014604343185,39.64724673342729,13.296021424489213,wandb
20350,1779526265.5038352,0.34467175602912903,2.225460713179964e-05,2.7576382160186768,4.215579986572266,1024249036800.0,1707.5144305056351,19.103823130418938,6.406619943612549,wandb
20400,1779526521.6287029,0.3482663929462433,2.22392612435554e-05,2.755697727203369,4.026694297790527,1026765619200.0,2908.012166178376,32.535098439740416,10.910905587245535,wandb
20450,1779526947.8800948,0.34965991973876953,2.2223915355311158e-05,2.7549054622650146,3.650979995727539,1029282201600.0,2295.5357836014805,25.682658263968094,8.61288494536619,wandb
20500,1779527247.5219812,0.339790940284729,2.2208569467066914e-05,2.756025791168213,3.573230266571045,1031798784000.0,3337.971597393767,37.3455227503344,12.52411986980544,wandb
20550,1779527650.1119509,0.34969669580459595,2.219322357882267e-05,2.7526488304138184,3.7804555892944336,1034315366400.0,2343.5314339845395,26.21963786400337,8.792965350812429,wandb
20600,1779527889.1751344,0.36751240491867065,2.217787769057843e-05,2.7511866092681885,3.8195838928222656,1036831948800.0,3591.718172921314,40.1844619781524,13.476180855267668,wandb
20650,1779528266.0299666,0.3376801013946533,2.216253180233419e-05,2.752243757247925,3.871405601501465,1039348531200.0,2422.299321847207,27.10089999051991,9.088503656247287,wandb
20700,1779528498.540564,0.3359955847263336,2.2147185914089946e-05,2.750542163848877,3.6813864707946777,1041865113600.0,3443.6385854197347,38.527734398978815,12.920584005495447,wandb
20750,1779528874.0769079,0.3506770431995392,2.2131840025845703e-05,2.75344181060791,3.6451728343963623,1044381696000.0,2256.9774705770037,25.251264432638184,8.46821357228648,wandb
20800,1779529103.1530683,0.33675357699394226,2.2116494137601462e-05,2.7515006065368652,3.570256233215332,1046898278400.0,3553.3015262943136,39.75465312306196,13.332041016651855,wandb
20850,1779529507.4010255,0.3627188801765442,2.2101148249357222e-05,2.7587039470672607,3.6938891410827637,1049414860800.0,2209.9210766778956,24.72479331758138,8.291657271360085,wandb
20900,1779529736.7244494,0.35659340023994446,2.208580236111298e-05,2.7540855407714844,3.6777570247650146,1051931443200.0,3682.4426610631263,41.199495610720724,13.816580505612794,wandb
20950,1779530131.0159545,0.3443511426448822,2.2070456472868738e-05,2.7493319511413574,3.5756499767303467,1054448025600.0,2326.756749463299,26.031961203450958,8.730026481025096,wandb
21000,1779530388.3340762,0.3531593382358551,2.2055110584624494e-05,2.749955654144287,4.505987167358398,1056964608000.0,3657.1366285807003,40.916369471321865,13.721631889367362,wandb
21050,1779530781.0694072,0.32436370849609375,2.2039764696380254e-05,2.747976541519165,3.3571739196777344,1059481190400.0,2075.055541646176,23.21590573127129,7.785639746117659,wandb
21100,1779531150.996844,0.3330099582672119,2.2024418808136013e-05,2.753326892852783,3.8021914958953857,1061997772800.0,3327.2429671177415,37.225489881760545,12.483865886901368,wandb
21150,1779531549.6074388,0.3605208992958069,2.200907291989177e-05,2.7533559799194336,3.96181583404541,1064514355200.0,2391.9932058068352,26.761832472107333,8.974794650941728,wandb
21200,1779531780.401574,0.3762240707874298,2.1993727031647526e-05,2.751439332962036,3.8107004165649414,1067030937600.0,3354.229182761885,37.527414059626736,12.585118575756947,wandb
21250,1779532165.5077715,0.33225077390670776,2.1978381143403285e-05,2.7549266815185547,4.194074630737305,1069547520000.0,2384.5987165063684,26.679102268946433,8.947050415356458,wandb
21300,1779532396.0794432,0.31194332242012024,2.1963035255159045e-05,2.7509512901306152,3.4981822967529297,1072064102400.0,3537.7258174269964,39.58039070863305,13.27360072163443,wandb
21350,1779532781.0766118,0.3208710551261902,2.19476893669148e-05,2.7490732669830322,3.704014778137207,1074580684800.0,2326.180411766482,26.02551308610174,8.727864053278239,wandb
21400,1779533049.4272377,0.3136371076107025,2.193234347867056e-05,2.7515206336975098,3.4120535850524902,1077097267200.0,2089.9418680182284,23.38245527310396,7.841493467596355,wandb
21450,1779533433.5545542,0.3682377338409424,2.1916997590426317e-05,2.7574496269226074,4.3571577072143555,1079613849600.0,2337.049622325496,26.1471187793697,8.768645495528236,wandb
21500,1779533902.8412163,0.364591509103775,2.1901651702182077e-05,2.749465227127075,3.7050485610961914,1082130432000.0,594.4619217312694,6.650892787570873,2.2304301125900348,wandb
21550,1779534617.7833476,0.3182307779788971,2.1886305813937833e-05,2.748899221420288,3.6607818603515625,1084647014400.0,1597.6107117095949,17.874210561561693,5.994259530056692,wandb
21600,1779534917.3732598,0.3549025058746338,2.1870959925693593e-05,2.7483041286468506,3.7683112621307373,1087163596800.0,2877.57445674444,32.194558642750934,10.796702841538963,wandb
21650,1779535316.4442697,0.3625432848930359,2.185561403744935e-05,2.749345302581787,3.8512349128723145,1089680179200.0,2422.7958132433128,27.106454780363862,9.090366499467406,wandb
21700,1779535541.6722913,0.3391695022583008,2.184026814920511e-05,2.7471909523010254,3.5568037033081055,1092196761600.0,3660.7749742931983,40.95707560635482,13.735283017455659,wandb
21750,1779535906.9686978,0.32912689447402954,2.1824922260960865e-05,2.74626088142395,3.646998405456543,1094713344000.0,2293.0975765304106,25.65537938666615,8.603736755594493,wandb
21800,1779536133.1563606,0.371959388256073,2.1809576372716624e-05,2.7506184577941895,3.878915309906006,1097229926400.0,3430.670444410204,38.38264568537828,12.871927344480504,wandb
21850,1779536492.5844364,0.34537023305892944,2.1794230484472384e-05,2.7504239082336426,3.9668290615081787,1099746508800.0,2289.81341590061,25.618635905801387,8.591414535288175,wandb
21900,1779536728.0836499,0.37007907032966614,2.177888459622814e-05,2.74760103225708,3.7400460243225098,1102263091200.0,3699.440622070755,41.38967030843695,13.880357112150742,wandb
21950,1779537115.964291,0.3741062581539154,2.17635387079839e-05,2.7481114864349365,3.8062334060668945,1104779673600.0,2353.829177728026,26.33484993577467,8.831602640935767,wandb
22000,1779537377.059509,0.33171552419662476,2.1748192819739656e-05,2.7458810806274414,3.5020880699157715,1107296256000.0,1455.2140997152105,16.281064617192683,5.459985290256602,wandb
22050,1779537794.6327121,0.35353752970695496,2.1732846931495416e-05,2.7482481002807617,4.63328742980957,1109812838400.0,2216.958026400292,24.80352333618187,8.318060013046054,wandb
22100,1779538073.553815,0.3252049386501312,2.1717501043251175e-05,2.748363733291626,4.447429656982422,1112329420800.0,3300.1419495519804,36.92228128979722,12.382182459501236,wandb
22150,1779538476.0270016,0.3828001618385315,2.1702155155006928e-05,2.7477588653564453,3.8572893142700195,1114846003200.0,2308.634401286143,25.829206762200503,8.662031156837717,wandb
22200,1779538857.3740816,0.3502587080001831,2.1686809266762688e-05,2.7465944290161133,3.7307066917419434,1117362585600.0,1784.086175629809,19.96051461688946,6.693918288309104,wandb
22250,1779539248.0962844,0.37093013525009155,2.1671463378518448e-05,2.7468504905700684,3.604966163635254,1119879168000.0,2415.905001105078,27.029359762036673,9.064512068205335,wandb
22300,1779539480.3511522,0.35075289011001587,2.1656117490274207e-05,2.7499632835388184,4.834611892700195,1122395750400.0,3797.8513798096333,42.49069860804394,14.249595762162746,wandb
22350,1779539858.0946832,0.32422372698783875,2.1640771602029963e-05,2.742642879486084,3.5736474990844727,1124912332800.0,2270.2500411181504,25.39975913088152,8.518012457503945,wandb
22400,1779540134.158273,0.32757118344306946,2.162542571378572e-05,2.7470638751983643,4.859539985656738,1127428915200.0,3204.366068307671,35.85073222247281,12.022829905909546,wandb
22450,1779540525.0344493,0.3365841209888458,2.161007982554148e-05,2.745741844177246,4.106959342956543,1129945497600.0,2287.2995716298055,25.59051079278981,8.581982553600206,wandb
22500,1779540766.37181,0.3434896469116211,2.159473393729724e-05,2.746859550476074,3.701563596725464,1132462080000.0,2727.172323044584,30.51184621039461,10.232391763337393,wandb
22550,1779541199.7200031,0.3967113196849823,2.1579388049052995e-05,2.74367094039917,3.58158016204834,1134978662400.0,2262.3698922605413,25.311595325453208,8.48844601992201,wandb
22600,1779541465.7827096,0.329132080078125,2.1564042160808755e-05,2.7404260635375977,4.026430606842041,1137495244800.0,2681.50619878907,30.000929555610767,10.061051775120584,wandb
22650,1779541849.4118235,0.37510618567466736,2.154869627256451e-05,2.743007183074951,3.538086175918579,1140011827200.0,2385.1170706057146,26.68490166065635,8.948995287769478,wandb
22700,1779542079.2854187,0.35068589448928833,2.153335038432027e-05,2.7420716285705566,4.5009765625,1142528409600.0,3914.6885374197846,43.797883106264706,14.687970542912646,wandb
22750,1779542451.285791,0.3885905146598816,2.151800449607603e-05,2.741159439086914,3.5783579349517822,1145044992000.0,2383.1866080033174,26.663303473573876,8.941752162916204,wandb
22800,1779542695.5768564,0.3145107626914978,2.1502658607831787e-05,2.7421038150787354,4.260587692260742,1147561574400.0,3527.4281383076327,39.46517935988218,13.234963673981778,wandb
22850,1779543177.2825966,0.329923152923584,2.1487312719587543e-05,2.747545003890991,4.232213497161865,1150078156800.0,2252.7895368894,25.20440945851875,8.452500381811372,wandb
22900,1779543431.4568806,0.37989988923072815,2.1471966831343303e-05,2.7395167350769043,3.730377674102783,1152594739200.0,3645.035588303699,40.780981957743165,13.676228603402665,wandb
22950,1779543813.794006,0.3541453182697296,2.1456620943099062e-05,2.7443008422851562,4.092405796051025,1155111321600.0,2353.157488730974,26.327335019608174,8.82908245366968,wandb
23000,1779544047.000253,0.36758148670196533,2.144127505485482e-05,2.745993137359619,3.850473403930664,1157627904000.0,3633.249790661021,40.649121406760905,13.63200811256523,wandb
23050,1779544433.6311665,0.2906965911388397,2.1425929166610578e-05,2.7416775226593018,3.6473708152770996,1160144486400.0,2398.728182837549,26.837183993408438,9.000064386525729,wandb
23100,1779544666.5823152,0.31627628207206726,2.1410583278366334e-05,2.737076759338379,3.8945555686950684,1162661068800.0,2934.1487278181003,32.827516613128694,11.008970361438356,wandb
23150,1779545041.407464,0.3261911869049072,2.1395237390122094e-05,2.7431609630584717,3.7560203075408936,1165177651200.0,2300.331578419399,25.73631404241101,8.630878839986952,wandb
23200,1779545265.1564224,0.341574490070343,2.137989150187785e-05,2.7438182830810547,3.9930531978607178,1167694233600.0,3872.556238111688,43.32650319890931,14.529889519294256,wandb
23250,1779545628.77343,0.3158808648586273,2.136454561363361e-05,2.7398018836975098,3.578761339187622,1170210816000.0,2216.7359174852786,24.80103836191032,8.317226657040882,wandb
23300,1779545851.6790996,0.34425732493400574,2.1349199725389366e-05,2.7453999519348145,4.315271377563477,1172727398400.0,3844.887259326248,43.01694020636709,14.426075092816056,wandb
23350,1779546396.721138,0.3660425543785095,2.1333853837145126e-05,2.743635654449463,3.6151270866394043,1175243980800.0,2297.7587965710154,25.707529530545937,8.621225723617364,wandb
23400,1779546761.8773332,0.3250538408756256,2.1318507948900882e-05,2.739745616912842,3.890472412109375,1177760563200.0,3859.2285965292444,43.17739236096387,14.479884006697729,wandb
23450,1779547192.0261602,0.32908380031585693,2.130316206065664e-05,2.7432503700256348,3.6632144451141357,1180277145600.0,2300.9086809432206,25.7427707167127,8.633044137376285,wandb
23500,1779547463.9056506,0.357174277305603,2.12878161724124e-05,2.7430496215820312,3.8163156509399414,1182793728000.0,3852.3946886528875,43.10093399257349,14.45424308108604,wandb
23550,1779547839.7147264,0.3258119821548462,2.1272470284168157e-05,2.7473390102386475,3.733833074569702,1185310310400.0,2401.044298695615,26.863096903373684,9.008754488221449,wandb
23600,1779548090.6585531,0.3678544759750366,2.1257124395923914e-05,2.7443790435791016,3.526538372039795,1187826892800.0,3762.34500395263,42.09345012085341,14.116375303449832,wandb
23650,1779548463.5662246,0.32606348395347595,2.1241778507679673e-05,2.738656997680664,4.475432395935059,1190343475200.0,2353.432748586658,26.330414651325448,8.830115232807353,wandb
23700,1779548690.610992,0.33357012271881104,2.1226432619435433e-05,2.732882499694824,4.392850875854492,1192860057600.0,3721.51673825093,41.63665985732629,13.963187033626445,wandb
23750,1779549067.7632692,0.3329494893550873,2.121108673119119e-05,2.7402381896972656,3.9819223880767822,1195376640000.0,3055.138420677848,34.18116004459995,11.462925517189094,wandb
23800,1779549388.7994287,0.3137289583683014,2.1195740842946945e-05,2.7456982135772705,4.443163871765137,1197893222400.0,846.3519534938803,9.469060838826266,3.17552531779405,wandb
23850,1779549871.757321,0.3195706903934479,2.1180394954702705e-05,2.737738609313965,3.585207223892212,1200409804800.0,2298.0838183697747,25.711165903302792,8.622445210317354,wandb
23900,1779550221.1918259,0.4042053818702698,2.1165049066458465e-05,2.7406277656555176,3.825528144836426,1202926387200.0,2316.525141750624,25.917489067467372,8.691637334288668,wandb
23950,1779550627.2567346,0.3536178767681122,2.1149703178214224e-05,2.739266872406006,4.042529106140137,1205442969600.0,2293.6935466993523,25.662047153857493,8.605972844673406,wandb
24000,1779550869.9760683,0.31106287240982056,2.113435728996998e-05,2.735866069793701,4.039792537689209,1207959552000.0,3506.9755481798047,39.23635396468755,13.158225246785777,wandb
24050,1779551285.254201,0.3492067754268646,2.1119011401725737e-05,2.732975721359253,4.645753860473633,1210476134400.0,2328.0019953922056,26.04589312552125,8.734698662565881,wandb
24100,1779551543.0965936,0.30481427907943726,2.1103665513481497e-05,2.738778591156006,3.726224899291992,1212992716800.0,3420.6031404831174,38.27001179474329,12.83415466803022,wandb
24150,1779551926.145856,0.3199963867664337,2.1088319625237256e-05,2.7345876693725586,4.236242294311523,1215509299200.0,2329.419898186125,26.061756747934762,8.74001865527302,wandb
24200,1779552154.6185646,0.3451322913169861,2.1072973736993012e-05,2.7423276901245117,4.555426597595215,1218025881600.0,2744.7656973087364,30.708682444516565,10.298402369410443,wandb
24250,1779552623.3468332,0.3402196764945984,2.105762784874877e-05,2.7361931800842285,3.4220573902130127,1220542464000.0,1265.0736406288293,14.153756270376986,4.746575414763058,wandb
24300,1779553073.5055487,0.3304312825202942,2.1042281960504528e-05,2.7430784702301025,3.727149724960327,1223059046400.0,3090.3546684531943,34.57516255304024,11.595057410955826,wandb
24350,1779553500.0599248,0.34676405787467957,2.1026936072260288e-05,2.734788417816162,3.431288719177246,1225575628800.0,2437.5457387470924,27.271478257165533,9.145708442827342,wandb
24400,1779553724.402405,0.313718318939209,2.1011590184016044e-05,2.7349538803100586,4.264486312866211,1228092211200.0,3621.6853866289734,40.51973782716122,13.588618293900113,wandb
24450,1779554092.7961211,0.35696929693222046,2.0996244295771804e-05,2.740394115447998,3.885887622833252,1230608793600.0,2274.293725911076,25.445000235553376,8.533184423946633,wandb
24500,1779554319.7532792,0.3392929136753082,2.098089840752756e-05,2.7338199615478516,3.7704062461853027,1233125376000.0,2946.1316212599627,32.96158228942064,11.053930358692426,wandb
24550,1779554733.09509,0.35055190324783325,2.096555251928332e-05,2.736403703689575,4.655564308166504,1235641958400.0,2369.948211345472,26.515191115772648,8.89208149862525,wandb
24600,1779554967.6547604,0.3730247914791107,2.0950206631039076e-05,2.7364754676818848,3.821376085281372,1238158540800.0,3459.1520200227314,38.701300083406565,12.978790646532184,wandb
24650,1779555340.6924863,0.31804415583610535,2.0934860742794836e-05,2.737889528274536,3.692168712615967,1240675123200.0,2372.644266362114,26.545354818794806,8.902197137784787,wandb
24700,1779555583.7890422,0.33311256766319275,2.0919514854550592e-05,2.733994960784912,4.445693016052246,1243191705600.0,3713.594858833756,41.54802916669056,13.933464022354482,wandb
24750,1779555974.8166537,0.3503502607345581,2.090416896630635e-05,2.7329931259155273,4.296198844909668,1245708288000.0,2334.2035000098717,26.115276110075758,8.757966801595419,wandb
24800,1779556214.198668,0.34258660674095154,2.0888823078062108e-05,2.733747959136963,4.294566631317139,1248224870400.0,3674.6150735493734,41.1119198662766,13.787211278987208,wandb
24850,1779556596.947622,0.3603137135505676,2.0873477189817867e-05,2.740262031555176,3.771202325820923,1250741452800.0,2423.0429409015806,27.10921966655741,9.0912937261753,wandb
24900,1779556841.1861277,0.30391860008239746,2.0858131301573627e-05,2.7411692142486572,3.682732343673706,1253258035200.0,3199.4135624920773,35.795323147466945,12.004248029257619,wandb
24950,1779557472.5734353,0.3801730275154114,2.0842785413329383e-05,2.738090991973877,3.4479503631591797,1255774617600.0,2334.303080157769,26.116390221616335,8.758340427814973,wandb
25050,1779577342.1222997,0.381470650434494,2.08120936368409e-05,2.7223801612854004,3.891871929168701,1260807782400.0,2440.7485955120483,27.30731210316803,9.15772560980427,wandb
25100,1779577663.2793515,0.36097702383995056,2.079674774859666e-05,2.7183876037597656,3.8315749168395996,1263324364800.0,2796.3905893648694,31.286266322782993,10.492099744451501,wandb
25150,1779578115.893021,0.34848472476005554,2.0781401860352415e-05,2.7376041412353516,3.6955957412719727,1265840947200.0,2387.37091533268,26.710117875675177,8.957451747240398,wandb
25550,1779631386.3360097,0.3548552691936493,2.0658634754398482e-05,2.7051753997802734,3.868617534637451,1285973606400.0,3078.6168515835875,34.44383881520933,11.551016944703937,wandb
25600,1779631801.335284,0.35804709792137146,2.0643288866154238e-05,2.700547218322754,3.8135056495666504,1288490188800.0,2995.5384473455692,33.514350248573585,11.239305516697335,wandb
25650,1779633311.8667936,0.32840263843536377,2.0627942977909994e-05,2.7196907997131348,3.6744332313537598,1291006771200.0,2112.52811640709,23.635152226460157,7.926237412827093,wandb
25700,1779633616.9574583,0.35900312662124634,2.0612597089665754e-05,2.722414970397949,3.9014854431152344,1293523353600.0,2466.611591923539,27.596669604481487,9.254763963127216,wandb
25750,1779634026.4426959,0.3259391784667969,2.0597251201421514e-05,2.7390799522399902,3.884852409362793,1296039936000.0,2781.7675199537903,31.12266212321534,10.43723376706816,wandb
25800,1779634627.8059204,0.3603164255619049,2.058190531317727e-05,2.73697566986084,3.608327865600586,1298556518400.0,3029.17635924542,33.890694195032104,11.365515470410728,wandb
25850,1779636949.8421366,0.30468863248825073,2.056655942493303e-05,2.7403488159179688,4.551428318023682,1301073100800.0,2288.3992676544117,25.6028142896013,8.586108629700814,wandb
25900,1779637256.2816987,0.3006663918495178,2.0551213536688786e-05,2.7316434383392334,3.8904433250427246,1303589683200.0,2064.32559640843,23.095858150788896,7.745380829457342,wandb
25950,1779637734.9757192,0.358298659324646,2.0535867648444545e-05,2.734248161315918,3.6487576961517334,1306106265600.0,2142.6952711696335,23.972665033752186,8.039425033318551,wandb
26000,1779638109.4727538,0.3549831509590149,2.0520521760200305e-05,2.735477924346924,3.3900704383850098,1308622848000.0,1187.9846743368255,13.291278067534995,4.457336448429651,wandb
26050,1779638720.8724093,0.3694673478603363,2.050517587195606e-05,2.7362570762634277,3.7597312927246094,1311139430400.0,2089.8163927007354,23.381051444105626,7.8410226823092035,wandb
26100,1779639016.81425,0.3436626195907593,2.0489829983711818e-05,2.7364180088043213,3.688779354095459,1313656012800.0,3286.389202576055,36.76841433494655,12.330581945045068,wandb
26150,1779639416.7428112,0.35171976685523987,2.0474484095467577e-05,2.735046863555908,3.889248847961426,1316172595200.0,2311.944032589261,25.866235211220957,8.67444894349518,wandb
26200,1779639675.2938468,0.3336442708969116,2.0459138207223333e-05,2.735973358154297,3.5691351890563965,1318689177600.0,3063.2246610512225,34.27162962021417,11.493265213252197,wandb
26250,1779640133.7059848,0.3521607220172882,2.0443792318979093e-05,2.734856367111206,3.565706491470337,1321205760000.0,2482.405411120506,27.773372256653705,9.314022611397109,wandb
26300,1779640417.1684647,0.38351503014564514,2.0428446430734853e-05,2.7320594787597656,4.361154556274414,1323722342400.0,3538.8028069745806,39.592440163362554,13.27764160269016,wandb
26350,1779640850.4295382,0.34581732749938965,2.041310054249061e-05,2.7335054874420166,4.198802947998047,1326238924800.0,2374.644989365986,26.56773908549035,8.909703880726019,wandb
26400,1779641384.6240115,0.30333852767944336,2.039775465424637e-05,2.7355852127075195,3.701856851577759,1328755507200.0,3615.360797369338,40.448977760698504,13.564888339434113,wandb
26450,1779641815.7569606,0.3600216805934906,2.0382408766002125e-05,2.727648973464966,3.7798798084259033,1331272089600.0,1456.1275338759044,16.291284199724707,5.463412509029416,wandb
26500,1779642078.478851,0.32668936252593994,2.0367062877757885e-05,2.732736110687256,3.630721092224121,1333788672000.0,3483.619754906679,38.975047274805995,13.070593957521542,wandb
26550,1779642458.1442738,0.386756032705307,2.035171698951364e-05,2.7325658798217773,3.7964415550231934,1336305254400.0,2452.4249453483553,27.437948142370143,9.201535450818456,wandb
26600,1779642797.3592267,0.374990314245224,2.0336371101269397e-05,2.7352652549743652,3.945403575897217,1338821836800.0,3574.8298526964404,39.99551395125325,13.412815622603281,wandb
26650,1779643177.175649,0.3419157564640045,2.0321025213025157e-05,2.727914333343506,3.858096122741699,1341338419200.0,2351.767181883564,26.311780143095614,8.823866001370815,wandb
26700,1779643507.971172,0.34061023592948914,2.0305679324780916e-05,2.731942653656006,4.253213882446289,1343855001600.0,2571.7139650388003,28.77256429134904,9.649109655140984,wandb
26750,1779643956.9420345,0.34405845403671265,2.0290333436536676e-05,2.7314352989196777,3.6864852905273438,1346371584000.0,2343.6174827833393,26.22060058560823,8.793288207205713,wandb
26800,1779644259.4405923,0.32415705919265747,2.0274987548292432e-05,2.7253692150115967,4.206071376800537,1348888166400.0,3454.967102008414,38.65447884890774,12.963088770908813,wandb
26850,1779644670.1405194,0.3804647624492645,2.025964166004819e-05,2.726609706878662,3.747685432434082,1351404748800.0,2349.3425199778826,26.284652810307286,8.814768633264324,wandb
26900,1779644932.878415,0.36174753308296204,2.0244295771803948e-05,2.7337517738342285,4.386421203613281,1353921331200.0,3371.396622753125,37.71948490326676,12.649531070002212,wandb
26950,1779645321.1593866,0.32918503880500793,2.0228949883559708e-05,2.7274701595306396,3.5043482780456543,1356437913600.0,2438.2769445291833,27.27965905241004,9.148451937970185,wandb
27000,1779645600.9961803,0.3668741285800934,2.0213603995315464e-05,2.726951837539673,3.647733211517334,1358954496000.0,3758.5864967453817,42.051399608343004,14.102273327617606,wandb
27050,1779646042.0795012,0.3031751811504364,2.019825810707122e-05,2.728365421295166,4.193696975708008,1361471078400.0,1885.648554404756,21.096803532612793,7.074981868069087,wandb
27100,1779646359.648187,0.3683234453201294,2.018291221882698e-05,2.7278592586517334,3.9903321266174316,1363987660800.0,2679.9983739696195,29.98405987758766,10.055394393614938,wandb
27150,1779646744.151057,0.35185664892196655,2.016756633058274e-05,2.727290630340576,3.6217126846313477,1366504243200.0,2309.5700327336667,25.839674689949412,8.665541660166113,wandb
27200,1779647015.7400336,0.32522812485694885,2.01522204423385e-05,2.7281155586242676,3.527149200439453,1369020825600.0,3782.4515589119765,42.31840404384407,14.191815401465137,wandb
27250,1779647421.1218238,0.3103141188621521,2.0136874554094255e-05,2.7239203453063965,3.7462940216064453,1371537408000.0,2357.6131109258145,26.377184916525884,8.845800015468683,wandb
27300,1779647719.7447782,0.32642948627471924,2.012152866585001e-05,2.7235562801361084,3.7875959873199463,1374053990400.0,3460.4897245364346,38.71626644033684,12.983809734080166,wandb
27350,1779648130.1023114,0.33596572279930115,2.010618277760577e-05,2.724207639694214,3.843099594116211,1376570572800.0,2289.855671472485,25.619108664893172,8.591573078832328,wandb
27400,1779648362.6561532,0.3385680317878723,2.0090836889361528e-05,2.7228622436523438,3.650691509246826,1379087155200.0,3580.4351298251327,40.05822628969704,13.433846707085255,wandb
27450,1779648921.0219822,0.31784865260124207,2.0075491001117287e-05,2.72556734085083,3.6104063987731934,1381603737600.0,1844.390074712932,20.6351999967474,6.9201794288542695,wandb
27500,1779649188.4759538,0.3192097842693329,2.0060145112873043e-05,2.7239737510681152,3.5392723083496094,1384120320000.0,3740.775154336683,41.85212472725732,14.035444901772742,wandb
27550,1779649557.39804,0.3573223352432251,2.0044799224628803e-05,2.7311344146728516,3.665571928024292,1386636902400.0,2291.77182359646,25.640546745071827,8.598762510554328,wandb
27600,1779649867.8512437,0.3045092821121216,2.0029453336384563e-05,2.725964069366455,3.640806198120117,1389153484800.0,3215.7019138010783,35.97755866883887,12.065362169484189,wandb
27650,1779650270.6688929,0.3752083480358124,2.001410744814032e-05,2.722445487976074,3.536929130554199,1391670067200.0,2253.1945102453633,25.20894033639986,8.45401984796205,wandb
27700,1779650535.0254512,0.32226037979125977,1.999876155989608e-05,2.7224457263946533,4.491994857788086,1394186649600.0,3750.5652765663026,41.96165748443845,14.072177588305946,wandb
27750,1779650913.2362118,0.3526255786418915,1.9983415671651835e-05,2.721972942352295,3.3323235511779785,1396703232000.0,2341.944377744045,26.20188173780334,8.787010691817848,wandb
27800,1779651173.9662938,0.35573458671569824,1.9968069783407594e-05,2.7268238067626953,3.7809197902679443,1399219814400.0,2613.636514807265,29.241597502222568,9.806403695317384,wandb
27850,1779651551.7471073,0.3339039981365204,1.995272389516335e-05,2.726226568222046,3.929399013519287,1401736396800.0,2373.896417090589,26.55936399237603,8.906895226237884,wandb
27900,1779651779.7680552,0.3403697609901428,1.993737800691911e-05,2.7241313457489014,3.776329278945923,1404252979200.0,3643.337394591593,40.76198241563818,13.669856954935321,wandb
27950,1779652180.6270893,0.3797242045402527,1.9922032118674867e-05,2.729039430618286,4.169378280639648,1406769561600.0,2158.1050821101676,24.145071367439208,8.097242876807986,wandb
28000,1779652420.9142706,0.35974642634391785,1.9906686230430626e-05,2.7253201007843018,3.4664196968078613,1409286144000.0,3654.15653929044,40.88302796761514,13.710450549321484,wandb
28050,1779652813.7005315,0.37315401434898376,1.9891340342186382e-05,2.7232470512390137,3.679128885269165,1411802726400.0,2370.0675534391153,26.51652632571773,8.892529271963847,wandb
28100,1779653060.7149773,0.36109188199043274,1.9875994453942142e-05,2.725215435028076,3.3808107376098633,1414319308800.0,2330.5510217041337,26.07441185833421,8.744262647803744,wandb
28150,1779653457.8327093,0.3699205815792084,1.9860648565697902e-05,2.73103666305542,4.3384199142456055,1416835891200.0,2017.721698698582,22.574449603293676,7.57052230107022,wandb
28200,1779653723.987658,0.35341161489486694,1.9845302677453658e-05,2.722877025604248,3.6805050373077393,1419352473600.0,2367.886817487404,26.49212805817085,8.884347117722346,wandb
28250,1779654165.824772,0.37765398621559143,1.9829956789209414e-05,2.7234840393066406,3.621044397354126,1421869056000.0,2346.208252896045,26.24958635177247,8.803008815814838,wandb
28300,1779654417.9975271,0.3610382080078125,1.9814610900965174e-05,2.7221052646636963,3.7301409244537354,1424385638400.0,3691.8326583708003,41.30455173473123,13.851811917393016,wandb
28350,1779654779.3051307,0.3670573830604553,1.9799265012720933e-05,2.7230734825134277,3.8160438537597656,1426902220800.0,2427.0843107012834,27.154434870879445,9.106457006728437,wandb
28400,1779655005.7855432,0.34553688764572144,1.9783919124476693e-05,2.7222328186035156,3.5202348232269287,1429418803200.0,3696.0678822205778,41.351935795385934,13.867702541271147,wandb
28450,1779655394.595077,0.32736659049987793,1.9768573236232446e-05,2.7201385498046875,3.618156909942627,1431935385600.0,2220.064384554429,24.838277547154362,8.329715115777105,wandb
28500,1779655654.777913,0.3689020872116089,1.9753227347988206e-05,2.7246456146240234,3.8507232666015625,1434451968000.0,3506.103474107199,39.22659712249516,13.154953211688419,wandb
28550,1779656047.6639895,0.31997716426849365,1.9737881459743965e-05,2.72403883934021,3.9425625801086426,1436968550400.0,2263.642767951569,25.32583637175652,8.49322186874776,wandb
28600,1779656343.389128,0.296377032995224,1.9722535571499725e-05,2.7208778858184814,3.7075066566467285,1439485132800.0,2247.0455980731067,25.140145760796486,8.430949036582355,wandb
28650,1779656905.1417022,0.32384198904037476,1.970718968325548e-05,2.721958637237549,3.772385358810425,1442001715200.0,2307.7575476322836,25.81939644562846,8.658741188679272,wandb
28700,1779657207.183544,0.3233160972595215,1.9691843795011237e-05,2.7203404903411865,3.484715223312378,1444518297600.0,3189.4299885743703,35.6836260356148,11.966789509067677,wandb
28750,1779657611.11938,0.34786751866340637,1.9676497906766997e-05,2.7227959632873535,4.613132953643799,1447034880000.0,2274.763688514739,25.45025821891088,8.534947730736661,wandb
28800,1779657843.1806698,0.3587765097618103,1.9661152018522757e-05,2.723666191101074,4.415180683135986,1449551462400.0,3815.9165673231632,42.692813530712066,14.31737661867651,wandb
28850,1779658217.6078134,0.34614402055740356,1.9645806130278516e-05,2.7218940258026123,3.8218331336975098,1452068044800.0,2356.7492570823183,26.367520042986982,8.842558822795148,wandb
28900,1779658449.3092918,0.33504626154899597,1.963046024203427e-05,2.720799207687378,3.7018604278564453,1454584627200.0,3875.219480539318,43.35629979177078,14.539882045124024,wandb
28950,1779658916.0988057,0.3275880813598633,1.961511435379003e-05,2.7211294174194336,3.576120615005493,1457101209600.0,1896.0809059006726,21.21352160787576,7.114124208513451,wandb
29000,1779659193.237705,0.3962343633174896,1.959976846554579e-05,2.725567102432251,4.804098129272461,1459617792000.0,3776.999323474949,42.25740394944163,14.171358531722733,wandb
29050,1779659565.484481,0.3325781524181366,1.9584422577301545e-05,2.717664957046509,3.5524721145629883,1462134374400.0,2021.8726808574067,22.620891160426652,7.586096848851015,wandb
29100,1779660055.7036202,0.3318116068840027,1.9569076689057304e-05,2.723053216934204,4.834076881408691,1464650956800.0,2796.621166487434,31.288846040112876,10.492964873299357,wandb
29150,1779660462.8720355,0.3368154466152191,1.955373080081306e-05,2.7211546897888184,4.089873313903809,1467167539200.0,2342.2882375059953,26.20572887136579,8.788300858840369,wandb
29200,1779660734.3218367,0.3239752948284149,1.953838491256882e-05,2.7211289405822754,3.672426223754883,1469684121600.0,3789.8519891941696,42.40120071523627,14.219581927703615,wandb
29250,1779661103.4193602,0.3697144687175751,1.952303902432458e-05,2.7186455726623535,3.5487208366394043,1472200704000.0,2274.1278050659066,25.443143898398542,8.532561886428512,wandb
29300,1779661337.2338228,0.36365824937820435,1.9507693136080336e-05,2.716858386993408,3.9864742755889893,1474717286400.0,3638.2547851676973,40.705117729905275,13.650786927579196,wandb
29350,1779661700.9763079,0.34382960200309753,1.9492347247836096e-05,2.7179958820343018,3.5066349506378174,1477233868800.0,2377.2966496048693,26.597406095795257,8.919652950008604,wandb
29400,1779661976.9197752,0.373045951128006,1.9477001359591852e-05,2.7179245948791504,4.486669540405273,1479750451200.0,3322.2145991692396,37.16923205447273,12.464999374380502,wandb
29450,1779662343.1011932,0.32494765520095825,1.9461655471347608e-05,2.7155921459198,3.544344663619995,1482267033600.0,2423.9813265647367,27.119718408715478,9.094814563362364,wandb
29500,1779662575.4831138,0.3221088945865631,1.9446309583103368e-05,2.7179501056671143,4.237866401672363,1484783616000.0,3609.7805906768967,40.38654591252256,13.543951319607762,wandb
29550,1779663041.9252386,0.32776644825935364,1.9430963694859128e-05,2.7232322692871094,4.208498001098633,1487300198400.0,2354.8071409858103,26.345791475577194,8.83527197385589,wandb
29600,1779663273.492558,0.3096347451210022,1.9415617806614884e-05,2.714958429336548,3.705368757247925,1489816780800.0,3626.7304692056455,40.576182659193805,13.607547519958429,wandb
29650,1779664535.1264455,0.32622191309928894,1.9400271918370643e-05,2.7196872234344482,4.069926738739014,1492333363200.0,2251.725887002445,25.19250924909735,8.448509551363882,wandb
29700,1779664762.2688324,0.3185198903083801,1.93849260301264e-05,2.721130609512329,3.823089599609375,1494849945600.0,3544.8989454299626,39.66064430193354,13.300514406286736,wandb
29750,1779665151.5220048,0.35428646206855774,1.936958014188216e-05,2.719302177429199,3.6232733726501465,1497366528000.0,2400.1277230199344,26.852842173292917,9.005315482436938,wandb
29800,1779665391.8827744,0.31621792912483215,1.935423425363792e-05,2.7131738662719727,3.8690786361694336,1499883110400.0,3065.4712138111972,34.29676425205854,11.501694313152788,wandb
29850,1779665776.6971357,0.2892555892467499,1.9338888365393675e-05,2.718904972076416,3.739211082458496,1502399692800.0,2344.414565084881,26.229518413204293,8.796278872044924,wandb
29900,1779666003.8774028,0.35677438974380493,1.932354247714943e-05,2.7200753688812256,3.9687652587890625,1504916275200.0,3282.1951095159015,36.72149044921988,12.314845644511086,wandb
29950,1779666378.4458268,0.36902329325675964,1.930819658890519e-05,2.7169036865234375,3.554413318634033,1507432857600.0,2120.8253614724813,23.72798254131263,7.957368801682904,wandb
30000,1779666656.6510897,0.29130926728248596,1.929285070066095e-05,2.72109317779541,4.273347854614258,1509949440000.0,3535.2125401721496,39.55227193944638,13.264170867398903,wandb
30050,1779667033.663906,0.33110952377319336,1.9277504812416707e-05,2.719487190246582,3.591416358947754,1512466022400.0,2374.343020325612,26.564360629042127,8.908570888323817,wandb
30100,1779667280.6077173,0.37936165928840637,1.9262158924172463e-05,2.717022657394409,3.8752806186676025,1514982604800.0,3938.123066263187,44.060070696700755,14.775897249226249,wandb
30150,1779667680.77434,0.3517299294471741,1.9246813035928223e-05,2.7206361293792725,3.6405720710754395,1517499187200.0,2389.12528311599,26.729745898278846,8.96403416167168,wandb
30200,1779667939.1791441,0.3487817049026489,1.9231467147683982e-05,2.7197232246398926,3.775172710418701,1520015769600.0,2252.3153232921095,25.199103914666917,8.450721125229023,wandb
30250,1779668306.8032966,0.3176271319389343,1.921612125943974e-05,2.7243762016296387,3.7123990058898926,1522532352000.0,2408.555716536496,26.94713531343173,9.036937441457134,wandb
30300,1779668535.0372155,0.3501644730567932,1.92007753711955e-05,2.7207326889038086,3.4906232357025146,1525048934400.0,3953.4015207361354,44.231007402559776,14.833222241264517,wandb
30350,1779668896.1982133,0.3681051731109619,1.9185429482951255e-05,2.7162208557128906,4.446908950805664,1527565516800.0,2373.0242443578527,26.549606046365334,8.903622820966223,wandb
30400,1779669120.3447683,0.33047235012054443,1.9170083594707014e-05,2.709913492202759,4.357324600219727,1530082099200.0,3746.965175731223,41.92137923649141,14.058669955575601,wandb
30450,1779669695.8829448,0.34095603227615356,1.9154737706462774e-05,2.717921495437622,3.964550495147705,1532598681600.0,3001.9534787105813,33.5861221893454,11.26337481130928,wandb
30500,1779669931.4763758,0.35607820749282837,1.913939181821853e-05,2.7241969108581543,4.427408218383789,1535115264000.0,3402.286113884363,38.06507927401832,12.765428907463434,wandb
30550,1779670309.5417306,0.3678648769855499,1.9124045929974286e-05,2.7158260345458984,3.547349452972412,1537631846400.0,2375.610724971942,26.578543821238007,8.913327335311726,wandb
30600,1779670545.834292,0.3464377820491791,1.9108700041730046e-05,2.7171506881713867,3.7954916954040527,1540148428800.0,3581.539481484614,40.07058187416508,13.437990251198261,wandb
30650,1779670922.9772856,0.3299769461154938,1.9093354153485802e-05,2.716590404510498,4.017150402069092,1542665011200.0,2307.0159092013528,25.81109892898198,8.655958550080346,wandb
30700,1779671164.2264726,0.3434023857116699,1.9078008265241562e-05,2.713698148727417,3.99576997756958,1545181593600.0,3044.055513528008,34.05716349489073,11.421342282101383,wandb
30750,1779674286.2709723,0.31844979524612427,1.906266237699732e-05,2.713193655014038,3.8821468353271484,1547698176000.0,3213.3569993398723,35.95132355754346,12.056564014994343,wandb
30800,1779674549.458885,0.31657537817955017,1.9047316488753078e-05,2.707801342010498,3.8278656005859375,1550214758400.0,3263.903591691302,36.51684332292615,12.246215593250366,wandb
30850,1779675107.6037502,0.3588007092475891,1.9031970600508837e-05,2.713794708251953,3.667940139770508,1552731340800.0,2480.898722761656,27.756515293452747,9.308369493908808,wandb
30900,1779675370.082717,0.33575841784477234,1.9016624712264594e-05,2.7158102989196777,3.924893856048584,1555247923200.0,3249.292768933853,36.35337614000719,12.19139556549649,wandb
30950,1779675793.944667,0.3169631063938141,1.9001278824020353e-05,2.7158148288726807,3.8543701171875,1557764505600.0,2752.1728595835407,30.791554434040115,10.326194154186917,wandb
31000,1779676077.4641044,0.3658142685890198,1.898593293577611e-05,2.7153501510620117,3.5867090225219727,1560281088000.0,3598.8573713888763,40.264335964796764,13.502967235790468,wandb
31050,1779676475.4651964,0.32769739627838135,1.8970587047531866e-05,2.719848871231079,4.537866592407227,1562797670400.0,2352.2287462665304,26.31694416641393,8.825597797909891,wandb
31100,1779676718.1167967,0.35078486800193787,1.8955241159287625e-05,2.7125353813171387,3.853994607925415,1565314252800.0,3201.2310165138997,35.81565698451117,12.011067144209028,wandb
31150,1779677096.8975015,0.3200688362121582,1.8939895271043385e-05,2.714305877685547,3.6256484985351562,1567830835200.0,2360.5826780736234,26.410408697568155,8.856941876277094,wandb
31200,1779677329.4655077,0.36889052391052246,1.8924549382799145e-05,2.716869592666626,3.371504306793213,1570347417600.0,3528.165006386146,39.473423505402046,13.237728414146357,wandb
31250,1779677725.3708887,0.330882728099823,1.89092034945549e-05,2.7163779735565186,3.7414493560791016,1572864000000.0,2421.9352983049857,27.096827262792598,9.087137834416517,wandb
31300,1779677972.7881737,0.353974848985672,1.8893857606310657e-05,2.7175774574279785,3.671755313873291,1575380582400.0,3330.8517207027658,37.26586493744259,12.497405984880249,wandb
31350,1779678369.2861407,0.36753201484680176,1.8878511718066417e-05,2.717043876647949,3.877600908279419,1577897164800.0,2189.0300558021945,24.491062720232872,8.213273845373424,wandb
31400,1779678813.1961448,0.3710766136646271,1.8863165829822176e-05,2.7182273864746094,3.553588390350342,1580413747200.0,3133.930209691934,35.06268957932175,11.758553500105217,wandb
31450,1779679183.9775968,0.3947952389717102,1.8847819941577933e-05,2.717444896697998,3.5478315353393555,1582930329600.0,2379.2380978037404,26.619127190706955,8.926937292985837,wandb
31500,1779679419.938646,0.3127549886703491,1.883247405333369e-05,2.7130658626556396,4.350955009460449,1585446912000.0,3314.935815222947,37.08779637309267,12.437689267032386,wandb
31550,1779679906.7642071,0.38426628708839417,1.881712816508945e-05,2.716825246810913,4.185135841369629,1587963494400.0,1919.0286645279841,21.470263169893414,7.200224545621235,wandb
31600,1779680147.381796,0.3317323625087738,1.8801782276845208e-05,2.718657970428467,3.6673901081085205,1590480076800.0,3767.2347763281136,42.14815732855858,14.13472180328657,wandb
31650,1779680567.3997104,0.3248370885848999,1.8786436388600968e-05,2.710258960723877,3.756324291229248,1592996659200.0,1982.4025748480417,22.17929610818542,7.4380044147149125,wandb
31700,1779680800.2182465,0.39025646448135376,1.8771090500356724e-05,2.7162280082702637,3.6139512062072754,1595513241600.0,3593.0289803346227,40.19912740793414,13.48109902448856,wandb
31750,1779681237.3177862,0.38592058420181274,1.875574461211248e-05,2.715701103210449,3.780918598175049,1598029824000.0,2284.3060365260717,25.557018856127527,8.57075076465901,wandb
31800,1779681499.2182963,0.3223211169242859,1.874039872386824e-05,2.7172679901123047,3.9250717163085938,1600546406400.0,2972.0392459680115,33.25143909608041,11.151136158058387,wandb
31850,1779682020.6872952,0.36781424283981323,1.8725052835623996e-05,2.711322546005249,3.8404605388641357,1603062988800.0,2351.655883668306,26.31053492877647,8.823448408785463,wandb
31900,1779682260.2465818,0.35316646099090576,1.8709706947379756e-05,2.715773344039917,4.247488975524902,1605579571200.0,3615.2647918453677,40.44790364236796,13.564528125257544,wandb
31950,1779682642.7238069,0.36902737617492676,1.8694361059135512e-05,2.715575695037842,3.6725621223449707,1608096153600.0,2357.0703977430167,26.37111299322644,8.84376374740649,wandb
32000,1779682877.1932447,0.36996781826019287,1.8679015170891272e-05,2.709674835205078,4.195493698120117,1610612736000.0,3323.378502988178,37.182253913790916,12.469366359095616,wandb
32050,1779683281.5718827,0.3722531497478485,1.866366928264703e-05,2.7103841304779053,3.7287819385528564,1613129318400.0,2421.924466865111,27.096706079681102,9.087097194690445,wandb
32100,1779683531.1632514,0.38847634196281433,1.8648323394402788e-05,2.717543363571167,4.372906684875488,1615645900800.0,3281.842181636094,36.71754186074931,12.313521453773348,wandb
32150,1779683919.448547,0.38122686743736267,1.8632977506158547e-05,2.711583137512207,3.4871950149536133,1618162483200.0,2410.3088947880324,26.966750027448246,9.04351539274723,wandb
32200,1779684155.1772885,0.3601774573326111,1.8617631617914304e-05,2.7105159759521484,3.6299993991851807,1620679065600.0,3559.6536006050883,39.82572069471838,13.355874095445024,wandb
32250,1779684543.334624,0.32579702138900757,1.860228572967006e-05,2.712343692779541,4.184832572937012,1623195648000.0,2170.6926729772294,24.28590245224077,8.144471707938317,wandb
32300,1779684779.1927047,0.372355580329895,1.858693984142582e-05,2.7117016315460205,3.9671008586883545,1625712230400.0,3613.3200916849855,40.426146164222,13.557231580871584,wandb
32350,1779685154.4837763,0.31428858637809753,1.857159395318158e-05,2.7106246948242188,3.6020970344543457,1628228812800.0,2303.787003662869,25.774973646987288,8.643843647711547,wandb
32400,1779685396.0011928,0.3515748977661133,1.8556248064937335e-05,2.712721347808838,3.506638526916504,1630745395200.0,3490.6612688131113,39.05382835790292,13.097013824094976,wandb
32450,1779685790.0900838,0.3474798798561096,1.8540902176693095e-05,2.708183526992798,3.7237708568573,1633261977600.0,2358.383298340447,26.38580184173808,8.84868977028583,wandb
32500,1779686018.9506016,0.29609590768814087,1.852555628844885e-05,2.706859588623047,3.7588627338409424,1635778560000.0,3351.1524819105434,37.49299165719243,12.573574747674103,wandb
32550,1779686428.0062013,0.35342973470687866,1.851021040020461e-05,2.708862543106079,3.825404405593872,1638295142400.0,2290.017421418023,25.62091833765242,8.59217996707201,wandb
32600,1779686721.7614207,0.3212098181247711,1.849486451196037e-05,2.707096576690674,3.633913278579712,1640811724800.0,3431.682812269717,38.39397214692117,12.875725763986164,wandb
32650,1779687088.1215336,0.3856598436832428,1.8479518623716127e-05,2.710745096206665,3.600081443786621,1643328307200.0,2258.0449177423816,25.263207126347897,8.472218650179986,wandb
32700,1779687330.8312624,0.36880308389663696,1.8464172735471883e-05,2.709367513656616,3.520395040512085,1645844889600.0,2582.9719520375475,28.898519649960523,9.69134979246723,wandb
32750,1779687712.6190217,0.3611019551753998,1.8448826847227643e-05,2.7156829833984375,3.6534738540649414,1648361472000.0,2276.1633721104713,25.465918003316624,8.540199364736914,wandb
32800,1779687947.2763019,0.30238857865333557,1.8433480958983402e-05,2.710515260696411,3.623264789581299,1650878054400.0,3784.5818715393857,42.34223817075946,14.199808366631967,wandb
32850,1779688340.4040496,0.3533007502555847,1.841813507073916e-05,2.7075958251953125,3.5159077644348145,1653394636800.0,2357.3563367721817,26.374312104485277,8.844836594964425,wandb
32900,1779688583.7917223,0.3510178029537201,1.8402789182494918e-05,2.7075438499450684,4.486155033111572,1655911219200.0,3116.848493660462,34.871577822958635,11.694462643452281,wandb
32950,1779688970.8271282,0.3525535762310028,1.8387443294250674e-05,2.7070062160491943,3.3193087577819824,1658427801600.0,2315.632399109898,25.907500983498817,8.688287750411423,wandb
33000,1779689222.3429356,0.34210914373397827,1.8372097406006434e-05,2.711137056350708,3.773423194885254,1660944384000.0,3685.6111519549618,41.23494496828196,13.82846873131451,wandb
33050,1779689611.6829138,0.31794971227645874,1.8356751517762194e-05,2.7108407020568848,3.9127070903778076,1663460966400.0,2356.8927926546667,26.36912593172097,8.843097370431408,wandb
33100,1779689844.1562881,0.3416384160518646,1.834140562951795e-05,2.7086637020111084,3.7560858726501465,1665977548800.0,3626.65247347829,40.575310036067634,13.607254878810886,wandb
33150,1779690222.002833,0.32883206009864807,1.8326059741273706e-05,2.7134909629821777,4.150940895080566,1668494131200.0,2006.320206953859,22.4468887008364,7.527743731768732,wandb
33200,1779690452.6359675,0.31084102392196655,1.8310713853029466e-05,2.709343433380127,3.4484081268310547,1671010713600.0,3479.2011601471545,38.92561164412382,13.054015323219325,wandb
33250,1779690839.176675,0.3658825159072876,1.8295367964785225e-05,2.7086384296417236,3.6663029193878174,1673527296000.0,2311.300040853073,25.85903017446941,8.672032676770359,wandb
33300,1779691112.1648026,0.302408367395401,1.828002207654098e-05,2.7096633911132812,3.3606371879577637,1676043878400.0,3314.5116269761747,37.08305051730629,12.436097706321059,wandb
33350,1779691488.6575012,0.3619241714477539,1.8264676188296738e-05,2.716035842895508,4.323367118835449,1678560460800.0,2357.1342699477564,26.371827601126967,8.844003396883775,wandb
33400,1779691723.0798256,0.33400726318359375,1.8249330300052498e-05,2.707653045654297,3.662590503692627,1681077043200.0,3631.054089300758,40.624555704893744,13.623769807884717,wandb
33450,1779692090.8410368,0.37515753507614136,1.8233984411808257e-05,2.708801746368408,3.5975351333618164,1683593625600.0,2377.8421382868523,26.60350907162613,8.921699631785678,wandb
33500,1779692320.0231404,0.34980928897857666,1.8218638523564013e-05,2.706970453262329,3.7059335708618164,1686110208000.0,3454.482483085591,38.64905688934953,12.961270473387843,wandb
33550,1779692714.0913465,0.3593899607658386,1.8203292635319773e-05,2.708615303039551,3.8011629581451416,1688626790400.0,2385.0150369277617,26.68376009880356,8.948612455868082,wandb
33600,1779692960.738723,0.3414961099624634,1.818794674707553e-05,2.7069334983825684,3.503005027770996,1691143372800.0,3637.2723223745497,40.69412584890141,13.647100712334401,wandb
33650,1779693337.567899,0.30485448241233826,1.817260085883129e-05,2.7055723667144775,3.6093313694000244,1693659955200.0,2274.29319743757,25.444994322944847,8.533182441106055,wandb
33700,1779693567.3253758,0.34169524908065796,1.815725497058705e-05,2.7094922065734863,3.8378071784973145,1696176537600.0,3562.8419237229336,39.86139193698595,13.367836731958393,wandb
33750,1779693950.1609132,0.3165958821773529,1.8141909082342805e-05,2.709407329559326,3.9247777462005615,1698693120000.0,2258.3924837550594,25.267095725772723,8.473522723111238,wandb
33800,1779694209.9336283,0.3295589089393616,1.812656319409856e-05,2.706853151321411,3.692293882369995,1701209702400.0,2925.7212447373327,32.73322918379089,10.977350317580973,wandb
33850,1779694615.1083117,0.31299689412117004,1.811121730585432e-05,2.707261085510254,3.754913806915283,1703726284800.0,2178.784330251701,24.37643263262565,8.174831728296185,wandb
33900,1779694896.0731292,0.34132543206214905,1.8095871417610077e-05,2.706605911254883,3.4750664234161377,1706242867200.0,2783.73235052223,31.144644822154866,10.444605841049318,wandb
33950,1779695273.797232,0.3322829604148865,1.8080525529365837e-05,2.708366632461548,4.606472492218018,1708759449600.0,2303.3804301761547,25.77042486670119,8.642318177846114,wandb
34000,1779695535.7434118,0.3580305278301239,1.8065179641121596e-05,2.7091383934020996,4.3944878578186035,1711276032000.0,3491.783479355603,39.06638374914052,13.101224375006883,wandb
34050,1779695931.123282,0.37857165932655334,1.8049833752877352e-05,2.708106517791748,3.8053929805755615,1713792614400.0,2354.2091283070654,26.339100856604734,8.833028221249334,wandb
34100,1779696176.6128983,0.3291816711425781,1.8034487864633112e-05,2.706258535385132,3.6919498443603516,1716309196800.0,3814.0897932978055,42.672375420640364,14.310522534931012,wandb
34150,1779696563.1502264,0.3164198696613312,1.801914197638887e-05,2.7066738605499268,3.557584047317505,1718825779200.0,2381.0596422802205,26.63950679212125,8.933771755384928,wandb
34200,1779696792.943314,0.2954578101634979,1.8003796088144628e-05,2.7103195190429688,4.780851364135742,1721342361600.0,3805.5707127988126,42.57706319125067,14.278558816176421,wandb
34250,1779697161.2874846,0.33374422788619995,1.7988450199900384e-05,2.703853130340576,3.5386300086975098,1723858944000.0,2343.533594106328,26.21966203163783,8.792973455622018,wandb
34300,1779697391.8781848,0.3673006594181061,1.797310431165614e-05,2.708733320236206,4.826044082641602,1726375526400.0,4000.693781443059,44.760117416414936,15.010663518017758,wandb
34350,1779697757.298579,0.28869062662124634,1.79577584234119e-05,2.7064759731292725,4.080432891845703,1728892108800.0,2287.058947153833,25.587818664777476,8.581079726930547,wandb
34400,1779698018.7469914,0.3480534553527832,1.794241253516766e-05,2.707545280456543,3.658512592315674,1731408691200.0,3446.362669300401,38.55821169142153,12.930804809376317,wandb
34450,1779698430.4170222,0.33478841185569763,1.792706664692342e-05,2.7041335105895996,3.533679485321045,1733925273600.0,2282.0305777130993,25.531560820794432,8.562213208810805,wandb
34500,1779698674.9877489,0.32716503739356995,1.7911720758679176e-05,2.7022504806518555,3.9696643352508545,1736441856000.0,3444.2317147347085,38.534370382443605,12.922809435647348,wandb
34550,1779699058.3887825,0.32128164172172546,1.7896374870434932e-05,2.704035758972168,3.487720012664795,1738958438400.0,2406.2148255829406,26.920945217497323,9.028154383228788,wandb
34600,1779699292.4205763,0.3295590281486511,1.788102898219069e-05,2.7032408714294434,4.475467681884766,1741475020800.0,3662.116803843991,40.97208811456649,13.74031758220513,wandb
34650,1779699693.312327,0.32798489928245544,1.786568309394645e-05,2.7017409801483154,3.5290489196777344,1743991603200.0,2433.3052513651046,27.22403530764488,9.129798070096825,wandb
34700,1779699917.596825,0.33850282430648804,1.7850337205702207e-05,2.7045814990997314,4.227858543395996,1746508185600.0,3702.0761862430963,41.41915723451954,13.89024578874845,wandb
34750,1779700287.8338969,0.3635011613368988,1.7834991317457964e-05,2.710491180419922,4.197211742401123,1749024768000.0,2304.1255163742826,25.778760957273345,8.645113752519661,wandb
34800,1779700529.8510346,0.34089580178260803,1.7819645429213723e-05,2.7017087936401367,3.6884384155273438,1751541350400.0,3161.7920117586896,35.37440989586421,11.86309140244845,wandb
34850,1779700912.1197157,0.35095351934432983,1.7804299540969483e-05,2.7066547870635986,4.056500434875488,1754057932800.0,2337.281062381452,26.149708151275018,8.769513862115216,wandb
34900,1779701131.9644601,0.3382868766784668,1.7788953652725243e-05,2.70802640914917,3.809316635131836,1756574515200.0,3757.6228633801047,42.04061839265081,14.098657760670692,wandb
34950,1779701499.4493294,0.381332665681839,1.7773607764481e-05,2.705643653869629,3.6149253845214844,1759091097600.0,2382.0898578730234,26.651032935689642,8.937637139855568,wandb
35000,1779701778.6832402,0.31819653511047363,1.7758261876236755e-05,2.6999614238739014,3.850975513458252,1761607680000.0,3433.626131733254,38.41571417770818,12.883017127976698,wandb
35050,1779702161.1160061,0.38062089681625366,1.7742915987992515e-05,2.7069618701934814,3.7284600734710693,1764124262400.0,2331.420032086264,26.084134423685413,8.747523187888149,wandb
35100,1779702387.0318217,0.3672246038913727,1.772757009974827e-05,2.7069830894470215,3.961425304412842,1766640844800.0,3502.397253867902,39.185131601226935,13.141047417349995,wandb
35150,1779702787.3098376,0.2972988486289978,1.771222421150403e-05,2.7030375003814697,3.539416790008545,1769157427200.0,2286.334573267077,25.57971430538487,8.578361865162229,wandb
35200,1779703061.9710786,0.3532526195049286,1.7696878323259787e-05,2.709003210067749,4.250785827636719,1771674009600.0,3230.5344494229885,36.14350639498061,12.12101406725558,wandb
35250,1779703486.0568128,0.3564006984233856,1.7681532435015547e-05,2.706143617630005,3.576934337615967,1774190592000.0,2339.7664269116026,26.177514630418248,8.778838987385926,wandb
35300,1779703732.4487154,0.3571610152721405,1.7666186546771306e-05,2.703301191329956,3.8627865314483643,1776707174400.0,3514.2567085375904,39.31781623357049,13.185544270465723,wandb
35350,1779704139.9902577,0.3449735641479492,1.7650840658527062e-05,2.706818103790283,3.6260557174682617,1779223756800.0,2348.9103754916373,26.279817939406914,8.813147220622275,wandb
35400,1779704366.9825299,0.3440946638584137,1.7635494770282822e-05,2.706498146057129,3.737626075744629,1781740339200.0,3789.9673322120116,42.40249118316604,14.220014696449377,wandb
35450,1779704738.8290722,0.3240372836589813,1.7620148882038578e-05,2.711319923400879,3.697131872177124,1784256921600.0,2389.7614932600404,26.7368638738863,8.966421231745223,wandb
35500,1779704965.1624496,0.31876590847969055,1.7604802993794335e-05,2.7076427936553955,3.465796947479248,1786773504000.0,3750.0361888268594,41.955738003809635,14.070192443113099,wandb
35550,1779705337.2960749,0.350462943315506,1.7589457105550094e-05,2.7023324966430664,4.422949314117432,1789290086400.0,2352.3190402298683,26.317954383296748,8.825936582224667,wandb
35600,1779705565.2685719,0.35285261273384094,1.7574111217305854e-05,2.696802854537964,4.3212385177612305,1791806668800.0,3490.93441108927,39.05688429795236,13.098038658042272,wandb
35650,1779705984.420026,0.33923643827438354,1.7558765329061613e-05,2.704533576965332,3.9567883014678955,1794323251200.0,2704.7474509614176,30.260954749481904,10.148253304443998,wandb
35700,1779706228.8725643,0.32475361227989197,1.754341944081737e-05,2.71026873588562,4.417645454406738,1796839833600.0,3447.637921060887,38.572479321401005,12.935589573250574,wandb
35750,1779706605.5472903,0.33883577585220337,1.7528073552573126e-05,2.7021965980529785,3.524916887283325,1799356416000.0,2316.1803137124734,25.91363110074478,8.690343534279215,wandb
35800,1779706861.3285403,0.33129897713661194,1.7512727664328886e-05,2.7044858932495117,3.7839624881744385,1801872998400.0,2909.7210104358887,32.554217141093524,10.917317196720171,wandb
35850,1779707261.596394,0.3361967206001282,1.7497381776084645e-05,2.7033016681671143,4.00405740737915,1804389580800.0,2337.97099662198,26.15742719684628,8.772102505810507,wandb
35900,1779707556.8314137,0.32228580117225647,1.74820358878404e-05,2.700786590576172,3.9699835777282715,1806906163200.0,3646.911134529103,40.801965735521506,13.683265681179677,wandb
35950,1779707931.5164976,0.28006479144096375,1.7466689999596158e-05,2.698504686355591,4.613656044006348,1809422745600.0,2335.349514321724,26.128097819999507,8.762266664609639,wandb
36000,1779708182.5906765,0.3678376078605652,1.7451344111351917e-05,2.7056336402893066,3.638059139251709,1811939328000.0,3641.3934565675827,40.74023346434165,13.662563270096546,wandb
36050,1779708547.114547,0.3354400396347046,1.7435998223107677e-05,2.701627254486084,4.171548843383789,1814455910400.0,2327.4968903499803,26.040241965439343,8.73280350081537,wandb
36100,1779708778.8594182,0.3352171778678894,1.7420652334863437e-05,2.708397626876831,4.531582832336426,1816972492800.0,3504.5596231749428,39.209324381121704,13.149160659663174,wandb
36150,1779709162.7855914,0.3672909140586853,1.7405306446619193e-05,2.7030467987060547,3.384916305541992,1819489075200.0,2398.7047534252506,26.836921863062358,8.999976479016771,wandb
36200,1779709416.0433347,0.32544076442718506,1.738996055837495e-05,2.7095847129821777,3.683481216430664,1822005657600.0,3949.230943142806,44.18434660996486,14.817574171117379,wandb
36250,1779709827.4089723,0.3651937246322632,1.737461467013071e-05,2.701014995574951,3.3957273960113525,1824522240000.0,1704.3274128482815,19.068166493759314,6.3946622052066715,wandb
36300,1779710101.8482265,0.3334101140499115,1.7359268781886465e-05,2.7022171020507812,4.232959270477295,1827038822400.0,3531.1093559819014,39.50636515023182,13.24877565831843,wandb
36350,1779712638.8005815,0.36811956763267517,1.7343922893642225e-05,2.707508087158203,3.865041732788086,1829555404800.0,2183.501582545686,24.429209670333716,8.19253093018038,wandb
36400,1779712942.1509883,0.33441582322120667,1.732857700539798e-05,2.7008910179138184,3.7367305755615234,1832071987200.0,2930.755272712153,32.78955033595595,10.996238066606107,wandb
36450,1779713346.2537816,0.3552440404891968,1.731323111715374e-05,2.7037110328674316,4.624285697937012,1834588569600.0,2309.1187502065895,25.83462570094814,8.66384844130569,wandb
36500,1779714023.4879076,0.32965004444122314,1.72978852289095e-05,2.703169345855713,3.7851955890655518,1837105152000.0,50.75844168112416,0.5678899545023085,0.1904464401420538,wandb
36550,1779750128.9816504,0.3662082552909851,1.7282539340665256e-05,2.7025270462036133,3.868192195892334,1839621734400.0,3103.927865470797,34.727020687007425,11.645984251255387,wandb
36600,1779750409.188517,0.30645814538002014,1.7267193452421016e-05,2.6959304809570312,3.8212380409240723,1842138316800.0,3131.2410502888124,35.03260302503621,11.748463733391802,wandb
36650,1779750824.7673051,0.3377964198589325,1.7251847564176772e-05,2.7010276317596436,3.6531121730804443,1844654899200.0,2480.8280314400495,27.75572439266696,9.308104259002002,wandb
36700,1779751093.3655572,0.3043285310268402,1.723650167593253e-05,2.7023074626922607,3.8985321521759033,1847171481600.0,3039.72920374887,34.008760356766985,11.405109902439992,wandb
36750,1779751503.8325605,0.32003912329673767,1.7221155787688288e-05,2.7020373344421387,3.833346366882324,1849688064000.0,2942.2531762892045,32.91818990255778,11.039378374559265,wandb
36800,1779751747.3953552,0.3092816472053528,1.7205809899444048e-05,2.700761318206787,3.573854684829712,1852204646400.0,3254.1321702656023,36.40751979200051,12.209553072416037,wandb
36850,1779752126.9440389,0.3826141059398651,1.7190464011199804e-05,2.706608533859253,4.529542446136475,1854721228800.0,2376.8303235251205,26.592188798190346,8.917903287511251,wandb
36900,1779752363.5440757,0.31548401713371277,1.7175118122955564e-05,2.697995901107788,3.8303608894348145,1857237811200.0,3044.5824606026504,34.0630590255716,11.423319395487555,wandb
36950,1779752753.5119596,0.3194769024848938,1.7159772234711323e-05,2.7006731033325195,3.6078176498413086,1859754393600.0,2410.832961025594,26.97261332706794,9.045481697189143,wandb
37000,1779752989.2017777,0.3319835662841797,1.714442634646708e-05,2.7027554512023926,3.3564953804016113,1862270976000.0,3595.0849327580995,40.222129586282364,13.488812989046659,wandb
37050,1779753389.6263726,0.34288549423217773,1.712908045822284e-05,2.703252077102661,3.7305092811584473,1864787558400.0,2391.8552049059263,26.760288505769065,8.97427686947634,wandb
37100,1779753613.293583,0.3658292293548584,1.7113734569978595e-05,2.704464912414551,3.6475305557250977,1867304140800.0,3717.033702052274,41.586503250098666,13.946366614070904,wandb
37150,1779754001.1596067,0.3376053273677826,1.7098388681734352e-05,2.7026779651641846,3.8680930137634277,1869820723200.0,2344.0041288467246,26.22492641611193,8.794738909077715,wandb
37200,1779754243.5938346,0.31975600123405457,1.708304279349011e-05,2.7046079635620117,3.539917230606079,1872337305600.0,3226.8547333889383,36.102337405115115,12.107207717095719,wandb
37250,1779754647.5307708,0.3260432481765747,1.706769690524587e-05,2.7027835845947266,3.537583351135254,1874853888000.0,2482.6974896020174,27.776640056650766,9.315118494273012,wandb
37300,1779754884.6827662,0.30897513031959534,1.7052351017001627e-05,2.6993467807769775,4.343961238861084,1877370470400.0,3214.935360862826,35.96898240647128,12.062486051277336,wandb
37350,1779755261.2802258,0.35837772488594055,1.7037005128757387e-05,2.7030134201049805,4.164801597595215,1879887052800.0,2447.453173267219,27.382323514673935,9.182881286847103,wandb
37400,1779755497.389602,0.30336180329322815,1.7021659240513143e-05,2.704887866973877,3.6400041580200195,1882403635200.0,3721.7349461562276,41.63910118675461,13.96400575298422,wandb
37450,1779756052.4590704,0.3507903516292572,1.7006313352268903e-05,2.6968424320220947,3.7416372299194336,1884920217600.0,2379.4674126899386,26.621692786024237,8.927797685903775,wandb
37500,1779756287.8738947,0.29510343074798584,1.699096746402466e-05,2.7017955780029297,3.599137783050537,1887436800000.0,3093.243449475669,34.60748249173589,11.605896161001315,wandb
37550,1779756673.347616,0.31759515404701233,1.697562157578042e-05,2.70135498046875,3.7674829959869385,1889953382400.0,2434.828500072726,27.241077549498975,9.13551332226394,wandb
37600,1779756912.077536,0.36761611700057983,1.6960275687536175e-05,2.7045817375183105,3.914340019226074,1892469964800.0,3584.860152786264,40.10773383966981,13.45044946009703,wandb
37650,1779757299.837198,0.33363252878189087,1.6944929799291935e-05,2.6975624561309814,3.8253684043884277,1894986547200.0,2336.0184908344836,26.135582388650782,8.764776674593673,wandb
37700,1779757555.8695426,0.36000367999076843,1.6929583911047694e-05,2.7022640705108643,4.224854469299316,1897503129600.0,2155.130401065691,24.11179037166674,8.086081828582005,wandb
37750,1779757975.5409172,0.31799283623695374,1.691423802280345e-05,2.7018942832946777,3.662104606628418,1900019712000.0,2387.104690856578,26.707139332587293,8.95645286898344,wandb
37800,1779758232.036695,0.3335331976413727,1.6898892134559207e-05,2.6959657669067383,4.188771724700928,1902536294400.0,3672.7975508224727,41.091585260553856,13.780391906253307,wandb
37850,1779758609.2340848,0.34777966141700745,1.6883546246314966e-05,2.6968624591827393,3.7159085273742676,1905052876800.0,2337.0141394897596,26.14672179425147,8.76851236339241,wandb
37900,1779759210.8109508,0.274164617061615,1.6868200358070723e-05,2.702765464782715,4.362597942352295,1907569459200.0,1058.5712631930273,11.84338932760604,3.971775374395699,wandb
37950,1779759830.7888904,0.3242032527923584,1.6852854469826482e-05,2.6978759765625,3.4739534854888916,1910086041600.0,2452.147136256057,27.434839989567173,9.200493106906489,wandb
38000,1779760069.7324605,0.31614142656326294,1.6837508581582242e-05,2.696908712387085,3.616053581237793,1912602624000.0,3607.9276206013333,40.36581471871411,13.536998947886074,wandb
38050,1779760462.6891007,0.3339287340641022,1.6822162693337998e-05,2.6992921829223633,4.172671318054199,1915119206400.0,2097.844827185779,23.470874282306188,7.8711454898058495,wandb
38100,1779760697.2252047,0.3118703067302704,1.6806816805093758e-05,2.6981582641601562,3.9483275413513184,1917635788800.0,3338.216697048481,37.348264947044036,12.525039487413355,wandb
38150,1779761088.6129682,0.34447017312049866,1.6791470916849517e-05,2.697680950164795,3.591306209564209,1920152371200.0,2308.2355812047263,25.824744727701628,8.660534777866111,wandb
38200,1779761323.6848712,0.29252609610557556,1.6776125028605274e-05,2.6990034580230713,3.480475902557373,1922668953600.0,3272.258506367375,36.61031885050583,12.277563359356833,wandb
38250,1779761718.2615802,0.307751327753067,1.676077914036103e-05,2.6949312686920166,3.700249671936035,1925185536000.0,2373.318323570294,26.55289623071777,8.90472621061481,wandb
38300,1779762150.3672614,0.35753321647644043,1.6745433252116786e-05,2.6949172019958496,3.746565341949463,1927702118400.0,3316.2008440819905,37.10194962834269,12.442435674425964,wandb
38350,1779762971.7958374,0.331694632768631,1.6730087363872546e-05,2.69624662399292,3.809727191925049,1930218700800.0,2273.621374782097,25.437477911396066,8.530661752351552,wandb
38400,1779763220.415664,0.3541118800640106,1.6714741475628305e-05,2.6945390701293945,3.616835117340088,1932735283200.0,3321.9137641258662,37.165866285283684,12.46387063675218,wandb
38450,1779763607.9534106,0.3569703698158264,1.6699395587384065e-05,2.6976003646850586,3.5841245651245117,1935251865600.0,2205.5026277112415,24.675359318042798,8.27507918407492,wandb
38500,1779763922.257295,0.3566558361053467,1.668404969913982e-05,2.6963725090026855,3.5046887397766113,1937768448000.0,3649.3875932379765,40.82967257554517,13.69255739167439,wandb
38550,1779764449.9040143,0.30512046813964844,1.666870381089558e-05,2.7023186683654785,3.6385438442230225,1940285030400.0,2047.3946235386886,22.906432922310046,7.681855563424932,wandb
38600,1779764794.4678345,0.3485373556613922,1.6653357922651337e-05,2.6985249519348145,3.6039090156555176,1942801612800.0,2031.3969042959372,22.72744901831275,7.62183187910235,wandb
38650,1779765425.0513396,0.37817299365997314,1.6638012034407097e-05,2.694716453552246,3.493673801422119,1945318195200.0,2311.658394566188,25.863039467645017,8.67337722531665,wandb
38700,1779765764.6776412,0.3021836578845978,1.6622666146162853e-05,2.694303035736084,4.480306625366211,1947834777600.0,3616.2896730413026,40.45937010423033,13.568373494990533,wandb
38750,1779766142.972647,0.34329691529273987,1.660732025791861e-05,2.6939949989318848,3.3069069385528564,1950351360000.0,2344.7458754491986,26.23322514299124,8.797521953537906,wandb
38800,1779766382.9817262,0.3387835919857025,1.659197436967437e-05,2.698970079421997,3.7641162872314453,1952867942400.0,3477.7267759644874,38.90911610291565,13.048483411488172,wandb
38850,1779766773.8561056,0.334913969039917,1.657662848143013e-05,2.6983394622802734,3.8913145065307617,1955384524800.0,2368.3858994152392,26.497711831113914,8.886219680656657,wandb
38900,1779767015.3213434,0.34786614775657654,1.6561282593185888e-05,2.6964354515075684,3.7408969402313232,1957901107200.0,3605.095098937718,40.33412421472302,13.526371283805098,wandb
38950,1779767390.4275773,0.3190925121307373,1.6545936704941644e-05,2.701079845428467,4.137957572937012,1960417689600.0,2415.1771705196647,27.02121672879242,9.061781236851424,wandb
39000,1779767641.4971664,0.30382829904556274,1.6530590816697404e-05,2.697082042694092,3.431950092315674,1962934272000.0,3284.617956992899,36.748597482018916,12.32393620485374,wandb
39050,1779768018.5126822,0.30642539262771606,1.651524492845316e-05,2.695375442504883,3.655153512954712,1965450854400.0,2333.772981826736,26.110459434399047,8.75635149086721,wandb
39100,1779768251.0306754,0.3312950134277344,1.649989904020892e-05,2.698010206222534,3.3430330753326416,1967967436800.0,3302.2669938781764,36.94605647449064,12.39015565792231,wandb
39150,1779768649.365273,0.31287747621536255,1.6484553151964676e-05,2.7034666538238525,4.315497398376465,1970484019200.0,2385.8766157080295,26.69339951873296,8.951845112470005,wandb
39200,1779768880.2501543,0.35799211263656616,1.6469207263720432e-05,2.6955273151397705,3.647390842437744,1973000601600.0,3737.470945297224,41.815156943004354,14.023047459530456,wandb
39250,1779769272.7453802,0.35766127705574036,1.6453861375476192e-05,2.695847988128662,3.585453987121582,1975517184000.0,2277.6765323741906,25.48284737476417,8.545876764910073,wandb
39300,1779769515.1468174,0.3286989629268646,1.6438515487231952e-05,2.6944580078125,3.6841378211975098,1978033766400.0,2282.951668644965,25.5418660679625,8.565669155904748,wandb
39350,1779769925.075846,0.2855168879032135,1.642316959898771e-05,2.695242404937744,3.784235715866089,1980550348800.0,2346.659929624167,26.25463975113005,8.804703513723537,wandb
39400,1779770170.3441758,0.3381189703941345,1.6407823710743468e-05,2.6950151920318604,3.48612642288208,1983066931200.0,2717.810360560083,30.40710374247616,10.19726553863732,wandb
39450,1779770551.5059412,0.3073562979698181,1.6392477822499224e-05,2.6932570934295654,3.598524570465088,1985583513600.0,2344.00312179747,26.22491514915541,8.794735130613695,wandb
39500,1779770783.657346,0.3554287850856781,1.6377131934254983e-05,2.6976048946380615,3.828035831451416,1988100096000.0,3517.7375198535997,39.35675985978144,13.198604327118066,wandb
39550,1779771196.5102375,0.2884921729564667,1.636178604601074e-05,2.6969118118286133,3.909395456314087,1990616678400.0,2301.0289563137076,25.744116368242008,8.6334954123837,wandb
39600,1779771427.9461524,0.3241507112979889,1.63464401577665e-05,2.6950573921203613,3.6753294467926025,1993133260800.0,3518.654080907561,39.36701442627311,13.202043278041666,wandb
39650,1779771820.7604883,0.3244795501232147,1.6331094269522256e-05,2.6955647468566895,3.740783929824829,1995649843200.0,2353.990832865976,26.336658547818203,8.832209173455945,wandb
39700,1779772070.0267894,0.3320925235748291,1.6315748381278015e-05,2.69406795501709,3.4672772884368896,1998166425600.0,3774.4076398414586,42.228407962725704,14.161634495569821,wandb
39750,1779772460.5481014,0.32959166169166565,1.6300402493033775e-05,2.6959898471832275,4.595254898071289,2000683008000.0,2317.910871954095,25.93299274008099,8.696836614950323,wandb
39800,1779772690.788397,0.30188244581222534,1.6285056604789535e-05,2.6964335441589355,4.381808280944824,2003199590400.0,2678.2073555379766,29.964021804274687,10.048674465397323,wandb
39850,1779773072.036081,0.33675670623779297,1.626971071654529e-05,2.6954002380371094,3.7882626056671143,2005716172800.0,2377.1911377354536,26.596225619627404,8.919257067880283,wandb
39900,1779773307.0575652,0.34734538197517395,1.6254364828301047e-05,2.694291591644287,3.6798391342163086,2008232755200.0,3679.548134127387,41.16711138623705,13.805720196813917,wandb
39950,1779773738.0443935,0.30333641171455383,1.6239018940056803e-05,2.6949329376220703,3.543149471282959,2010749337600.0,1248.7250729645552,13.970847043073125,4.685235341861641,wandb
40000,1779773979.8551447,0.327911913394928,1.6223673051812563e-05,2.698521614074707,4.746618747711182,2013265920000.0,3895.438061006025,43.58250706608924,14.615742464535636,wandb
40050,1779774373.3519375,0.2985617220401764,1.6208327163568323e-05,2.6913297176361084,3.525439739227295,2015782502400.0,2348.6292059682337,26.276672189802223,8.812092268322024,wandb
40100,1779774612.9959238,0.3382500112056732,1.619298127532408e-05,2.6968612670898438,4.8157806396484375,2018299084800.0,3385.274703283411,37.87475410105724,12.701601837848116,wandb
40150,1779775011.9441745,0.32417070865631104,1.617763538707984e-05,2.6957244873046875,4.072976112365723,2020815667200.0,2132.3644050026164,23.857082385364098,8.000663467361651,wandb
40200,1779775286.8142998,0.3274749517440796,1.6162289498835598e-05,2.6959288120269775,3.6457343101501465,2023332249600.0,3826.2241766878196,42.80813597992939,14.356050924759545,wandb
40250,1779775667.8829687,0.3307042121887207,1.6146943610591354e-05,2.6924166679382324,3.520535469055176,2025848832000.0,1830.1686741637245,20.476089704087414,6.866820519109844,wandb
40300,1779775972.9601634,0.3282994329929352,1.6131597722347114e-05,2.690424919128418,3.9551868438720703,2028365414400.0,3201.51374763021,35.818820205356026,12.01212795562946,wandb
40350,1779776379.9292586,0.30553266406059265,1.611625183410287e-05,2.692091941833496,3.4736952781677246,2030881996800.0,2384.8101522534357,26.681467830866882,8.947843725474225,wandb
40400,1779776681.4280057,0.35874220728874207,1.6100905945858626e-05,2.691727876663208,4.469792366027832,2033398579200.0,3401.7595289932747,38.05918779547923,12.76345315299543,wandb
40450,1779777238.592383,0.32595810294151306,1.6085560057614386e-05,2.690079927444458,3.514072895050049,2035915161600.0,2405.428220262358,26.912144607294927,9.025203028180442,wandb
40500,1779777468.4901047,0.31261053681373596,1.6070214169370146e-05,2.693117380142212,4.217024326324463,2038431744000.0,3417.841005619467,38.23910878452281,12.823791096286248,wandb
40550,1779777839.3649518,0.3496900796890259,1.6054868281125902e-05,2.6989071369171143,4.185871124267578,2040948326400.0,2285.9610626831695,25.57553543579242,8.576960447807704,wandb
40600,1779778072.2543526,0.317340224981308,1.603952239288166e-05,2.6900627613067627,3.6784396171569824,2043464908800.0,3711.0478659934815,41.5195331845391,13.92390766673299,wandb
40650,1779778472.1818385,0.32301032543182373,1.6024176504637418e-05,2.6945180892944336,4.041202068328857,2045981491200.0,2317.1045792351083,25.923971865516375,8.693811392485692,wandb
40700,1779778700.8455925,0.35927918553352356,1.6008830616393177e-05,2.6966748237609863,3.8011231422424316,2048498073600.0,3530.1295781345243,39.495403308639744,13.245099517030734,wandb
40750,1779779171.7124188,0.28461459279060364,1.5993484728148934e-05,2.693157196044922,3.601306915283203,2051014656000.0,2411.4463143652606,26.979475578717537,9.047783008187274,wandb
40800,1779779426.1747022,0.33043038845062256,1.5978138839904693e-05,2.688650608062744,3.835496664047241,2053531238400.0,2492.605967146811,27.887496983611797,9.352295251737086,wandb
40850,1779779908.7901554,0.34628477692604065,1.596279295166045e-05,2.6950535774230957,3.717698574066162,2056047820800.0,1922.4389761041814,21.50841803875271,7.213020086184561,wandb
40900,1779780159.246551,0.35793018341064453,1.594744706341621e-05,2.695138931274414,3.9409542083740234,2058564403200.0,3693.83340504146,41.32693626621289,13.859318749132392,wandb
40950,1779780538.3325677,0.330778032541275,1.593210117517197e-05,2.6919121742248535,3.5209386348724365,2061080985600.0,2207.3825297081075,24.696391828579188,8.282132604772274,wandb
41000,1779780763.0214088,0.3169149160385132,1.5916755286927725e-05,2.697165012359619,4.221982002258301,2063597568000.0,3859.334650289759,43.17857889985748,14.480281922009638,wandb
41050,1779781146.0774152,0.3458837568759918,1.590140939868348e-05,2.6947193145751953,3.565253257751465,2066114150400.0,2352.999060348717,26.325562508793976,8.828488027985617,wandb
41100,1779781384.639132,0.31948843598365784,1.588606351043924e-05,2.691452741622925,3.854372978210449,2068630732800.0,3851.515694608255,43.09109972911934,14.450945082149076,wandb
41150,1779781767.5726092,0.3555259108543396,1.5870717622194997e-05,2.695970058441162,3.613511323928833,2071147315200.0,2381.818850423758,26.648000880273123,8.936620315811032,wandb
41200,1779782006.863893,0.3265160024166107,1.5855371733950757e-05,2.69492506980896,3.7142908573150635,2073663897600.0,4029.26231100373,45.07974466293934,15.117853072596738,wandb
41250,1779782399.5583642,0.3639504313468933,1.5840025845706517e-05,2.7003612518310547,3.6851234436035156,2076180480000.0,2414.1869266690396,27.010137792626285,9.058065826961403,wandb
41300,1779782625.734928,0.33614084124565125,1.5824679957462273e-05,2.6961159706115723,3.440445899963379,2078697062400.0,3723.3678631181883,41.6573704067803,13.970132482098693,wandb
41350,1779783007.2514043,0.34692108631134033,1.5809334069218032e-05,2.691253423690796,4.411325454711914,2081213644800.0,2383.3414583463987,26.665035952967937,8.942333163743218,wandb
41400,1779783403.5980444,0.3476041555404663,1.5793988180973792e-05,2.685598373413086,4.301488876342773,2083730227200.0,2773.669200789326,31.032057409013426,10.406848751198376,wandb
41450,1779783847.3328204,0.324698269367218,1.577864229272955e-05,2.693174123764038,3.9450364112854004,2086246809600.0,3021.0905073649324,33.80022896591081,11.335177231978806,wandb
41500,1779784097.0667093,0.3544037640094757,1.5763296404485305e-05,2.699449062347412,4.406315803527832,2088763392000.0,3847.879406637669,43.050416616285695,14.437301674739524,wandb
41550,1779784545.3909984,0.358977347612381,1.574795051624106e-05,2.691316604614258,3.499396324157715,2091279974400.0,2336.44660433065,26.14037216047607,8.766382962900039,wandb
41600,1779784781.1831079,0.28701475262641907,1.573260462799682e-05,2.6929712295532227,3.775068759918213,2093796556800.0,4011.0236570592156,44.87568898243201,15.049421367412863,wandb
41650,1779785150.9113533,0.34097880125045776,1.571725873975258e-05,2.6926019191741943,3.9941349029541016,2096313139200.0,2300.0616654355076,25.733294231970323,8.629866122393036,wandb
41700,1779785434.601784,0.31180906295776367,1.570191285150834e-05,2.6895129680633545,3.940091371536255,2098829721600.0,3899.9274512214806,43.632734762621276,14.63258672445822,wandb
41750,1779785832.8384576,0.33747926354408264,1.5686566963264096e-05,2.6875572204589844,4.605703353881836,2101346304000.0,2169.9872229728308,24.278009814925024,8.141824848862539,wandb
41800,1779786179.5388534,0.3272811770439148,1.5671221075019856e-05,2.693610429763794,3.6030120849609375,2103862886400.0,1962.6959899218327,21.958817085455642,7.364065010307444,wandb
41850,1779786639.1526382,0.3201315999031067,1.5655875186775612e-05,2.690014600753784,4.148468494415283,2106379468800.0,2093.544482666692,23.422761645818436,7.855010532192502,wandb
41900,1779787010.2321696,0.3114831745624542,1.564052929853137e-05,2.6967949867248535,4.5235700607299805,2108896051200.0,2106.0317517804724,23.5624703219325,7.90186295458867,wandb
41950,1779787478.0134017,0.2855447828769684,1.5625183410287128e-05,2.6911401748657227,3.3697428703308105,2111412633600.0,2235.2512582964796,25.008189639660788,8.386696495529272,wandb
42000,1779787834.0284643,0.2897365391254425,1.5609837522042884e-05,2.6977524757385254,3.665693521499634,2113929216000.0,2871.6563326394985,32.12834614454605,10.774497950475018,wandb
42050,1779788291.5873704,0.3643116354942322,1.5594491633798644e-05,2.68953275680542,3.3811426162719727,2116445798400.0,2436.1206980957268,27.255534775768844,9.14036166877121,wandb
42100,1779788625.2624445,0.3153862953186035,1.5579145745554403e-05,2.691352128982544,4.21852970123291,2118962380800.0,3403.009316987441,38.073170534579134,12.768142376433701,wandb
42150,1779789099.2421045,0.34405991435050964,1.5563799857310163e-05,2.6954545974731445,3.856046676635742,2121478963200.0,1598.0582894193765,17.879218100737948,5.995938848386643,wandb
42200,1779789437.632644,0.3251514136791229,1.554845396906592e-05,2.689457416534424,3.723147392272949,2123995545600.0,3466.8428252523527,38.78734549550517,13.007646663960946,wandb
42250,1779789920.8763428,0.334638774394989,1.5533108080821675e-05,2.6919918060302734,4.607303619384766,2126512128000.0,1670.905363858535,18.694237640714576,6.269262172393655,wandb
42300,1779790289.886708,0.33272552490234375,1.5517762192577435e-05,2.691488027572632,3.770639419555664,2129028710400.0,969.6794021783764,10.84885929013233,3.638251768722477,wandb
42350,1779790798.966006,0.3534548878669739,1.550241630433319e-05,2.696239471435547,3.637111186981201,2131545292800.0,1331.1080835107327,14.892555483311352,4.9943376422291355,wandb
42400,1779791200.260947,0.3066297769546509,1.548707041608895e-05,2.691667318344116,4.408249855041504,2134061875200.0,3760.054698153822,42.067825976123906,14.107782041486436,wandb
42450,1779791665.3290815,0.34385308623313904,1.5471724527844707e-05,2.689903736114502,4.223596572875977,2136578457600.0,2410.585489422329,26.96984459278721,9.044553179994423,wandb
42500,1779792004.7578623,0.36079317331314087,1.5456378639600467e-05,2.6911025047302246,4.261748313903809,2139095040000.0,1899.9586781984735,21.256906468813824,7.128673668767513,wandb
42550,1779802118.9774427,0.35671791434288025,1.5441032751356226e-05,2.6924893856048584,3.8561196327209473,2141611622400.0,2993.8393311832087,33.495340386013204,11.2329304071827,wandb
42600,1779802548.9055884,0.2848209738731384,1.5425686863111986e-05,2.6859207153320312,3.8148117065429688,2144128204800.0,2794.8645941331783,31.269193352573627,10.486374187284575,wandb
42650,1779802956.2633176,0.3745156526565552,1.5410340974867742e-05,2.6907548904418945,3.641885757446289,2146644787200.0,2473.398807178813,27.672605571679398,9.280229697319081,wandb
42700,1779803226.3219752,0.3355780839920044,1.53949950866235e-05,2.692397117614746,3.888803482055664,2149161369600.0,2895.8793009836254,32.399354866154866,10.865382893708572,wandb
42750,1779803936.9863176,0.33070874214172363,1.5379649198379255e-05,2.6912362575531006,3.81799578666687,2151677952000.0,1184.4631720276482,13.251879186877826,4.444123718556105,wandb
42800,1779804457.6731334,0.3054783046245575,1.5364303310135014e-05,2.6899054050445557,3.5661213397979736,2154194534400.0,607.8006341494141,6.800127487009578,2.2804771631293925,wandb
42850,1779804987.0450919,0.3246365189552307,1.5348957421890774e-05,2.6953530311584473,4.522620677947998,2156711116800.0,2343.3395620342008,26.217491183578613,8.792245444355595,wandb
42900,1779805253.8203893,0.31320619583129883,1.5333611533646534e-05,2.687264919281006,3.8156626224517822,2159227699200.0,3264.3301569535356,36.52161577297266,12.24781607255962,wandb
42950,1779805946.3838527,0.3774871528148651,1.531826564540229e-05,2.6902289390563965,3.594413995742798,2161744281600.0,1082.3791166233707,12.109753706683959,4.061102800200397,wandb
43000,1779806446.0836713,0.31421366333961487,1.530291975715805e-05,2.6919918060302734,3.349705696105957,2164260864000.0,1145.7900129854415,12.819200448099553,4.299021441482561,wandb
43050,1779806883.216347,0.3297353684902191,1.5287573868913806e-05,2.6922190189361572,3.717562437057495,2166777446400.0,2351.6186618258953,26.310118487497082,8.82330875187032,wandb
43100,1779807161.3332148,0.31549638509750366,1.5272227980669565e-05,2.693429946899414,3.6346206665039062,2169294028800.0,3400.5306295165396,38.04543875896793,12.758842303590184,wandb
43150,1779807550.8846464,0.3240296244621277,1.5256882092425323e-05,2.6917147636413574,3.8626022338867188,2171810611200.0,2327.5569223031016,26.040913608263622,8.733028741610559,wandb
43200,1779807795.5191185,0.31531015038490295,1.524153620418108e-05,2.6937808990478516,3.5278801918029785,2174327193600.0,3497.6256174011205,39.13174610856258,13.123144165227728,wandb
43250,1779808229.111811,0.36390674114227295,1.5226190315936838e-05,2.6924386024475098,3.529428720474243,2176843776000.0,2097.202460905549,23.46368743130029,7.8687353218163425,wandb
43300,1779808507.342524,0.31843507289886475,1.5210844427692597e-05,2.6889870166778564,4.335615634918213,2179360358400.0,1708.5412275572207,19.115311027044513,6.410472501664889,wandb
43350,1779808925.639278,0.31626996397972107,1.5195498539448355e-05,2.6918911933898926,4.151900768280029,2181876940800.0,2464.7879289243547,27.57626630084698,9.247921551998928,wandb
43400,1779809164.6104708,0.32271143794059753,1.5180152651204115e-05,2.6941962242126465,3.6204328536987305,2184393523200.0,3087.913414139698,34.54784958291935,11.585897787884504,wandb
43450,1779809567.3975317,0.32353055477142334,1.5164806762959873e-05,2.6860735416412354,3.728677272796631,2186910105600.0,2325.084355895446,26.013250315651753,8.723751635088828,wandb
43500,1779809842.7139192,0.32136255502700806,1.5149460874715629e-05,2.691498041152954,3.5879716873168945,2189426688000.0,3532.957541597852,39.5270428150811,13.255710078675358,wandb
43550,1779810250.7848241,0.33611345291137695,1.5134114986471387e-05,2.6908962726593018,3.758527994155884,2191943270400.0,2440.931764260353,27.309361411395308,9.158412861715567,wandb
43600,1779810490.7703202,0.3474017083644867,1.5118769098227143e-05,2.6938533782958984,3.904895067214966,2194459852800.0,3695.681456367074,41.34761242860996,13.866252665629949,wandb
43650,1779810973.182876,0.3490169942378998,1.5103423209982903e-05,2.6872105598449707,3.814657688140869,2196976435200.0,2367.841307571301,26.49161888918675,8.884176363829477,wandb
43700,1779811211.3616178,0.2820870578289032,1.508807732173866e-05,2.6910789012908936,4.205700874328613,2199493017600.0,3342.0910486154485,37.391611536541674,12.539576113033645,wandb
43750,1779811586.070005,0.3396894931793213,1.507273143349442e-05,2.691530227661133,3.6550726890563965,2202009600000.0,2358.1969849717248,26.383717351218227,8.84799071971121,wandb
43800,1779811838.1664178,0.33761635422706604,1.5057385545250178e-05,2.685713291168213,4.1822028160095215,2204526182400.0,3374.5490345632243,37.75475436663319,12.661358966746299,wandb
43850,1779812226.6353052,0.3434317409992218,1.5042039657005938e-05,2.6863884925842285,3.7048094272613525,2207042764800.0,2331.45571649476,26.08453366401758,8.747657076328013,wandb
43900,1779812480.8982995,0.33913856744766235,1.5026693768761693e-05,2.692749500274658,4.354360580444336,2209559347200.0,2890.02906250461,32.33390187836326,10.843432710538845,wandb
43950,1779812876.7491648,0.3351457417011261,1.5011347880517452e-05,2.6875319480895996,3.4623756408691406,2212075929600.0,2464.234423962951,27.57007363816985,9.245844793020343,wandb
44000,1779813109.2832396,0.3540442883968353,1.4996001992273208e-05,2.6868155002593994,3.6045031547546387,2214592512000.0,3603.3617848796894,40.31473174306804,13.51986786326919,wandb
44050,1779813515.2051969,0.31083470582962036,1.4980656104028966e-05,2.6890017986297607,4.164608955383301,2217109094400.0,2179.9677083714814,24.389672372151605,8.179271780882315,wandb
44100,1779813812.577017,0.3251543343067169,1.4965310215784726e-05,2.687875747680664,3.934847116470337,2219625676800.0,2730.517296902303,30.549270075055485,10.24494215579374,wandb
44150,1779814258.8053503,0.33023059368133545,1.4949964327540484e-05,2.687100410461426,3.5793793201446533,2222142259200.0,1826.8919362304825,20.439429269011118,6.85452614887317,wandb
44200,1779814566.5578253,0.2782689332962036,1.4934618439296244e-05,2.6882214546203613,3.461088180541992,2224658841600.0,3535.349686394953,39.55380634357008,13.264685442099125,wandb
44250,1779814993.1280663,0.3472403585910797,1.4919272551052002e-05,2.6848998069763184,3.6799163818359375,2227175424000.0,2371.1182142626863,26.528281212344144,8.896471367249255,wandb
44300,1779815316.463016,0.2940157651901245,1.4903926662807758e-05,2.6840128898620605,3.729990005493164,2229692006400.0,3375.2965330596935,37.76311744621348,12.664163592399673,wandb
44350,1779815702.6518104,0.32100164890289307,1.4888580774563517e-05,2.685704231262207,3.7970118522644043,2232208588800.0,2273.940032333604,25.441043080389314,8.531857360299687,wandb
44400,1779816031.427184,0.32080164551734924,1.4873234886319272e-05,2.6840579509735107,3.6045563220977783,2234725171200.0,1923.6616297977594,21.52209719688723,7.217607501317028,wandb
44450,1779816553.8555768,0.3107560873031616,1.4857888998075032e-05,2.6872053146362305,3.573390007019043,2237241753600.0,2210.258306378416,24.72856627342759,8.29292256229194,wandb
44500,1779816922.1540885,0.31344282627105713,1.484254310983079e-05,2.68571138381958,3.4902524948120117,2239758336000.0,3137.867752935587,35.10674316291158,11.773327221851249,wandb
44550,1779817394.2533839,0.34818267822265625,1.482719722158655e-05,2.692579746246338,3.6275720596313477,2242274918400.0,1711.5557373975385,19.149037630922926,6.421782988134673,wandb
44600,1779817715.130645,0.31773003935813904,1.4811851333342307e-05,2.6880650520324707,3.5898170471191406,2244791500800.0,3225.633898386324,36.088678594656656,12.102627125719227,wandb
44650,1779818166.7362876,0.3298579156398773,1.4796505445098067e-05,2.6837522983551025,3.4771335124969482,2247308083200.0,2198.613420184334,24.598282252249668,8.249230773338795,wandb
44700,1779818456.855284,0.2931729555130005,1.4781159556853823e-05,2.684053421020508,4.4715681076049805,2249824665600.0,2976.6259960401503,33.30275606333768,11.168345713634341,wandb
44750,1779818858.5796757,0.33513352274894714,1.4765813668609581e-05,2.6837306022644043,3.2991349697113037,2252341248000.0,2332.639920001867,26.09778263805026,8.752100225779861,wandb
44800,1779819138.3555574,0.3097153902053833,1.4750467780365337e-05,2.6879935264587402,3.7580127716064453,2254857830400.0,2372.3627562597308,26.54220525876223,8.901140907627058,wandb
44850,1779819580.958995,0.335719496011734,1.4735121892121097e-05,2.688197612762451,3.875392198562622,2257374412800.0,1586.724029882032,17.752409398189194,5.95341253534311,wandb
44900,1779819874.1341777,0.2666740417480469,1.4719776003876855e-05,2.686016082763672,3.7287468910217285,2259890995200.0,2019.4764834938876,22.5940822914646,7.577106280136811,wandb
44950,1779820393.7039697,0.3300125300884247,1.4704430115632613e-05,2.6913838386535645,4.131790637969971,2262407577600.0,2285.1335127204266,25.566276733296338,8.573855467843304,wandb
45000,1779820656.1438427,0.33937421441078186,1.4689084227388372e-05,2.687438488006592,3.4210660457611084,2264924160000.0,3295.5034624890254,36.8703854844908,12.364778785953998,wandb
45050,1779821050.0973108,0.35682809352874756,1.467373833914413e-05,2.6861469745635986,3.646723508834839,2267440742400.0,2227.310306404308,24.919345564480537,8.356901924042933,wandb
45100,1779821304.855797,0.33043187856674194,1.4658392450899887e-05,2.6879420280456543,3.333688259124756,2269957324800.0,3180.7068584705876,35.586030881120585,11.934060193112748,wandb
45150,1779821707.667873,0.31692832708358765,1.4643046562655646e-05,2.693655252456665,4.309595108032227,2272473907200.0,2312.640812771897,25.874030849800665,8.677063273268702,wandb
45200,1779821952.9818585,0.35044267773628235,1.4627700674411402e-05,2.6857919692993164,3.635657787322998,2274990489600.0,3928.7382512762124,43.955072552954604,14.740685281591595,wandb
45250,1779822328.382417,0.2961657643318176,1.461235478616716e-05,2.685455799102783,3.5698647499084473,2277507072000.0,2342.8911304352137,26.21247409101407,8.790562922220442,wandb
45300,1779822571.7379768,0.3507107198238373,1.459700889792292e-05,2.6849608421325684,3.6672635078430176,2280023654400.0,3607.0978439735163,40.356531104091374,13.53388561344067,wandb
45350,1779822960.9745188,0.3559783101081848,1.4581663009678678e-05,2.686460018157959,3.7778170108795166,2282540236800.0,2422.3623396696494,27.101605039515395,9.088740100069284,wandb
45400,1779823206.255259,0.3095438480377197,1.4566317121434436e-05,2.6849265098571777,3.4738175868988037,2285056819200.0,3517.7241635542064,39.35661042831736,13.19855421408093,wandb
45450,1779823802.8377597,0.34992125630378723,1.4550971233190196e-05,2.683932065963745,3.5905919075012207,2287573401600.0,2181.8066545039073,24.41024666483845,8.186171534557452,wandb
45500,1779824105.126194,0.3183797299861908,1.4535625344945952e-05,2.6873884201049805,3.819063186645508,2290089984000.0,3095.019522031669,34.627353349264496,11.612560012067688,wandb
45550,1779824486.9204934,0.36483269929885864,1.452027945670171e-05,2.687828779220581,3.8979156017303467,2292606566400.0,2237.3980206813017,25.032207807923374,8.394751180434469,wandb
45600,1779824768.2353313,0.33261144161224365,1.4504933568457466e-05,2.6851730346679688,3.664517641067505,2295123148800.0,3383.609291447687,37.856121325497305,12.69535318747629,wandb
45650,1779825163.9834619,0.309273898601532,1.4489587680213226e-05,2.6854000091552734,3.726524591445923,2297639731200.0,2336.735387011453,26.143603086762035,8.767466479881886,wandb
45700,1779825417.0141966,0.3295360505580902,1.4474241791968984e-05,2.684415817260742,3.4583096504211426,2300156313600.0,3589.9047473502756,40.164173211773395,13.469376855124471,wandb
45750,1779825985.9931166,0.35412102937698364,1.4458895903724743e-05,2.686689853668213,4.586102485656738,2302672896000.0,1306.6636249071887,14.619068709004756,4.902621664195555,wandb
45800,1779826426.9807777,0.2778022885322571,1.4443550015480501e-05,2.6866307258605957,4.366752624511719,2305189478400.0,3309.552378806395,37.02756600824286,12.417490532254352,wandb
45850,1779826989.7522655,0.3508527874946594,1.4428204127236259e-05,2.686131238937378,3.7740063667297363,2307706060800.0,2366.3418462646837,26.474842782888167,8.878550362350353,wandb
45900,1779827319.4459133,0.3286513090133667,1.4412858238992015e-05,2.6845240592956543,3.670281171798706,2310222643200.0,2271.6295256948506,25.415192926868016,8.523188304479582,wandb
45950,1779827731.3759563,0.34355056285858154,1.4397512350747775e-05,2.6853859424591064,3.532858371734619,2312739225600.0,2407.743717744776,26.93805059881849,9.033890809721388,wandb
46000,1779827964.597316,0.34006449580192566,1.4382166462503531e-05,2.6891093254089355,4.744747161865234,2315255808000.0,3698.5639749736197,41.37986230283988,13.877067918996246,wandb
46050,1779828373.9841032,0.29450535774230957,1.436682057425929e-05,2.6816163063049316,3.5158374309539795,2317772390400.0,2144.5040193081913,23.99290146860109,8.046211483664406,wandb
46100,1779828627.4626899,0.3438718020915985,1.4351474686015049e-05,2.68717885017395,4.805302143096924,2320288972800.0,1973.2935605740954,22.07738364731655,7.403827255522861,wandb
46150,1779829034.2828739,0.32319387793540955,1.4336128797770807e-05,2.6859488487243652,4.06605339050293,2322805555200.0,1462.9451614750021,16.367560422926907,5.488992350794835,wandb
46200,1779829377.0755572,0.335530161857605,1.4320782909526566e-05,2.686171531677246,3.6394264698028564,2325322137600.0,3250.6316945173003,36.36835615837424,12.196419234516604,wandb
46250,1779829790.309014,0.3262379467487335,1.4305437021282324e-05,2.6829164028167725,3.5076355934143066,2327838720000.0,2319.362078044751,25.94922896273679,8.702281562130029,wandb
46300,1779830148.6252036,0.3140904903411865,1.429009113303808e-05,2.6808547973632812,3.944119930267334,2330355302400.0,1467.8238502656948,16.42214362650086,5.507297264853965,wandb
46350,1779830653.7281697,0.31747809052467346,1.4274745244793839e-05,2.682882308959961,3.4630208015441895,2332871884800.0,2351.8896549548804,26.31315038269703,8.824325522184948,wandb
46400,1779830909.5425916,0.3475358188152313,1.4259399356549595e-05,2.6822526454925537,4.46635627746582,2335388467200.0,3686.9311681570844,41.24971342681099,13.833421452050175,wandb
46450,1779831313.7113442,0.324493408203125,1.4244053468305354e-05,2.6806230545043945,3.5018470287323,2337905049600.0,2458.0028530268064,27.50035426897335,9.222463844709576,wandb
46500,1779831546.0098467,0.2862207591533661,1.4228707580061112e-05,2.6835711002349854,4.2066144943237305,2340421632000.0,3598.155015443679,40.256477944090214,13.500331985671567,wandb
46550,1779831926.0364623,0.3405635356903076,1.4213361691816872e-05,2.689113140106201,4.177131652832031,2342938214400.0,2314.322300400596,25.89284348276046,8.683372240258674,wandb
46600,1779832162.8372009,0.31162941455841064,1.419801580357263e-05,2.6805686950683594,3.66841721534729,2345454796800.0,3703.929020862449,41.43988691283186,13.897197652236388,wandb
46650,1779832595.2339947,0.30881667137145996,1.418266991532839e-05,2.6849522590637207,4.0300140380859375,2347971379200.0,2321.206528335714,25.969864836438298,8.709201967491165,wandb
46700,1779832902.9239273,0.31886035203933716,1.4167324027084146e-05,2.686828136444092,3.7846317291259766,2350487961600.0,1183.0247649399564,13.235786160604153,4.438726793428913,wandb
46750,1779833356.1452165,0.3248002231121063,1.4151978138839904e-05,2.6846301555633545,3.5899250507354736,2353004544000.0,2394.178719860056,26.78628419747835,8.98299473269229,wandb
46800,1779833592.9154882,0.33735018968582153,1.413663225059566e-05,2.679377794265747,3.823690891265869,2355521126400.0,3780.9337219941467,42.301422349574906,14.186120454415091,wandb
46850,1779833986.19973,0.36165693402290344,1.4121286362351418e-05,2.685655355453491,3.708524703979492,2358037708800.0,2301.616748572754,25.750692640250985,8.635700817821121,wandb
46900,1779834223.2879684,0.324777752161026,1.4105940474107178e-05,2.685950756072998,3.929342269897461,2360554291200.0,3880.7964941655136,43.41869591563794,14.560807084517572,wandb
46950,1779834597.919271,0.2998553514480591,1.4090594585862936e-05,2.682730197906494,3.511308193206787,2363070873600.0,2216.3167622205287,24.7963488155739,8.31565398015415,wandb
47000,1779834827.6692834,0.3267904222011566,1.4075248697618695e-05,2.688359260559082,4.2019572257995605,2365587456000.0,3315.839336164571,37.09790504564913,12.441079291257461,wandb
47050,1779835196.3032303,0.3295767903327942,1.4059902809374453e-05,2.6854166984558105,3.556767225265503,2368104038400.0,2383.7766942861695,26.669905411324972,8.943966175565604,wandb
47100,1779835438.0078993,0.29668518900871277,1.404455692113021e-05,2.682060480117798,3.8452296257019043,2370620620800.0,3818.796597607171,42.725035565368394,14.328182535819046,wandb
47150,1779835823.2231295,0.293300062417984,1.4029211032885969e-05,2.6863958835601807,3.6019515991210938,2373137203200.0,2364.8351991948575,26.45798628163248,8.872897399779093,wandb
47200,1779836086.1675768,0.3441520929336548,1.4013865144641725e-05,2.685779094696045,3.6970062255859375,2375653785600.0,1486.2062124959002,16.6278071280744,5.576268165697169,wandb
47250,1779836471.9053137,0.3628506660461426,1.3998519256397483e-05,2.691208839416504,3.6731128692626953,2378170368000.0,2405.1419102595746,26.908941345550293,9.024128788723887,wandb
47300,1779836902.9835224,0.33671775460243225,1.3983173368153241e-05,2.686722755432129,3.4292006492614746,2380686950400.0,3116.7958900435533,34.870989289019775,11.694265273886806,wandb
47350,1779837284.9781847,0.33768555521965027,1.3967827479909e-05,2.681807279586792,4.401301860809326,2383203532800.0,2396.8578971894567,26.816259071436363,8.993047046514278,wandb
47400,1779837528.9776633,0.33067530393600464,1.3952481591664759e-05,2.676483631134033,4.275008201599121,2385720115200.0,3596.1399663965817,40.23393339635045,13.492771491199687,wandb
47450,1779837922.666156,0.30539199709892273,1.3937135703420518e-05,2.683818817138672,3.9365854263305664,2388236697600.0,2863.235570184616,32.03413390616765,10.742903122507503,wandb
47500,1779838156.2717614,0.3300766348838806,1.3921789815176276e-05,2.689925193786621,4.397494316101074,2390753280000.0,2991.5334474520173,33.469541953992376,11.22427869658162,wandb
47550,1779838629.9913008,0.33651202917099,1.3906443926932033e-05,2.6822690963745117,3.479468822479248,2393269862400.0,947.6282434286551,10.602148967191914,3.5555154879029374,wandb
47600,1779838860.0604382,0.2875883877277374,1.3891098038687792e-05,2.683966636657715,3.767214059829712,2395786444800.0,3629.728532726774,40.60972526019217,13.618796299590116,wandb
47650,1779839240.8169842,0.3266911506652832,1.3875752150443548e-05,2.6834356784820557,3.9844729900360107,2398303027200.0,2318.881757782389,25.94385509697367,8.700479393248061,wandb
47700,1779839461.0361695,0.29709044098854065,1.3860406262199306e-05,2.6801393032073975,3.9161949157714844,2400819609600.0,3502.449863950801,39.18572020750788,13.141244811175964,wandb
47750,1779839857.056312,0.3459416329860687,1.3845060373955066e-05,2.678159713745117,4.599261283874512,2403336192000.0,2305.4105050456355,25.793137524676556,8.649935049430614,wandb
47800,1779840118.0668619,0.33819541335105896,1.3829714485710824e-05,2.684419631958008,3.5741593837738037,2405852774400.0,3855.2977649058007,43.13341386757715,14.465135467052132,wandb
47850,1779840491.6998124,0.33584165573120117,1.3814368597466582e-05,2.680670738220215,4.12493896484375,2408369356800.0,2280.2944758867566,25.512137159339915,8.55569932852606,wandb
47900,1779840762.5974598,0.3604882061481476,1.3799022709222342e-05,2.6881659030914307,4.516684532165527,2410885939200.0,777.0109329485995,8.693267341264127,2.9153567609729563,wandb
47950,1779841168.005881,0.35187163949012756,1.3783676820978098e-05,2.6822943687438965,3.360805034637451,2413402521600.0,2480.2012267903406,27.748711646565706,9.305752478485346,wandb
48000,1779841393.9992044,0.3201533555984497,1.3768330932733856e-05,2.688955068588257,3.6519713401794434,2415919104000.0,3784.9292507189502,42.34612467987881,14.201111738562552,wandb
48050,1779841819.479843,0.2891222834587097,1.3752985044489612e-05,2.6798648834228516,3.372115135192871,2418435686400.0,2468.1189754791108,27.61353434560512,9.26041968900412,wandb
48100,1779842091.7730536,0.27765989303588867,1.3737639156245372e-05,2.6815881729125977,4.208543300628662,2420952268800.0,3138.1815121837603,35.110253529252,11.774504451291262,wandb
48150,1779842491.839678,0.3291594088077545,1.372229326800113e-05,2.6861493587493896,3.847304344177246,2423468851200.0,2121.0172193306994,23.73012906407349,7.958088655265889,wandb
48200,1779842789.2275274,0.2919827699661255,1.370694737975689e-05,2.6798551082611084,3.7160606384277344,2425985433600.0,3170.3598119878534,35.47026720592292,11.895237918366794,wandb
48250,1779843187.1686912,0.3285827934741974,1.3691601491512647e-05,2.682854175567627,4.593603610992432,2428502016000.0,2398.216538986509,26.83145967655265,8.998144691065747,wandb
48300,1779843412.3212674,0.30674806237220764,1.3676255603268405e-05,2.6821444034576416,3.7564549446105957,2431018598400.0,3736.2106655457583,41.801056821191786,14.018318870860268,wandb
48350,1779893647.710566,0.2920739948749542,1.3660909715024161e-05,2.6840274333953857,3.8453755378723145,2433535180800.0,2717.618906787197,30.404961740657885,10.196547201188604,wandb
48400,1779893937.3673136,0.3480932116508484,1.3645563826779921e-05,2.6783692836761475,3.8088490962982178,2436051763200.0,2637.2530036000376,29.505820876736035,9.895013118110416,wandb
48450,1779894493.590424,0.2940651476383209,1.3630217938535677e-05,2.6818795204162598,3.6306817531585693,2438568345600.0,2427.1683454619224,27.155375059246452,9.10677230642011,wandb
48500,1779894817.0492227,0.31443658471107483,1.3614872050291435e-05,2.6840462684631348,3.8823976516723633,2441084928000.0,2928.9738617362714,32.76961975171149,10.989554185707675,wandb
48550,1779895225.5843582,0.3265616297721863,1.3599526162047195e-05,2.6827988624572754,3.8039846420288086,2443601510400.0,2958.1665122902787,33.09622971935126,11.099085451684052,wandb
48600,1779895488.0270398,0.31266769766807556,1.3584180273802953e-05,2.6815147399902344,3.5567643642425537,2446118092800.0,3396.7889937114473,38.00357700520356,12.744803629513772,wandb
48650,1779896051.1437743,0.35857346653938293,1.3568834385558712e-05,2.6873092651367188,4.519570350646973,2448634675200.0,2346.2291308461186,26.24981993613253,8.803087150198976,wandb
48700,1779896421.605751,0.3473285138607025,1.355348849731447e-05,2.679203748703003,3.803629159927368,2451151257600.0,3432.5799996168353,38.40400995865968,12.879092024468953,wandb
48750,1779896931.1755226,0.3199482858181,1.3538142609070227e-05,2.6815226078033447,3.5844016075134277,2453667840000.0,2329.7800464568013,26.06578611877978,8.7413699370264,wandb
48800,1779897174.7842188,0.3556590974330902,1.3522796720825984e-05,2.684248924255371,3.3429431915283203,2456184422400.0,3838.566699958974,42.9462252266981,14.402360258567086,wandb
48850,1779897580.280285,0.3138040602207184,1.350745083258174e-05,2.6835925579071045,3.710378408432007,2458701004800.0,2393.0731213045347,26.773914662626645,8.978846510206502,wandb
48900,1779897840.3701317,0.30646002292633057,1.34921049443375e-05,2.6847636699676514,3.6208086013793945,2461217587200.0,2970.172048451461,33.23054872439835,11.14413040476314,wandb
48950,1779898223.739671,0.29930293560028076,1.3476759056093258e-05,2.6832170486450195,3.859032154083252,2463734169600.0,2312.0576065262385,25.86750588651686,8.67487507462281,wandb
49000,1779898480.837169,0.33707332611083984,1.3461413167849018e-05,2.6855218410491943,3.5200510025024414,2466250752000.0,3610.533198654532,40.39496615743201,13.546775116111673,wandb
49050,1779898870.168137,0.3298277258872986,1.3446067279604776e-05,2.684044361114502,3.5235438346862793,2468767334400.0,2481.790926231509,27.76649734512968,9.311717054808792,wandb
49100,1779899109.1427267,0.310425341129303,1.3430721391360536e-05,2.6802706718444824,4.331155776977539,2471283916800.0,3580.9777113049918,40.0642967394923,13.435882480996034,wandb
49150,1779899478.1605833,0.29992860555648804,1.3415375503116292e-05,2.6833510398864746,4.1410112380981445,2473800499200.0,2445.2703344453157,27.357901720028543,9.174691242604867,wandb
49200,1779899733.0877647,0.33406028151512146,1.340002961487205e-05,2.686021566390991,3.6020686626434326,2476317081600.0,3364.220178427042,37.63919420664863,12.622604942455462,wandb
49250,1779900129.4028726,0.29619961977005005,1.3384683726627806e-05,2.6774730682373047,3.717245101928711,2478833664000.0,2330.5208085427653,26.074073830800923,8.74414928756577,wandb
49300,1779900410.9263237,0.32635584473609924,1.3369337838383564e-05,2.6830978393554688,3.5793933868408203,2481350246400.0,2936.5174470834786,32.85401805468781,11.017857831913144,wandb
49350,1779900979.8859441,0.32848063111305237,1.3353991950139324e-05,2.682751178741455,3.75346040725708,2483866828800.0,2423.3591513475585,27.11275745711662,9.092480152546512,wandb
49400,1779901467.8966224,0.31195828318595886,1.3338646061895082e-05,2.6851718425750732,3.897434949874878,2486383411200.0,3315.3307822915785,37.092215299742236,12.439171189441801,wandb
49450,1779901945.0156107,0.3312591314315796,1.3323300173650841e-05,2.6787848472595215,3.806530237197876,2488899993600.0,2150.2245696999503,24.05690349455202,8.067675075171174,wandb
49500,1779902305.2827952,0.32055506110191345,1.3307954285406599e-05,2.6829333305358887,4.191647529602051,2491416576000.0,3559.8958009477033,39.8284304536667,13.356782834790138,wandb
49550,1779902704.9929757,0.32810917496681213,1.3292608397162355e-05,2.6830954551696777,3.650388717651367,2493933158400.0,2345.699963400001,26.24389956373836,8.80110170594548,wandb
49600,1779902945.488636,0.29364868998527527,1.3277262508918115e-05,2.6768133640289307,4.17329216003418,2496449740800.0,3337.6979805501082,37.34246150078162,12.523093255273713,wandb
49650,1779903345.9624872,0.3056038022041321,1.3261916620673871e-05,2.677908420562744,3.6998438835144043,2498966323200.0,2315.447344353186,25.905430574441937,8.687593422168083,wandb
49700,1779903584.2792437,0.32026124000549316,1.324657073242963e-05,2.684602975845337,4.348923683166504,2501482905600.0,3400.779162207743,38.04821936479477,12.75977480200288,wandb
49750,1779903982.2155046,0.3287641406059265,1.3231224844185387e-05,2.679295539855957,3.452941417694092,2503999488000.0,2445.343382150653,27.358718984244828,9.174965318699034,wandb
49800,1779904224.49739,0.3341420888900757,1.3215878955941147e-05,2.6782913208007812,3.592806100845337,2506516070400.0,3362.484283154116,37.619772856132094,12.616091837162257,wandb
49850,1779904639.7709236,0.3036853075027466,1.3200533067696905e-05,2.6806094646453857,4.158496856689453,2509032652800.0,2261.1744730463565,25.298220869093427,8.483960788967737,wandb
49900,1779905083.7435868,0.3524002432823181,1.3185187179452664e-05,2.679821252822876,3.926032304763794,2511549235200.0,695.2242301026714,7.778230444547496,2.608491816106942,wandb
49950,1779907675.0115998,0.31828683614730835,1.316984129120842e-05,2.678900718688965,3.570024013519287,2514065817600.0,2222.204493845111,24.8622212800087,8.33774483817256,wandb
50000,1779908054.156031,0.3088577687740326,1.3154495402964179e-05,2.6806209087371826,3.447747230529785,2516582400000.0,2553.7357504450524,28.57142242943343,9.581655122336395,wandb
50050,1779908618.5632408,0.3258724510669708,1.3139149514719935e-05,2.676657199859619,3.6659741401672363,2519098982400.0,2341.3570344441187,26.195310488788884,8.784806970881831,wandb
50100,1779908926.914933,0.2936989665031433,1.3123803626475694e-05,2.6759519577026367,3.7205448150634766,2521615564800.0,1388.4211384109024,15.533779032767741,5.209377090208533,wandb
50150,1779909378.6237195,0.3119722008705139,1.3108457738231452e-05,2.677523612976074,3.786924362182617,2524132147200.0,1499.402378656038,16.775447007315854,5.6257803805226265,wandb
50200,1779909631.04018,0.308065801858902,1.309311184998721e-05,2.6758217811584473,3.594454050064087,2526648729600.0,3168.407343740104,35.448422817725444,11.887912227999657,wandb
50250,1779910050.40978,0.3042997121810913,1.307776596174297e-05,2.67928409576416,3.565830945968628,2529165312000.0,1338.1650962828296,14.97150996909413,5.02081566078073,wandb
50300,1779910313.098494,0.3289320468902588,1.3062420073498728e-05,2.677861452102661,3.476935863494873,2531681894400.0,2776.101277550183,31.059267699860136,10.415973939953524,wandb
50350,1779910696.1179514,0.3334123194217682,1.3047074185254484e-05,2.6845717430114746,3.618516683578491,2534198476800.0,2207.563504435674,24.69841658990755,8.282811624684612,wandb
50400,1779910932.382397,0.3488929271697998,1.3031728297010244e-05,2.6803300380706787,3.5811195373535156,2536715059200.0,3554.5392967333996,39.76850140868809,13.33668515004188,wandb
50450,1779911315.5280743,0.3348737359046936,1.3016382408766e-05,2.675900936126709,3.4663476943969727,2539231641600.0,2283.161309394361,25.544211547289546,8.566455731164131,wandb
50500,1779911593.6989334,0.316603422164917,1.3001036520521758e-05,2.6761202812194824,4.468267440795898,2541748224000.0,2645.2361909842607,29.595137486353227,9.924966157801107,wandb
50550,1779911989.9279087,0.3148624002933502,1.2985690632277518e-05,2.675690174102783,3.2930612564086914,2544264806400.0,2349.553665497081,26.287015125132555,8.81556085444274,wandb
50600,1779912235.6477287,0.32274290919303894,1.2970344744033276e-05,2.6805419921875,3.7526416778564453,2546781388800.0,3632.2606288539178,40.63805457659381,13.628296762518852,wandb
50650,1779912633.0332775,0.3460105359554291,1.2954998855789035e-05,2.680426836013794,3.8681693077087402,2549297971200.0,2362.153458975104,26.42798273382953,8.862835469953778,wandb
50700,1779912879.98514,0.3356292247772217,1.2939652967544793e-05,2.6783204078674316,3.7185208797454834,2551814553600.0,3523.631761537221,39.422705159335074,13.220719610976358,wandb
50750,1779913528.698978,0.32025712728500366,1.292430707930055e-05,2.6830530166625977,4.123309135437012,2554331136000.0,2126.256399277996,23.78874547473068,7.97774613759158,wandb
50800,1779913901.2884667,0.3403809666633606,1.2908961191056307e-05,2.679533004760742,3.4113049507141113,2556847718400.0,2927.5247423038677,32.75340687477358,10.984117067701261,wandb
50850,1779914426.4732904,0.34763622283935547,1.2893615302812064e-05,2.677906036376953,3.6371848583221436,2559364300800.0,2305.214656404556,25.790946352682532,8.649200222370032,wandb
50900,1779914771.8578975,0.31334593892097473,1.2878269414567823e-05,2.6796772480010986,3.322568893432617,2561880883200.0,2914.2228550071213,32.60458417806433,10.934208185573814,wandb
50950,1779915324.4665082,0.34387078881263733,1.2862923526323581e-05,2.685880184173584,4.304216384887695,2564397465600.0,2379.84261534396,26.62589058664743,8.929205451930935,wandb
51000,1779915617.5524807,0.29245486855506897,1.284757763807934e-05,2.677294969558716,3.6286191940307617,2566914048000.0,3451.27262545518,38.61314471704242,12.949227039057945,wandb
51050,1779916057.3413007,0.30169910192489624,1.2832231749835099e-05,2.6775739192962646,3.5609898567199707,2569430630400.0,2309.47602899204,25.83862296773755,8.665188956707143,wandb
51100,1779916315.315555,0.3541666567325592,1.2816885861590858e-05,2.677031993865967,3.648792266845703,2571947212800.0,2826.5733695279096,31.623953948443813,10.605345991681718,wandb
51150,1779916746.1404593,0.3105369210243225,1.2801539973346615e-05,2.6782608032226562,3.774146556854248,2574463795200.0,2320.45234661656,25.96142698436893,8.706372266285296,wandb
51200,1779916999.3688831,0.33082959055900574,1.2786194085102373e-05,2.6771411895751953,3.464536190032959,2576980377600.0,3135.118313167689,35.0759821865501,11.763011282298363,wandb
51250,1779917408.2358918,0.3225558400154114,1.2770848196858129e-05,2.6759655475616455,3.581630229949951,2579496960000.0,2243.4864055608277,25.100325198798917,8.417594892497277,wandb
51300,1779917676.898744,0.3234820067882538,1.2755502308613887e-05,2.6795647144317627,3.8107810020446777,2582013542400.0,3491.925774227868,39.067975756811755,13.10175826751768,wandb
51350,1779918109.2899332,0.3437657356262207,1.2740156420369646e-05,2.6799490451812744,3.8911828994750977,2584530124800.0,2215.708108011684,24.78953913821737,8.313370300365866,wandb
51400,1779918436.7522352,0.32944026589393616,1.2724810532125404e-05,2.6773784160614014,3.6569952964782715,2587046707200.0,3122.621116972464,34.93616244536699,11.716121613342617,wandb
51450,1779918848.8519511,0.320681095123291,1.2709464643881164e-05,2.6776561737060547,3.715372085571289,2589563289600.0,2293.4936459628348,25.659810646659754,8.605222814089515,wandb
51500,1779919138.5743165,0.3361065685749054,1.2694118755636922e-05,2.6766834259033203,3.4529738426208496,2592079872000.0,3345.5875599180235,37.43073081559697,12.552695076272808,wandb
51550,1779919557.5340252,0.32378044724464417,1.2678772867392682e-05,2.678417444229126,4.580547332763672,2594596454400.0,2209.1024979799768,24.71563498639308,8.28858595171686,wandb
51600,1779919812.6359322,0.2889884412288666,1.2663426979148438e-05,2.6792097091674805,4.358620643615723,2597113036800.0,3525.677317881815,39.44559102542925,13.228394569289405,wandb
51650,1779920201.1421735,0.3201228380203247,1.2648081090904196e-05,2.6778922080993652,3.7641477584838867,2599629619200.0,2314.85107038949,25.898759408367898,8.685356193246662,wandb
51700,1779920575.809749,0.31326988339424133,1.2632735202659952e-05,2.6767055988311768,3.6633081436157227,2602146201600.0,3621.7626652888694,40.520602427672955,13.588908244599715,wandb
51750,1779920974.2382476,0.34553056955337524,1.261738931441571e-05,2.678168296813965,3.5253145694732666,2604662784000.0,2367.5639541823043,26.488515834832796,8.883135729723183,wandb
51800,1779921252.7689903,0.30967098474502563,1.260204342617147e-05,2.6811466217041016,4.727158546447754,2607179366400.0,3505.217358816835,39.216683185911165,13.151628493729866,wandb
51850,1779921643.626806,0.2575203478336334,1.2586697537927227e-05,2.6738555431365967,3.508420944213867,2609695948800.0,2272.498685948152,25.424917168991197,8.526449406882886,wandb
51900,1779921887.0956185,0.29333677887916565,1.2571351649682987e-05,2.679180860519409,4.79713249206543,2612212531200.0,3341.712655416667,37.38737803982028,12.538156376034337,wandb
51950,1779922301.9534001,0.3090709447860718,1.2556005761438745e-05,2.678375720977783,4.060705184936523,2614729113600.0,1661.8413529684842,18.592828681702468,6.235253866577976,wandb
52000,1779922584.8656642,0.3478219509124756,1.2540659873194501e-05,2.678781270980835,3.6322152614593506,2617245696000.0,2646.3736023696724,29.607862945971743,9.929233742505332,wandb
52050,1779922982.6859832,0.29565033316612244,1.2525313984950261e-05,2.6749563217163086,3.500218391418457,2619762278400.0,2260.590569048194,25.291688099292625,8.481769972343907,wandb
52100,1779923222.4524508,0.3076469302177429,1.2509968096706017e-05,2.673430919647217,3.936941385269165,2622278860800.0,3295.0728746990403,36.86556803004647,12.36316321405984,wandb
52150,1779923622.6771524,0.3534497916698456,1.2494622208461775e-05,2.6755752563476562,3.4511640071868896,2624795443200.0,2355.6700032602525,26.355445255353434,8.838509446147352,wandb
52200,1779923872.6953533,0.2966528534889221,1.2479276320217533e-05,2.6743180751800537,4.459690570831299,2627312025600.0,3671.77023905926,41.08009160528888,13.776537416995163,wandb
52250,1779924312.8246355,0.3180595338344574,1.2463930431973293e-05,2.6729555130004883,3.4925801753997803,2629828608000.0,2417.065127745232,27.042339361943085,9.06886488088858,wandb
52300,1779924646.1006942,0.3483501672744751,1.244858454372905e-05,2.6766350269317627,4.200292587280273,2632345190400.0,1812.8454934537008,20.28227641945088,6.801823683334478,wandb
52350,1779925069.8246074,0.37943577766418457,1.243323865548481e-05,2.681830883026123,4.168312072753906,2634861772800.0,2348.428075903879,26.274421928775432,8.811337625281512,wandb
52400,1779925370.5385559,0.31514742970466614,1.2417892767240567e-05,2.67299485206604,3.661637783050537,2637378355200.0,2864.5754022916226,32.04912406680081,10.747930192817709,wandb
52450,1779925827.576952,0.3415914475917816,1.2402546878996324e-05,2.6775877475738525,4.022366523742676,2639894937600.0,2342.2854615383553,26.20569781359324,8.78829044336784,wandb
52500,1779926159.463199,0.3086209297180176,1.238720099075208e-05,2.6793665885925293,3.775298595428467,2642411520000.0,3001.867144333645,33.585156272666985,11.263050883422512,wandb
52550,1779926566.1870646,0.2963218092918396,1.237185510250784e-05,2.6765241622924805,3.582796812057495,2644928102400.0,2405.4224917482475,26.912080516170178,9.025181534708942,wandb
52600,1779926868.8823285,0.29765406250953674,1.2356509214263598e-05,2.671473264694214,3.81748628616333,2647444684800.0,3310.356184192852,37.03655905431019,12.42050642220975,wandb
52650,1779927314.3103316,0.3639688193798065,1.2341163326019356e-05,2.6782965660095215,3.703720808029175,2649961267200.0,2292.259299033161,25.646000663561054,8.600591525758531,wandb
52700,1779927618.4603953,0.29087188839912415,1.2325817437775116e-05,2.6780507564544678,3.9177584648132324,2652477849600.0,3540.481214574433,39.61121833668601,13.28393901336536,wandb
52750,1779928052.567939,0.311028391122818,1.2310471549530874e-05,2.6752355098724365,3.5069475173950195,2654994432000.0,2224.324949067234,24.885945121398088,8.34570081820581,wandb
52800,1779928377.9179251,0.30735480785369873,1.229512566128663e-05,2.6806459426879883,4.181105613708496,2657511014400.0,3316.7561876856735,37.10816286191297,12.444519332018164,wandb
52850,1779928827.3888981,0.3143669366836548,1.227977977304239e-05,2.6775290966033936,3.5456666946411133,2660027596800.0,2279.3652270879315,25.501740641231628,8.55221277299202,wandb
52900,1779929128.6648636,0.32429856061935425,1.2264433884798146e-05,2.6748647689819336,3.8394570350646973,2662544179200.0,3404.1080954415443,38.08546376553033,12.772265009795918,wandb
52950,1779929538.3372571,0.3096298277378082,1.2249087996553904e-05,2.678715944290161,3.5946826934814453,2665060761600.0,2329.4278802035105,26.06184605145433,8.74004860392286,wandb
53000,1779929850.9980316,0.335498183965683,1.2233742108309664e-05,2.6782727241516113,3.6855859756469727,2667577344000.0,3383.0597398622385,37.84997289354154,12.693291261624022,wandb
53050,1779930271.6524417,0.32425716519355774,1.2218396220065421e-05,2.6834352016448975,3.663285255432129,2670093926400.0,2399.849165511466,26.84972564714335,9.00427033045619,wandb
53100,1779930574.8540018,0.31285932660102844,1.220305033182118e-05,2.679229497909546,3.4110488891601562,2672610508800.0,3427.5279260777097,38.347486911118146,12.860136568213878,wandb
53150,1779931040.916998,0.31172630190849304,1.2187704443576939e-05,2.674100399017334,4.390364646911621,2675127091200.0,2287.628178404609,25.59418727457711,8.58321549118448,wandb
53200,1779931343.2458186,0.3322030007839203,1.2172358555332695e-05,2.668858528137207,4.25278377532959,2677643673600.0,3432.1604538161832,38.39931604297289,12.877517882285616,wandb
53250,1779931784.3956974,0.34705787897109985,1.2157012667088453e-05,2.6768579483032227,3.9314661026000977,2680160256000.0,2956.50826745979,33.07767712888255,11.092863692024164,wandb
53300,1779932087.2613528,0.3085509240627289,1.214166677884421e-05,2.6824750900268555,4.393186092376709,2682676838400.0,3341.016274624865,37.379586869660706,12.535543544781259,wandb
53350,1779932549.7927735,0.3406289517879486,1.2126320890599969e-05,2.6747853755950928,3.463013172149658,2685193420800.0,2331.817243341704,26.088578458496343,8.749013530520378,wandb
53400,1779932811.1162755,0.30905771255493164,1.2110975002355727e-05,2.6769890785217285,3.760676383972168,2687710003200.0,3570.341787484352,39.9453010789766,13.395976334113353,wandb
53450,1779933265.996191,0.32921433448791504,1.2095629114111487e-05,2.6760940551757812,3.9753851890563965,2690226585600.0,625.9649122646537,7.003351044132032,2.3486298090780173,wandb
53500,1779933571.1218402,0.2986559569835663,1.2080283225867245e-05,2.6730427742004395,3.8989970684051514,2692743168000.0,3172.3677739053687,35.49273246222736,11.902771821821394,wandb
53550,1779934024.5570784,0.28672581911087036,1.2064937337623004e-05,2.6703543663024902,4.592350959777832,2695259750400.0,2281.0413440321036,25.520493186495848,8.558501589092497,wandb
53600,1779934368.2738645,0.29170170426368713,1.2049591449378759e-05,2.676699638366699,3.545724391937256,2697776332800.0,3553.6924952655863,39.75902731864312,13.333507938139569,wandb
53650,1779934897.1966465,0.32633891701698303,1.2034245561134518e-05,2.67307186126709,4.109066009521484,2700292915200.0,2332.7103914752747,26.098571079154866,8.752364635812905,wandb
53700,1779935217.0892138,0.3195807933807373,1.2018899672890275e-05,2.680452585220337,4.510308265686035,2702809497600.0,3474.5378841939073,38.873438498510765,13.036518641381154,wandb
53750,1779984880.170238,0.3333359956741333,1.2003553784646033e-05,2.6778628826141357,3.841064453125,2705326080000.0,1775.094987129785,19.859920401245933,6.660183213201144,wandb
53800,1779985298.3012218,0.28763309121131897,1.1988207896401792e-05,2.671459197998047,3.8025107383728027,2707842662400.0,2875.3755940299943,32.16995757137234,10.78845267540979,wandb
53850,1779986243.6102016,0.27214914560317993,1.197286200815755e-05,2.675276517868042,3.6234097480773926,2710359244800.0,2050.701699531594,22.943432782292845,7.694263762519868,wandb
53900,1779986627.9970698,0.2760627567768097,1.195751611991331e-05,2.6770968437194824,3.8736672401428223,2712875827200.0,1935.176299619323,21.650924345722032,7.26081071647293,wandb
53950,1779987046.174234,0.330246239900589,1.1942170231669068e-05,2.675957679748535,3.796994686126709,2715392409600.0,2357.323327856393,26.373942797803185,8.844712745013624,wandb
54000,1779987336.2020447,0.3198688328266144,1.1926824343424824e-05,2.674806594848633,3.5497193336486816,2717908992000.0,2962.7994142104194,33.14806303758373,11.11646816969106,wandb
54050,1779987850.059316,0.37553107738494873,1.1911478455180584e-05,2.680480480194092,4.516503810882568,2720425574400.0,2282.5013520401913,25.536827885785765,8.563979561199403,wandb
54100,1779988166.1582398,0.2396731674671173,1.1896132566936338e-05,2.6717350482940674,3.7915539741516113,2722942156800.0,1945.7019548735782,21.76868631172165,7.30030313402839,wandb
54150,1779988610.5328798,0.25411683320999146,1.1880786678692098e-05,2.6742777824401855,3.577951669692993,2725458739200.0,2365.684228852007,26.46748530085767,8.876082971881463,wandb
54200,1779988893.5174725,0.2808518409729004,1.1865440790447856e-05,2.676487445831299,3.335482120513916,2727975321600.0,1940.5975362228671,21.711577622421775,7.281151278123717,wandb
54250,1779989751.6180909,0.27385228872299194,1.1850094902203615e-05,2.6766695976257324,3.705136299133301,2730491904000.0,1384.9785324849458,15.495262851854573,5.196460380756948,wandb
54300,1779990148.5026815,0.33990198373794556,1.1834749013959373e-05,2.6784000396728516,3.6158480644226074,2733008486400.0,3029.735874402763,33.896954100315305,11.36761477973529,wandb
54350,1779990644.2462373,0.3111131191253662,1.1819403125715133e-05,2.676994562149048,3.853994607925415,2735525068800.0,2154.928320919266,24.109529481037352,8.085323620819208,wandb
54400,1779990996.164535,0.2797028720378876,1.180405723747089e-05,2.678691864013672,3.5113892555236816,2738041651200.0,3285.0463507374275,36.753390389287766,12.325543544656192,wandb
54450,1779991454.7995965,0.30717581510543823,1.1788711349226647e-05,2.6771717071533203,3.517394542694092,2740558233600.0,2383.3088815507444,26.664671480884294,8.94221093511369,wandb
54500,1779991763.5051374,0.31902799010276794,1.1773365460982403e-05,2.673912763595581,4.327756404876709,2743074816000.0,2673.0024376732235,29.905788720840565,10.029145534923032,wandb
54550,1779992200.096747,0.30762016773223877,1.1758019572738161e-05,2.6768593788146973,4.133211135864258,2745591398400.0,2150.9557573066313,24.065084086448426,8.070418502119605,wandb
54600,1779992542.7090833,0.2664949893951416,1.1742673684493921e-05,2.678835391998291,3.5846781730651855,2748107980800.0,2077.597613000597,23.244346651401838,7.795177636249864,wandb
54650,1779993008.540268,0.3138373792171478,1.1727327796249679e-05,2.671252489089966,3.7055554389953613,2750624563200.0,2130.5781132772836,23.837097194861208,7.993961273817529,wandb
54700,1779993435.5399308,0.3125889301300049,1.1711981908005439e-05,2.676483154296875,3.568469524383545,2753141145600.0,2695.3651973657747,30.1559852628095,10.113050947188325,wandb
54750,1779993898.6775734,0.27825263142585754,1.1696636019761197e-05,2.6758103370666504,3.7479491233825684,2755657728000.0,2419.973044137791,27.074873388859064,9.079775427131759,wandb
54800,1779994216.228958,0.32061925530433655,1.1681290131516953e-05,2.678835153579712,3.8898332118988037,2758174310400.0,1560.9105245775033,17.463605607776827,5.856559873401291,wandb
54850,1779994869.003572,0.285879522562027,1.1665944243272712e-05,2.6719539165496826,3.799086570739746,2760690892800.0,1360.42291494535,15.220532421496955,5.104327332715701,wandb
54900,1779995502.5637693,0.2882433533668518,1.1650598355028469e-05,2.6764509677886963,4.180116176605225,2763207475200.0,1306.704216635351,14.619522852865279,4.9027739649729565,wandb
54950,1779996186.0875626,0.3079832196235657,1.1635252466784227e-05,2.6767730712890625,3.6436121463775635,2765724057600.0,934.4228278795157,10.454405604964668,3.505968569230188,wandb
55000,1779996697.4562583,0.292276531457901,1.1619906578539986e-05,2.6705029010772705,4.167726516723633,2768240640000.0,2969.050793383651,33.21800402309637,11.139923438806678,wandb
55050,1780146774.0354538,0.31029391288757324,1.1604560690295744e-05,2.673211097717285,3.8347134590148926,2770757222400.0,2522.710969924866,28.22431442898028,9.465249677043632,wandb
55100,1780147375.1550784,0.3105541467666626,1.1589214802051502e-05,2.6671626567840576,3.8002610206604004,2773273804800.0,1272.996826555489,14.242401578356906,4.776303328078354,wandb
55150,1780148057.507267,0.3418712317943573,1.1573868913807262e-05,2.6713755130767822,3.619704008102417,2775790387200.0,2350.6249945685695,26.29900124995267,8.819580497306632,wandb
55200,1780148608.9400423,0.3147670328617096,1.1558523025563018e-05,2.672752618789673,3.86800479888916,2778306969600.0,1385.0541932844956,15.496109351601035,5.1967442612200845,wandb
55250,1780149303.0282066,0.31815898418426514,1.1543177137318776e-05,2.6714413166046143,3.7912180423736572,2780823552000.0,2958.934663676742,33.10482386529943,11.101967567292746,wandb
55300,1780149600.9690685,0.2809881865978241,1.1527831249074532e-05,2.6700353622436523,3.544708728790283,2783340134400.0,1948.5776803400195,21.80086018369664,7.311092899430373,wandb
55350,1780150047.2413254,0.29321572184562683,1.1512485360830292e-05,2.6758432388305664,4.514554977416992,2785856716800.0,2385.41792727552,26.688267671803832,8.9501241065405,wandb
55400,1780150643.4159708,0.28656089305877686,1.149713947258605e-05,2.6680665016174316,3.7826623916625977,2788373299200.0,930.9072614638759,10.415073135611694,3.4927781109188856,wandb
55450,1780151302.014532,0.3294309675693512,1.148179358434181e-05,2.6708574295043945,3.5734667778015137,2790889881600.0,2384.288519030481,26.675631752030743,8.945886549739878,wandb
55500,1780151845.766912,0.29672616720199585,1.1466447696097567e-05,2.672717571258545,3.3298001289367676,2793406464000.0,969.7030135862149,10.849123456660676,3.638340359081453,wandb
55550,1780152592.61223,0.3302377164363861,1.1451101807853325e-05,2.6732234954833984,3.7008869647979736,2795923046400.0,2340.797104463752,26.18904594242884,8.782706105135015,wandb
55600,1780153223.5372176,0.3116810917854309,1.1435755919609085e-05,2.6743457317352295,3.6101889610290527,2798439628800.0,3098.5271641785566,34.66659716119474,11.625720738402897,wandb
55650,1780153767.2490845,0.3330404758453369,1.1420410031364841e-05,2.67293643951416,3.852541208267212,2800956211200.0,2239.014163684091,25.0502893594038,8.400814973400676,wandb
55700,1780154065.1531892,0.31129613518714905,1.14050641431206e-05,2.6749892234802246,3.5093517303466797,2803472793600.0,2727.2949528640934,30.513218203708732,10.232851872273114,wandb
55750,1780154476.4252594,0.2727589011192322,1.1389718254876359e-05,2.6729297637939453,3.515294075012207,2805989376000.0,2480.596501351349,27.7531340134673,9.307235554610804,wandb
55800,1780154878.293171,0.37786367535591125,1.1374372366632115e-05,2.6703710556030273,4.3242387771606445,2808505958400.0,3500.1597104530265,39.16009776673586,13.132652120648348,wandb
55850,1780155470.3005364,0.35402658581733704,1.1359026478387873e-05,2.673654556274414,4.126879692077637,2811022540800.0,2417.466652285185,27.046831654164304,9.070371407029475,wandb
55900,1780155968.9062865,0.28407227993011475,1.1343680590143633e-05,2.6752099990844727,3.5741193294525146,2813539123200.0,2570.6652983146746,28.76083171488436,9.645175041746826,wandb
55950,1780156628.115829,0.3123641908168793,1.132833470189939e-05,2.6673898696899414,3.7039361000061035,2816055705600.0,842.7480834224316,9.428740420327912,3.162003542831894,wandb
56000,1780157154.6165853,0.2948254346847534,1.1312988813655147e-05,2.6726365089416504,3.56443190574646,2818572288000.0,2772.825971590834,31.022623285834957,10.403684942504533,wandb
56050,1780157634.037008,0.28982388973236084,1.1297642925410905e-05,2.672074794769287,3.7467799186706543,2821088870400.0,2455.19208288403,27.468907122929632,9.211917792663451,wandb
56100,1780157899.2377021,0.30323606729507446,1.1282297037166664e-05,2.675128698348999,3.8874950408935547,2823605452800.0,3501.5495129922983,39.17564700100417,13.137866680775458,wandb
56150,1780158316.6151435,0.29003989696502686,1.1266951148922422e-05,2.6681976318359375,3.79319429397583,2826122035200.0,669.0806527075108,7.485733778264172,2.5104007186937176,wandb
56200,1780158553.6451235,0.3045527935028076,1.1251605260678179e-05,2.672978639602661,4.171302318572998,2828638617600.0,3074.6339868472305,34.39927817073313,11.53607317603248,wandb
56250,1780158975.280736,0.28640425205230713,1.1236259372433938e-05,2.6729085445404053,3.641420364379883,2831155200000.0,2336.757315519883,26.143848424862302,8.76754875597685,wandb
56300,1780159426.8103466,0.32604309916496277,1.1220913484189696e-05,2.667278289794922,4.166293144226074,2833671782400.0,1092.6879412809485,12.22508975270645,4.099781666080836,wandb
56350,1780160112.6479769,0.3401648998260498,1.1205567595945456e-05,2.6716389656066895,3.6927499771118164,2836188364800.0,2316.7171787141992,25.919637594074878,8.692357859877662,wandb
56400,1780160652.496748,0.2922806143760681,1.1190221707701212e-05,2.6778829097747803,4.3452653884887695,2838704947200.0,2348.5797671825535,26.276119064276283,8.811906773251136,wandb
56450,1780161287.676317,0.2903745472431183,1.117487581945697e-05,2.6725831031799316,3.445554256439209,2841221529600.0,2463.95146963318,27.566907919992964,9.244783144099632,wandb
56500,1780161794.9486911,0.31800922751426697,1.1159529931212728e-05,2.671652317047119,3.586127281188965,2843738112000.0,1722.4372602254134,19.270781074948626,6.462610626203474,wandb
56550,1780162354.595274,0.30781614780426025,1.1144184042968488e-05,2.6740005016326904,4.154412269592285,2846254694400.0,2291.708539054353,25.639838711993043,8.598525065996121,wandb
56600,1780162688.4093032,0.29832205176353455,1.1128838154724244e-05,2.672778844833374,3.913785934448242,2848771276800.0,3079.0911583219604,34.449145401131865,11.552796550753037,wandb
56650,1780163080.3778515,0.30438941717147827,1.1113492266480002e-05,2.6723473072052,3.5617856979370117,2851287859200.0,2230.5296190327945,24.955363520146022,8.368980833668475,wandb
56700,1780163402.7189558,0.2962541878223419,1.1098146378235761e-05,2.673947811126709,3.4304795265197754,2853804441600.0,1077.37718185847,12.053791616202382,4.042335465383805,wandb
56750,1780163930.8433354,0.2749249339103699,1.108280048999152e-05,2.669393301010132,3.6504859924316406,2856321024000.0,1949.6610780256187,21.812981333243503,7.315157823916762,wandb
56800,1780164432.0593662,0.2868996560573578,1.1067454601747276e-05,2.6692113876342773,3.7081797122955322,2858837606400.0,1084.5113177743538,12.13360896256885,4.0691028511362095,wandb
56850,1780165124.4757652,0.3047782778739929,1.1052108713503035e-05,2.6705050468444824,3.7823917865753174,2861354188800.0,1016.4618751504447,11.372265753524468,3.8137803141917033,wandb
56900,1780165584.9734654,0.30342933535575867,1.1036762825258793e-05,2.6691770553588867,3.5863566398620605,2863870771200.0,3012.7504557034804,33.70691972705902,11.303885232127772,wandb
56950,1780166248.0674775,0.28936782479286194,1.1021416937014553e-05,2.6724658012390137,3.558340072631836,2866387353600.0,1125.1231616861608,12.587977879885464,4.221479103133809,wandb
57000,1780166512.1937401,0.2697151005268097,1.1006071048770307e-05,2.670548915863037,3.4695425033569336,2868903936000.0,3159.0243744243157,35.343445323512476,11.852707185351186,wandb
57050,1780166902.4317088,0.3071163296699524,1.0990725160526067e-05,2.677417516708374,3.611497163772583,2871420518400.0,2122.1049857013795,23.742299090857124,7.962169971124712,wandb
57100,1780167144.0562618,0.2720477879047394,1.0975379272281825e-05,2.6728885173797607,3.5768988132476807,2873937100800.0,3781.709911770749,42.31010642974602,14.189032730185044,wandb
57150,1780167535.9406874,0.2998432219028473,1.0960033384037585e-05,2.6688597202301025,3.4607186317443848,2876453683200.0,2295.9642764521473,25.687452280045232,8.61449265701637,wandb
57200,1780168084.6055188,0.2918190360069275,1.0944687495793341e-05,2.669224739074707,4.464377403259277,2878970265600.0,2934.919904094015,32.836144601808755,11.011863826477976,wandb
57250,1780168668.9525287,0.32071471214294434,1.0929341607549099e-05,2.668994665145874,3.2887096405029297,2881486848000.0,2340.954000325005,26.19080130726191,8.783294780777116,wandb
57300,1780168986.5872247,0.2628444731235504,1.0913995719304858e-05,2.673065185546875,3.7485344409942627,2884003430400.0,1982.8745954195597,22.184577116270095,7.439775443031427,wandb
57350,1780169396.6839855,0.3104933500289917,1.0898649831060616e-05,2.673269271850586,3.8593389987945557,2886520012800.0,2401.7094626903177,26.870538817234262,9.01125019358013,wandb
57400,1780169673.4129844,0.30786776542663574,1.0883303942816373e-05,2.671138048171997,3.7112793922424316,2889036595200.0,2129.0102861710748,23.81955620592373,7.98807876282534,wandb
57450,1780170139.4478495,0.3209637701511383,1.086795805457213e-05,2.676316738128662,4.114954948425293,2891553177600.0,2341.1827284179635,26.193360337484307,8.784152972037953,wandb
57500,1780170504.8466017,0.2691417932510376,1.085261216632789e-05,2.6721279621124268,3.404942035675049,2894069760000.0,2115.69155200158,23.670545024905625,7.938106670976786,wandb
57550,1780170919.9508638,0.3261389136314392,1.0837266278083648e-05,2.670881509780884,3.62998104095459,2896586342400.0,2374.9954558387494,26.57166013552026,8.911018836227337,wandb
57600,1780171161.9238179,0.27783113718032837,1.0821920389839404e-05,2.67264723777771,3.316521644592285,2899102924800.0,3038.5030855881832,33.995042437866694,11.400509488574587,wandb
57650,1780171620.2294514,0.3059566020965576,1.0806574501595164e-05,2.6786880493164062,4.300560474395752,2901619507200.0,1088.7607139571558,12.1811515845444,4.085046649821992,wandb
57700,1780171992.945003,0.3024243116378784,1.0791228613350922e-05,2.670276165008545,3.623073101043701,2904136089600.0,2656.772343097954,29.72420498098069,9.968249974841674,wandb
57750,1780172524.398463,0.29915836453437805,1.0775882725106682e-05,2.6706037521362305,3.5527396202087402,2906652672000.0,1226.991255655997,13.727687164366518,4.60368973092434,wandb
57800,1780172906.9107766,0.32402151823043823,1.0760536836862438e-05,2.6696040630340576,3.631072521209717,2909169254400.0,3589.9249312062066,40.164399030546534,13.469452585256901,wandb
57850,1780173456.3766625,0.29750755429267883,1.0745190948618196e-05,2.671297073364258,3.7670211791992188,2911685836800.0,2430.167888695534,27.188934215399524,9.11802663795539,wandb
57900,1780173860.1555495,0.30940043926239014,1.0729845060373955e-05,2.6700258255004883,3.4546451568603516,2914202419200.0,3531.309361644211,39.50860283134865,13.249526082585477,wandb
57950,1780174437.28757,0.24851584434509277,1.0714499172129713e-05,2.668431282043457,3.5744357109069824,2916719001600.0,2290.6407246307253,25.627891909365406,8.594518610144112,wandb
58000,1780174711.8837178,0.3213420808315277,1.069915328388547e-05,2.672715902328491,3.8029024600982666,2919235584000.0,3887.905883264106,43.498236392414235,14.587481619837579,wandb
58050,1780175096.6179976,0.3125819265842438,1.0683807395641228e-05,2.6726770401000977,3.8817315101623535,2921752166400.0,2297.3140109686515,25.702553229715495,8.619556881316633,wandb
58100,1780175354.8681207,0.3121035695075989,1.0668461507396987e-05,2.67043137550354,3.653425455093384,2924268748800.0,2712.534961796447,30.348082112484374,10.177472162765461,wandb
58150,1780175741.0418298,0.2794952094554901,1.0653115619152745e-05,2.6705117225646973,3.7047271728515625,2926785331200.0,2344.539200103528,26.230912840864494,8.79674650451811,wandb
58200,1780175997.9087715,0.3132864236831665,1.0637769730908501e-05,2.6698050498962402,3.44614577293396,2929301913600.0,3159.9398971231053,35.353688272794244,11.856142240350492,wandb
58250,1780176401.830307,0.29753273725509644,1.0622423842664261e-05,2.6712257862091064,4.576067924499512,2931818496000.0,2092.1664860404776,23.407344497154153,7.849840268029567,wandb
58300,1780176746.5259442,0.3074537217617035,1.0607077954420019e-05,2.6724307537078857,4.350266456604004,2934335078400.0,3065.2818935187297,34.29464611980872,11.50098398055484,wandb
58350,1780177214.4530125,0.2920893132686615,1.0591732066175779e-05,2.670811653137207,3.7546143531799316,2936851660800.0,2265.617407165414,25.347928810692167,8.500630744914687,wandb
58400,1780177625.3107376,0.272076278924942,1.0576386177931535e-05,2.669703960418701,3.6538238525390625,2939368243200.0,3769.2595766189925,42.17081097408,14.14231888457246,wandb
58450,1780178249.5470905,0.30563676357269287,1.0561040289687293e-05,2.670870780944824,3.5153110027313232,2941884825600.0,856.3926780180603,9.581397356740434,3.213198267923018,wandb
58500,1780178817.3885937,0.2608506381511688,1.054569440144305e-05,2.674138307571411,4.709966659545898,2944401408000.0,2490.929851497718,27.86874445283704,9.346006440495767,wandb
58550,1780179239.0322495,0.27550166845321655,1.053034851319881e-05,2.6672611236572266,3.501981496810913,2946917990400.0,2302.2099142694183,25.757329030757354,8.637926384477671,wandb
58600,1780179465.5361004,0.31117677688598633,1.0515002624954567e-05,2.672318935394287,4.791969299316406,2949434572800.0,3908.6778491759715,43.73063499225147,14.66541834980102,wandb
58650,1780179836.3764384,0.32576775550842285,1.0499656736710325e-05,2.6716463565826416,4.056079864501953,2951951155200.0,2267.5947682272235,25.37005170190463,8.508049833496305,wandb
58700,1780180084.836033,0.28184300661087036,1.0484310848466084e-05,2.6714370250701904,3.624300479888916,2954467737600.0,3451.6400357642437,38.617255336218015,12.950605568089081,wandb
58750,1780180493.4253163,0.2808369994163513,1.0468964960221842e-05,2.668092966079712,3.492039680480957,2956984320000.0,2252.123042311983,25.196952657980564,8.449999684086245,wandb
58800,1780180744.3826578,0.2821752727031708,1.0453619071977598e-05,2.6665163040161133,3.9286673069000244,2959500902400.0,3242.835645239431,36.281133266514786,12.167168339828589,wandb
58850,1780181138.5353203,0.29560694098472595,1.0438273183733358e-05,2.6685328483581543,3.4410288333892822,2962017484800.0,2408.2912841660886,26.944176820581553,9.035945287207822,wandb
58900,1780181476.580979,0.300365149974823,1.0422927295489116e-05,2.6675901412963867,4.4564409255981445,2964534067200.0,2317.906117388773,25.932939545581814,8.696818775749396,wandb
58950,1780182034.1248505,0.2609029710292816,1.0407581407244874e-05,2.6658339500427246,3.482922077178955,2967050649600.0,1249.0013708416113,13.973938288265723,4.686272015671187,wandb
59000,1780182519.3461204,0.2598797380924225,1.039223551900063e-05,2.6692299842834473,4.192605018615723,2969567232000.0,3280.549789152998,36.70308245884261,12.308672377648863,wandb
59050,1780183148.5152152,0.3003864884376526,1.037688963075639e-05,2.674556255340576,4.159251689910889,2972083814400.0,2367.5862410507134,26.488765182296348,8.883219350390204,wandb
59100,1780183373.2732148,0.3148253560066223,1.0361543742512148e-05,2.666384220123291,3.6566414833068848,2974600396800.0,3385.5581549369635,37.877925383336766,12.70266535273517,wandb
59150,1780183779.4865434,0.30215567350387573,1.0346197854267907e-05,2.6707658767700195,4.013324737548828,2977116979200.0,2361.839442181276,26.424469486045442,8.861657274198576,wandb
59200,1780184069.019764,0.28625303506851196,1.0330851966023664e-05,2.672531843185425,3.7659964561462402,2979633561600.0,1440.0573934171152,16.111490040729056,5.403117099209983,wandb
59250,1780184517.4330263,0.28695279359817505,1.0315506077779422e-05,2.669809103012085,3.573512554168701,2982150144000.0,2391.6411321626556,26.757893440900844,8.973473665308974,wandb
59300,1780184875.2099497,0.3499714732170105,1.0300160189535181e-05,2.6648917198181152,3.8053231239318848,2984666726400.0,3151.9772648492535,35.26460163557783,11.8262663237445,wandb
59350,1780185418.5405056,0.29073217511177063,1.028481430129094e-05,2.6708126068115234,3.6980273723602295,2987183308800.0,943.0845140539781,10.551313319319458,3.5384673466338974,wandb
59400,1780185796.960156,0.2893981337547302,1.0269468413046695e-05,2.6713290214538574,3.905494451522827,2989699891200.0,618.9311855553816,6.924657084888684,2.3222391601859913,wandb
59450,1780186349.1160054,0.3095124661922455,1.0254122524802453e-05,2.66852068901062,3.503171920776367,2992216473600.0,1414.1040195817777,15.821121388769198,5.30573964842717,wandb
59500,1780186851.926648,0.3228500187397003,1.0238776636558213e-05,2.674065113067627,4.1656494140625,2994733056000.0,3272.9326236032944,36.61786093402448,12.280092657411839,wandb
59550,1780187317.3945298,0.279075026512146,1.0223430748313971e-05,2.6706290245056152,3.5378851890563965,2997249638400.0,2397.2354689842805,26.82048337821731,8.994463701593524,wandb
59600,1780187538.690932,0.3109968900680542,1.0208084860069727e-05,2.667832851409912,3.8350157737731934,2999766220800.0,3791.3867849791277,42.41837214681737,14.225340504679373,wandb
59650,1780187902.5070136,0.2880179286003113,1.0192738971825487e-05,2.6720657348632812,3.5862865447998047,3002282803200.0,2388.5702712794746,26.723536376549102,8.961951748874908,wandb
59700,1780188134.6960473,0.2900390923023224,1.0177393083581245e-05,2.6712937355041504,3.6717238426208496,3004799385600.0,3574.228296887998,39.98878369143099,13.410558576120561,wandb
59750,1780310787.6380172,0.29479196667671204,1.0162047195337004e-05,2.670423984527588,3.8324532508850098,3007315968000.0,2468.9831058891205,27.623202313394742,9.263661919359393,wandb
59800,1780311125.917601,0.2995806634426117,1.0146701307092762e-05,2.6643481254577637,3.7984352111816406,3009832550400.0,2425.802706692567,27.14009617138248,9.101648409122838,wandb
59850,1780311625.1684523,0.30118975043296814,1.0131355418848519e-05,2.6680777072906494,3.6143481731414795,3012349132800.0,2131.3694792338792,23.84595106748222,7.99693049084413,wandb
59900,1780312045.7402308,0.2503514885902405,1.0116009530604277e-05,2.6695199012756348,3.867274284362793,3014865715200.0,2019.773230301744,22.597402321111502,7.5782196786437,wandb
59950,1780312587.7886555,0.29724323749542236,1.0100663642360036e-05,2.6681203842163086,3.786653995513916,3017382297600.0,2407.26231347936,26.93266460513291,9.03208457364358,wandb
60000,1780312948.1356974,0.2785564959049225,1.0085317754115794e-05,2.666973114013672,3.542834758758545,3019898880000.0,3134.3536910232597,35.067427526075306,11.760142408459107,wandb
60050,1780313411.6383905,0.28411537408828735,1.006997186587155e-05,2.6726527214050293,4.512224197387695,3022415462400.0,2271.1839667877107,25.410207974235043,8.521516560727648,wandb
60100,1780313748.4202046,0.2941416800022125,1.005462597762731e-05,2.664907455444336,3.7782793045043945,3024932044800.0,2967.7371275509845,33.20330661306493,11.134994544753166,wandb
60150,1780314198.4613647,0.2964306175708771,1.0039280089383068e-05,2.6672894954681396,3.5698020458221436,3027448627200.0,2024.557408600251,22.650928132903328,7.596169987908107,wandb
60200,1780314505.6110659,0.2458341270685196,1.0023934201138828e-05,2.6689767837524414,3.3289811611175537,3029965209600.0,3151.9153763104646,35.263909221108186,11.826034117011835,wandb
60250,1780314930.1950564,0.2380288541316986,1.0008588312894584e-05,2.6693830490112305,3.698450803756714,3032481792000.0,2312.627905274579,25.873886439574072,8.677014844143734,wandb
60300,1780315371.734411,0.30181291699409485,9.993242424650342e-06,2.6708014011383057,3.6052544116973877,3034998374400.0,2599.6605958861396,29.085233679824185,9.753965836350723,wandb
60350,1780315806.2145479,0.292691171169281,9.9778965364061e-06,2.6694271564483643,3.850050926208496,3037514956800.0,2248.727063903579,25.158958149875787,8.437257921785053,wandb
60400,1780316131.5527065,0.257953941822052,9.96255064816186e-06,2.6711392402648926,3.504678726196289,3040031539200.0,1648.7513118196284,18.446376138514534,6.186139834398386,wandb
60450,1780316609.3286946,0.3103424906730652,9.947204759917616e-06,2.669724225997925,3.5120954513549805,3042548121600.0,2463.614667253176,27.56313974504665,9.243519456480811,wandb
60500,1780316928.3078349,0.274476557970047,9.931858871673374e-06,2.6663641929626465,4.322738170623779,3045064704000.0,2896.012859021742,32.40084912534954,10.865884005485633,wandb
60550,1780317362.3993738,0.2797519862651825,9.916512983429133e-06,2.669616222381592,4.124131202697754,3047581286400.0,2432.9812292261045,27.22041011917021,9.128582334135357,wandb
60600,1780317676.3731482,0.26699474453926086,9.901167095184891e-06,2.6716012954711914,3.563626289367676,3050097868800.0,2656.049013925104,29.71611230994007,9.965536032855718,wandb
60650,1780318108.9715297,0.273654580116272,9.885821206940647e-06,2.663809299468994,3.6970510482788086,3052614451200.0,1394.028468973434,15.596514345211734,5.2304158792053,wandb
60700,1780318480.0226402,0.30057117342948914,9.870475318696407e-06,2.6692280769348145,3.5594229698181152,3055131033600.0,2816.501005976024,31.511263450277117,10.567554331442738,wandb
60750,1780318905.0085297,0.2677622139453888,9.855129430452165e-06,2.6685049533843994,3.7451512813568115,3057647616000.0,2424.1198444844968,27.121268159506574,9.095334284690296,wandb
60800,1780319178.171639,0.2510731518268585,9.839783542207925e-06,2.6712374687194824,3.8832972049713135,3060164198400.0,3169.4063886501767,35.45960022092649,11.89166065959771,wandb
60850,1780319643.7257304,0.25003018975257874,9.824437653963679e-06,2.664473056793213,3.7893033027648926,3062680780800.0,2167.386766163582,24.248915673139365,8.13206789562162,wandb
60900,1780319963.8044617,0.2973966598510742,9.809091765719439e-06,2.669304847717285,4.168557167053223,3065197363200.0,2871.4868196148896,32.12644961776854,10.773861935045362,wandb
60950,1780320431.9883265,0.272836834192276,9.793745877475197e-06,2.669325351715088,3.6359119415283203,3067713945600.0,1288.6629340899108,14.417675381103683,4.835082800260668,wandb
61000,1780320802.195552,0.29720309376716614,9.778399989230956e-06,2.6633663177490234,4.163066864013672,3070230528000.0,1967.133413973367,22.00846337992946,7.38071429239779,wandb
61050,1780321279.5111866,0.2732604742050171,9.763054100986713e-06,2.665393829345703,3.6891403198242188,3072747110400.0,2216.6751931058916,24.80035897215947,8.316998818251882,wandb
61100,1780321590.2263792,0.2741035521030426,9.74770821274247e-06,2.672048807144165,4.341475963592529,3075263692800.0,2508.723865216377,28.06782545899922,9.412769848833765,wandb
61150,1780322055.6384215,0.2863847315311432,9.73236232449823e-06,2.666830539703369,3.4411520957946777,3077780275200.0,1526.6974567836705,17.080826766084186,5.728191926083135,wandb
61200,1780322561.589102,0.2563750743865967,9.717016436253988e-06,2.665656805038452,3.581200361251831,3080296857600.0,1006.1691540314297,11.257109875321925,3.7751618690312734,wandb
61250,1780323105.6549292,0.29325929284095764,9.701670548009744e-06,2.6681935787200928,4.151429176330566,3082813440000.0,386.9678256839008,4.329430408877373,1.4519091290073178,wandb
61300,1780323547.0720024,0.27780255675315857,9.686324659765504e-06,2.667102575302124,3.9060773849487305,3085330022400.0,1922.9209592924105,21.513810509478144,7.21482849438951,wandb
61350,1780324002.389693,0.25986000895500183,9.670978771521262e-06,2.6665022373199463,3.554326057434082,3087846604800.0,2247.591261692592,25.14625069384368,8.432996374727582,wandb
61400,1780324289.4166083,0.2746593952178955,9.65563288327702e-06,2.6681928634643555,3.418509006500244,3090363187200.0,3126.3340980516405,34.97770360751235,11.730052774454423,wandb
61450,1780324710.4117966,0.30611762404441833,9.640286995032776e-06,2.66430401802063,3.6394710540771484,3092879769600.0,2242.445240493687,25.088676551538974,8.413688425433476,wandb
61500,1780325002.9338408,0.2682935297489166,9.624941106788536e-06,2.6637191772460938,3.702495574951172,3095396352000.0,2720.407551848757,30.436161349327538,10.207010239595698,wandb
61550,1780325600.0995474,0.3069659173488617,9.609595218544294e-06,2.6652255058288574,3.7718517780303955,3097912934400.0,1582.2793148912278,17.702681532039158,5.936735897538458,wandb
61600,1780326365.5983407,0.267450213432312,9.594249330300053e-06,2.663576602935791,3.581409454345703,3100429516800.0,387.0779604081699,4.330662605955983,1.4523223561568992,wandb
61650,1780327148.0138474,0.2573980689048767,9.57890344205581e-06,2.666991949081421,3.5512351989746094,3102946099200.0,2110.295392967724,23.610172318283247,7.917860200746388,wandb
61700,1780327436.8695796,0.28354233503341675,9.563557553811568e-06,2.6655728816986084,3.4612033367156982,3105462681600.0,3099.1049174759505,34.67306111640897,11.62788847750451,wandb
61750,1780327830.4981656,0.2883676588535309,9.548211665567327e-06,2.6720550060272217,3.6060855388641357,3107979264000.0,2216.49397598603,24.79833149892458,8.316318888879989,wandb
61800,1780328096.1579363,0.23856934905052185,9.532865777323085e-06,2.6674818992614746,3.572842597961426,3110495846400.0,3208.9326827294285,35.901823910284925,12.039963912221022,wandb
61850,1780328508.00688,0.27613428235054016,9.517519889078841e-06,2.663557529449463,3.452996253967285,3113012428800.0,2272.2755179683795,25.422420345809044,8.525612077250734,wandb
61900,1780328797.9164488,0.28371819853782654,9.5021740008346e-06,2.6641111373901367,4.462220191955566,3115529011200.0,3011.650250976425,33.694610538839335,11.29975724736789,wandb
61950,1780329246.8040493,0.27688491344451904,9.486828112590359e-06,2.6634767055511475,3.2845096588134766,3118045593600.0,2290.2615082724415,25.623649203062378,8.593095784637914,wandb
62000,1780329538.7331035,0.2814079821109772,9.471482224346117e-06,2.668170928955078,3.7445836067199707,3120562176000.0,2974.9685260268884,33.28421214159293,11.162126861100393,wandb
62050,1780330149.7012227,0.2784438133239746,9.456136336101873e-06,2.667898178100586,3.850571632385254,3123078758400.0,1623.3681334802416,18.16238688441498,6.090901765731971,wandb
62100,1780330781.7896087,0.2655254602432251,9.440790447857633e-06,2.66585373878479,3.7052886486053467,3125595340800.0,2664.732451731441,29.813263383484514,9.998116422710885,wandb
62150,1780331348.9293165,0.28421491384506226,9.42544455961339e-06,2.670922040939331,4.110049247741699,3128111923200.0,1470.3873619039987,16.45082442243207,5.5169155992552605,wandb
62200,1780331666.565322,0.26056233048439026,9.41009867136915e-06,2.6670632362365723,3.398099184036255,3130628505600.0,2986.825205181145,33.416865721223274,11.206613300440285,wandb
62250,1780332513.1917474,0.2740249037742615,9.394752783124907e-06,2.665452718734741,3.625904083251953,3133145088000.0,2007.7493015555171,22.462877538189083,7.533105716307615,wandb
62300,1780332834.2904809,0.28924375772476196,9.379406894880665e-06,2.667741537094116,3.3124027252197266,3135661670400.0,3202.84220780455,35.83368313579631,12.01711235827647,wandb
62350,1780333286.348538,0.2865581512451172,9.364061006636422e-06,2.6735029220581055,4.296917915344238,3138178252800.0,2249.084975562085,25.16296249730516,8.438600811735773,wandb
62400,1780333589.7838993,0.24088707566261292,9.348715118392182e-06,2.665144681930542,3.6180810928344727,3140694835200.0,2584.0758382038844,28.910870026449917,9.695491590042925,wandb
62450,1780334008.890277,0.2656622529029846,9.333369230147938e-06,2.66536283493042,3.5468451976776123,3143211417600.0,2340.2502115079737,26.182927255458,8.780654154501443,wandb
62500,1780334295.817573,0.2750672399997711,9.318023341903696e-06,2.6643059253692627,3.617638349533081,3145728000000.0,3052.4613943935274,34.15120923672537,11.452881274120749,wandb
62550,1780334739.9251487,0.29398980736732483,9.302677453659456e-06,2.6661393642425537,3.7613067626953125,3148244582400.0,2377.5701053340385,26.60046554278482,8.920678960036332,wandb
62600,1780335048.0631855,0.2897107005119324,9.287331565415214e-06,2.664978504180908,3.4480526447296143,3150761164800.0,2529.6034548889306,28.30142816303146,9.491110384773492,wandb
62650,1780335477.423032,0.27614280581474304,9.27198567717097e-06,2.6638340950012207,3.568420171737671,3153277747200.0,2181.875699052992,24.411019141386973,8.186430590748872,wandb
62700,1780335886.1009674,0.2628377377986908,9.25663978892673e-06,2.667544364929199,3.799936294555664,3155794329600.0,2959.616789059575,33.112455544677125,11.104526912035976,wandb
62750,1780336892.9765239,0.2831918001174927,9.241293900682488e-06,2.6676645278930664,3.874406576156616,3158310912000.0,1982.225165048593,22.17731123158952,7.437338770466738,wandb
62800,1780337296.6583688,0.24470941722393036,9.225948012438246e-06,2.6652495861053467,3.647690773010254,3160827494400.0,3227.891180102536,36.113933263016484,12.111096480825733,wandb
62850,1780337730.7879286,0.26583629846572876,9.210602124194002e-06,2.6655445098876953,3.6975035667419434,3163344076800.0,2266.8465605878237,25.361680688370242,8.50524254712794,wandb
62900,1780338020.4408164,0.26797813177108765,9.195256235949762e-06,2.664608955383301,3.4419872760772705,3165860659200.0,3233.261056576326,36.17401191802212,12.131244338493637,wandb
62950,1780338420.24693,0.265453964471817,9.17991034770552e-06,2.666386365890503,4.573976993560791,3168377241600.0,2265.638334517492,25.34816294776623,8.500709264655892,wandb
63000,1780338692.999841,0.26897794008255005,9.164564459461279e-06,2.667459726333618,4.345832824707031,3170893824000.0,3416.64824308656,38.22576405134917,12.81931583324027,wandb
63050,1780339113.646371,0.29662466049194336,9.149218571217035e-06,2.6661369800567627,3.7480459213256836,3173410406400.0,2333.7215667334262,26.10988419776779,8.756158580660236,wandb
63100,1780339371.4444559,0.2665342390537262,9.133872682972793e-06,2.664825916290283,3.6517982482910156,3175926988800.0,3127.517009084923,34.990938121233064,11.734491074524955,wandb
63150,1780339809.0216837,0.3063512146472931,9.118526794728553e-06,2.666247606277466,3.5102527141571045,3178443571200.0,2397.464898489813,26.82305025590589,8.995324524564937,wandb
63200,1780340065.7165124,0.28871244192123413,9.103180906484311e-06,2.6695337295532227,4.693548202514648,3180960153600.0,3044.8236061999933,34.06575698393611,11.424224177412468,wandb
63250,1780340473.0369208,0.2831088900566101,9.087835018240067e-06,2.6624860763549805,3.4967432022094727,3183476736000.0,2230.2738860351196,24.95250235665076,8.368021319597103,wandb
63300,1780340722.1297104,0.29540130496025085,9.072489129995825e-06,2.6676502227783203,4.784400939941406,3185993318400.0,3582.4843259313025,40.08115287776705,13.441535321838733,wandb
63350,1780341131.7751946,0.2914362847805023,9.057143241751585e-06,2.6668577194213867,4.052347183227539,3188509900800.0,2244.679890125259,25.113678010125398,8.422072864616444,wandb
63400,1780341384.2315216,0.25935497879981995,9.041797353507343e-06,2.666635751724243,3.6203277111053467,3191026483200.0,2993.307719007681,33.48939266176923,11.230935790267518,wandb
63450,1780341791.1460054,0.2727150321006775,9.026451465263099e-06,2.663306474685669,3.4866833686828613,3193543065600.0,2047.3486293755655,22.905918335527268,7.681682992629928,wandb
63500,1780342041.5505033,0.25743722915649414,9.011105577018859e-06,2.6616475582122803,3.921989917755127,3196059648000.0,3131.588967389084,35.03649555246022,11.749769123609008,wandb
63550,1780342470.9026284,0.24651378393173218,8.995759688774617e-06,2.6634862422943115,3.4351816177368164,3198576230400.0,1873.8857363829013,20.965200079669632,7.030847597116201,wandb
63600,1780342843.6212714,0.28244325518608093,8.980413800530376e-06,2.662818431854248,4.453361511230469,3201092812800.0,1501.6857978480054,16.800994104076278,5.634347803833101,wandb
63650,1780343276.8048618,0.2718715965747833,8.965067912286132e-06,2.6613059043884277,3.4752469062805176,3203609395200.0,2373.8213306552943,26.55852391866788,8.906613500798112,wandb
63700,1780343548.985457,0.28484299778938293,8.94972202404189e-06,2.664766311645508,4.187626838684082,3206125977600.0,3294.102434466741,36.85471065852136,12.35952210764501,wandb
63750,1780344016.3065767,0.25047069787979126,8.934376135797648e-06,2.6696066856384277,4.15354061126709,3208642560000.0,2311.8095673602397,25.864730802293852,8.673944427924138,wandb
63800,1780344289.7834427,0.24745559692382812,8.919030247553408e-06,2.6614725589752197,3.650965690612793,3211159142400.0,3001.258970964594,33.578351974988784,11.2607690077524,wandb
63850,1780345014.4900281,0.2567393183708191,8.903684359309166e-06,2.6656980514526367,4.0074005126953125,3213675724800.0,986.6792923739922,11.039055571775124,3.7020356136029005,wandb
63900,1780345413.916298,0.2465527206659317,8.888338471064922e-06,2.6676883697509766,3.758756160736084,3216192307200.0,2108.407072595779,23.58904562221865,7.910775194178537,wandb
63950,1780345840.311541,0.2568082809448242,8.872992582820682e-06,2.665060043334961,3.5680582523345947,3218708889600.0,2346.5266218210595,26.253148291586882,8.80420334083201,wandb
64000,1780346115.7123244,0.27337968349456787,8.85764669457644e-06,2.6600990295410156,3.8012709617614746,3221225472000.0,3192.5674578790854,35.71872832090362,11.978561341305785,wandb
64050,1780346528.2439241,0.24521930515766144,8.8423008063322e-06,2.6659657955169678,3.692152261734009,3223742054400.0,2283.6745402706883,25.549953619925223,8.568381381166972,wandb
64100,1780346788.2849474,0.24854104220867157,8.826954918087956e-06,2.6665890216827393,3.898357629776001,3226258636800.0,3029.360496326549,33.89275433705304,11.366206355521415,wandb
64150,1780347216.954049,0.24335049092769623,8.811609029843714e-06,2.6636574268341064,3.500575542449951,3228775219200.0,2165.265037014716,24.225177578944415,8.124107135795985,wandb
64200,1780347473.9905202,0.2767189145088196,8.796263141599473e-06,2.6692099571228027,4.154449939727783,3231291801600.0,3177.0726730791707,35.54537129212946,11.92042467461201,wandb
64250,1780347875.3160481,0.2663411796092987,8.780917253355231e-06,2.6659936904907227,3.5325143337249756,3233808384000.0,2318.8833990848234,25.943873460011112,8.700485551439595,wandb
64300,1780348219.7028584,0.2679043412208557,8.765571365110987e-06,2.663241386413574,3.8317601680755615,3236324966400.0,3188.8046747944068,35.676629969496695,11.964443322316832,wandb
64350,1780348634.8871045,0.2526870369911194,8.750225476866745e-06,2.667383909225464,3.5828232765197754,3238841548800.0,2350.0702197045193,26.29279437949192,8.817498973634127,wandb
64400,1780348895.1273804,0.25978222489356995,8.734879588622505e-06,2.666533946990967,3.6645288467407227,3241358131200.0,3263.2781930181063,36.50984630701502,12.24386908797883,wandb
64450,1780349293.511925,0.27414751052856445,8.719533700378263e-06,2.6734795570373535,3.654186725616455,3243874713600.0,2135.3235430236705,23.890189484409802,8.011766197928896,wandb
64500,1780349553.0937247,0.2631395757198334,8.704187812134019e-06,2.6692166328430176,3.390270233154297,3246391296000.0,3198.0288424746,35.779830776903964,11.999052538829078,wandb
64550,1780349960.880703,0.2625197172164917,8.688841923889779e-06,2.664184093475342,4.382742404937744,3248907878400.0,2285.151123481644,25.566473764057235,8.573921543685488,wandb
64600,1780350216.8123295,0.29294949769973755,8.673496035645537e-06,2.6590166091918945,4.228373050689697,3251424460800.0,2980.0787289615614,33.341385545975605,11.181300419725892,wandb
64650,1780350610.38351,0.24154865741729736,8.658150147401296e-06,2.6665868759155273,3.922969341278076,3253941043200.0,3083.3068109790565,34.496310497544314,11.568613743220508,wandb
64700,1780350865.0153544,0.26719850301742554,8.642804259157053e-06,2.6726198196411133,4.3865203857421875,3256457625600.0,3313.9156632154286,37.076382821810405,12.433861641285793,wandb
64750,1780351279.8857217,0.2542700469493866,8.62745837091281e-06,2.6646647453308105,3.439283847808838,3258974208000.0,2267.0066059612445,25.363471290225224,8.505843039787283,wandb
64800,1780351541.088967,0.2707706689834595,8.612112482668568e-06,2.66709566116333,3.7472543716430664,3261490790400.0,1530.4653126115702,17.122981871792895,5.742328978081302,wandb
64850,1780351970.0300055,0.2634957730770111,8.596766594424328e-06,2.665910482406616,3.9645042419433594,3264007372800.0,2303.0610358797794,25.76685145494091,8.6411198056201,wandb
64900,1780352222.7577024,0.24133096635341644,8.581420706180084e-06,2.663097620010376,3.867460012435913,3266523955200.0,3479.6908374889967,38.93109019772338,13.055852600004886,wandb
64950,1780747842.2214193,0.2591297924518585,8.566074817935842e-06,2.666177749633789,3.832853078842163,3269040537600.0,2796.314052547957,31.285410022076462,10.491812577157981,wandb
65000,1780748152.134791,0.25891390442848206,8.550728929691602e-06,2.660074472427368,3.7949917316436768,3271557120000.0,2663.7479251829436,29.802248413002467,9.994422464224835,wandb
65050,1780748587.8749893,0.2644854485988617,8.53538304144736e-06,2.663810968399048,3.6119256019592285,3274073702400.0,2448.7724036029144,27.397083180859564,9.187831059000057,wandb
65100,1780748888.5037901,0.2546975314617157,8.520037153203116e-06,2.6655640602111816,3.861286163330078,3276590284800.0,2775.17226712638,31.048873848712773,10.41248827880617,wandb
65150,1780749327.9712908,0.25799667835235596,8.504691264958876e-06,2.6638193130493164,3.778679609298706,3279106867200.0,2570.3752546571723,28.757586680679065,9.64408679356135,wandb
65200,1780749645.446655,0.24635450541973114,8.489345376714634e-06,2.6627438068389893,3.5401997566223145,3281623449600.0,3114.8379646347594,34.84908384561976,11.686919108168972,wandb
65250,1780750064.0649796,0.25846633315086365,8.473999488470392e-06,2.6684165000915527,4.510690689086914,3284140032000.0,2235.2509472528545,25.00818615967708,8.386695328488893,wandb
65300,1780750356.895867,0.26755017042160034,8.458653600226148e-06,2.6605591773986816,3.772477626800537,3286656614400.0,2623.2986973220527,29.349698858509008,9.842656350107383,wandb
65350,1780750778.7267551,0.3011063039302826,8.443307711981908e-06,2.663273334503174,3.5651774406433105,3289173196800.0,1839.1453742737385,20.576521822336474,6.900501233559568,wandb
65400,1780751085.6464903,0.2883307933807373,8.427961823737665e-06,2.6651477813720703,3.3258283138275146,3291689779200.0,1975.1550126668976,22.098209738687334,7.410811451901391,wandb
65450,1780751503.9105062,0.2410501092672348,8.412615935493425e-06,2.665235996246338,3.6956257820129395,3294206361600.0,2314.5061526598083,25.894900438168488,8.684062056713227,wandb
65500,1780751793.5506492,0.23780743777751923,8.397270047249181e-06,2.666355609893799,3.601334571838379,3296722944000.0,3084.1915145243725,34.5062086393993,11.571933164290307,wandb
65550,1780752231.76972,0.2676067352294922,8.38192415900494e-06,2.665243148803711,3.8474111557006836,3299239526400.0,2003.8425733547667,22.419168716036605,7.518447613068166,wandb
65600,1780752585.7667248,0.27645033597946167,8.366578270760699e-06,2.6672563552856445,3.4988207817077637,3301756108800.0,1981.4704707315925,22.168867644529914,7.434507145986004,wandb
65650,1780753053.2023718,0.2798132002353668,8.351232382516457e-06,2.6654200553894043,3.509082794189453,3304272691200.0,2100.5116515131626,23.500710949780288,7.881151454977615,wandb
65700,1780753328.092768,0.2395971417427063,8.335886494272213e-06,2.6621198654174805,4.320337295532227,3306789273600.0,3095.453562538039,34.63220943300645,11.614188538605893,wandb
65750,1780753749.607114,0.26889753341674805,8.320540606027971e-06,2.665463924407959,4.1200056076049805,3309305856000.0,2457.2967210186484,27.49245400133896,9.21981442674539,wandb
65800,1780754029.7920825,0.2114994078874588,8.30519471778373e-06,2.6673686504364014,3.548004627227783,3311822438400.0,3198.873418667789,35.78927997037875,12.002221401467375,wandb
65850,1780754442.6856084,0.25943809747695923,8.289848829539489e-06,2.65950870513916,3.68896222114563,3314339020800.0,1970.9448108938402,22.051105627249726,7.395014711233194,wandb
65900,1780754804.1310167,0.2714051306247711,8.274502941295245e-06,2.6648809909820557,3.555985450744629,3316855603200.0,2718.3448999037278,30.413084216137054,10.199271138331506,wandb
65950,1780755289.1047306,0.2768039107322693,8.259157053051005e-06,2.664384603500366,3.7406086921691895,3319372185600.0,2405.977539980052,26.918290445093653,9.02726408406139,wandb
66000,1780755575.7075126,0.2704596519470215,8.243811164806762e-06,2.6673519611358643,3.8785815238952637,3321888768000.0,2752.8921913639465,30.799602381898975,10.328893097896023,wandb
66050,1780756006.6170013,0.27991774678230286,8.228465276562522e-06,2.66060471534729,3.785245418548584,3324405350400.0,2247.39963569187,25.14410676512508,8.432277391077426,wandb
66100,1780756294.6755083,0.28522369265556335,8.213119388318278e-06,2.6650662422180176,4.160829544067383,3326921932800.0,2970.3124073221666,33.232119071912166,11.144657033366835,wandb
66150,1780756717.9745426,0.25162407755851746,8.197773500074036e-06,2.665069580078125,3.6343181133270264,3329438515200.0,2315.6763484217777,25.90799269230423,8.688452648893664,wandb
66200,1780757000.530098,0.2582525610923767,8.182427611829794e-06,2.6591429710388184,4.1591877937316895,3331955097600.0,2968.7197042448793,33.21429976840048,11.138681187355285,wandb
66250,1780757409.429849,0.2688468396663666,8.167081723585554e-06,2.6608331203460693,3.68483304977417,3334471680000.0,2192.007548865713,24.52437517712418,8.22444544433734,wandb
66300,1780757692.542537,0.24067379534244537,8.15173583534131e-06,2.6673340797424316,4.339107036590576,3336988262400.0,2992.0156514010237,33.474936894608994,11.226087933084342,wandb
66350,1780758128.8817961,0.2687015235424042,8.136389947097068e-06,2.66231107711792,3.4362781047821045,3339504844800.0,2441.6848116384804,27.317786572356503,9.161238306856765,wandb
66400,1780758416.21838,0.2606123089790344,8.121044058852828e-06,2.6612513065338135,3.575526714324951,3342021427200.0,3007.240788619664,33.645277082290534,11.28321287797883,wandb
66450,1780758836.5221686,0.2586154639720917,8.105698170608586e-06,2.6635828018188477,4.147982597351074,3344538009600.0,2100.6766856909753,23.502557366821975,7.881770665706417,wandb
66500,1780759206.8004954,0.2608194649219513,8.090352282364342e-06,2.6625466346740723,3.899484872817993,3347054592000.0,3199.173111897607,35.7926329648563,12.003345854993986,wandb
66550,1780759629.603219,0.2552175223827362,8.075006394120102e-06,2.6620397567749023,3.5497562885284424,3349571174400.0,2123.352411328085,23.75625539958002,7.966850330924576,wandb
66600,1780759946.350021,0.26208972930908203,8.05966050587586e-06,2.6637659072875977,3.411376953125,3352087756800.0,2054.296377796111,22.98365036203872,7.707751049683529,wandb
66650,1780760435.968299,0.23510602116584778,8.044314617631617e-06,2.659423351287842,3.630699634552002,3354604339200.0,1953.8511573809503,21.859860313284084,7.330879064969605,wandb
66700,1780760732.03244,0.278960645198822,8.028968729387374e-06,2.6594078540802,3.6910476684570312,3357120921600.0,3267.904168924752,36.561602136393255,12.261225819478552,wandb
66750,1780761199.506804,0.21362701058387756,8.013622841143133e-06,2.6603543758392334,3.766982078552246,3359637504000.0,2047.951539828685,22.912663751234515,7.683945121759944,wandb
66800,1780761497.4334972,0.2175654172897339,7.998276952898891e-06,2.658914804458618,3.575773000717163,3362154086400.0,1949.4804420385105,21.810960361773486,7.3144800749637415,wandb
66850,1780761945.3425314,0.2277933657169342,7.982931064654651e-06,2.662383556365967,3.548750638961792,3364670668800.0,2056.6743980474316,23.010255863854795,7.716673417598109,wandb
66900,1780762306.9588745,0.2297830879688263,7.967585176410407e-06,2.660879135131836,3.4538025856018066,3367187251200.0,1901.8357102182717,21.277906869791835,7.1357163212675445,wandb
66950,1780762748.8393092,0.2297687530517578,7.952239288166165e-06,2.667332649230957,3.6017355918884277,3369703833600.0,2105.9341319147134,23.56137814220262,7.901496683377316,wandb
67000,1780763034.6824307,0.24196094274520874,7.936893399921925e-06,2.663031578063965,3.566267490386963,3372220416000.0,2870.6923382315986,32.11756088947691,10.770881028890727,wandb
67050,1780763472.0591621,0.267423152923584,7.921547511677683e-06,2.65902042388916,3.4480700492858887,3374736998400.0,2162.8553202269254,24.19821745346265,8.115065841997637,wandb
67100,1780763758.9343767,0.2306273728609085,7.906201623433439e-06,2.659466505050659,4.459041595458984,3377253580800.0,3116.6372271544906,34.8692141545226,11.693669968329663,wandb
67150,1780764194.6286035,0.25956279039382935,7.890855735189197e-06,2.659041404724121,3.280320882797241,3379770163200.0,2099.225048510885,23.486316321099288,7.8763241010726395,wandb
67200,1780764497.3502638,0.254866361618042,7.875509846944956e-06,2.6636691093444824,3.741806983947754,3382286745600.0,2749.982915603628,30.76705314625575,10.317977451284472,wandb
67250,1780764942.0496163,0.2353694885969162,7.860163958700714e-06,2.6632091999053955,3.8460888862609863,3384803328000.0,2331.7559098522406,26.08789225396785,8.748783406341166,wandb
67300,1780765284.8720264,0.2827686667442322,7.84481807045647e-06,2.6615920066833496,3.7006094455718994,3387319910400.0,3012.901898576717,33.70861408337777,11.304453448076442,wandb
67350,1780765806.0677664,0.25678884983062744,7.82947218221223e-06,2.6664271354675293,4.1056060791015625,3389836492800.0,2138.524315975976,23.92600001653126,8.023775546409276,wandb
67400,1780766205.283147,0.23713470995426178,7.814126293967988e-06,2.6625595092773438,3.392730474472046,3392353075200.0,3003.798062480662,33.606759556423135,11.270295717486079,wandb
67450,1780766698.6572738,0.28033503890037537,7.798780405723748e-06,2.6612796783447266,3.622655153274536,3394869657600.0,2202.322245701413,24.63977692159714,8.263146342718821,wandb
67500,1780767020.3848562,0.21711954474449158,7.783434517479504e-06,2.662954330444336,3.3104989528656006,3397386240000.0,2301.125290000472,25.745194158087042,8.633856857832031,wandb
67550,1780767518.0353491,0.22531971335411072,7.768088629235262e-06,2.6688156127929688,4.293966293334961,3399902822400.0,2335.8134470217765,26.13328834025976,8.764007347110207,wandb
67600,1780767927.6189978,0.2594861388206482,7.752742740991022e-06,2.6608643531799316,3.612229585647583,3402419404800.0,2269.939863335887,25.396288834299845,8.51684866577814,wandb
67650,1780768380.7876716,0.2700263261795044,7.73739685274678e-06,2.661106586456299,3.5405774116516113,3404935987200.0,2271.864191519001,25.417818388954444,8.52406877419757,wandb
67700,1780768663.3571723,0.225889652967453,7.722050964502536e-06,2.659651756286621,3.602858304977417,3407452569600.0,3049.371723915448,34.11664172895501,11.441288783802413,wandb
67750,1780769080.022617,0.2399468719959259,7.706705076258294e-06,2.661660671234131,3.756380081176758,3409969152000.0,2343.7233025041505,26.221784506044845,8.793685244397121,wandb
67800,1780769349.2240593,0.26726752519607544,7.691359188014053e-06,2.66058349609375,3.4434256553649902,3412485734400.0,2945.609930930047,32.95574557166675,11.0519729686919,wandb
67850,1780769764.0250483,0.23328092694282532,7.676013299769811e-06,2.659419536590576,3.5647315979003906,3415002316800.0,2224.729252610244,24.89046850535238,8.347217771208168,wandb
67900,1780770123.9702709,0.26897895336151123,7.660667411525568e-06,2.663177967071533,3.7957420349121094,3417518899200.0,2827.2508301886187,31.63153343849601,10.607887834317054,wandb
67950,1780770695.4220836,0.23581700026988983,7.645321523281327e-06,2.663106918334961,3.869814872741699,3420035481600.0,329.07088271623167,3.6816742678538534,1.2346789241761773,wandb
68000,1780771157.8761973,0.25125372409820557,7.629975635037085e-06,2.6610357761383057,3.643054246902466,3422552064000.0,3234.288993246885,36.185512564806,12.135101172413584,wandb
68050,1780771585.6764538,0.28017908334732056,7.614629746792844e-06,2.6613125801086426,3.6925864219665527,3425068646400.0,2270.4851195047604,25.402389208753394,8.518894475162513,wandb
68100,1780771873.2202592,0.23551471531391144,7.599283858548603e-06,2.660170078277588,3.439742088317871,3427585228800.0,3039.813353725085,34.00970183417609,11.405425634422249,wandb
68150,1780772309.862873,0.24139857292175293,7.583937970304359e-06,2.661928653717041,4.570401191711426,3430101811200.0,2244.5203372051083,25.11189291788135,8.42147421964921,wandb
68200,1780772588.905941,0.23317837715148926,7.568592082060118e-06,2.663102149963379,4.3410773277282715,3432618393600.0,3099.3513341973307,34.675818048577455,11.628813036766456,wandb
68250,1780773011.5297365,0.2164437472820282,7.553246193815877e-06,2.661381959915161,3.741086959838867,3435134976000.0,2275.6487234312863,25.460160068176627,8.538268395116326,wandb
68300,1780773295.3074975,0.24289673566818237,7.5379003055716354e-06,2.660409927368164,3.6476712226867676,3437651558400.0,2858.9461450033764,31.986143436201726,10.72680913441475,wandb
68350,1780773733.9832985,0.2498616725206375,7.522554417327391e-06,2.661538600921631,3.5060949325561523,3440168140800.0,2232.073683229549,24.972638647541622,8.374774185865338,wandb
68400,1780774024.145681,0.236554354429245,7.50720852908315e-06,2.665017604827881,4.684952735900879,3442684723200.0,2830.4294976209653,31.667096652096493,10.619814242552536,wandb
68450,1780774443.2535994,0.24052172899246216,7.4918626408389084e-06,2.657951593399048,3.494333267211914,3445201305600.0,2174.732365197531,24.331098887655447,8.159628694188195,wandb
68500,1780774750.3276474,0.2384231984615326,7.476516752594667e-06,2.6630382537841797,4.781286239624023,3447717888000.0,2819.8922641981435,31.549205148518443,10.580278383533669,wandb
68550,1780775222.854259,0.2712074816226959,7.4611708643504235e-06,2.662567615509033,4.048810958862305,3450234470400.0,1890.2764255164723,21.148580565713722,7.092345710406871,wandb
68600,1780775595.7988827,0.2388789802789688,7.445824976106182e-06,2.6623244285583496,3.615992546081543,3452751052800.0,2141.3050988349637,23.957111662180115,8.034209085713519,wandb
68650,1780776071.7697804,0.22044691443443298,7.430479087861941e-06,2.6589975357055664,3.48252534866333,3455267635200.0,2173.5127525409284,24.31745375291274,8.155052689072406,wandb
68700,1780776359.5434306,0.24410247802734375,7.4151331996177e-06,2.657372236251831,3.9167726039886475,3457784217600.0,2711.7613054592057,30.33942637665788,10.17456939249827,wandb
68750,1780776767.6555064,0.27001842856407166,7.399787311373456e-06,2.659329414367676,3.428379535675049,3460300800000.0,2373.72739301274,26.557472935978307,8.906261045343859,wandb
68800,1780777052.9560428,0.2510838508605957,7.384441423129215e-06,2.6583986282348633,4.450347900390625,3462817382400.0,3068.8356971853977,34.33440639092288,11.514317905609762,wandb
68850,1780777527.3609366,0.2579055428504944,7.369095534884973e-06,2.656996250152588,3.468517303466797,3465333964800.0,1998.7873765089914,22.362610724662826,7.499480438119347,wandb
68900,1780777908.2252235,0.24227647483348846,7.353749646640732e-06,2.6603760719299316,4.1834516525268555,3467850547200.0,2331.0334046527437,26.0798088016143,8.746072555915681,wandb
68950,1780778604.6842113,0.23860444128513336,7.338403758396488e-06,2.6655290126800537,4.150029182434082,3470367129600.0,2062.2000476457715,23.072077322415524,7.73740573838304,wandb
69000,1780779000.0415585,0.2785285413265228,7.323057870152247e-06,2.6574208736419678,3.6460912227630615,3472883712000.0,3100.3594261685416,34.68709667110219,11.632595413074599,wandb
69050,1780779439.7633364,0.22940559685230255,7.3077119819080054e-06,2.6614789962768555,4.001355171203613,3475400294400.0,2080.52537065671,23.277102664137,7.806162627213698,wandb
69100,1780779771.8665335,0.22757676243782043,7.292366093663764e-06,2.6634418964385986,3.7543272972106934,3477916876800.0,2968.5630123851397,33.212546685954464,11.138093277129945,wandb
69150,1780780269.035062,0.22721903026103973,7.2770202054195205e-06,2.660824775695801,3.56195068359375,3480433459200.0,2381.4951328117386,26.644379098873372,8.935405722439397,wandb
69200,1780780589.9882178,0.2538222372531891,7.261674317175279e-06,2.655740261077881,3.795247793197632,3482950041600.0,2363.5476915114687,26.443581531298843,8.86806665149692,wandb
69250,1780781050.0875523,0.22323165833950043,7.246328428931038e-06,2.66159987449646,3.6897544860839844,3485466624000.0,2214.491770180714,24.77593064251476,8.308806582445335,wandb
69300,1780781388.4190507,0.24207226932048798,7.230982540686796e-06,2.6624138355255127,3.8901357650756836,3487983206400.0,2087.276294442266,23.352632599147864,7.83149219526282,wandb
69350,1780782281.3605585,0.21351176500320435,7.215636652442552e-06,2.659358024597168,3.497041940689087,3490499788800.0,2062.6546899611594,23.07716390102687,7.73911156321997,wandb
69400,1780782674.5134492,0.215005561709404,7.200290764198311e-06,2.6647911071777344,4.140982627868652,3493016371200.0,1899.3032140102564,21.249573077249856,7.126214357229331,wandb
69450,1780783126.6264207,0.25909051299095154,7.18494487595407e-06,2.6618549823760986,3.5270769596099854,3495532953600.0,2332.5425302792178,26.09669303318194,8.751734818068934,wandb
69500,1780783436.63576,0.25924113392829895,7.169598987709829e-06,2.658980131149292,3.8280768394470215,3498049536000.0,2435.913898257961,27.253221080813482,9.13958575265519,wandb
69550,1780783889.884918,0.23366840183734894,7.154253099465585e-06,2.663057804107666,3.577101945877075,3500566118400.0,2167.9604461330214,24.255334055598595,8.1342203515352,wandb
69600,1780784203.0967045,0.24933770298957825,7.138907211221344e-06,2.6622989177703857,3.658273458480835,3503082700800.0,2311.3626620421173,25.859730785895202,8.672267632417853,wandb
69650,1780784655.430629,0.2208057940006256,7.1235613229771024e-06,2.66849422454834,3.648510217666626,3505599283200.0,2298.4685247454104,25.71547003240764,8.623888634451609,wandb
69700,1780784989.8120873,0.22350424528121948,7.108215434732861e-06,2.6643543243408203,3.379399538040161,3508115865600.0,2428.650532818878,27.17195790306174,9.112333495779097,wandb
69750,1780785631.7077591,0.20443564653396606,7.0928695464886175e-06,2.6591622829437256,4.3759050369262695,3510632448000.0,2036.2518331082822,22.7817663931383,7.640047645363709,wandb
69800,1780786199.8815281,0.23468953371047974,7.077523658244375e-06,2.6541965007781982,4.214572906494141,3513149030400.0,2320.6490430689914,25.96362764175167,8.70711027434688,wandb
69850,1780786725.9540393,0.2430850714445114,7.062177770000134e-06,2.6619906425476074,3.9190428256988525,3515665612800.0,1463.003356843478,16.36821151787903,5.489210700696682,wandb
69900,1780787143.0334392,0.23710687458515167,7.046831881755893e-06,2.6678569316864014,4.383429527282715,3518182195200.0,1291.9329865546683,14.454261018564692,4.847352086518572,wandb
69950,1781092533.8628745,0.20695161819458008,7.031485993511649e-06,2.6623737812042236,3.8298676013946533,3520698777600.0,2935.1302580373213,32.83849806041263,11.012653077651686,wandb
70000,1781092804.5595787,0.23508860170841217,7.016140105267408e-06,2.656277894973755,3.792879581451416,3523215360000.0,3197.600118089948,35.775034170404034,11.997443958459884,wandb
70050,1781093203.709826,0.25797656178474426,7.000794217023167e-06,2.6600422859191895,3.607551097869873,3525731942400.0,2475.94518751793,27.7010947011135,9.289783754826976,wandb
70100,1781093466.1887465,0.21222327649593353,6.985448328778926e-06,2.6615281105041504,3.859966278076172,3528248524800.0,2887.9681200803802,32.31084387144334,10.835700023422522,wandb
70150,1781093859.1368568,0.24295969307422638,6.970102440534682e-06,2.659867763519287,3.773798942565918,3530765107200.0,2521.3077659715045,28.20861525850066,9.459984834608361,wandb
70200,1781094120.9357238,0.2598675787448883,6.954756552290441e-06,2.658935546875,3.535886764526367,3533281689600.0,3077.050110288971,34.426309974428406,11.545138507693249,wandb
70250,1781094538.287911,0.2311830371618271,6.9394106640461994e-06,2.6644601821899414,4.5089521408081055,3535798272000.0,2322.0872402950895,25.979718320075193,8.712506412070201,wandb
70300,1781094800.967359,0.24682088196277618,6.924064775801957e-06,2.6566967964172363,3.7674593925476074,3538314854400.0,2535.5198718011243,28.367621561012232,9.513308870424453,wandb
70350,1781095187.7856894,0.2004229873418808,6.908718887557714e-06,2.6589741706848145,3.561415672302246,3540831436800.0,2376.1795838770627,26.58490826520137,8.915461702519131,wandb
70400,1781095498.2031126,0.20164498686790466,6.893372999313472e-06,2.6609878540039062,3.3216633796691895,3543348019200.0,1769.8487415434397,19.801224939591414,6.640499220490982,wandb
70450,1781098244.6523283,0.19021327793598175,6.878027111069231e-06,2.661289930343628,3.6920864582061768,3545864601600.0,2314.452169294237,25.894296467479027,8.68385951030992,wandb
70500,1781098838.492915,0.22867150604724884,6.86268122282499e-06,2.6625611782073975,3.5951757431030273,3548381184000.0,1602.1320340749198,17.924795517823053,6.011223599888076,wandb
70550,1781099789.6157959,0.2446461170911789,6.847335334580746e-06,2.661343574523926,3.8469810485839844,3550897766400.0,806.4306734928305,9.022418011887375,3.025740072023958,wandb
70600,1781100722.3462365,0.2526603937149048,6.831989446336505e-06,2.6633782386779785,3.4965240955352783,3553414348800.0,662.1722700545217,7.408442179457083,2.4844803625948,wandb
70650,1781101308.482007,0.224705770611763,6.816643558092264e-06,2.6613893508911133,3.5067601203918457,3555930931200.0,1319.8238391672623,14.766306355194612,4.951998986948743,wandb
70700,1781101784.954351,0.21591876447200775,6.801297669848023e-06,2.658179759979248,4.3174638748168945,3558447513600.0,1056.1177671148214,11.815939395534109,3.962569820038214,wandb
70750,1781102533.04355,0.24199479818344116,6.785951781603779e-06,2.6615543365478516,4.115548133850098,3560964096000.0,485.99938810745243,5.437404326443822,1.8234770475765092,wandb
70800,1781103255.975183,0.2079712450504303,6.770605893359537e-06,2.663651943206787,3.5352931022644043,3563480678400.0,1287.4723591149555,14.404355122522727,4.830615744965179,wandb
70850,1781104059.1925817,0.224049910902977,6.755260005115296e-06,2.655681848526001,3.684277057647705,3565997260800.0,2321.108254109688,25.968765335667616,8.708833241110202,wandb
70900,1781104332.1022127,0.23849059641361237,6.739914116871054e-06,2.6611366271972656,3.5506906509399414,3568513843200.0,3271.372217773615,36.60040297498806,12.274237991161323,wandb
70950,1781105102.3138323,0.20877180993556976,6.724568228626811e-06,2.660447835922241,3.738689661026001,3571030425600.0,2430.958382705149,27.197778332600258,9.120992583423742,wandb
71000,1781105565.378069,0.23699074983596802,6.7092223403825694e-06,2.663477897644043,3.87447452545166,3573547008000.0,1548.0631953374404,17.319868546985052,5.8083564999708415,wandb
71050,1781106490.2283552,0.2572188973426819,6.693876452138328e-06,2.6567907333374023,3.780346155166626,3576063590400.0,409.48314458823705,4.581333796859896,1.536386945740382,wandb
71100,1781107261.8693018,0.21281763911247253,6.678530563894087e-06,2.661133289337158,4.156467437744141,3578580172800.0,794.3034211576667,8.886737235473483,2.9802384380209728,wandb
71150,1781108142.0053263,0.2204810231924057,6.663184675649843e-06,2.661238670349121,3.6296474933624268,3581096755200.0,2041.1099384530617,22.836119307290907,7.658275330022759,wandb
71200,1781108783.2296107,0.20724265277385712,6.647838787405602e-06,2.655181407928467,4.156394958496094,3583613337600.0,1144.045894164698,12.799687091799512,4.292477481313688,wandb
71250,1781109372.972595,0.200447216629982,6.63249289916136e-06,2.656686782836914,3.682164430618286,3586129920000.0,1336.1323850822507,14.948767815612252,5.013188897642116,wandb
71300,1781109951.837616,0.2268211841583252,6.617147010917119e-06,2.6634674072265625,4.3357343673706055,3588646502400.0,2465.550266665465,27.58479540321451,9.250781854722415,wandb
71350,1781110753.5467184,0.2350407987833023,6.601801122672875e-06,2.6583707332611084,3.4321041107177734,3591163084800.0,987.7625924300626,11.05117562903415,3.7061001717818214,wandb
71400,1781112350.7990215,0.24372127652168274,6.586455234428634e-06,2.6573047637939453,3.569979429244995,3593679667200.0,569.6957178366333,6.373806298366261,2.1375069413627408,wandb
71450,1781113135.2437735,0.23435808718204498,6.571109346184393e-06,2.6596131324768066,4.146091461181641,3596196249600.0,2113.9647795448986,23.65122574126762,7.931627794627976,wandb
71500,1781113549.056084,0.2259628176689148,6.555763457940151e-06,2.6585259437561035,3.893069267272949,3598712832000.0,3586.305714324656,40.12390691057347,13.455873228831353,wandb
71550,1781114087.004894,0.26975637674331665,6.540417569695908e-06,2.6582140922546387,3.5461935997009277,3601229414400.0,2241.4152753178532,25.07715320965788,8.409823980531087,wandb
71600,1781114330.8900774,0.23019705712795258,6.5250716814516664e-06,2.659696340560913,3.403073787689209,3603745996800.0,3517.4680474194106,39.353744978249956,13.19759326247329,wandb
71650,1781114840.0629952,0.20948241651058197,6.509725793207425e-06,2.6554055213928223,3.6240556240081787,3606262579200.0,2355.0639710861146,26.348664913554128,8.836235604272908,wandb
71700,1781115077.2027004,0.21239295601844788,6.494379904963184e-06,2.6553287506103516,3.6890480518341064,3608779161600.0,3559.409855679512,39.82299365483868,13.354959560801305,wandb
71750,1781115585.6006186,0.23024572432041168,6.479034016718939e-06,2.6565749645233154,3.760798215866089,3611295744000.0,2292.1945444948956,25.645276184034667,8.600348565752526,wandb
71800,1781115852.3576748,0.21427452564239502,6.463688128474698e-06,2.6550402641296387,3.570201873779297,3613812326400.0,2821.636448279473,31.568719234959715,10.586822588561246,wandb
71850,1781116370.319667,0.23933158814907074,6.448342240230457e-06,2.6586081981658936,3.5468993186950684,3616328908800.0,2251.95707710799,25.19509582453526,8.449376980133145,wandb
71900,1781116603.756534,0.21612992882728577,6.432996351986216e-06,2.657045364379883,3.449544906616211,3618845491200.0,3744.397607766426,41.89265305801907,14.049036401776013,wandb
71950,1781116994.7501106,0.22766394913196564,6.417650463741972e-06,2.663562774658203,3.598285675048828,3621362073600.0,2273.5375812873363,25.43654042233314,8.530347357893099,wandb
72000,1781117225.205848,0.196687713265419,6.402304575497731e-06,2.659064292907715,3.563035726547241,3623878656000.0,3783.7019659735815,42.33239370912547,14.196506947653791,wandb
72050,1781117606.3225675,0.20304512977600098,6.38695868725349e-06,2.65498685836792,3.4442477226257324,3626395238400.0,2318.48422470313,25.93940746156927,8.698987843128002,wandb
72100,1781118218.6756938,0.2122606635093689,6.371612799009248e-06,2.655597686767578,4.457171440124512,3628911820800.0,531.0117715988147,5.941006871485233,1.9923641905682687,wandb
72150,1781119083.2670681,0.21427105367183685,6.356266910765007e-06,2.6551156044006348,3.2782952785491943,3631428403200.0,2278.528252604416,25.49237649635994,8.549072432083278,wandb
72200,1781119340.5513623,0.21230049431324005,6.3409210225207634e-06,2.6596596240997314,3.738276243209839,3633944985600.0,3397.6662491058128,38.013391816484074,12.748095105008664,wandb
72250,1781119729.690646,0.22643281519412994,6.325575134276521e-06,2.6593594551086426,3.8413374423980713,3636461568000.0,2269.7740108453127,25.39443326190229,8.516226384727492,wandb
72300,1781119989.599765,0.22786234319210052,6.31022924603228e-06,2.6575729846954346,3.6964638233184814,3638978150400.0,3656.282037850479,40.90680823431714,13.7184254520348,wandb
72350,1781120385.6244185,0.2273089736700058,6.294883357788039e-06,2.66259765625,4.101212978363037,3641494732800.0,2380.4698561110754,26.63290821206897,8.931558868766691,wandb
72400,1781120649.3521771,0.23209789395332336,6.279537469543795e-06,2.6587600708007812,3.388262987136841,3644011315200.0,3053.6404966815194,34.16440113786544,11.4573052837214,wandb
72450,1781121059.9015841,0.2325485497713089,6.264191581299554e-06,2.6572961807250977,3.6196212768554688,3646527897600.0,2286.9653323120338,25.586771293611434,8.580728482629608,wandb
72500,1781121342.725347,0.20143404603004456,6.248845693055313e-06,2.659174680709839,3.3072359561920166,3649044480000.0,2808.538917634698,31.422182898626133,10.537680455679803,wandb
72550,1781121764.2152576,0.2555350959300995,6.2334998048110716e-06,2.6651511192321777,4.290597438812256,3651561062400.0,2330.9467636017444,26.07883945383922,8.745747477383194,wandb
72600,1781122081.1313715,0.19018618762493134,6.218153916566828e-06,2.6568338871002197,3.608410120010376,3654077644800.0,2942.091909567769,32.91638563615271,11.038773299383715,wandb
72650,1781122501.816819,0.20693479478359222,6.202808028322587e-06,2.657113552093506,3.533564567565918,3656594227200.0,2276.654203456813,25.471409468021022,8.542040971364795,wandb
72700,1781122851.6565301,0.22387541830539703,6.1874621400783446e-06,2.655829429626465,3.592139720916748,3659110809600.0,192.24666687990106,2.1508727867082453,0.7213123989593994,wandb
72750,1781123753.2947185,0.22526049613952637,6.172116251834103e-06,2.6578917503356934,3.752279281616211,3661627392000.0,906.5254048716536,10.142286758168826,3.401297016577694,wandb
72800,1781124103.1493495,0.17959165573120117,6.15677036358986e-06,2.656507730484009,3.4377222061157227,3664143974400.0,3169.3544280809165,35.45901888146185,11.891465702756726,wandb
72850,1781124523.189559,0.19457021355628967,6.141424475345618e-06,2.6555328369140625,3.562173843383789,3666660556800.0,2008.8235381743607,22.474896192907288,7.537136268333113,wandb
72900,1781124789.2341535,0.19353193044662476,6.126078587101377e-06,2.6590688228607178,3.791109323501587,3669177139200.0,3266.866590470626,36.549993616478325,12.257332809440973,wandb
72950,1781125190.1206398,0.21276068687438965,6.110732698857136e-06,2.6592626571655273,3.8659396171569824,3671693721600.0,2284.345488906584,25.55746025286533,8.570898790586813,wandb
73000,1781125461.5284266,0.2270810306072235,6.095386810612892e-06,2.6571807861328125,3.638082981109619,3674210304000.0,2998.8078181524115,33.550928259585284,11.251572245364441,wandb
73050,1781125858.8583925,0.22473551332950592,6.080040922368651e-06,2.6573805809020996,3.6890835762023926,3676726886400.0,2342.9287660053574,26.212895161116084,8.79070413144829,wandb
73100,1781126115.2866647,0.22866322100162506,6.06469503412441e-06,2.656409740447998,3.437206506729126,3679243468800.0,3124.800102401203,34.960541127907355,11.724297199595476,wandb
73150,1781126531.1448116,0.19433879852294922,6.0493491458801686e-06,2.65804386138916,4.566067695617676,3681760051200.0,2241.684235380199,25.080162358727662,8.410833122748965,wandb
73200,1781126827.9529476,0.20819894969463348,6.034003257635924e-06,2.6592540740966797,4.337352752685547,3684276633600.0,3189.785442944764,35.687602890686485,11.96812317923627,wandb
73250,1781127252.5696247,0.2039116472005844,6.018657369391683e-06,2.657611846923828,3.736671209335327,3686793216000.0,2264.950553425862,25.340467991816105,8.4981286996078,wandb
73300,1781127554.7785285,0.19610200822353363,6.0033114811474416e-06,2.6565256118774414,3.6435534954071045,3689309798400.0,2806.942106847434,31.40431763769033,10.53168919747835,wandb
73350,1781127981.135146,0.20255036652088165,5.9879655929032e-06,2.6576976776123047,3.502005100250244,3691826380800.0,2135.545975584431,23.892678079658715,8.0126007682578,wandb
73400,1781128244.2232358,0.1926470696926117,5.972619704658957e-06,2.6611037254333496,4.688838481903076,3694342963200.0,3372.364775211404,37.7303166789729,12.653163592654352,wandb
73450,1781128645.477887,0.19925197958946228,5.957273816414715e-06,2.6541590690612793,3.4908151626586914,3696859545600.0,2286.6088362925693,25.58278278447741,8.579390904177961,wandb
73500,1781128892.429661,0.1967317909002304,5.941927928170474e-06,2.659219741821289,4.7773284912109375,3699376128000.0,3485.635237631417,38.99759667456973,13.07815607915848,wandb
73550,1781129280.1171563,0.24679233133792877,5.926582039926233e-06,2.6587271690368652,4.044527053833008,3701892710400.0,2228.831170698812,24.936361129308864,8.362608229856006,wandb
73600,1781129530.502561,0.2170504331588745,5.911236151681989e-06,2.658543109893799,3.611969470977783,3704409292800.0,3100.98562639414,34.694102654852806,11.634944925782861,wandb
73650,1781129917.6929438,0.18066762387752533,5.895890263437748e-06,2.655163288116455,3.4792652130126953,3706925875200.0,2260.7073499141525,25.292994653994842,8.482208135917528,wandb
73700,1781130161.5953944,0.2036982774734497,5.880544375193506e-06,2.6535873413085938,3.9126126766204834,3709442457600.0,3449.3192895106563,38.59129062097635,12.941898093079402,wandb
73750,1781130550.1975605,0.2057689130306244,5.865198486949265e-06,2.6554880142211914,3.4222617149353027,3711959040000.0,1982.8556978547736,22.184365688636557,7.4397045390828085,wandb
73800,1781130794.6476104,0.23266640305519104,5.849852598705021e-06,2.6546194553375244,4.448341369628906,3714475622400.0,3667.3024054832244,41.0301050863536,13.759774037909406,wandb
73850,1781131177.676079,0.20806145668029785,5.83450671046078e-06,2.653150796890259,3.4612677097320557,3716992204800.0,2411.2732382111913,26.977539187331107,9.047133623842043,wandb
73900,1781131475.0567274,0.1806497871875763,5.8191608222165386e-06,2.656534194946289,4.177933692932129,3719508787200.0,3093.079091450119,34.60564363954578,11.60527948720602,wandb
73950,1781131918.8408654,0.19371791183948517,5.803814933972297e-06,2.6616666316986084,4.14563512802124,3722025369600.0,2156.31475360618,24.125041013098137,8.090525537209357,wandb
74000,1781132220.4836133,0.190629243850708,5.788469045728054e-06,2.6535747051239014,3.642366886138916,3724541952000.0,2516.9118263470123,28.15943309548173,9.443491202715101,wandb
74050,1781132666.8512166,0.2218867838382721,5.773123157483812e-06,2.657806396484375,3.99623966217041,3727058534400.0,2269.0038077418944,25.385816161162563,8.513336571045782,wandb
74100,1781132970.8313437,0.2001173496246338,5.757777269239571e-06,2.6597023010253906,3.7493762969970703,3729575116800.0,1638.726606079267,18.33421884017671,6.148526986988347,wandb
74150,1781133417.2939863,0.2063087522983551,5.742431380995329e-06,2.657059907913208,3.5576772689819336,3732091699200.0,2313.2840531107267,25.881227479851816,8.679476720739281,wandb
74200,1781133785.3136716,0.20229534804821014,5.727085492751085e-06,2.6519622802734375,3.790902614593506,3734608281600.0,2651.853287729221,29.66917015254578,9.949793604771802,wandb
74250,1781134243.0787783,0.20207925140857697,5.711739604506844e-06,2.6579413414001465,3.6874537467956543,3737124864000.0,1009.4811336170784,11.294164597135936,3.7875884664802753,wandb
74300,1781134550.4898193,0.1968245506286621,5.696393716262603e-06,2.6585640907287598,3.88383150100708,3739641446400.0,2525.6410259483087,28.257096156053294,9.476243291516413,wandb
74350,1781296610.8342843,0.18542765080928802,5.681047828018362e-06,2.6591296195983887,3.827167510986328,3742158028800.0,2125.895685239891,23.78470977402941,7.976392733070259,wandb
74400,1781296931.6550314,0.19729550182819366,5.665701939774118e-06,2.6529555320739746,3.788414239883423,3744674611200.0,3106.151257922755,34.75189619926833,11.65432645333035,wandb
74450,1781297368.689697,0.20356303453445435,5.650356051529877e-06,2.6567628383636475,3.606173038482666,3747191193600.0,2459.7782491896323,27.52021755895504,9.22912515793854,wandb
74500,1781297677.3417494,0.19588838517665863,5.6350101632856356e-06,2.6582531929016113,3.856339454650879,3749707776000.0,2969.1311336350054,33.2189028769653,11.140224876643693,wandb
74550,1781298249.2973468,0.18634167313575745,5.619664275041394e-06,2.6564130783081055,3.7680909633636475,3752224358400.0,1047.7215658519588,11.722001949953851,3.931067146034275,wandb
74600,1781298530.1166337,0.1934664249420166,5.604318386797151e-06,2.6554574966430664,3.5315966606140137,3754740940800.0,2622.531438900416,29.341114703130636,9.839777584916213,wandb
74650,1781298968.888865,0.21249155700206757,5.5889724985529085e-06,2.6612324714660645,4.508271217346191,3757257523200.0,2251.6187096158496,25.19131013897534,8.44810742018994,wandb
74700,1781299259.2038202,0.20851826667785645,5.573626610308667e-06,2.6533188819885254,3.7635293006896973,3759774105600.0,3160.1992409185145,35.35658983421531,11.857115302189522,wandb
74750,1781299700.8198009,0.21362705528736115,5.558280722064426e-06,2.6559033393859863,3.556215763092041,3762290688000.0,2766.58891435813,30.952842535465194,10.380283409526177,wandb
74800,1781299961.8142242,0.2122391015291214,5.542934833820182e-06,2.65779447555542,3.318667411804199,3764807270400.0,3420.055655005521,38.26388647858572,12.832100494245832,wandb
74850,1781300349.0667906,0.17752182483673096,5.527588945575941e-06,2.658113956451416,3.6885645389556885,3767323852800.0,2333.7817878376163,26.110557956831027,8.756384531153092,wandb
74900,1781300605.5378535,0.18363195657730103,5.5122430573317e-06,2.659184217453003,3.591226816177368,3769840435200.0,3605.959098561703,40.34379071926698,13.52961302344923,wandb
74950,1781301061.459356,0.2111579179763794,5.496897169087459e-06,2.657947540283203,3.844569683074951,3772357017600.0,2284.8509085503447,25.563114932737165,8.57279513272704,wandb
75000,1781301435.7154016,0.20201906561851501,5.481551280843215e-06,2.6600441932678223,3.4929091930389404,3774873600000.0,2915.609562890916,32.620098789052264,10.939411134506816,wandb
75050,1781301861.57398,0.20586004853248596,5.466205392598974e-06,2.658086061477661,3.50539493560791,3777390182400.0,2449.0726610469223,27.400442487815592,9.188957629466833,wandb
75100,1781302130.380725,0.21001766622066498,5.4508595043547326e-06,2.654974937438965,4.316211700439453,3779906764800.0,3122.6592855593126,34.936589478907244,11.716264822457196,wandb
75150,1781302527.7651794,0.18329472839832306,5.4355136161104905e-06,2.658240556716919,4.109515190124512,3782423347200.0,2423.00008390403,27.108740178661737,9.091132926072925,wandb
75200,1781302774.5482833,0.21052908897399902,5.420167727866247e-06,2.660506248474121,3.5262317657470703,3784939929600.0,3633.1281920269516,40.64776095044109,13.63155187265286,wandb
75250,1781303169.9292965,0.22123515605926514,5.4048218396220055e-06,2.652564525604248,3.6794049739837646,3787456512000.0,2340.8682068265894,26.18984144198043,8.78297288227473,wandb
75300,1781303457.68121,0.17664466798305511,5.389475951377764e-06,2.6577491760253906,3.5476326942443848,3789973094400.0,3604.9808204734945,40.3328456571137,13.525942509280597,wandb
75350,1781303891.6569748,0.1795966774225235,5.374130063133523e-06,2.657163381576538,3.7359588146209717,3792489676800.0,2437.9594274153437,27.27610664273472,9.14726060896141,wandb
75400,1781304199.7122312,0.1616719663143158,5.358784174889279e-06,2.6600871086120605,3.871272563934326,3795006259200.0,3066.053540549197,34.30327937533253,11.503879211872656,wandb
75450,1781304614.0374658,0.18184798955917358,5.343438286645038e-06,2.653367042541504,3.776815414428711,3797522841600.0,2329.3415114753834,26.06087975045174,8.739724547149905,wandb
75500,1781304878.9326108,0.18871797621250153,5.328092398400797e-06,2.6578848361968994,4.152042388916016,3800039424000.0,2226.9100211977498,24.914867138031425,8.35540004789966,wandb
75550,1781305360.4939413,0.18624502420425415,5.312746510156556e-06,2.6580095291137695,3.627312183380127,3802556006400.0,2388.865666131795,26.726841280397377,8.963060074824197,wandb
75600,1781305609.4356797,0.19686326384544373,5.297400621912311e-06,2.6520256996154785,4.154126167297363,3805072588800.0,3614.0557083099616,40.434376308368535,13.55999162556358,wandb
75650,1781306004.6088583,0.1813174933195114,5.28205473366807e-06,2.6534578800201416,3.6783978939056396,3807589171200.0,2274.282156584923,25.444870796904652,8.533141015660098,wandb
75700,1781306290.0428476,0.2017359733581543,5.266708845423829e-06,2.660127639770508,4.333489894866943,3810105753600.0,3126.5122706807006,34.97969701871371,11.730721280850824,wandb
75750,1781306694.448007,0.17894090712070465,5.2513629571795875e-06,2.655036449432373,3.4301140308380127,3812622336000.0,2462.870491838075,27.554813844395913,9.240727299078944,wandb
75800,1781306953.5892682,0.2232440710067749,5.236017068935344e-06,2.6540088653564453,3.5672011375427246,3815138918400.0,3119.3074952207517,34.89908935085318,11.703688854461731,wandb
75850,1781307348.9874573,0.1677539199590683,5.2206711806911026e-06,2.6561946868896484,4.14348030090332,3817655500800.0,2175.4362873387736,24.338974431102475,8.16226982069832,wandb
75900,1781307593.9959457,0.16615600883960724,5.205325292446861e-06,2.655158758163452,3.887167453765869,3820172083200.0,3616.080185743269,40.45702634173075,13.567587495482979,wandb
75950,1781307979.8714995,0.19682465493679047,5.18997940420262e-06,2.65480637550354,3.5413503646850586,3822688665600.0,2316.647791706593,25.918861286069998,8.692097518776693,wandb
76000,1781308216.1030257,0.16334836184978485,5.174633515958376e-06,2.6563143730163574,3.394723892211914,3825205248000.0,3645.9295858800674,40.79098408204317,13.679582895817402,wandb
76050,1781308607.3417776,0.18462470173835754,5.159287627714135e-06,2.652200698852539,3.6159660816192627,3827721830400.0,1941.563582681807,21.722385836020234,7.284775899034515,wandb
76100,1781308842.7148511,0.18434108793735504,5.143941739469893e-06,2.652045726776123,3.683488368988037,3830238412800.0,3588.488359098362,40.14832653419039,13.46406254500182,wandb
76150,1781309251.6031203,0.1676403135061264,5.128595851225652e-06,2.6532788276672363,3.756098985671997,3832754995200.0,2318.328351051611,25.937663533309507,8.698403002832269,wandb
76200,1781309492.3059273,0.16315731406211853,5.113249962981408e-06,2.651740550994873,3.5671005249023438,3835271577600.0,3531.295768959584,39.50845075518558,13.249475082627374,wandb
76250,1781309894.6921556,0.19127821922302246,5.097904074737167e-06,2.655323028564453,3.5429372787475586,3837788160000.0,2278.7816606318643,25.495211647881774,8.550023222831232,wandb
76300,1781310144.0775123,0.20654448866844177,5.082558186492926e-06,2.6538867950439453,3.4470901489257812,3840304742400.0,3521.8621955675403,39.4029070980722,13.21408017272017,wandb
76350,1781310571.1269443,0.17611418664455414,5.0672122982486845e-06,2.660226345062256,3.5944032669067383,3842821324800.0,967.001509528388,10.818898789281699,3.628204275037057,wandb
76400,1781310847.6103554,0.1804184913635254,5.051866410004443e-06,2.6558642387390137,3.5583853721618652,3845337907200.0,3297.721094800273,36.89519655178575,12.37309937589398,wandb
76450,1781311250.2245524,0.18834510445594788,5.0365205217601996e-06,2.6518077850341797,3.4407291412353516,3847854489600.0,2300.6800795892054,25.74021310445686,8.63218642164188,wandb
76500,1781311493.5000205,0.19317618012428284,5.021174633515958e-06,2.6524393558502197,4.455976486206055,3850371072000.0,3368.592841832849,37.68811595326524,12.639011241624514,wandb
76550,1781311890.5924726,0.19817277789115906,5.005828745271717e-06,2.6519479751586914,3.2749834060668945,3852887654400.0,2336.2656076051517,26.13834715303289,8.765703860451127,wandb
76600,1781312140.7124403,0.1700522005558014,4.990482857027475e-06,2.6564126014709473,3.7367098331451416,3855404236800.0,3609.3232428778424,40.38142906471961,13.542235343755236,wandb
76650,1781312510.3905282,0.16522525250911713,4.975136968783231e-06,2.656039237976074,3.8372745513916016,3857920819200.0,2370.9023426274757,26.525866021313096,8.895661413612148,wandb
76700,1781312747.860424,0.1689634770154953,4.95979108053899e-06,2.654268741607666,3.6920878887176514,3860437401600.0,2973.4242524546094,33.26693467168536,11.1563327233234,wandb
76750,1781313120.774418,0.16339851915836334,4.944445192294749e-06,2.6592659950256348,4.097475051879883,3862953984000.0,2400.0725283300694,26.852224650199652,9.00510839112658,wandb
76800,1781313420.5291634,0.1807243674993515,4.929099304050508e-06,2.655529499053955,3.384871482849121,3865470566400.0,3821.83644985225,42.75904570232248,14.339588107374416,wandb
76850,1781313852.6279776,0.17383545637130737,4.913753415806264e-06,2.6540286540985107,3.6155290603637695,3867987148800.0,2268.390122335743,25.37895019432364,8.511034014129182,wandb
76900,1781314138.0559375,0.16666895151138306,4.898407527562023e-06,2.6559746265411377,3.3056838512420654,3870503731200.0,3589.455668819588,40.15914888127952,13.467691905691805,wandb
76950,1781314543.4347699,0.175861656665802,4.8830616393177815e-06,2.6618492603302,4.290190696716309,3873020313600.0,2349.1743362245165,26.282771155534526,8.814137605280456,wandb
77000,1781314776.7701647,0.16102567315101624,4.86771575107354e-06,2.653639793395996,3.6040773391723633,3875536896000.0,3288.916756869611,36.79669283691055,12.340065366945558,wandb
77050,1781315161.99028,0.14530359208583832,4.852369862829296e-06,2.6538491249084473,3.5308120250701904,3878053478400.0,2384.88381618735,26.68229198950323,8.948120113667324,wandb
77100,1781315404.3936236,0.18598459661006927,4.8370239745850545e-06,2.6526055335998535,3.5821642875671387,3880570060800.0,3709.4363135395733,41.50150299252735,13.917861097575546,wandb
77150,1781315903.0257752,0.1956673413515091,4.821678086340813e-06,2.654695987701416,3.7464287281036377,3883086643200.0,2379.7312833182746,26.624644994054215,8.928787732488347,wandb
77200,1781316151.710515,0.16174261271953583,4.806332198096572e-06,2.653395175933838,3.4327874183654785,3885603225600.0,2971.6981847252323,33.24762327259904,11.149856491122083,wandb
77250,1781316547.5103095,0.1685434728860855,4.790986309852328e-06,2.6523821353912354,3.5589828491210938,3888119808000.0,1735.5354529400706,19.417324818578866,6.5117552431811205,wandb
77300,1781316869.5140774,0.1548139601945877,4.775640421608087e-06,2.6559088230133057,3.7887463569641113,3890636390400.0,3537.8299221299185,39.58155544129717,13.273991324052805,wandb
77350,1781317288.1556973,0.16157229244709015,4.760294533363846e-06,2.656022548675537,3.8614754676818848,3893152972800.0,2292.291178974964,25.64635733918191,8.600711139781879,wandb
77400,1781317526.8622942,0.16485495865345,4.744948645119605e-06,2.6539230346679688,3.6354007720947266,3895669555200.0,3769.7523628195568,42.17632430986709,14.14416782584292,wandb
77450,1781317915.8632092,0.15671013295650482,4.729602756875361e-06,2.6540253162384033,3.6856155395507812,3898186137600.0,2341.706705038439,26.199222634460078,8.786118940235205,wandb
77500,1781318154.5974517,0.1740511953830719,4.71425686863112e-06,2.6531171798706055,3.434767484664917,3900702720000.0,3217.4444117535986,35.99705389072125,12.071900048130997,wandb
77550,1781318543.6111727,0.18433375656604767,4.698910980386878e-06,2.6549763679504395,4.564681053161621,3903219302400.0,2270.3799324731917,25.401212366900232,8.518499811830702,wandb
77600,1781318787.5453727,0.1755179911851883,4.6835650921426365e-06,2.6560988426208496,4.333357810974121,3905735884800.0,3366.323937218183,37.66273124688502,12.630498277227387,wandb
77650,1781319199.4383495,0.17163974046707153,4.668219203898393e-06,2.6544315814971924,3.732013463973999,3908252467200.0,2353.650483715618,26.332850691290105,8.830932178301165,wandb
77700,1781319438.1332357,0.19117923080921173,4.6528733156541515e-06,2.653468370437622,3.639099597930908,3910769049600.0,3333.170286640825,37.29180525912045,12.506105279313125,wandb
77750,1781319915.5777414,0.1692350059747696,4.63752742740991e-06,2.6545777320861816,3.4976112842559814,3913285632000.0,2346.2145041794784,26.24965629168684,8.803032270724735,wandb
77800,1781320171.8171885,0.1754903644323349,4.622181539165669e-06,2.658036231994629,4.673459053039551,3915802214400.0,3855.429795846075,43.134891041465515,14.465630849135016,wandb
77850,1781320558.662716,0.15805424749851227,4.606835650921425e-06,2.651008129119873,3.488431930541992,3918318796800.0,2323.0606602565053,25.990609029074356,8.716158698473704,wandb
77900,1781320808.2896545,0.14703263342380524,4.591489762677184e-06,2.656064987182617,4.774852752685547,3920835379200.0,4016.6164116615732,44.93826121773876,15.070405467186816,wandb
77950,1781321225.9159322,0.15476074814796448,4.576143874432943e-06,2.6554641723632812,4.042298316955566,3923351961600.0,2304.7879781964552,25.786172638987622,8.647599319286178,wandb
78000,1781321482.3671808,0.177547886967659,4.560797986188702e-06,2.6553890705108643,3.6096739768981934,3925868544000.0,3848.211619864461,43.05413344737821,14.438548143786155,wandb
78050,1781321881.1779482,0.17769542336463928,4.545452097944457e-06,2.652174472808838,3.476921796798706,3928385126400.0,2294.7191667579955,25.673521882181475,8.609820986630442,wandb
78100,1781322129.7220867,0.15359847247600555,4.530106209700216e-06,2.6504769325256348,3.906952142715454,3930901708800.0,2455.1928386423724,27.468915578421104,9.211920628280172,wandb
78150,1781322525.6033943,0.1845652312040329,4.514760321455975e-06,2.652459144592285,3.4181137084960938,3933418291200.0,2348.597436579447,26.276316751058335,8.811973069095263,wandb
78200,1781322785.6373932,0.15845663845539093,4.4994144332117335e-06,2.6514155864715576,4.446470260620117,3935934873600.0,3157.2990862134056,35.324142645748005,11.846233877914935,wandb
78250,1781323188.9625695,0.1698663830757141,4.48406854496749e-06,2.650038242340088,3.4544241428375244,3938451456000.0,2450.2015146386193,27.41307220207782,9.193193105199732,wandb
78300,1781323465.7646704,0.16267681121826172,4.4687226567232485e-06,2.65354585647583,4.175335884094238,3940968038400.0,3657.9916786746912,40.92593584772924,13.72484005023973,wandb
78350,1781323853.7740188,0.14254111051559448,4.453376768479007e-06,2.6586151123046875,4.143159866333008,3943484620800.0,2347.404703238019,26.262972344481554,8.807497915576157,wandb
78400,1781324096.3403773,0.16750869154930115,4.438030880234766e-06,2.6505448818206787,3.6385865211486816,3946001203200.0,3411.2942292236844,38.16586286864356,12.7992274923282,wandb
78450,1781324514.3126822,0.14935845136642456,4.422684991990522e-06,2.6546788215637207,3.9929699897766113,3948517785600.0,2356.3617659287947,26.363184757539745,8.84110495013218,wandb
78500,1781324747.3078568,0.156253844499588,4.40733910374628e-06,2.656611442565918,3.7451212406158447,3951034368000.0,3826.1194317406535,42.80696408415579,14.355657920135092,wandb
78550,1781325125.8067787,0.16953249275684357,4.391993215502039e-06,2.6539695262908936,3.552947521209717,3953550950400.0,2386.1968718767293,26.69698257319737,8.953046718454003,wandb
78600,1781325358.3881462,0.17159737646579742,4.376647327257798e-06,2.648963689804077,3.7882862091064453,3956067532800.0,3877.1972788967023,43.378427575484984,14.547302774445246,wandb
78650,1781325739.9594853,0.17645305395126343,4.361301439013554e-06,2.6548805236816406,3.6855697631835938,3958584115200.0,2304.871330891971,25.787105196349437,8.647912059859202,wandb
78700,1781325970.9654822,0.15747903287410736,4.345955550769313e-06,2.6555261611938477,3.878917694091797,3961100697600.0,3607.199883386399,40.35767273010707,13.534268466859611,wandb
78750,1781326367.662052,0.16153042018413544,4.330609662525072e-06,2.654125452041626,3.493623733520508,3963617280000.0,2217.178573732944,24.80599083933124,8.31888750997061,wandb
78800,1781326592.7654746,0.14790445566177368,4.3152637742808305e-06,2.659470319747925,4.124284267425537,3966133862400.0,3948.9893646091627,44.18164380787055,14.816667764808923,wandb
78850,1781326963.2543085,0.17286811769008636,4.299917886036587e-06,2.6563010215759277,3.5200014114379883,3968650444800.0,2390.9513541252745,26.750176142944262,8.97088560769025,wandb
78900,1781327237.7922175,0.1500338464975357,4.2845719977923455e-06,2.653409957885742,3.8230276107788086,3971167027200.0,3297.061708967238,36.88781928451119,12.370625350285183,wandb
78950,1781327642.0028498,0.17043524980545044,4.269226109548104e-06,2.6576597690582275,3.5726537704467773,3973683609600.0,2377.853180245064,26.60363261003548,8.92174106137973,wandb
79000,1781327864.860361,0.18298257887363434,4.253880221303862e-06,2.6568710803985596,3.6511316299438477,3976200192000.0,3759.962236544964,42.06679150743045,14.107435124132916,wandb
79050,1781328265.9223797,0.1522529274225235,4.2385343330596185e-06,2.6628670692443848,3.6410722732543945,3978716774400.0,2394.345278375998,26.788147668950433,8.983619662760786,wandb
79100,1781328493.4103084,0.1619776040315628,4.223188444815377e-06,2.6586790084838867,3.3684120178222656,3981233356800.0,3813.1885773581334,42.6622925366505,14.307141159108088,wandb
79150,1781328861.508899,0.14043845236301422,4.207842556571136e-06,2.6535532474517822,4.370704650878906,3983749939200.0,2388.6914694711977,26.724892352684375,8.962406486321544,wandb
79200,1781329084.3524833,0.1686570942401886,4.192496668326895e-06,2.6485424041748047,4.194357872009277,3986266521600.0,3787.720754154125,42.377356268286384,14.21158550163064,wandb
79250,1781329456.059218,0.15369519591331482,4.177150780082651e-06,2.6563003063201904,3.914156198501587,3988783104000.0,2404.036597712408,26.89657501058547,9.019981639345767,wandb
79300,1781329716.7579086,0.15647606551647186,4.16180489183841e-06,2.6621522903442383,4.379467964172363,3991299686400.0,3927.0345099305214,43.93601094343226,14.734292818319219,wandb
79350,1781330099.2972596,0.17588628828525543,4.146459003594169e-06,2.6552176475524902,3.4172422885894775,3993816268800.0,2347.6501095074495,26.265717971623875,8.808418683607123,wandb
79400,1781330321.2558057,0.1456809788942337,4.1311131153499275e-06,2.657686710357666,3.737783432006836,3996332851200.0,3870.8188352271973,43.30706498110066,14.52337075741968,wandb
79450,1781330716.4695988,0.15048687160015106,4.115767227105684e-06,2.6563823223114014,3.953897476196289,3998849433600.0,3205.1236174437686,35.85920774950207,12.025672241714668,wandb
79500,1781330940.422255,0.148100346326828,4.100421338861442e-06,2.653599739074707,3.856123924255371,4001366016000.0,3424.5387917721578,38.31404421097685,12.848921291133957,wandb
79550,1781331322.428989,0.14791886508464813,4.0850754506172005e-06,2.651709794998169,4.579694747924805,4003882598400.0,2293.3927113163895,25.658681380869098,8.60484410577094,wandb
79600,1781331542.7720492,0.14070984721183777,4.069729562372959e-06,2.6580562591552734,3.452913284301758,4006399180800.0,3963.862371547696,44.34804433069781,14.872471511571801,wandb
79650,1781331936.0729077,0.13996902108192444,4.0543836741287155e-06,2.654172897338867,4.055917739868164,4008915763200.0,2312.9960181926754,25.878004919601942,8.678396009374577,wandb
79700,1781332160.9165154,0.1397409290075302,4.039037785884474e-06,2.661757469177246,4.496633529663086,4011432345600.0,3686.468915778075,41.24454170613183,13.831687074139548,wandb
79750,1781332553.5883548,0.13914544880390167,4.023691897640233e-06,2.6566977500915527,3.3298182487487793,4013948928000.0,2464.4060771387317,27.571994109148772,9.246488838329533,wandb
79800,1781332832.7500367,0.15104207396507263,4.008346009395992e-06,2.663353443145752,3.597240447998047,4016465510400.0,3321.4193928315217,37.16033521532657,12.462015748185904,wandb
79850,1781333245.8020463,0.16499119997024536,3.993000121151748e-06,2.6544625759124756,3.3529200553894043,4018982092800.0,1724.5592128443905,19.294521669347034,6.470572224492347,wandb
79900,1781333535.3148055,0.136265829205513,3.977654232907507e-06,2.6561954021453857,4.179906845092773,4021498675200.0,3840.7112285388725,42.97021840295276,14.410406562202457,wandb
79950,1781333928.1492517,0.17189760506153107,3.962308344663265e-06,2.660315990447998,3.822603225708008,4024015257600.0,2281.6976956152803,25.527836506313452,8.560964230149978,wandb
80000,1781334148.75493,0.1532372385263443,3.946962456419024e-06,2.6547741889953613,3.686384439468384,4026531840000.0,3505.4394823701223,39.21916832395702,13.152461904658065,wandb
80050,1781334521.5019407,0.11861325800418854,3.93161656817478e-06,2.6569652557373047,4.554360389709473,4029048422400.0,2383.9003696777804,26.67128910259265,8.94443020750365,wandb
80100,1781334776.2846603,0.15303602814674377,3.916270679930539e-06,2.6567485332489014,3.7179980278015137,4031565004800.0,3914.4683110107485,43.79541919363726,14.687144250098347,wandb
80150,1781335152.418801,0.1405274122953415,3.9009247916862975e-06,2.660789966583252,3.5803306102752686,4034081587200.0,2365.3326658401616,26.463551982651097,8.87476390214894,wandb
80200,1781335379.239873,0.13201771676540375,3.885578903442056e-06,2.656585216522217,4.383822441101074,4036598169600.0,3200.23435225787,35.80450621627903,12.007327644860917,wandb
80250,1781335743.5183322,0.16002221405506134,3.8702330151978125e-06,2.6544077396392822,4.158715724945068,4039114752000.0,2401.4197078411858,26.867297014242673,9.010163029008023,wandb
80300,1781335964.3662708,0.14895862340927124,3.854887126953571e-06,2.655564546585083,4.230598449707031,4041631334400.0,3743.4066409601437,41.88156603336082,14.045318279345441,wandb
80350,1781474548.9826133,0.15476390719413757,3.83954123870933e-06,2.6556143760681152,3.8239307403564453,4044147916800.0,2327.6184205801255,26.04160165644998,8.733259484075184,wandb
80400,1781474842.276779,0.1259833127260208,3.824195350465089e-06,2.6493093967437744,3.7844228744506836,4046664499200.0,3213.3340346181694,35.95106662619704,12.056477851011522,wandb
80450,1781475228.3709147,0.16204944252967834,3.8088494622208472e-06,2.6531057357788086,3.6031265258789062,4049181081600.0,2442.645565468319,27.328535571550425,9.164843069743204,wandb
80500,1781475486.0319276,0.1568486988544464,3.7935035739766035e-06,2.6546216011047363,3.852971076965332,4051697664000.0,2995.2620098141897,33.51125744091601,11.238268318902659,wandb
80550,1781475926.7581093,0.13863369822502136,3.778157685732362e-06,2.652740955352783,3.7615506649017334,4054214246400.0,3107.07812255247,34.76226604308082,11.657804063425862,wandb
80600,1781476235.1768405,0.13116687536239624,3.7628117974881206e-06,2.6518287658691406,3.529409408569336,4056730828800.0,3230.744609378367,36.14585768323031,12.121802590583654,wandb
80650,1781477253.7410731,0.14108335971832275,3.7474659092438794e-06,2.6575205326080322,4.506203651428223,4059247411200.0,1343.7272147050605,15.033739444096154,5.041684813143939,wandb
80700,1781477579.0285509,0.13978062570095062,3.7321200209996357e-06,2.6496856212615967,3.757829189300537,4061763993600.0,3046.434146332617,34.0837758500074,11.430266948325157,wandb
80750,1781478010.5459867,0.14252999424934387,3.7167741327553945e-06,2.6522645950317383,3.5495431423187256,4064280576000.0,2386.064064011968,26.695496707008836,8.952548421338708,wandb
80800,1781478306.6002033,0.1391872614622116,3.701428244511153e-06,2.654101848602295,3.3143913745880127,4066797158400.0,3201.712918901729,35.821048551234554,12.012875249249657,wandb
80850,1781479339.0374486,0.13071735203266144,3.6860823562669116e-06,2.654541015625,3.685526132583618,4069313740800.0,515.187608716782,5.763964731469015,1.93299169233352,wandb
80900,1781480053.9402623,0.12302001565694809,3.670736468022668e-06,2.6555986404418945,3.584770917892456,4071830323200.0,1524.8415784876418,17.060063034846834,5.721228642674317,wandb
80950,1781480650.7281618,0.14038118720054626,3.6553905797784267e-06,2.654325008392334,3.8414876461029053,4074346905600.0,1169.604469639188,13.085638704627483,4.388373642681242,wandb
81000,1781481017.4157033,0.1303538978099823,3.6400446915341855e-06,2.6564016342163086,3.491211175918579,4076863488000.0,2243.221664053392,25.09736324729621,8.416601578361162,wandb
81050,1781481514.312948,0.15233375132083893,3.624698803289944e-06,2.654423236846924,3.501894474029541,4079380070400.0,2499.8059384939115,27.968050902631013,9.379309653022183,wandb
81100,1781481797.8127124,0.14985251426696777,3.6093529150457e-06,2.651334285736084,4.314693450927734,4081896652800.0,3175.085424114502,35.52313777418144,11.91296848646946,wandb
81150,1781482207.5340323,0.11518733948469162,3.594007026801459e-06,2.6546826362609863,4.106226921081543,4084413235200.0,2465.734690761313,27.586858756381616,9.251473816716663,wandb
81200,1781482609.0218682,0.15854348242282867,3.5786611385572176e-06,2.6568620204925537,3.5227267742156982,4086929817600.0,2808.7942905715686,31.42504003372913,10.538638618797597,wandb
81250,1781483049.179924,0.11576757580041885,3.5633152503129764e-06,2.6487722396850586,3.6744725704193115,4089446400000.0,2336.491520227979,26.140874683525354,8.766551488025492,wandb
81300,1781483314.155411,0.11640448123216629,3.5479693620687323e-06,2.6541473865509033,3.5435121059417725,4091962982400.0,3136.5262649934225,35.09173447664758,11.768293938822513,wandb
81350,1781483755.9944823,0.1349988877773285,3.532623473824491e-06,2.6535704135894775,3.7316713333129883,4094479564800.0,2474.7770639287296,27.68802563063077,9.285400937470076,wandb
81400,1781484100.187722,0.15248721837997437,3.51727758558025e-06,2.6566309928894043,3.8670737743377686,4096996147200.0,3097.7445335785646,34.657841020519385,11.622784296566266,wandb
81450,1781484525.451359,0.14281393587589264,3.5019316973360086e-06,2.649759531021118,3.7752866744995117,4099512729600.0,2365.259037376068,26.46272822085426,8.874487647039144,wandb
81500,1781484815.2172585,0.120027095079422,3.486585809091765e-06,2.6542885303497314,4.145835876464844,4102029312000.0,3157.7612714641987,35.32931361539072,11.847968003959478,wandb
81550,1781485208.1718037,0.1668364554643631,3.4712399208475232e-06,2.654491901397705,3.625361919403076,4104545894400.0,2415.4594670542992,27.02437508749888,9.062840417714842,wandb
81600,1781485471.6812196,0.14955170452594757,3.455894032603282e-06,2.6484732627868652,4.151642799377441,4107062476800.0,3318.796711350771,37.13099242194189,12.452175407641699,wandb
81650,1781485884.6794393,0.13362476229667664,3.440548144359041e-06,2.649785041809082,3.674482822418213,4109579059200.0,2307.9623488736065,25.821687780109286,8.659509606031241,wandb
81700,1781486166.5532308,0.1204492449760437,3.425202256114797e-06,2.6564083099365234,4.330315589904785,4112095641600.0,2668.980103759677,29.860786491703845,10.014053677302382,wandb
81750,1781486565.2950451,0.12721207737922668,3.409856367870556e-06,2.6514172554016113,3.425973415374756,4114612224000.0,2470.33962357577,27.638379153775155,9.268751594216535,wandb
81800,1781486856.9538755,0.12380397319793701,3.3945104796263142e-06,2.6502742767333984,3.562650203704834,4117128806400.0,2975.9674540949827,33.29538823755555,11.165874854305578,wandb
81850,1781487249.7519155,0.127208411693573,3.379164591382073e-06,2.6525638103485107,4.1407880783081055,4119645388800.0,2200.9598213607,24.624533997046363,8.258034506006384,wandb
81900,1781487529.921685,0.11825300753116608,3.3638187031378293e-06,2.65152907371521,3.8831028938293457,4122161971200.0,3489.4889760775172,39.04071264263998,13.092615364037812,wandb
81950,1781487930.3935966,0.12181385606527328,3.348472814893588e-06,2.6510815620422363,3.536186695098877,4124678553600.0,2182.1493485344736,24.41408075609462,8.187457327738205,wandb
82000,1781488241.7168803,0.1268908828496933,3.3331269266493464e-06,2.652724266052246,3.3877272605895996,4127195136000.0,3683.741330214775,41.21402523655275,13.821453131892529,wandb
82050,1781488631.7755344,0.13154718279838562,3.3177810384051052e-06,2.648557424545288,3.6079494953155518,4129711718400.0,2366.6312911136397,26.478081117570255,8.879636363797117,wandb
82100,1781488891.8173056,0.13685376942157745,3.3024351501608615e-06,2.6484642028808594,3.6757588386535645,4132228300800.0,3630.616537815169,40.6196603400044,13.622128108099432,wandb
82150,1781489314.7285569,0.11443188041448593,3.2870892619166203e-06,2.649646759033203,3.7523345947265625,4134744883200.0,2216.3921935434046,24.797192747914945,8.315936999617339,wandb
82200,1781489585.55217,0.11098746210336685,3.271743373672379e-06,2.648120880126953,3.56280255317688,4137261465600.0,2895.4664567803766,32.39473592853514,10.863833896019951,wandb
82250,1781490025.3930595,0.11019372940063477,3.2563974854281374e-06,2.6516733169555664,3.5397706031799316,4139778048000.0,2133.6516233284,23.871483898339143,8.005493129969718,wandb
82300,1781490293.3935344,0.12225542217493057,3.2410515971838937e-06,2.6502137184143066,3.442223310470581,4142294630400.0,3450.8966837933776,38.60893864833452,12.947816500262427,wandb
82350,1781490703.5351298,0.13306868076324463,3.2257057089396524e-06,2.6566176414489746,3.591463565826416,4144811212800.0,2290.90210447947,25.630816250332053,8.595499311286023,wandb
82400,1781490970.2740831,0.12286336719989777,3.2103598206954112e-06,2.652240037918091,3.5554442405700684,4147327795200.0,1620.3049715409409,18.12811595653128,6.079408735851675,wandb
82450,1781491386.0316455,0.12337881326675415,3.19501393245117e-06,2.64817476272583,3.4369215965270996,4149844377600.0,1934.0055442386783,21.63782583052284,7.256418024594767,wandb
82500,1781491660.624848,0.11903058737516403,3.179668044206926e-06,2.648775577545166,4.452920913696289,4152360960000.0,3549.769264512803,39.71513386447255,13.31878791707554,wandb
82550,1781492075.2525778,0.122377410531044,3.1643221559626846e-06,2.6482980251312256,3.2732691764831543,4154877542400.0,2122.433571877995,23.74597534219006,7.963402831424274,wandb
82600,1781492378.2334075,0.13428586721420288,3.1489762677184434e-06,2.6528592109680176,3.7343602180480957,4157394124800.0,3392.4462136728484,37.95498959635388,12.72850945319002,wandb
82650,1781492768.815174,0.1220710426568985,3.1336303794742022e-06,2.6524791717529297,3.832165241241455,4159910707200.0,2373.2545128690585,26.552182310923914,8.9044867918996,wandb
82700,1781493025.80738,0.12144876271486282,3.1182844912299585e-06,2.650630474090576,3.6881518363952637,4162427289600.0,2657.9273392468476,29.737127180495133,9.972583537844187,wandb
82750,1781493432.8535824,0.12368343025445938,3.102938602985717e-06,2.6557226181030273,4.093578815460205,4164943872000.0,2377.9566082915135,26.60478977220688,8.922129124972797,wandb
82800,1781493714.7795112,0.10784592479467392,3.0875927147414756e-06,2.651876449584961,3.380415201187134,4167460454400.0,3475.232533149451,38.88121029273244,13.03912497475842,wandb
82850,1781494121.8232272,0.11351187527179718,3.0722468264972344e-06,2.6504831314086914,3.6123640537261963,4169977036800.0,2345.3830546256245,26.240353960218997,8.799912659435565,wandb
82900,1781494377.4746084,0.12529081106185913,3.0569009382529907e-06,2.652386426925659,3.3025503158569336,4172493619200.0,1810.966839026781,20.26125786683787,6.794774943538412,wandb
82950,1781494773.7600927,0.12123718857765198,3.0415550500087494e-06,2.6582860946655273,4.286680221557617,4175010201600.0,2351.5677905708194,26.3095493353763,8.823117882152616,wandb
83000,1781495030.8091352,0.13599355518817902,3.026209161764508e-06,2.650120496749878,3.6011977195739746,4177526784000.0,3468.9457809340774,38.81087355048207,13.015536985454206,wandb
83050,1781495460.2774315,0.12631694972515106,3.0108632735202666e-06,2.6503636837005615,3.5241193771362305,4180043366400.0,2215.3314405200776,24.785324948861152,8.311957038245955,wandb
83100,1781495737.324688,0.11870945990085602,2.995517385276023e-06,2.6489694118499756,3.5757737159729004,4182559948800.0,3013.0546050718476,33.710322577210505,11.30502640515355,wandb
83150,1781496124.426144,0.11401233822107315,2.9801714970317816e-06,2.651073455810547,3.743551254272461,4185076531200.0,2392.41222737528,26.766520522637617,8.976366826197903,wandb
83200,1781496385.0817466,0.11341214179992676,2.9648256087875404e-06,2.6498889923095703,3.4293458461761475,4187593113600.0,3427.4222207135363,38.346304270113755,12.859739960090304,wandb
83250,1781496783.1882627,0.10467427968978882,2.949479720543299e-06,2.6487972736358643,3.5546727180480957,4190109696000.0,2274.6232377497295,25.44868684327543,8.534420757344149,wandb
83300,1781497030.4094799,0.10209649056196213,2.934133832299055e-06,2.6523962020874023,3.785820960998535,4192626278400.0,3345.751602332204,37.43256613669904,12.553310565889477,wandb
83350,1781497424.364082,0.11095231771469116,2.918787944054814e-06,2.6524810791015625,3.8576836585998535,4195142860800.0,2215.0538228190917,24.782218937361186,8.310915412437081,wandb
83400,1781497674.2043757,0.12401089072227478,2.9034420558105726e-06,2.6504220962524414,3.6324462890625,4197659443200.0,3595.205260458351,40.223475823281724,13.48926446039614,wandb
83450,1781498049.8007014,0.1081748679280281,2.888096167566331e-06,2.6504757404327393,3.682945728302002,4200176025600.0,2391.6766347935354,26.758290647488895,8.973606871716475,wandb
83500,1781498298.899988,0.13064728677272797,2.8727502793220872e-06,2.6496760845184326,3.432020664215088,4202692608000.0,3374.2953630545353,37.75191626725983,12.66040718741275,wandb
83550,1781498688.3371868,0.10421044379472733,2.857404391077846e-06,2.6513419151306152,4.562371253967285,4205209190400.0,2244.2539233851167,25.108912256397208,8.420474630971118,wandb
83600,1781498983.7349465,0.1089046448469162,2.842058502833605e-06,2.652559280395508,4.329502105712891,4207725772800.0,977.5953068505164,10.937423134789874,3.667952362660796,wandb
83650,1781499671.3391979,0.11187878996133804,2.8267126145893636e-06,2.6509130001068115,3.726006031036377,4210242355200.0,788.9499407844147,8.826842021497171,2.960152098770031,wandb
83700,1781500504.0723174,0.11550696194171906,2.8113667263451194e-06,2.6498639583587646,3.6374495029449463,4212758937600.0,3504.703735703495,39.21093672489295,13.14970137204783,wandb
83750,1781501059.1528726,0.10825331509113312,2.7960208381008782e-06,2.651041030883789,3.495833158493042,4215275520000.0,1380.3820084926256,15.443836533110074,5.179214153284789,wandb
83800,1781501389.1981912,0.1098034456372261,2.780674949856637e-06,2.6544923782348633,4.65859317779541,4217792102400.0,3774.2472957173763,42.226614018421785,14.161032881993481,wandb
83850,1781501808.7979326,0.11018814891576767,2.765329061612396e-06,2.6475272178649902,3.485102891921997,4220308684800.0,1756.5405781969025,19.652332025879584,6.590566790529889,wandb
83900,1781502075.8208144,0.10619819909334183,2.749983173368152e-06,2.652566432952881,4.772380828857422,4222825267200.0,3831.8855766554016,42.871476225680176,14.377292582981044,wandb
83950,1781502450.7860231,0.0966511219739914,2.7346372851239104e-06,2.6519858837127686,4.039835453033447,4225341849600.0,2207.3887304467157,24.696461202993557,8.282155870037224,wandb
84000,1781502679.6295846,0.10529173910617828,2.719291396879669e-06,2.651862144470215,3.605752944946289,4227858432000.0,3152.4089841874456,35.26943174988402,11.827886141224628,wandb
84050,1781503068.87712,0.10172880440950394,2.703945508635428e-06,2.6487104892730713,3.472849130630493,4230375014400.0,2315.2633084943145,25.90337156490461,8.686902916844835,wandb
84100,1781503296.2969587,0.10915068536996841,2.6885996203911842e-06,2.64707612991333,3.9008102416992188,4232891596800.0,3676.129297088458,41.128861133743385,13.792892668585603,wandb
84150,1781503656.0162983,0.09618338197469711,2.673253732146943e-06,2.6489603519439697,3.411475896835327,4235408179200.0,2251.642003554657,25.191570753631964,8.448194819400314,wandb
84200,1781503887.163139,0.09705539047718048,2.6579078439027014e-06,2.647944450378418,4.4453959465026855,4237924761600.0,3934.083722270144,44.01487815728358,14.760741569530307,wandb
84250,1781504269.5694904,0.11977032572031021,2.64256195565846e-06,2.6466195583343506,3.4475011825561523,4240441344000.0,2454.5122193181633,27.46130074896108,9.209366934291655,wandb
84300,1781504493.2646542,0.11397933214902878,2.6272160674142164e-06,2.650084972381592,4.171490669250488,4242957926400.0,3616.8255902732376,40.465365993827824,13.570384264542403,wandb
84350,1781504879.0051029,0.10262944549322128,2.6118701791699752e-06,2.655168056488037,4.139643669128418,4245474508800.0,2357.9028438138334,26.38042647381459,8.846887097642362,wandb
84400,1781505113.248641,0.10171069949865341,2.596524290925734e-06,2.6470861434936523,3.6341052055358887,4247991091200.0,3591.773499820206,40.185080980412,13.476388442628295,wandb
84450,1781505486.2115235,0.10406826436519623,2.5811784026814924e-06,2.651223659515381,3.9883995056152344,4250507673600.0,2388.669263020228,26.724643904938283,8.962323167381967,wandb
84500,1781505724.7765963,0.10859055817127228,2.5658325144372486e-06,2.6531853675842285,3.740974187850952,4253024256000.0,3516.3074732222944,39.340760371036495,13.193238770549561,wandb
84550,1781506108.401469,0.11453479528427124,2.5504866261930074e-06,2.6505250930786133,3.548523187637329,4255540838400.0,2412.095087455737,26.986734109685592,9.050217214625631,wandb
84600,1781506341.392212,0.09882986545562744,2.535140737948766e-06,2.645458459854126,3.784926414489746,4258057420800.0,3942.8916824686535,44.113422398413235,14.793789169282425,wandb
84650,1781506715.1067228,0.11371546983718872,2.519794849704525e-06,2.6513826847076416,3.6833889484405518,4260574003200.0,2326.38815845277,26.02783737448248,8.72864352198422,wandb
84700,1781506941.5257406,0.0934908390045166,2.5044489614602834e-06,2.652048349380493,3.8721227645874023,4263090585600.0,3605.892700264577,40.34304784922044,13.529363896035141,wandb
84750,1781507326.0119565,0.09926670789718628,2.4891030732160396e-06,2.650203227996826,3.491231918334961,4265607168000.0,2227.77291508873,24.924521271536303,8.358637638816852,wandb
84800,1781507591.5768704,0.1038249060511589,2.4737571849717984e-06,2.6555733680725098,4.108980178833008,4268123750400.0,942.2112024600101,10.54154263162813,3.5351906683376875,wandb
84850,1781507968.0575116,0.09872238337993622,2.458411296727557e-06,2.65229868888855,3.514244556427002,4270640332800.0,2397.013755652155,26.81800282976225,8.993631829821325,wandb
84900,1781508193.4253166,0.09362322837114334,2.4430654084833156e-06,2.6494903564453125,3.820446491241455,4273156915200.0,3756.3295814907433,42.02614903998782,14.093805347480462,wandb
84950,1781508579.0958452,0.1080789789557457,2.427719520239072e-06,2.6537511348724365,3.5698885917663574,4275673497600.0,2392.6832699756515,26.76955297132783,8.977383782129921,wandb
85000,1781508809.3245122,0.09082017093896866,2.4123736319948306e-06,2.6529228687286377,3.647061824798584,4278190080000.0,3729.021279763393,41.72062133441116,13.991344186774006,wandb
85050,1781509186.278865,0.10279097408056259,2.3970277437505894e-06,2.658921480178833,3.636566162109375,4280706662400.0,2393.7379026329963,26.78135229518333,8.981340779795662,wandb
85100,1781509418.4555824,0.09039878845214844,2.381681855506348e-06,2.6546764373779297,3.362428665161133,4283223244800.0,2575.4434365520865,28.814289949936096,9.663102688610739,wandb
85150,1781509934.4612677,0.0975126177072525,2.366335967262104e-06,2.649627923965454,4.365178108215332,4285739827200.0,1921.0830055400727,21.493247319627883,7.207932464139459,wandb
85200,1781510163.25152,0.10331106930971146,2.350990079017863e-06,2.6446266174316406,4.182737350463867,4288256409600.0,3294.086883111156,36.854536668573616,12.359463758723875,wandb
85250,1781510537.7337763,0.09545855224132538,2.3356441907736216e-06,2.652418613433838,3.911975383758545,4290772992000.0,3285.0885015641115,36.753861976481055,12.325701695194805,wandb
85300,1781510761.4166126,0.10653991252183914,2.3202983025293804e-06,2.658264636993408,4.376564979553223,4293289574400.0,3658.1516480277965,40.927725599062185,13.7254402576697,wandb
85350,1781511135.7636828,0.09785778075456619,2.3049524142851366e-06,2.6511597633361816,3.4078474044799805,4295806156800.0,2357.2187241434062,26.372772482170134,8.844320270301946,wandb
85400,1781511362.8384318,0.094395712018013,2.289606526040895e-06,2.6536974906921387,3.7340104579925537,4298322739200.0,3762.7521725731535,42.098005559549435,14.11790300626631,wandb
85450,1781511764.074039,0.0960533395409584,2.2742606377966538e-06,2.6524572372436523,3.951164960861206,4300839321600.0,2326.2429580067433,26.02621285899389,8.728098727716766,wandb
85500,1781511989.6414382,0.09942605346441269,2.2589147495524126e-06,2.649521827697754,3.850959062576294,4303355904000.0,3892.9315487581193,43.55446398440118,14.60633799270837,wandb
85550,1781512357.9722724,0.09288424998521805,2.243568861308169e-06,2.6475133895874023,4.576474666595459,4305872486400.0,2333.07059991869,26.10260112321783,8.753716143335309,wandb
85600,1781512591.9353192,0.09205031394958496,2.2282229730639276e-06,2.6539618968963623,3.433898448944092,4308389068800.0,3595.063965007679,40.221894997228056,13.488734317730263,wandb
85650,1781512965.201967,0.1012372374534607,2.212877084819686e-06,2.650084972381592,4.043883323669434,4310905651200.0,2303.610895795191,25.773003336519693,8.643182888331047,wandb
85700,1781513190.8602703,0.09390982240438461,2.1975311965754448e-06,2.6576883792877197,4.493969917297363,4313422233600.0,3284.2303235780855,36.744260604939726,12.322481798424262,wandb
85750,1781513571.3726418,0.10818174481391907,2.182185308331201e-06,2.652656078338623,3.3246560096740723,4315938816000.0,2460.179922949074,27.524711520657153,9.230632243953211,wandb
85800,1781513800.9204922,0.08543848246335983,2.16683942008696e-06,2.659252405166626,3.588085412979126,4318455398400.0,3729.084668940086,41.721330538150994,13.991582023922762,wandb
85850,1781514180.7234967,0.09716428071260452,2.1514935318427186e-06,2.65037202835083,3.3477909564971924,4320971980800.0,1601.9976923625281,17.923292490810972,6.010719547753293,wandb
85900,1781514424.7896752,0.09639517962932587,2.136147643598477e-06,2.652179002761841,4.176598072052002,4323488563200.0,832.3513088221491,9.31242038253367,3.122994687437513,wandb
85950,1781514804.1017911,0.0957096666097641,2.120801755354233e-06,2.6562252044677734,3.8195035457611084,4326005145600.0,1634.8162603949434,18.290469545296666,6.133855310895872,wandb
86000,1781515052.8720407,0.09588532894849777,2.105455867109992e-06,2.6507456302642822,3.683263063430786,4328521728000.0,3587.6419921941215,40.138857306081285,13.4608869635886,wandb
86050,1781515425.214467,0.09389503300189972,2.0901099788657508e-06,2.6529603004455566,4.548659324645996,4331038310400.0,2416.9460088958454,27.04100664967458,9.068417945165807,wandb
86100,1781515672.2490158,0.09112141281366348,2.0747640906215096e-06,2.6527066230773926,3.7116003036499023,4333554892800.0,3766.896246063729,42.144369821888326,14.133451632619444,wandb
86150,1781516050.9388857,0.09803377836942673,2.0594182023772654e-06,2.656815528869629,3.574289560317993,4336071475200.0,2367.730908109072,26.490383730196328,8.88376214337907,wandb
86200,1781516280.7417798,0.0938396230340004,2.044072314133024e-06,2.652661085128784,4.378186225891113,4338588057600.0,3473.997147265842,38.867388685724826,13.034489788256577,wandb
86250,1782642106.7338955,0.08874083310365677,2.028726425888783e-06,2.652376890182495,3.821892499923706,4341104640000.0,2316.31408542968,25.915127750600092,8.690845447783449,wandb
86300,1782642831.390591,0.10973705351352692,2.0133805376445418e-06,2.646188497543335,3.780874013900757,4343621222400.0,892.497955824264,9.985346412140277,3.3486658157986744,wandb
86350,1782643368.8598874,0.08587662130594254,1.998034649400298e-06,2.6498687267303467,3.5998611450195312,4346137804800.0,1864.1765280312823,20.856572594143323,6.994418500675855,wandb
86400,1782644020.9628518,0.10677959024906158,1.9826887611560564e-06,2.651400089263916,3.850569725036621,4348654387200.0,899.1516014068635,10.059787989975044,3.373630394560441,wandb
86450,1782644588.6807756,0.09781729429960251,1.967342872911815e-06,2.6495165824890137,3.756903648376465,4351170969600.0,1899.7647343695562,21.254736608027475,7.1279459885909455,wandb
86500,1782645644.6588361,0.09120523184537888,1.951996984667574e-06,2.6486310958862305,3.5260252952575684,4353687552000.0,2288.494860604404,25.60388379201753,8.586467295893584,wandb
86550,1782646227.8418798,0.091031514108181,1.93665109642333e-06,2.6544148921966553,4.504765033721924,4356204134400.0,840.929672261563,9.408395874727013,3.1551808366803225,wandb
86600,1782646952.652889,0.09241247922182083,1.9213052081790886e-06,2.646533489227295,3.7541065216064453,4358720716800.0,1257.952002039233,14.074078745207185,4.719854919167717,wandb
86650,1782647572.060808,0.09152597934007645,1.9059593199348476e-06,2.649106979370117,3.5478830337524414,4361237299200.0,830.2613254234988,9.289037462612164,3.115153038146357,wandb
86700,1782675898.784576,0.089382104575634,1.8906134316906062e-06,2.647179126739502,3.7530932426452637,4363753881600.0,868.0134272349746,9.711411331273665,3.2567994945731247,wandb
86750,1782676508.0816035,0.0956047773361206,1.8752675434463624e-06,2.6460633277893066,3.7047836780548096,4366270464000.0,2463.531961868716,27.56221442985843,9.243209144628649,wandb
86800,1782677192.3867636,0.09217486530542374,1.859921655202121e-06,2.6472606658935547,3.6643800735473633,4368787046400.0,2618.62057741943,29.297359637471715,9.825103973546865,wandb
86850,1782677893.238484,0.0907919630408287,1.8445757669578798e-06,2.6472067832946777,3.904125213623047,4371303628800.0,863.0655942082954,9.656054535845273,3.23823515029581,wandb
86900,1782678466.2977,0.0931318998336792,1.8292298787136383e-06,2.645116090774536,3.5705838203430176,4373820211200.0,2361.345241475031,26.41894032464314,8.859803025681426,wandb
86950,1782679203.7178578,0.08664078265428543,1.8138839904693946e-06,2.649707794189453,3.706305742263794,4376336793600.0,917.105898601614,10.260662261906042,3.4409951889226025,wandb
87000,1782679784.288154,0.09051240235567093,1.7985381022251534e-06,2.6462230682373047,3.9788527488708496,4378853376000.0,2632.055325491944,29.447668792342547,9.875511351312506,wandb
87050,1782680453.4131074,0.08102752268314362,1.783192213980912e-06,2.6477222442626953,3.8396224975585938,4381369958400.0,1825.5205157606583,20.424085694968703,6.8493805585483765,wandb
87100,1782681165.237697,0.08868685364723206,1.7678463257366707e-06,2.645169496536255,4.379409313201904,4383886540800.0,1325.8324104673993,14.833530784653949,4.974543237255708,wandb
87150,1782684145.553008,0.08593712747097015,1.7525004374924268e-06,2.643955945968628,3.667692184448242,4386403123200.0,2548.3354380749684,28.511003254916382,9.561393068725714,wandb
87200,1782684570.062109,0.09806405007839203,1.7371545492481856e-06,2.641437530517578,3.490680456161499,4388919705600.0,3176.5839860525343,35.539903818264406,11.918591113504064,wandb
87250,1782684977.8266466,0.08023327589035034,1.7218086610039444e-06,2.644866466522217,3.8377203941345215,4391436288000.0,2377.098913238576,26.595193803763852,8.918911040174496,wandb
87300,1782685241.1594071,0.08497956395149231,1.706462772759703e-06,2.6448097229003906,3.599900245666504,4393952870400.0,3101.6820847865633,34.701894693215024,11.637558048194641,wandb
87350,1782685636.3998327,0.08820395171642303,1.6911168845154592e-06,2.6423933506011963,3.4184041023254395,4396469452800.0,2639.7408541074733,29.533655169213965,9.904347570805465,wandb
87400,1782685887.9358628,0.08611134439706802,1.6757709962712178e-06,2.647684335708618,3.7251882553100586,4398986035200.0,2805.732547845564,31.390784984129862,10.527150913827032,wandb
87450,1782686278.15294,0.08197227120399475,1.6604251080269766e-06,2.6482558250427246,4.415841102600098,4401502617600.0,2366.905310736601,26.481146873453657,8.880664489562875,wandb
87500,1782686523.5350633,0.08519339561462402,1.6450792197827351e-06,2.6443066596984863,3.616243839263916,4404019200000.0,3545.188911577359,39.66388846894888,13.301602363653123,wandb
87550,1782686915.024175,0.08151957392692566,1.6297333315384914e-06,2.642925262451172,3.4893288612365723,4406535782400.0,2304.8153380551767,25.786478743517424,8.647701973889504,wandb
87600,1782687152.7921145,0.08687230199575424,1.6143874432942502e-06,2.652855396270752,4.328151702880859,4409052364800.0,3487.8746099529976,39.022650971031496,13.08655823794572,wandb
87650,1782687515.665975,0.08310453593730927,1.5990415550500088e-06,2.6531548500061035,3.5820603370666504,4411568947200.0,2336.0808477586147,26.13628004345725,8.76501063871522,wandb
87700,1782687952.912215,0.08618631958961487,1.5836956668057675e-06,2.6529462337493896,3.949572801589966,4414085529600.0,3509.695682847602,39.26678707298587,13.16843123316029,wandb
87750,1782688337.1766512,0.0868699848651886,1.5683497785615236e-06,2.647210121154785,3.744288682937622,4416602112000.0,2399.5207538315785,26.846051348095305,9.00303812487099,wandb
87800,1782688591.140296,0.08154560625553131,1.5530038903172824e-06,2.6526389122009277,3.739650249481201,4419118694400.0,3462.3373858956033,38.73693823975467,12.990742187417728,wandb
87850,1782688961.8041694,0.09672790765762329,1.5376580020730412e-06,2.6506903171539307,3.964862823486328,4421635276800.0,2400.5413212578082,26.857469547119006,9.006867309274865,wandb
87900,1782689193.7104888,0.08302826434373856,1.5223121138287997e-06,2.649977922439575,3.398029088973999,4424151859200.0,3397.4469083013555,38.01093781207932,12.747272134996125,wandb
87950,1782689574.2929952,0.08217686414718628,1.506966225584556e-06,2.655107021331787,4.2712082862854,4426668441600.0,2509.7110618573206,28.07887030271275,9.416473825547019,wandb
88000,1782689833.7631974,0.08384225517511368,1.4916203373403146e-06,2.647341251373291,4.057084560394287,4429185024000.0,3632.498299530403,40.640713657235096,13.629188506488203,wandb
88050,1782690214.613348,0.08932536095380783,1.4762744490960734e-06,2.6483941078186035,4.066855430603027,4431701606400.0,2328.377495073358,26.050094249310376,8.736107543043325,wandb
88100,1782690455.3715637,0.08005104213953018,1.4609285608518321e-06,2.6491873264312744,3.3182592391967773,4434218188800.0,3805.801029523538,42.5796399952264,14.279422968007651,wandb
88150,1782691088.0619957,0.08441876620054245,1.4455826726075882e-06,2.6468849182128906,3.6100666522979736,4436734771200.0,2416.6914517387168,27.038158641587806,9.06746284286593,wandb
88200,1782691329.9447641,0.08131081610918045,1.430236784363347e-06,2.6482176780700684,3.644552707672119,4439251353600.0,3499.365712988848,39.15121445257425,13.129673030165534,wandb
88250,1782691718.978354,0.09120900928974152,1.4148908961191055e-06,2.650409460067749,3.646709442138672,4441767936000.0,2361.519041633638,26.42088481625665,8.860455126502622,wandb
88300,1782691960.248971,0.08431129157543182,1.3995450078748643e-06,2.6490941047668457,4.288165092468262,4444284518400.0,3441.1049362516164,38.49938770701678,12.911077715533507,wandb
88350,1782692349.170497,0.08807453513145447,1.3841991196306206e-06,2.6458818912506104,3.4293251037597656,4446801100800.0,2293.3563293690972,25.65827433641091,8.604707600154972,wandb
88400,1782692591.8913178,0.07626362890005112,1.3688532313863792e-06,2.6447548866271973,3.873478889465332,4449317683200.0,3534.3049580194515,39.542117829699656,13.260765605448514,wandb
88450,1782692963.9420538,0.08392701297998428,1.353507343142138e-06,2.652981758117676,3.551365852355957,4451834265600.0,2399.761248054293,26.848742018822616,9.003940462828455,wandb
88500,1782693195.5840533,0.09012416750192642,1.3381614548978965e-06,2.6486523151397705,3.6023740768432617,4454350848000.0,3132.034421213068,35.04147932941351,11.751440473087357,wandb
88550,1782693575.889553,0.08939231932163239,1.3228155666536528e-06,2.650719165802002,4.036746978759766,4456867430400.0,2415.0987699664056,27.02033957643808,9.061487076790973,wandb
88600,1782693812.4089055,0.07850069552659988,1.3074696784094114e-06,2.649942398071289,3.941042900085449,4459384012800.0,3609.97140928899,40.38868080810545,13.544667273923585,wandb
88650,1782694205.208805,0.08935069292783737,1.2921237901651701e-06,2.6479110717773438,3.686882257461548,4461900595200.0,2336.4398149054978,26.14029619978435,8.766357488874279,wandb
88700,1782694448.2518456,0.08221825212240219,1.276777901920929e-06,2.6512370109558105,3.670121192932129,4464417177600.0,3597.525543195932,40.24943535266514,13.497970196286762,wandb
88750,1782694820.1363537,0.07639946788549423,1.2614320136766875e-06,2.655409812927246,3.4735817909240723,4466933760000.0,2376.948837646526,26.59351474470848,8.9183479542855,wandb
88800,1782695054.7815351,0.07777941226959229,1.2460861254324438e-06,2.6498045921325684,3.6630685329437256,4469450342400.0,3538.657112610209,39.59081012187165,13.277094955233611,wandb
88850,1782695459.510282,0.0796181783080101,1.2307402371882023e-06,2.65026593208313,3.7772293090820312,4471966924800.0,2344.9385651225734,26.235380972173967,8.79824492810393,wandb
88900,1782695691.5132582,0.08205972611904144,1.2153943489439611e-06,2.6486306190490723,3.525102138519287,4474483507200.0,3850.8154370042757,43.083265184840734,14.448317705038129,wandb
88950,1782696076.9658055,0.08434657007455826,1.20004846069972e-06,2.6507105827331543,4.039764404296875,4477000089600.0,2413.969504493167,27.007705254008574,9.057250055672304,wandb
89000,1782696308.7836246,0.0903182327747345,1.184702572455476e-06,2.649186372756958,3.5636050701141357,4479516672000.0,3711.436435959257,41.52388053983365,13.925365587115829,wandb
89050,1782696694.732496,0.07750982791185379,1.1693566842112347e-06,2.6450483798980713,4.493837356567383,4482033254400.0,2434.6901464553507,27.239529636937554,9.13499421740104,wandb
89100,1782696927.7744174,0.08231750875711441,1.1540107959669933e-06,2.647252321243286,3.292719841003418,4484549836800.0,2915.8498147395,32.622786748076265,10.94031256307288,wandb
89150,1782697287.6452568,0.07498489320278168,1.1386649077227521e-06,2.644257068634033,3.4769768714904785,4487066419200.0,2356.1490003259228,26.36080431707442,8.84030665037534,wandb
89200,1782697513.6622572,0.08086025714874268,1.1233190194785081e-06,2.648179531097412,4.03436279296875,4489583001600.0,3766.3628876202984,42.13840256024393,14.131450463680705,wandb
89250,1782697877.2823417,0.07713185995817184,1.107973131234267e-06,2.6476993560791016,3.4661993980407715,4492099584000.0,2356.769823354339,26.367750140265297,8.842635987758525,wandb
89300,1782698104.4466627,0.07575366646051407,1.0926272429900257e-06,2.648334503173828,3.6862099170684814,4494616166400.0,3712.3426172182685,41.53401897625736,13.92876559289194,wandb
89350,1782698481.0391583,0.07945933938026428,1.0772813547457843e-06,2.6505565643310547,3.413081169128418,4497132748800.0,2371.697152101105,26.534758420308577,8.898643550766689,wandb
89400,1782698711.8803318,0.07899118959903717,1.0619354665015406e-06,2.6508562564849854,3.419978141784668,4499649331200.0,3429.122343532424,38.36532539523678,12.86611884659544,wandb
89450,1782699086.6885192,0.07417092472314835,1.0465895782572991e-06,2.6444292068481445,3.625230312347412,4502165913600.0,2372.188264890824,26.540253033826485,8.900486213374373,wandb
89500,1782699317.4306083,0.07237032055854797,1.031243690013058e-06,2.6499204635620117,3.5605926513671875,4504682496000.0,3667.277946832557,41.02983144079722,13.759682268682532,wandb
89550,1782699707.963897,0.07984184473752975,1.0158978017688167e-06,2.6489884853363037,4.516763687133789,4507199078400.0,2391.30323204335,26.754112984349707,8.972205858955705,wandb
89600,1782699936.5747776,0.08502623438835144,1.0005519135245727e-06,2.6484010219573975,3.300449848175049,4509715660800.0,3524.6344036677906,39.433922808558584,13.224481539400069,wandb
89650,1782700338.036966,0.07604868710041046,9.852060252803315e-07,2.6473283767700195,3.715076208114624,4512232243200.0,2359.400740796239,26.39718507831493,8.852507229753408,wandb
89700,1782700565.4776278,0.07742821425199509,9.698601370360901e-07,2.6467185020446777,3.8466296195983887,4514748825600.0,3490.7980071924353,39.05535819903754,13.097526868560301,wandb
89750,1782700935.988473,0.0773884654045105,9.54514248791849e-07,2.648355484008789,4.4030866622924805,4517265408000.0,2302.7342319406534,25.763195143439326,8.639893632302527,wandb
89800,1782701157.2367997,0.07077812403440475,9.39168360547605e-07,2.6476714611053467,3.854506731033325,4519781990400.0,3788.525224740374,42.38635675666807,14.214603887425708,wandb
89850,1782701530.9520857,0.07465658336877823,9.238224723033637e-07,2.647368907928467,3.7563250064849854,4522298572800.0,2342.142940470115,26.204103275221332,8.787755702166322,wandb
89900,1782701756.337305,0.07308971136808395,9.084765840591224e-07,2.6445395946502686,3.462124824523926,4524815155200.0,3847.8521054452935,43.050111168120175,14.437199240253214,wandb
89950,1782702119.0312948,0.07118161022663116,8.931306958148811e-07,2.6439127922058105,3.487428665161133,4527331737600.0,2291.3937195362682,25.636316483258664,8.59734385840738,wandb
90000,1782702341.8109426,0.07533173263072968,8.777848075706373e-07,2.6464195251464844,3.6530251502990723,4529848320000.0,3693.9282579996857,41.3279974895355,13.859674638864874,wandb
90050,1782702711.8781621,0.07939685136079788,8.62438919326396e-07,2.6458585262298584,3.4354615211486816,4532364902400.0,2340.8454994810536,26.189587390181437,8.782887683971175,wandb
90100,1782702934.7833018,0.07724957913160324,8.470930310821547e-07,2.64997935295105,4.123062610626221,4534881484800.0,3850.916995771038,43.08440143334494,14.448698755065562,wandb
90150,1782703294.7150042,0.0931248888373375,8.317471428379134e-07,2.65012788772583,3.662856101989746,4537398067200.0,2402.1204336602054,26.87513679695274,9.012792162868873,wandb
90200,1782703515.3408353,0.08022525906562805,8.164012545936695e-07,2.653529405593872,3.9450221061706543,4539914649600.0,3708.2423701370335,41.48814504767935,13.913381403888863,wandb
90250,1782703876.487061,0.08023571223020554,8.010553663494283e-07,2.6480557918548584,3.590132713317871,4542431232000.0,2426.3825823639513,27.146583871905445,9.10382411140373,wandb
90300,1782704135.299848,0.07914888113737106,7.85709478105187e-07,2.651038885116577,4.175507068634033,4544947814400.0,3758.8016301308844,42.05380653977074,14.103080511330655,wandb
90350,1782704499.2951105,0.07494550943374634,7.703635898609457e-07,2.6482481956481934,3.871309757232666,4547464396800.0,2386.668957886602,26.702264313412172,8.954817992296213,wandb
90400,1782704721.9459443,0.06940145790576935,7.550177016167018e-07,2.6545779705047607,3.527120590209961,4549980979200.0,3736.957149276735,41.809408547485596,14.02111968909818,wandb
90450,1782705080.1114578,0.07451941072940826,7.396718133724605e-07,2.6484873294830322,3.453505039215088,4552497561600.0,2443.8286486111447,27.341772010848,9.169282015571342,wandb
90500,1782705303.523186,0.07132477313280106,7.243259251282192e-07,2.6479084491729736,4.681194305419922,4555014144000.0,3525.2608553810924,39.44093160597597,13.226831995693992,wandb
90550,1782705666.6537895,0.07438723742961884,7.08980036883978e-07,2.6488401889801025,3.2726147174835205,4557530726400.0,2336.190973811534,26.13751214352003,8.765423833329766,wandb
90600,1782705886.668499,0.06781547516584396,6.936341486397341e-07,2.6473608016967773,3.5018439292907715,4560047308800.0,3311.286668570295,37.04696939618181,12.423997613653432,wandb
90650,1782706250.38252,0.07182702422142029,6.782882603954928e-07,2.6489710807800293,3.721266746520996,4562563891200.0,2312.5690995429377,25.873228515824636,8.676794204150069,wandb
90700,1782706468.0194302,0.06756043434143066,6.629423721512515e-07,2.6479406356811523,3.5871477127075195,4565080473600.0,3888.556139797802,43.50551152027682,14.589921392177311,wandb
90750,1782706824.6462657,0.06948837637901306,6.475964839070102e-07,2.6475939750671387,3.537461042404175,4567597056000.0,1462.6248359588128,16.363976592596625,5.487790484618009,wandb
90800,1782707087.2232056,0.07335648685693741,6.322505956627663e-07,2.64996337890625,3.622389316558838,4570113638400.0,1575.243477826477,17.623963961951247,5.910337330560787,wandb
90850,1782707471.8740482,0.07027597725391388,6.169047074185251e-07,2.647660732269287,4.128810405731201,4572630220800.0,2460.310855241771,27.526176402778827,9.231123503893786,wandb
90900,1782707688.9594402,0.07029664516448975,6.015588191742838e-07,2.649385690689087,3.71663761138916,4575146803200.0,3904.5900560909695,43.68490040008963,14.65008088837999,wandb
90950,1782708066.0396285,0.06659120321273804,5.862129309300425e-07,2.6444966793060303,3.7209792137145996,4577663385600.0,2357.003832589118,26.370368256371506,8.843513993943269,wandb
91000,1782708283.3398585,0.07021642476320267,5.708670426857986e-07,2.649155616760254,4.330857753753662,4580179968000.0,3734.278407082161,41.779438541854674,14.011069007908638,wandb
91050,1782708653.9795325,0.06661907583475113,5.555211544415573e-07,2.647549629211426,3.6069445610046387,4582696550400.0,2327.3633195329403,26.03874756327294,8.732302341091595,wandb
91100,1782708881.777357,0.06597618758678436,5.40175266197316e-07,2.648552894592285,3.4980907440185547,4585213132800.0,3377.8831579590337,37.79205683536236,12.673868648105614,wandb
91150,1782709252.8345742,0.06923534721136093,5.248293779530748e-07,2.644632339477539,4.464844703674316,4587729715200.0,2397.8895059698784,26.827800802111593,8.996917658245914,wandb
91200,1782709472.4405177,0.06300032883882523,5.094834897088309e-07,2.6505744457244873,3.53676700592041,4590246297600.0,3661.374475891699,40.96378288349377,13.737532356511636,wandb
91250,1782709841.704201,0.065028116106987,4.941376014645896e-07,2.64707612991333,3.672605514526367,4592762880000.0,2343.8810824662173,26.223549762276356,8.794277237198834,wandb
91300,1782710060.641719,0.06776841729879379,4.787917132203483e-07,2.6470863819122314,4.179422378540039,4595279462400.0,3876.7562328302924,43.373493112914986,14.545647962939917,wandb
91350,1782710422.9854546,0.06333345919847488,4.6344582497610703e-07,2.6436142921447754,3.648470878601074,4597796044800.0,2297.764286501895,25.7075909523803,8.621246321920978,wandb
91400,1782710643.4901478,0.06488411873579025,4.480999367318632e-07,2.642131805419922,3.6503584384918213,4600312627200.0,3903.4912945553797,43.672607358424266,14.64595831849629,wandb
91450,1782710992.0653412,0.062184207141399384,4.3275404848762186e-07,2.6483514308929443,3.4937329292297363,4602829209600.0,2377.809975434176,26.6031492307733,8.92157895627646,wandb
91500,1782711219.2094119,0.06520054489374161,4.174081602433806e-07,2.651045322418213,4.220450401306152,4605345792000.0,2936.7274880779696,32.856368011992544,11.01864590889817,wandb
91550,1782711582.8298469,0.06317516416311264,4.020622719991393e-07,2.6428062915802,3.4835667610168457,4607862374400.0,2293.567480356674,25.66063671241688,8.605499841850829,wandb
91600,1782711860.143119,0.06533985584974289,3.867163837548955e-07,2.6510236263275146,3.817246913909912,4610378956800.0,2988.7159007496803,33.43801899119832,11.21370721878163,wandb
91650,1782712233.5456262,0.06308259069919586,3.7137049551065416e-07,2.6436991691589355,4.613677978515625,4612895539200.0,2290.3393100132344,25.624519655849653,8.593387697944944,wandb
91700,1782712466.484639,0.06395915150642395,3.5602460726641284e-07,2.6504311561584473,4.213563919067383,4615412121600.0,3844.6270223702213,43.01402865218569,14.425098679824892,wandb
91750,1782712823.003235,0.06308326125144958,3.4067871902217153e-07,2.64821195602417,3.9351868629455566,4617928704000.0,2314.734865127887,25.89745929357834,8.684920189349278,wandb
91800,1782713043.2937856,0.0672147125005722,3.253328307779277e-07,2.6496422290802,4.261242866516113,4620445286400.0,3282.561723078288,36.725592154322875,12.316221184136653,wandb
91850,1782713402.5892394,0.06360264122486115,3.099869425336864e-07,2.646284818649292,3.689269781112671,4622961868800.0,2388.470965246782,26.722425331833783,8.961579151139741,wandb
91900,1782713625.885053,0.06350882351398468,2.9464105428944514e-07,2.6482601165771484,4.082269668579102,4625478451200.0,3960.3834574966922,44.309121931256286,14.859418573486426,wandb
91950,1782714002.4164505,0.0651879608631134,2.792951660452038e-07,2.648125648498535,4.674670219421387,4627995033600.0,2312.6409876987277,25.874032806897585,8.677063929596814,wandb
92000,1782714225.2511435,0.06329269707202911,2.6394927780095997e-07,2.6504476070404053,3.7835168838500977,4630511616000.0,3461.9664955933245,38.73278868610585,12.989350601399465,wandb
92050,1782714586.1425505,0.061052050441503525,2.486033895567187e-07,2.6498289108276367,3.5857479572296143,4633028198400.0,3130.6020195098786,35.025453491915115,11.746066080253557,wandb
92100,1782714809.6838,0.0625235065817833,2.332575013124774e-07,2.6513304710388184,4.208523750305176,4635544780800.0,3417.3061040616053,38.23312425837708,12.821784137558847,wandb
92150,1782715198.5723722,0.06348217278718948,2.1791161306823607e-07,2.6482889652252197,3.5929813385009766,4638061363200.0,2390.8158324162982,26.74865991402557,8.970377128190451,wandb
92200,1782715419.6401753,0.06274429708719254,2.0256572482399224e-07,2.647096872329712,3.5562093257904053,4640577945600.0,3903.657052943695,43.67446187799738,14.64658024647384,wandb
92250,1782715777.7246182,0.06165151670575142,1.8721983657975095e-07,2.65305233001709,3.837756633758545,4643094528000.0,2270.6835203353417,25.404608934870282,8.519638878076668,wandb
92300,1782716052.3252304,0.06158986687660217,1.7187394833550966e-07,2.648494243621826,3.408818006515503,4645611110400.0,1735.6643215348859,19.418766611865312,6.512238760096057,wandb
92350,1782716862.6369147,0.06152060255408287,1.5652806009126835e-07,2.6510672569274902,3.7077813148498535,4648127692800.0,2395.6890281894457,26.80318166123127,8.988661432364754,wandb
92400,1782717177.357722,0.060586560517549515,1.4118217184702451e-07,2.648773193359375,4.207362651824951,4650644275200.0,1992.51497764176,22.292434568946504,7.475946302794238,wandb
92450,1782717566.0501163,0.060210660099983215,1.2583628360278322e-07,2.6531994342803955,3.46641206741333,4653160857600.0,2377.807435318622,26.60312081173484,8.92156942572452,wandb
92500,1782717817.5713506,0.060354702174663544,1.1049039535854192e-07,2.6464877128601074,3.4604945182800293,4655677440000.0,3835.2859537526638,42.909519946706645,14.390050849229295,wandb
92550,1782718203.0532033,0.06023287773132324,9.514450711430062e-08,2.6507060527801514,3.9946911334991455,4658194022400.0,2392.697334998573,26.769710332053695,8.977436554308444,wandb
92600,1782718474.5761895,0.06019248068332672,7.979861887005679e-08,2.647414445877075,3.3960020542144775,4660710604800.0,3631.1764595841983,40.62592479449527,13.624228943037187,wandb
92650,1782718857.3907726,0.058601438999176025,6.445273062581548e-08,2.6485865116119385,3.403226137161255,4663227187200.0,2338.399723373056,26.162223829821976,8.77371109505856,wandb
92700,1782719094.6133115,0.05929480493068695,4.910684238157419e-08,2.651883125305176,4.2344770431518555,4665743769600.0,3272.427992549532,36.6122150769676,12.278199274073204,wandb
92750,1782719472.1363897,0.05834723263978958,3.3760954137332885e-08,2.6528820991516113,4.393196105957031,4668260352000.0,2369.844264676099,26.514028151201916,8.89169148915114,wandb
92800,1782719711.2763112,0.05661482363939285,1.8415065893089054e-08,2.6477854251861572,3.740802526473999,4670776934400.0,4016.3332652803924,44.93509335087365,15.069343097686314,wandb
92850,1782720095.1591015,0.05572390556335449,3.069177648847754e-09,2.6489431858062744,3.874016046524048,4673293516800.0,2391.585145106456,26.75726705274264,8.973263601028155,wandb
92859,1782720133.4830585,0.05618023872375488,3.069177648850285e-10,2.6524126529693604,3.4976601600646973,4673746501632.0,3739.1476065586544,41.833915578138416,14.02933831791751,wandb
