_step,_timestamp,grad_norm,lr,loss_metrics/global_avg_loss,loss_metrics/global_max_loss,n_tokens_seen,throughput(tps),tflops,mfu(%),source
1,1787724806.502106,0.28079119324684143,1.085e-06,2.564492702484131,3.469817876815796,50331648.0,196.6103716479932,2.1996943032902823,0.7376850851843806,wandb
20,1787725139.1376874,1.5560373067855835,2.17e-05,2.603658437728882,3.698112964630127,1006632960.0,2456.74068036439,27.48623296910491,9.217728153808899,wandb
40,1787725285.0930512,1.0794609785079956,2.17e-05,2.592322826385498,3.328944683074951,2013265920.0,2729.6461671713078,30.539523798240914,10.241673663880372,wandb
60,1787725527.8620842,1.0540822744369507,2.17e-05,2.5886459350585938,3.4615588188171387,3019898880.0,2673.383238882564,29.910049158598003,10.03057430681434,wandb
80,1787725845.3828232,0.9985212087631226,2.17e-05,2.586080551147461,3.3606176376342773,4026531840.0,898.3033309525193,10.050297464778282,3.3704476709984683,wandb
100,1787726215.8691623,0.9592239856719971,2.17e-05,2.579817295074463,3.1376473903656006,5033164800.0,1380.1368977827244,15.441094212714026,5.178294494197644,wandb
120,1787726497.2451563,0.8417269587516785,2.17e-05,2.572084903717041,3.0674822330474854,6039797760.0,2586.4361861047814,28.93727780843958,9.70434765103169,wandb
140,1787726739.7900262,0.8477991819381714,2.17e-05,2.5729117393493652,3.334097385406494,7046430720.0,1143.5507722680359,12.794147624036988,4.290619776476174,wandb
160,1787727014.0164945,0.7942792177200317,2.17e-05,2.5738773345947266,3.2521305084228516,8053063680.0,1817.2679333195495,20.33175506952417,6.818416744533723,wandb
180,1787727327.3431327,0.782593309879303,2.17e-05,2.5731515884399414,3.1118125915527344,9059696640.0,1864.401273948154,20.859087071425915,6.995261750751844,wandb
200,1787727710.3600857,0.734221875667572,2.17e-05,2.561939239501953,3.459907293319702,10066329600.0,2801.7192202541,31.345883518524644,10.51209284806292,wandb
220,1787728039.8504798,0.7024672031402588,2.17e-05,2.5627942085266113,3.0413553714752197,11072962560.0,1327.1699378154874,14.84849515943959,4.9795616600756265,wandb
240,1787728305.358014,0.7265755534172058,2.17e-05,2.5677638053894043,3.3118338584899902,12079595520.0,973.4269911318661,10.890787648249795,3.6523127791016274,wandb
260,1787728571.7849667,0.688353955745697,2.17e-05,2.564084529876709,3.2007830142974854,13086228480.0,725.4702167909477,8.11662523042742,2.7219752151748895,wandb
280,1787728898.0669692,0.6673600673675537,2.17e-05,2.5645503997802734,3.5022547245025635,14092861440.0,1993.908972002465,22.30803070168538,7.481176590698704,wandb
300,1787729350.399856,0.7168416976928711,2.17e-05,2.5637569427490234,3.3157334327697754,15099494400.0,1746.60143356978,19.541131992877247,6.553274969709541,wandb
320,1787729690.886657,0.6990994811058044,2.17e-05,2.560534715652466,3.121218681335449,16106127360.0,2422.4964905688785,27.103105931692863,9.089243436270197,wandb
340,1787729993.0381167,0.7068799138069153,2.17e-05,2.562715530395508,3.2254693508148193,17112760320.0,1346.0433044150107,15.059652061513956,5.050374816731533,wandb
360,1787730267.6820745,0.6424182057380676,2.17e-05,2.561962842941284,3.520230293273926,18119393280.0,1926.2594132877502,21.55116142933955,7.227354424223696,wandb
380,1787730559.1541579,0.7566323280334473,2.17e-05,2.561917781829834,3.067713975906372,19126026240.0,1138.4365459339108,12.736929205503841,4.271431121995139,wandb
400,1787730966.6071146,0.7382092475891113,2.17e-05,2.5614089965820312,3.6612088680267334,20132659200.0,2568.477391307821,28.736353216935527,9.636965981598076,wandb
420,1787731217.0052028,0.6314216256141663,2.17e-05,2.5563087463378906,3.3909196853637695,21139292160.0,1381.2120355622258,15.453122949697725,5.182328427391547,wandb
440,1787731463.0737278,0.7017923593521118,2.17e-05,2.560183048248291,3.614254951477051,22145925120.0,2628.8438197336172,29.411738180633904,9.863461733181765,wandb
460,1787731780.8142061,0.605712890625,2.17e-05,2.557119369506836,3.6531994342803955,23152558080.0,803.2070731977475,8.986352085427125,3.01364507500856,wandb
480,1787732057.8637667,0.6210492253303528,2.17e-05,2.553483486175537,3.5326366424560547,24159191040.0,1081.1802597861106,12.096340789891842,4.056604671232401,wandb
500,1787732463.3550994,0.6290785074234009,2.17e-05,2.5535526275634766,3.228292465209961,25165824000.0,950.0752893823525,10.629526734697865,3.564696841295805,wandb
520,1787732744.339114,0.6631709933280945,2.17e-05,2.5530166625976562,3.2005698680877686,26172456960.0,999.8088613751484,11.185950356085934,3.751297954881583,wandb
540,1787732967.9804072,0.6375347375869751,2.17e-05,2.555997371673584,3.280430316925049,27179089920.0,1647.154561922205,18.42851155881967,6.180148804656537,wandb
560,1787733168.5201201,0.625552773475647,2.17e-05,2.558570384979248,3.165661334991455,28185722880.0,1428.2367635316366,15.979239783520129,5.358765917271248,wandb
580,1787733439.4983442,0.5836581587791443,2.17e-05,2.5554938316345215,3.3631443977355957,29192355840.0,911.2720012278197,10.19539209985126,3.419106317826578,wandb
600,1787733851.9706156,0.6417226791381836,2.17e-05,2.558148145675659,3.01615571975708,30198988800.0,641.5104820373408,7.177276259692909,2.4069570217569907,wandb
620,1787734170.8768451,0.5415436625480652,2.17e-05,2.5488603115081787,3.2616755962371826,31205621760.0,1400.6471327143333,15.670564543094054,5.255249205568437,wandb
640,1787734443.2435303,0.5530011653900146,2.17e-05,2.551356315612793,3.242588520050049,32212254720.0,2867.4060640172793,32.0807937616408,10.75855087838336,wandb
660,1787734717.2742262,0.7564347982406616,2.17e-05,2.5483312606811523,3.3243885040283203,33218887680.0,1125.464455461016,12.591796304956356,4.222759642533977,wandb
680,1787734997.3498385,0.651703417301178,2.17e-05,2.5527493953704834,3.277367115020752,34225520640.0,3320.6411970321333,37.15162869159432,12.459095945788144,wandb
700,1787735370.0362697,0.6595535278320312,2.17e-05,2.5453968048095703,3.2413158416748047,35232153600.0,957.6828042315407,10.714640286621341,3.5932403519586726,wandb
720,1788225049.9235451,0.5576862096786499,2.17e-05,2.548185110092163,3.677112579345703,36238786560.0,2969.861150807025,33.227070373934744,11.142963912103587,wandb
740,1788225170.3270395,0.5724095702171326,2.17e-05,2.5429928302764893,3.3049614429473877,37245419520.0,3055.630809289988,34.186668932132434,11.46477296670178,wandb
760,1788225285.9542964,0.6394117474555969,2.17e-05,2.5458929538726807,3.4069325923919678,38252052480.0,3209.096655810757,35.903658455684884,12.040579141699782,wandb
780,1788225403.7774549,0.5738710761070251,2.17e-05,2.545658588409424,3.3189032077789307,39258685440.0,3104.591257410915,34.734442774963895,11.64847330783849,wandb
800,1788225634.4190998,0.5563428997993469,2.17e-05,2.5411486625671387,3.1005759239196777,40265318400.0,2779.4270730206686,31.096476995020993,10.42845237481119,wandb
820,1788225748.5799098,0.5348048210144043,2.17e-05,2.5401296615600586,3.0442585945129395,41271951360.0,2951.8539938877184,33.02560470270978,11.075400787256187,wandb
840,1788225863.899786,0.5962691307067871,2.17e-05,2.5424256324768066,3.320363759994507,42278584320.0,2099.3789604690705,23.488038301759776,7.876901581065345,wandb
860,1788225972.0884473,0.6459008455276489,2.17e-05,2.5453128814697266,3.2271738052368164,43285217280.0,3145.5751814154555,35.192974557410636,11.802245609966112,wandb
880,1788226078.3575099,0.5474355816841125,2.17e-05,2.5438029766082764,3.0915980339050293,44291850240.0,3283.508602755421,36.73618592826385,12.319773890992503,wandb
900,1788226247.6200852,0.5383046865463257,2.17e-05,2.5345544815063477,3.393296957015991,45298483200.0,2919.625869971925,32.66503358945118,10.95448037936072,wandb
920,1788226365.9023771,0.6378428339958191,2.17e-05,2.5381782054901123,3.0288898944854736,46305116160.0,3081.77024638518,34.479119276371925,11.562848529646962,wandb
940,1788226489.465685,0.5545812845230103,2.17e-05,2.542222499847412,3.2735486030578613,47311749120.0,2086.7067385471337,23.346260357198332,7.829355212938356,wandb
960,1788226610.9099576,0.5705695152282715,2.17e-05,2.540134906768799,3.182349681854248,48318382080.0,3018.3931822027575,33.770051052387615,11.325056827214038,wandb
980,1788226723.0790915,0.5579871535301208,2.17e-05,2.5406620502471924,3.477768898010254,49325015040.0,3035.5294738589473,33.96177340568813,11.389352452435546,wandb
1000,1788226909.8943396,0.5615381002426147,2.17e-05,2.5404558181762695,3.297329902648926,50331648000.0,3045.976394362495,34.07865448030265,11.428549456016677,wandb
1020,1788227021.2514958,0.7181481122970581,2.17e-05,2.5410754680633545,3.1044881343841553,51338280960.0,3311.295130261797,37.047064066338,12.424029362047802,wandb
1040,1788227134.424342,0.5518665909767151,2.17e-05,2.540073871612549,3.2062811851501465,52344913920.0,3242.0435579161935,36.27227132317971,12.164196416223449,wandb
1060,1788227241.2182205,0.5187009572982788,2.17e-05,2.53983473777771,3.50168514251709,53351546880.0,3291.4408734081294,36.82493287696582,12.349535890337203,wandb
1080,1788227348.7982001,0.606940507888794,2.17e-05,2.5396809577941895,3.0502352714538574,54358179840.0,3167.1665852766587,35.43454110181736,11.883256883497086,wandb
1100,1788227558.0241652,0.5176090598106384,2.17e-05,2.5392961502075195,3.6475532054901123,55364812800.0,2922.9631166235936,32.70237100144434,10.96700177922321,wandb
1120,1788227671.0062866,0.5184543132781982,2.17e-05,2.5365066528320312,3.366342544555664,56371445760.0,3041.036162569853,34.02338272815591,11.410013631684324,wandb
1140,1788227772.3494766,0.5745271444320679,2.17e-05,2.5395874977111816,3.6028847694396973,57378078720.0,3391.305275243179,37.9422246758509,12.724228634962445,wandb
1160,1788227890.0889297,0.5103287696838379,2.17e-05,2.537766218185425,3.6254048347473145,58384711680.0,2172.2047342567707,24.302819528155702,8.150144984706234,wandb
1180,1788228012.9166348,0.5538293123245239,2.17e-05,2.5347342491149902,3.5123913288116455,59391344640.0,3125.7226898284434,34.97086311799861,11.727758761562677,wandb
1200,1788228190.0411494,0.5875095129013062,2.17e-05,2.5348105430603027,3.2084298133850098,60397977600.0,3225.3918119931695,36.08597011058502,12.101718813914212,wandb
1220,1788228292.640227,0.5179133415222168,2.17e-05,2.5335373878479004,3.188713550567627,61404610560.0,3444.744761612065,38.54011039648245,12.924734395283272,wandb
1240,1788228393.1214378,0.5176453590393066,2.17e-05,2.5385446548461914,3.2560250759124756,62411243520.0,3435.618839253059,38.43800876645595,12.890493796700596,wandb
1260,1788228492.8212252,0.5216183662414551,2.17e-05,2.54152250289917,3.167990207672119,63417876480.0,3177.981862259922,35.5555433814488,11.923835966155938,wandb
1280,1788228607.2816496,0.47387707233428955,2.17e-05,2.538151502609253,3.3472228050231934,64424509440.0,3007.946735677588,33.65317528068528,11.285861602006943,wandb
1300,1788228778.373016,0.5591418743133545,2.17e-05,2.5418601036071777,3.0011401176452637,65431142400.0,3279.7822141357647,36.69449476136458,12.305792424586228,wandb
1320,1788228897.1300244,0.5900532007217407,2.17e-05,2.5339269638061523,3.2463090419769287,66437775360.0,3128.0023752739457,34.996368441271905,11.736312175799998,wandb
1340,1788229003.4978433,0.44019708037376404,2.17e-05,2.5329859256744385,3.2325758934020996,67444408320.0,3173.938131317073,35.51030176044749,11.908663826558039,wandb
1360,1788229108.4411924,0.5844419598579407,2.17e-05,2.531141757965088,3.3132612705230713,68451041280.0,3096.981653271044,34.64930584787066,11.61992195812541,wandb
1380,1788229212.6263587,0.5519043803215027,2.17e-05,2.535769462585449,3.260499954223633,69457674240.0,2681.3697991040285,29.999403503817863,10.060540001441323,wandb
1400,1788229431.1374302,0.5901069045066833,2.17e-05,2.528540849685669,3.221554756164551,70464307200.0,3162.1090872591285,35.37795736472957,11.864281074517075,wandb
1420,1788229537.400271,0.5657901167869568,2.17e-05,2.5392000675201416,3.185947895050049,71470940160.0,2943.8080406968397,32.93558586367212,11.045212249310543,wandb
1440,1788229644.2215416,0.5281398892402649,2.17e-05,2.540592670440674,3.406517744064331,72477573120.0,3089.969362449014,34.57085171523798,11.59361173700621,wandb
1460,1788229751.005289,0.5323382019996643,2.17e-05,2.5426669120788574,3.3031768798828125,73484206080.0,3009.540490046598,33.67100634614215,11.291841392480922,wandb
1480,1788229854.6539302,0.4854816198348999,2.17e-05,2.536303997039795,3.2355387210845947,74490839040.0,2933.2941298863248,32.817955295552345,11.005763897085453,wandb
1500,1788230037.3552995,0.5686768889427185,2.17e-05,2.5403013229370117,3.4720754623413086,75497472000.0,3210.895356875129,35.923782482975284,12.047327895271481,wandb
1520,1788230150.127277,0.48117953538894653,2.17e-05,2.5384068489074707,3.640021324157715,76504104960.0,3214.92688669582,35.96888759673803,12.062454256074686,wandb
1540,1788230277.8754535,0.5242857933044434,2.17e-05,2.5334959030151367,3.0668821334838867,77510737920.0,2807.1977094130525,31.40717734190015,10.53264822216668,wandb
1560,1788230384.0099468,0.5717498660087585,2.17e-05,2.536982536315918,3.242072105407715,78517370880.0,3230.478948653684,36.14288544744338,12.120805827530537,wandb
1580,1788230486.5363517,0.5632827281951904,2.17e-05,2.5332674980163574,3.2863032817840576,79524003840.0,3373.25900510547,37.740321402463934,12.656518756728603,wandb
1600,1788230659.6892805,0.6151692867279053,2.17e-05,2.5379114151000977,3.111539125442505,80530636800.0,3149.7404032005775,35.23957542874756,11.817873585039935,wandb
1620,1788230763.8334484,0.4588577151298523,2.17e-05,2.5354480743408203,3.3905231952667236,81537269760.0,3262.3352524296647,36.49929660394823,12.240331160643269,wandb
1640,1788230868.50861,0.5343315601348877,2.17e-05,2.5360684394836426,3.5400545597076416,82543902720.0,3389.725071198417,37.92454521262541,12.71829968550979,wandb
1660,1788230976.0873282,0.5821448564529419,2.17e-05,2.537996292114258,3.5911169052124023,83550535680.0,2638.0948881806685,29.515239956210426,9.898171881777728,wandb
1680,1788231080.773396,0.5008702278137207,2.17e-05,2.533339500427246,3.055717706680298,84557168640.0,3342.649976568162,37.397864872127315,12.541673219157566,wandb
1700,1788231284.7511578,0.5266759395599365,2.17e-05,2.5325188636779785,3.0964603424072266,85563801600.0,3041.366582889446,34.02707950004341,11.411253373716052,wandb
1720,1788231416.318597,0.5538374185562134,2.17e-05,2.537769317626953,3.419139862060547,86570434560.0,2840.791260859289,31.78302497966301,10.65869173478783,wandb
1740,1788231560.805962,0.4972466230392456,2.17e-05,2.5371930599212646,3.2373619079589844,87577067520.0,3317.0085124872517,37.11098589420755,12.445466058486286,wandb
1760,1788231678.3148117,0.5979021191596985,2.17e-05,2.5336530208587646,3.1978626251220703,88583700480.0,3071.945415948891,34.369198200691386,11.525985617397897,wandb
1780,1788231790.4030333,0.5268030762672424,2.17e-05,2.537550926208496,3.2598659992218018,89590333440.0,2985.543752968219,33.4025287200311,11.201805272374784,wandb
1800,1788232054.1493042,0.5112444162368774,2.17e-05,2.5357203483581543,3.0701730251312256,90596966400.0,3361.1509494633947,37.6048554003576,12.611089149008146,wandb
1820,1788232162.0118392,0.5266726613044739,2.17e-05,2.534166097640991,3.9051718711853027,91603599360.0,3171.9962485759766,35.48857580383878,11.901377853171809,wandb
1840,1788232264.4932222,0.5645267367362976,2.17e-05,2.535388469696045,3.2958269119262695,92610232320.0,2854.252122518204,31.933626295658215,10.709197091124219,wandb
1860,1788232374.0833595,0.4696492850780487,2.17e-05,2.5338175296783447,3.277604341506958,93616865280.0,3025.589146051064,33.850560135154325,11.352056192303106,wandb
1880,1788232482.0844133,0.4613741636276245,2.17e-05,2.533372640609741,3.1423587799072266,94623498240.0,3047.2712347087117,34.093141269119386,11.433407716560579,wandb
1900,1788232661.126469,0.41373494267463684,2.17e-05,2.530806064605713,3.3947253227233887,95630131200.0,2919.501863100055,32.66364618955292,10.954015103703732,wandb
1920,1788232768.4506557,0.5177041292190552,2.17e-05,2.5318660736083984,3.2337708473205566,96636764160.0,3200.478632829019,35.80723924900898,12.00824418925492,wandb
1940,1788232877.0285988,0.5410588383674622,2.17e-05,2.53403902053833,3.450056791305542,97643397120.0,3230.197148527286,36.13973264259638,12.119748509198326,wandb
1960,1788232991.2322664,0.5341134667396545,2.17e-05,2.531543254852295,3.2830517292022705,98650030080.0,2850.899246104501,31.896114016498984,10.69661704815841,wandb
1980,1788233098.1660469,0.5375693440437317,2.17e-05,2.5287885665893555,3.635838747024536,99656663040.0,3093.8280420002593,34.61402296483153,11.608089560986707,wandb
2000,1788233277.6653488,0.5335422158241272,2.17e-05,2.536133289337158,3.2527270317077637,100663296000.0,3218.6761476907404,36.01083466180356,12.076521539978549,wandb
2020,1788233387.16175,0.5010781288146973,2.17e-05,2.53108549118042,3.1712186336517334,101669928960.0,3196.829039050244,35.76640726961133,11.994550858251994,wandb
2040,1788233498.0495634,0.49717631936073303,2.17e-05,2.5299112796783447,4.298036575317383,102676561920.0,3078.557399028723,34.44317365474422,11.550793877819766,wandb
2060,1788233606.8884387,0.5092624425888062,2.17e-05,2.5284032821655273,3.8264102935791016,103683194880.0,3259.850878036353,36.47150120254391,12.231009750380938,wandb
2080,1788233723.017839,0.49462804198265076,2.17e-05,2.535247564315796,3.135643482208252,104689827840.0,2596.322515891617,29.047886944317145,9.741441309773252,wandb
2100,1788233913.8762846,0.4410998821258545,2.17e-05,2.528834581375122,3.5144577026367188,105696460800.0,3239.4414447508325,36.243158649934735,12.154433248309372,wandb
2120,1788234031.8885717,0.5083078742027283,2.17e-05,2.528221607208252,3.205423593521118,106703093760.0,2921.6391995339873,32.68755889943962,10.962034422298768,wandb
2140,1788234139.545637,0.47796139121055603,2.17e-05,2.533137798309326,3.20566463470459,107709726720.0,3036.254940654306,33.96988999263927,11.392074414813456,wandb
2160,1788234306.083442,0.4979005455970764,2.17e-05,2.5331616401672363,3.2811741828918457,108716359680.0,2542.496120701355,28.44567245342215,9.53948386170847,wandb
2180,1788234416.780569,0.5208475589752197,2.17e-05,2.5292649269104004,3.248981237411499,109722992640.0,3280.090842322327,36.6979477209319,12.306950402205548,wandb
2200,1788234623.8634486,0.574055016040802,2.17e-05,2.5310940742492676,3.289151191711426,110729625600.0,2934.963805805169,32.83663577805303,11.012028546361577,wandb
2220,1788234752.0453763,0.510344386100769,2.17e-05,2.525202989578247,3.3888282775878906,111736258560.0,3184.655127398176,35.63020446461507,11.94887415778697,wandb
2240,1788234901.0660512,0.5161791443824768,2.17e-05,2.531355619430542,3.1230006217956543,112742891520.0,2993.0797847047024,33.486842512539646,11.230080577318681,wandb
2260,1788235086.5208871,0.4877934455871582,2.17e-05,2.532680034637451,3.138590097427368,113749524480.0,2902.8768311681633,32.47764385546408,10.891637732692871,wandb
2280,1788235208.336357,0.4679984152317047,2.17e-05,2.527158498764038,3.3158555030822754,114756157440.0,1676.3464456654392,18.755112947312394,6.289677193547308,wandb
2300,1788235427.2554722,0.5320150256156921,2.17e-05,2.5280191898345947,3.6210830211639404,115762790400.0,1667.226492945652,18.653078106139773,6.255458993141183,wandb
2320,1788235781.3462782,0.5388918519020081,2.17e-05,2.5310332775115967,3.119701862335205,116769423360.0,2607.787274787168,29.176155685278026,9.784457258380607,wandb
2340,1788236083.8586524,0.5303194522857666,2.17e-05,2.5293467044830322,3.1013245582580566,117776056320.0,1423.5955550918798,15.9273135312083,5.341352033077131,wandb
2360,1788236359.0791237,0.5533825755119324,2.17e-05,2.5262696743011475,3.214418888092041,118782689280.0,2203.2670443953566,24.650347413313337,8.2666912416943,wandb
2380,1788236490.4346824,0.5562031269073486,2.17e-05,2.5303328037261963,3.4103612899780273,119789322240.0,2186.202333246391,24.45942590908629,8.202664187617472,wandb
2400,1788236708.007093,0.5523089170455933,2.17e-05,2.5299155712127686,3.29000186920166,120795955200.0,2455.334491222253,27.47050040006809,9.212452110900239,wandb
2420,1788236818.3729522,0.4747137129306793,2.17e-05,2.5318055152893066,3.365511417388916,121802588160.0,2693.7132076053986,30.137502654620857,10.106852656646009,wandb
2440,1788236922.6850755,0.46525850892066956,2.17e-05,2.5299673080444336,3.182501792907715,122809221120.0,2816.4512504092027,31.510706780575635,10.567367647804222,wandb
2460,1788237030.962104,0.5860362648963928,2.17e-05,2.523766040802002,3.1010477542877197,123815854080.0,3013.548699013104,33.715850544116634,11.306880253086849,wandb
2480,1788237144.6317413,0.5151930451393127,2.17e-05,2.52858829498291,3.7027039527893066,124822487040.0,2973.0128048846836,33.262331359723326,11.15478896582411,wandb
2500,1788237361.667141,0.4835815727710724,2.17e-05,2.5265750885009766,3.126216411590576,125829120000.0,3143.7130706559565,35.17214109681833,11.795258942260183,wandb
2520,1788237575.7539659,0.4756898880004883,2.17e-05,2.5253639221191406,3.1256096363067627,126835752960.0,1421.899428464187,15.908337115827354,5.334988140341741,wandb
2540,1788237822.811545,0.4974181652069092,2.17e-05,2.5241587162017822,3.7975411415100098,127842385920.0,1126.9567568423713,12.608492305375075,4.228358779865332,wandb
2560,1788238131.548262,0.4562934935092926,2.17e-05,2.5324859619140625,3.112963914871216,128849018880.0,992.822881089937,11.107790588076389,3.7250864512940756,wandb
2580,1788238449.394361,0.4780781865119934,2.17e-05,2.5269360542297363,3.300506830215454,129855651840.0,834.5267235689709,9.336759115967554,3.1311568764378657,wandb
2600,1788238924.9892275,0.5722748041152954,2.17e-05,2.524325370788574,3.4302139282226562,130862284800.0,809.780010127918,9.059890687689006,3.0383068336869146,wandb
2620,1788239255.5702667,0.4465538263320923,2.17e-05,2.524794578552246,3.2365007400512695,131868917760.0,1049.2290608500166,11.738867937905919,3.936723290045072,wandb
2640,1788239555.1144521,0.5184726119041443,2.17e-05,2.5276482105255127,3.33506441116333,132875550720.0,1006.640335351237,11.26238149378391,3.7769297484626887,wandb
2660,1788239950.500145,0.5095188617706299,2.17e-05,2.526904582977295,3.0510141849517822,133882183680.0,1186.418221730489,13.273752456624184,4.451459094581749,wandb
2680,1788240265.5680175,0.48072823882102966,2.17e-05,2.521540641784668,3.200237989425659,134888816640.0,885.5730943221818,9.907870446505683,3.322683630808965,wandb
2700,1788240670.8775127,0.528961718082428,2.17e-05,2.524986743927002,3.1817588806152344,135895449600.0,1042.2337939144193,11.660604270026905,3.9104769428049964,wandb
2720,1788240997.4607177,0.43570297956466675,2.17e-05,2.524366855621338,3.609900712966919,136902082560.0,956.6049149721232,10.702580765835922,3.58919609517055,wandb
2740,1788241286.4568086,0.4896572232246399,2.17e-05,2.525850772857666,3.444188117980957,137908715520.0,1308.7019132829846,14.641873260418393,4.910269352979855,wandb
2760,1788241624.3687751,0.4480171501636505,2.17e-05,2.520890712738037,3.329526901245117,138915348480.0,865.8382105733854,9.687074814034958,3.2486380487915567,wandb
2780,1788241930.0717092,0.42856019735336304,2.17e-05,2.527979850769043,3.0276098251342773,139921981440.0,1052.8026078970317,11.778849099713256,3.9501312925613754,wandb
2800,1788242388.6871684,0.4901096224784851,2.17e-05,2.5250442028045654,3.2632334232330322,140928614400.0,1218.981524218961,13.638073577528496,4.57363709754642,wandb
2820,1788242677.03686,0.4783738851547241,2.17e-05,2.5282485485076904,3.2547903060913086,141935247360.0,1041.3597300994495,11.650825166420185,3.9071974421642213,wandb
2840,1788243000.4879084,0.5220698714256287,2.17e-05,2.522012710571289,3.048360586166382,142941880320.0,1025.9264785218304,11.478156576803178,3.8492916490502584,wandb
2860,1788243289.062909,0.45249608159065247,2.17e-05,2.5270848274230957,3.2671658992767334,143948513280.0,1350.480988311316,15.109301263154157,5.067025073763387,wandb
2880,1788243606.8654,0.4600338041782379,2.17e-05,2.5231025218963623,3.373000144958496,144955146240.0,937.4987771107693,10.488819598206657,3.5175095772231066,wandb
2900,1788244058.4069626,0.4925616979598999,2.17e-05,2.523517608642578,3.2576100826263428,145961779200.0,1246.1987259365235,13.942582048103047,4.67575644963964,wandb
2920,1788244349.4038525,0.5276538133621216,2.17e-05,2.5206756591796875,3.9111757278442383,146968412160.0,885.1316840102814,9.902931908724783,3.321027452649054,wandb
2940,1788244622.35815,0.43651339411735535,2.17e-05,2.520922899246216,3.4075076580047607,147975045120.0,940.2175573493753,10.519237553030866,3.527710481758827,wandb
2960,1788244933.1948466,0.4577418863773346,2.17e-05,2.521909236907959,3.238163471221924,148981678080.0,905.1051705670756,10.126397050606952,3.395968276007333,wandb
2980,1788245247.773982,0.4262763261795044,2.17e-05,2.5198302268981934,3.188673734664917,149988311040.0,950.328678290253,10.6323616723085,3.565647560306927,wandb
3000,1788245666.65969,0.4875422418117523,2.17e-05,2.524233818054199,3.1190922260284424,150994944000.0,876.4850129794443,9.806192185130696,3.288585012291104,wandb
3020,1788245971.9843879,0.5086406469345093,2.17e-05,2.5205531120300293,3.305637836456299,152001576960.0,1052.1058912859246,11.77105417237746,3.9475172013091906,wandb
3040,1788246288.626379,0.5312228798866272,2.17e-05,2.5231761932373047,3.1003360748291016,153008209920.0,848.4507719268428,9.492542605896489,3.1834001162674417,wandb
3060,1788246621.6656308,0.4476938247680664,2.17e-05,2.523099422454834,3.093041181564331,154014842880.0,1143.8866906681112,12.797905908937334,4.291880147388947,wandb
3080,1788246905.0336788,0.5643739700317383,2.17e-05,2.5218443870544434,3.4511313438415527,155021475840.0,1389.62408874442,15.547237747959622,5.213890578036339,wandb
3100,1788247299.8844545,0.5473415851593018,2.17e-05,2.5261073112487793,3.029796838760376,156028108800.0,1047.2688602697629,11.716937039685503,3.9293685878495443,wandb
3120,1788247612.9011853,0.48767009377479553,2.17e-05,2.5217154026031494,3.272352695465088,157034741760.0,1061.2404123363758,11.873252005327682,3.981790062312092,wandb
3140,1788247972.646851,0.4669014513492584,2.17e-05,2.5211844444274902,3.0786075592041016,158041374720.0,929.712320837046,10.401704033729755,3.4882946756315985,wandb
3160,1788248338.623488,0.42361587285995483,2.17e-05,2.523510456085205,3.090275287628174,159048007680.0,1209.9045894499845,13.536520025010917,4.539580301141732,wandb
3180,1788248661.96465,0.48869022727012634,2.17e-05,2.5209062099456787,3.10042405128479,160054640640.0,1044.0591730303493,11.681026773728005,3.9173257928292426,wandb
3200,1788249091.8478801,0.4685644805431366,2.17e-05,2.522940158843994,3.2576279640197754,161061273600.0,1220.5148198009695,13.655228224705718,4.579390045738043,wandb
3220,1788249395.3774848,0.4781434237957001,2.17e-05,2.5201354026794434,3.0661535263061523,162067906560.0,1311.842441673533,14.677009771031265,4.922052662954231,wandb
3240,1788249703.1289918,0.49944838881492615,2.17e-05,2.5236868858337402,3.1174464225769043,163074539520.0,1037.1384304193948,11.60359689061324,3.8913590619812815,wandb
3260,1788249998.7271059,0.4754854440689087,2.17e-05,2.5183448791503906,3.0986361503601074,164081172480.0,1064.7977019899936,11.913051277973512,3.9951370668427226,wandb
3280,1788250263.7400815,0.4819298982620239,2.17e-05,2.5283725261688232,3.220996379852295,165087805440.0,1461.481517245589,16.35118504126979,5.483500735530574,wandb
3300,1788250529.3779762,0.5252009630203247,2.17e-05,2.5199830532073975,3.098649501800537,166094438400.0,1451.0240890863797,16.2341864060703,5.4442643070666294,wandb
3320,1788250641.4822078,0.5117095112800598,2.17e-05,2.5212085247039795,3.207275390625,167101071360.0,3177.735594635994,35.55278811739584,11.922911966309883,wandb
3340,1788250746.6249871,0.4356893002986908,2.17e-05,2.5183234214782715,3.1085643768310547,168107704320.0,3337.772917640567,37.343299903606486,12.523374420369404,wandb
3360,1788250853.052853,0.4088485538959503,2.17e-05,2.5197174549102783,3.086724281311035,169114337280.0,3263.750306935143,36.51512835945764,12.24564046652914,wandb
3380,1788250964.8296723,0.4961321949958801,2.17e-05,2.522779703140259,3.682084321975708,170120970240.0,3065.603305053459,34.29824210061089,11.502189921489636,wandb
3400,1788251142.7968519,0.5163075923919678,2.17e-05,2.521876811981201,3.055553913116455,171127603200.0,2744.6796809273924,30.707720085601082,10.29807963464794,wandb
3420,1788251371.8949301,0.47937706112861633,2.17e-05,2.5223422050476074,3.235332727432251,172134236160.0,1204.618448400465,13.47737820937041,4.519746620050924,wandb
3440,1788251624.4476953,0.47883835434913635,2.17e-05,2.5209877490997314,3.0065395832061768,173140869120.0,1115.9570753212997,12.485426891393617,4.187087808594293,wandb
3460,1788251849.958364,0.5021318793296814,2.17e-05,2.520535945892334,3.289638042449951,174147502080.0,3109.3091777932327,34.78722728730357,11.666175016400203,wandb
3480,1788252105.2148473,0.4819011688232422,2.17e-05,2.5220682621002197,3.727571487426758,175154135040.0,1056.5144587605928,11.820377616905912,3.9640582130871156,wandb
3500,1788252459.7900817,0.5264884233474731,2.17e-05,2.520702362060547,3.463636636734009,176160768000.0,1510.180678184249,16.896035579895383,5.666220723211396,wandb
3520,1788252693.9575698,0.47627657651901245,2.17e-05,2.5192081928253174,3.0445024967193604,177167400960.0,1187.3626852674417,13.284319198574195,4.455002736043136,wandb
3540,1788252940.147335,0.43981820344924927,2.17e-05,2.5182037353515625,3.0662708282470703,178174033920.0,1105.5889675860155,12.369427581031509,4.148186511710537,wandb
3560,1788253183.1396997,0.4844371974468231,2.17e-05,2.518808603286743,3.1066582202911377,179180666880.0,1643.1972425421304,18.384236718058805,6.165300882547837,wandb
3580,1788253431.6899192,0.5246556401252747,2.17e-05,2.5193021297454834,3.183354377746582,180187299840.0,1213.765644927256,13.57971785667591,4.554067039632579,wandb
3600,1788253772.8100743,0.501639723777771,2.17e-05,2.5193634033203125,3.151299476623535,181193932800.0,2906.7462280735476,32.52093501176778,10.906155768348034,wandb
3620,1788254011.9306445,0.4728856086730957,2.17e-05,2.5208687782287598,3.1242148876190186,182200565760.0,3096.9393190279216,34.64883220859797,11.61976311940555,wandb
3640,1788254275.8069568,0.5040366053581238,2.17e-05,2.518533706665039,3.150967597961426,183207198720.0,1584.1527843675613,17.723642074964417,5.943765183321578,wandb
3660,1788254511.653003,0.4181886911392212,2.17e-05,2.5165741443634033,3.3928592205047607,184213831680.0,1164.290784859871,13.026188727291238,4.368436617100051,wandb
3680,1788254745.9229617,0.42924633622169495,2.17e-05,2.522373676300049,3.5179924964904785,185220464640.0,1665.800474820899,18.637123688683996,6.250108551590132,wandb
3700,1788255131.8082705,0.49819135665893555,2.17e-05,2.5197412967681885,3.1103439331054688,186227097600.0,1179.7427276595806,13.19906643596137,4.42641253996172,wandb
3720,1788255392.7669873,0.439823716878891,2.17e-05,2.521099328994751,3.1032636165618896,187233730560.0,1335.804178301412,14.945095808992965,5.0119574608412405,wandb
3740,1788255634.634162,0.4362986087799072,2.17e-05,2.518059492111206,3.4038162231445312,188240363520.0,1376.2469604903563,15.3975732487361,5.163699390700153,wandb
3760,1788255874.919913,0.4761832356452942,2.17e-05,2.5168910026550293,3.0587611198425293,189246996480.0,921.6301216201815,10.311279670933555,3.4579701420487807,wandb
3780,1788256116.7241518,0.4728863537311554,2.17e-05,2.523381233215332,3.139173984527588,190253629440.0,1430.7823723281174,16.007720280866675,5.368317079939513,wandb
3800,1788256438.0260448,0.5726689100265503,2.17e-05,2.5201685428619385,3.3233985900878906,191260262400.0,1180.5408833787405,13.207996273049101,4.429407232280053,wandb
3820,1788256669.0673914,0.4801667630672455,2.17e-05,2.5176737308502197,3.19492506980896,192266895360.0,1236.1554353321294,13.830216820655496,4.6380738715389365,wandb
3840,1788256900.28083,0.47341611981391907,2.17e-05,2.515368700027466,3.3795289993286133,193273528320.0,1228.073583514092,13.739796344588232,4.6077506414017675,wandb
3860,1788257148.747758,0.4168609380722046,2.17e-05,2.513577461242676,3.158808946609497,194280161280.0,1508.6861928456347,16.879315145168842,5.660613391639405,wandb
3880,1788257423.8698835,0.4389398992061615,2.17e-05,2.514737606048584,3.2453737258911133,195286794240.0,834.6534115206713,9.338176512025123,3.1316322115468864,wandb
3900,1788257776.964864,0.4963148534297943,2.17e-05,2.521591901779175,3.2649364471435547,196293427200.0,970.2286814866268,10.855004675826615,3.6403126729865822,wandb
3920,1788258037.069,0.48426270484924316,2.17e-05,2.517484664916992,3.0298004150390625,197300060160.0,1061.4465522689768,11.875558317205444,3.9825635024539627,wandb
3940,1788258293.2991338,0.46387606859207153,2.17e-05,2.5140318870544434,3.068068504333496,198306693120.0,1031.4350459586935,11.539786918623864,3.8699598773072177,wandb
3960,1788258530.8924897,0.4666062295436859,2.17e-05,2.514341354370117,3.0615735054016113,199313326080.0,1011.4883794445805,11.31662184176169,3.795119683154327,wandb
3980,1788258778.5777006,0.45449039340019226,2.17e-05,2.516705274581909,3.2392067909240723,200319959040.0,1015.2141373023209,11.358305951640611,3.8090987829323604,wandb
4000,1788259139.5884967,0.42567354440689087,2.17e-05,2.5169379711151123,3.4293036460876465,201326592000.0,2012.38284161725,22.51471799600638,7.550490828631518,wandb
4020,1788259381.2654371,0.43785351514816284,2.17e-05,2.514373302459717,3.700824737548828,202333224960.0,3226.5949308031663,36.09943071070672,12.106232933868315,wandb
4040,1788259645.620815,0.4923735558986664,2.17e-05,2.5144708156585693,3.3235878944396973,203339857920.0,1368.527164852131,15.311203489370747,5.134734600820269,wandb
4060,1788259875.1572304,0.44004112482070923,2.17e-05,2.517754554748535,3.0775084495544434,204346490880.0,1259.7661683503939,14.094375799052473,4.726661698579045,wandb
4080,1788260084.1536202,0.4766460359096527,2.17e-05,2.514193296432495,3.2302637100219727,205353123840.0,2891.332877491445,32.348489076256456,10.848324644069951,wandb
4100,1788260413.9008236,0.4884101450443268,2.17e-05,2.5142312049865723,3.1281213760375977,206359756800.0,1169.5655684886533,13.085203475099632,4.388227684976643,wandb
4120,1788260667.0813355,0.467404305934906,2.17e-05,2.5145158767700195,3.258574962615967,207366389760.0,1037.4669821652894,11.607272756732218,3.892591793096259,wandb
4140,1788260880.8169746,0.5009023547172546,2.17e-05,2.5145368576049805,3.210834503173828,208373022720.0,1492.6029543342368,16.69937444399708,5.600268837728674,wandb
4160,1788261111.4053328,0.4245292842388153,2.17e-05,2.5154221057891846,3.038066864013672,209379655680.0,2923.765145675231,32.71134417371991,10.970011004343524,wandb
4180,1788261357.4853356,0.4684479832649231,2.17e-05,2.521214485168457,3.1897616386413574,210386288640.0,1728.157527838104,19.33477993714222,6.484073156718904,wandb
4200,1788261573.924849,0.4554213583469391,2.17e-05,2.518429756164551,3.2059457302093506,211392921600.0,3199.9258992101313,35.80105521618043,12.00617032436511,wandb
4220,1788593634.4465477,0.4642607271671295,2.17e-05,2.514286518096924,3.6539416313171387,212399554560.0,2603.0869806505893,29.123568376941456,9.766821683759236,wandb
4240,1788593835.2562993,0.4543423354625702,2.17e-05,2.5107779502868652,3.2986459732055664,213406187520.0,3051.2935423445315,34.13814320425857,11.4484994755868,wandb
4260,1788593952.9838326,0.46426132321357727,2.17e-05,2.5137815475463867,3.3699309825897217,214412820480.0,2880.36853378717,32.225819024908446,10.807186260821483,wandb
4280,1788594095.2967267,0.445203572511673,2.17e-05,2.5144078731536865,3.2869815826416016,215419453440.0,3192.9651705844226,35.723177965980554,11.980053565385607,wandb
4300,1788594323.1617758,0.4539712369441986,2.17e-05,2.509974479675293,3.056867837905884,216426086400.0,2767.80259329368,30.966421283209655,10.384837151230917,wandb
4320,1788594437.6112967,0.5188294053077698,2.17e-05,2.511052370071411,3.0234475135803223,217432719360.0,2918.483132449169,32.65224854053492,10.9501928109087,wandb
4340,1788594581.3733191,0.4545835256576538,2.17e-05,2.509610891342163,3.3001420497894287,218439352320.0,2779.887684196513,31.10163035377335,10.430180594902742,wandb
4360,1788594720.3858645,0.5025001764297485,2.17e-05,2.5140395164489746,3.1642677783966064,219445985280.0,3007.484196214173,33.64800034808029,11.284126146951289,wandb
4380,1788594846.0964568,0.44185054302215576,2.17e-05,2.514431953430176,3.076688289642334,220452618240.0,3006.3178619520113,33.63495129674742,11.279750043176476,wandb
4400,1788595036.0524266,0.5154184103012085,2.17e-05,2.5049538612365723,3.342843532562256,221459251200.0,3199.06279144286,35.79139868980861,12.002931930980845,wandb
4420,1788595164.8494213,0.38170117139816284,2.17e-05,2.5057621002197266,3.022663116455078,222465884160.0,1036.0217639617947,11.591103527089894,3.8871693125596587,wandb
4440,1788595281.185179,0.4246809482574463,2.17e-05,2.5137600898742676,3.2435567378997803,223472517120.0,2678.4080962916623,29.966267709659128,10.049427647738321,wandb
4460,1788595414.2437007,0.49569740891456604,2.17e-05,2.5122785568237305,3.1581954956054688,224479150080.0,2731.213796626247,30.557062575838433,10.247555433282013,wandb
4480,1788595526.5686886,0.40664437413215637,2.17e-05,2.512016773223877,3.4639527797698975,225485783040.0,3125.672656228557,34.9703033376385,11.727571034739901,wandb
4500,1788595729.1923482,0.41993415355682373,2.17e-05,2.512727737426758,3.2650485038757324,226492416000.0,2893.034190747351,32.3675235200946,10.854707997112769,wandb
4520,1788595846.9696693,0.4345235526561737,2.17e-05,2.5100278854370117,3.084392547607422,227499048960.0,3179.7697273983695,35.57554617543738,11.930544063169837,wandb
4540,1788595963.3836343,0.5068532228469849,2.17e-05,2.5126190185546875,3.189127206802368,228505681920.0,3225.5080103269174,36.08727014786513,12.102154791818178,wandb
4560,1788596082.7327337,0.5167241096496582,2.17e-05,2.5135042667388916,3.4823265075683594,229512314880.0,3260.773427109179,36.48182276352257,12.234471168441797,wandb
4580,1788596206.4418619,0.46905121207237244,2.17e-05,2.5124988555908203,3.0349345207214355,230518947840.0,3207.6393313962867,35.887353780678744,12.035111238476677,wandb
4600,1788596428.029929,0.4508967399597168,2.17e-05,2.511842727661133,3.6393909454345703,231525580800.0,2610.959340175028,29.21164503461832,9.796358895645417,wandb
4620,1788596542.2344484,0.43238365650177,2.17e-05,2.509869337081909,3.3550965785980225,232532213760.0,2884.0845314910243,32.26739393731869,10.821128740354661,wandb
4640,1788596671.1291885,0.4617116153240204,2.17e-05,2.5127029418945312,3.5925846099853516,233538846720.0,2468.8524424736497,27.621740439495362,9.263171668250237,wandb
4660,1788596799.136704,0.45070502161979675,2.17e-05,2.5118422508239746,3.600353717803955,234545479680.0,3177.953339749152,35.55522426906459,11.923728949264556,wandb
4680,1788596919.5306692,0.516904354095459,2.17e-05,2.5081539154052734,3.4926090240478516,235552112640.0,3036.4666405446515,33.972258509818175,11.392868716000795,wandb
4700,1788597116.215097,0.47641825675964355,2.17e-05,2.507606029510498,3.1880245208740234,236558745600.0,2915.7749924539235,32.621949629698626,10.940031828726841,wandb
4720,1788597246.6061249,0.496194988489151,2.17e-05,2.5073299407958984,3.1830296516418457,237565378560.0,2062.671632748671,23.077353458438612,7.739175132814717,wandb
4740,1788597430.5368772,0.4659460484981537,2.17e-05,2.5132131576538086,3.2252390384674072,238572011520.0,2894.625825497026,32.38533087106206,10.860679834742974,wandb
4760,1788597589.7049508,0.35204359889030457,2.17e-05,2.51399564743042,3.1540682315826416,239578644480.0,3120.7211499335644,34.91490544535791,11.708992908304372,wandb
4780,1788597763.3432832,0.4554537534713745,2.17e-05,2.514435291290283,3.3383278846740723,240585277440.0,2870.5670918793735,32.116159622162336,10.77041110268472,wandb
4800,1788597972.1636002,0.4898374378681183,2.17e-05,2.516953468322754,2.9814095497131348,241591910400.0,3065.9558164830332,34.302186029799266,11.50351254969981,wandb
4820,1788598079.770538,0.4320589303970337,2.17e-05,2.5074620246887207,3.223604202270508,242598543360.0,2781.1972007434633,31.116281341227605,10.435093920773552,wandb
4840,1788598214.6616795,0.4572516977787018,2.17e-05,2.509629011154175,3.223322868347168,243605176320.0,2802.7109188526906,31.356978730540245,10.515813716189289,wandb
4860,1788598340.429432,0.460406631231308,2.17e-05,2.506239891052246,3.298292636871338,244611809280.0,1460.6027288883,16.34135307906391,5.480203508335629,wandb
4880,1788598473.9700134,0.49422305822372437,2.17e-05,2.511713981628418,3.2433323860168457,245618442240.0,3053.812393324312,34.16632433277493,11.457950242522497,wandb
4900,1788598670.763772,0.4257173538208008,2.17e-05,2.5042929649353027,3.2106363773345947,246625075200.0,2884.329452869521,32.27013413945816,10.822047689067517,wandb
4920,1788598782.6647222,0.4765353202819824,2.17e-05,2.509263753890991,3.1707451343536377,247631708160.0,2943.9907257735567,32.937629760538705,11.045897686478735,wandb
4940,1788598916.229847,0.4224878251552582,2.17e-05,2.511782169342041,3.3980984687805176,248638341120.0,3028.9081327174367,33.887693252809925,11.364509080424861,wandb
4960,1788599030.0184736,0.430683434009552,2.17e-05,2.513997793197632,3.29276704788208,249644974080.0,3097.5938181997876,34.65615480347328,11.6222188101878,wandb
4980,1788599157.5147853,0.44220536947250366,2.17e-05,2.508794069290161,3.199324607849121,250651607040.0,2900.429228321887,32.45025985739448,10.882454289830632,wandb
5000,1788599357.6101139,0.48028939962387085,2.17e-05,2.512199878692627,3.4600977897644043,251658240000.0,2521.2550898597087,28.20802591348256,9.459787193040974,wandb
5020,1788599478.875045,0.535839319229126,2.17e-05,2.512500762939453,3.6264076232910156,252664872960.0,3467.284545227141,38.792287497821974,13.009304003980692,wandb
5040,1788599584.8439145,0.4589502215385437,2.17e-05,2.5064473152160645,3.040356159210205,253671505920.0,2986.0727597943614,33.408447295394716,11.203790113979705,wandb
5060,1788599709.3572938,0.4505881667137146,2.17e-05,2.508946657180786,3.2202186584472656,254678138880.0,3176.8379451025926,35.542745134676146,11.919543971697175,wandb
5080,1788599841.9486215,0.4622136056423187,2.17e-05,2.506078004837036,3.2715718746185303,255684771840.0,1036.0058839455444,11.590925860057434,3.887109730498742,wandb
5100,1788600049.405789,0.41849711537361145,2.17e-05,2.5104856491088867,3.0748679637908936,256691404800.0,2448.5089814332805,27.394135990225383,9.18684269503931,wandb
5120,1788600195.9946651,0.42085739970207214,2.17e-05,2.5090389251708984,3.3540329933166504,257698037760.0,2117.1797989613992,23.687195664096034,7.943690596057275,wandb
5140,1788600408.3631673,0.47930246591567993,2.17e-05,2.5101375579833984,3.5178945064544678,258704670720.0,1745.5108621026766,19.528930582425648,6.549183129086554,wandb
5160,1788600552.2894971,0.47514599561691284,2.17e-05,2.510977029800415,3.5739848613739014,259711303680.0,1567.6242864013288,17.538719771458677,5.881750009208488,wandb
5180,1788600675.1454153,0.49361082911491394,2.17e-05,2.5083296298980713,3.0438308715820312,260717936640.0,3180.151014162888,35.57981204562928,11.931974656871512,wandb
5200,1788600890.7989342,0.4786199629306793,2.17e-05,2.5062673091888428,3.071682929992676,261724569600.0,3069.328971495146,34.33992518771889,11.516168678273258,wandb
5220,1788601020.8669522,0.4437796473503113,2.17e-05,2.51129150390625,3.3956265449523926,262731202560.0,2728.1983410447947,30.523325390924196,10.236241398377201,wandb
5240,1788601148.7826407,0.43135401606559753,2.17e-05,2.5115818977355957,3.240727186203003,263737835520.0,3199.6259356033993,35.79769919670195,12.005044856380234,wandb
5260,1788601304.6650605,0.5204068422317505,2.17e-05,2.508258819580078,3.1744747161865234,264744468480.0,646.3980927622345,7.231959282659255,2.4252954110480522,wandb
5280,1788601444.0581942,0.4370236396789551,2.17e-05,2.5121397972106934,3.242194652557373,265751101440.0,3031.7068028820613,33.919005023223214,11.375009733170131,wandb
5300,1788601652.450649,0.512028157711029,2.17e-05,2.5110292434692383,3.0513224601745605,266757734400.0,2934.610876677919,32.832687175625956,11.010704350943413,wandb
5320,1788601790.3475184,0.4600328803062439,2.17e-05,2.5088021755218506,3.8978285789489746,267764367360.0,2970.4459302245627,33.23361293800528,11.145158013314141,wandb
5340,1788601914.0188804,0.4739583432674408,2.17e-05,2.509911060333252,3.276237964630127,268771000320.0,3209.0720077240044,35.90338269070075,12.040486661705856,wandb
5360,1788602043.419421,0.45613881945610046,2.17e-05,2.5086941719055176,3.269977569580078,269777633280.0,3174.1772325085944,35.51297684581807,11.90956093784142,wandb
5380,1788602192.521195,0.4083094894886017,2.17e-05,2.508915424346924,3.14084529876709,270784266240.0,637.5243561814225,7.132679129521363,2.392001017315662,wandb
5400,1788602423.8912735,0.4724690914154053,2.17e-05,2.507573366165161,3.3837811946868896,271790899200.0,2079.1113217824923,23.26128215971946,7.800857094471509,wandb
5420,1788602536.8937635,0.5012021660804749,2.17e-05,2.5074336528778076,3.1861846446990967,272797532160.0,3197.9447552522743,35.778890001590945,11.998737042300363,wandb
5440,1788602692.8624837,0.4928554594516754,2.17e-05,2.510530471801758,3.4295554161071777,273804165120.0,3130.27813217139,35.021829811600554,11.744850850065646,wandb
5460,1788602827.4096851,0.4895116090774536,2.17e-05,2.507887363433838,3.268028736114502,274810798080.0,3111.6148896185596,34.81302379602632,11.674826082007883,wandb
5480,1788603012.200199,0.45846033096313477,2.17e-05,2.5037496089935303,3.61342716217041,275817431040.0,3055.1504293281964,34.1812943984468,11.462970573826649,wandb
5500,1788603258.8373127,0.4077780246734619,2.17e-05,2.511091709136963,3.2206335067749023,276824064000.0,2800.5373136562125,31.33266024251635,10.507658316649167,wandb
5520,1788603554.1112566,0.40570640563964844,2.17e-05,2.506424903869629,3.1412816047668457,277830696960.0,2645.758040102932,29.60097598064982,9.926924143579443,wandb
5540,1788603704.175263,0.4320322275161743,2.17e-05,2.505603551864624,4.284854888916016,278837329920.0,3050.6145615936016,34.130546707301946,11.445951929549986,wandb
5560,1788603851.2737324,0.46427398920059204,2.17e-05,2.5045690536499023,3.7783193588256836,279843962880.0,1265.919657194505,14.163221578867109,4.749749681700691,wandb
5580,1788604010.7857406,0.4621292054653168,2.17e-05,2.5119571685791016,3.112198829650879,280850595840.0,2656.17652071708,29.71753886725538,9.966014440265825,wandb
5600,1788604219.3802874,0.49629154801368713,2.17e-05,2.505556583404541,3.5073599815368652,281857228800.0,2680.149139471818,29.98574665541906,10.055960068057237,wandb
5620,1788604334.7858698,0.43830782175064087,2.17e-05,2.5044608116149902,3.1992502212524414,282863861760.0,3197.002524171469,35.768348236558616,11.995201777048171,wandb
5640,1788604459.4361792,0.43723130226135254,2.17e-05,2.509443521499634,3.195990800857544,283870494720.0,3050.404043240091,34.12819140926211,11.445162061506707,wandb
5660,1788604574.2517078,0.4664936363697052,2.17e-05,2.5101895332336426,3.272571086883545,284877127680.0,3175.449842497162,35.527214919418654,11.914335789747522,wandb
5680,1788604705.6654677,0.4557429552078247,2.17e-05,2.5047097206115723,3.219181537628174,285883760640.0,2722.4430971388197,30.45893521085432,10.21464763628088,wandb
5700,1788604927.9970639,0.4318641424179077,2.17e-05,2.506995439529419,3.268631935119629,286890393600.0,2724.511982281809,30.482082081617293,10.222410124598003,wandb
5720,1788605063.1353972,0.47993558645248413,2.17e-05,2.5026819705963135,3.378973960876465,287897026560.0,3118.9445165855914,34.895028313638896,11.702326953138044,wandb
5740,1788605184.2857344,0.43887096643447876,2.17e-05,2.5084733963012695,3.1196529865264893,288903659520.0,3238.5867464957755,36.2335962099326,12.151226407542,wandb
5760,1788605305.2319014,0.47763004899024963,2.17e-05,2.5105233192443848,3.1077733039855957,289910292480.0,3066.064744630385,34.303404727588145,11.503921249754567,wandb
5780,1788605427.1910338,0.4152418076992035,2.17e-05,2.504105567932129,3.3010616302490234,290916925440.0,2919.4556219133997,32.66312883904892,10.953841606072704,wandb
5800,1788605634.6716144,0.45046257972717285,2.17e-05,2.504988431930542,3.606537342071533,291923558400.0,2872.2985582005663,32.135531421173454,10.776907590484102,wandb
5820,1788605772.7232008,0.5300683975219727,2.17e-05,2.5103724002838135,3.1053338050842285,292930191360.0,2716.776625901095,30.395538227282685,10.19338695057718,wandb
5840,1788605893.970419,0.4662717580795288,2.17e-05,2.506502628326416,3.089381217956543,293936824320.0,2971.459509030126,33.24495294772016,11.14896097630768,wandb
5860,1788606018.9210033,0.5098207592964172,2.17e-05,2.504411458969116,3.198429822921753,294943457280.0,2940.8420924564102,32.90240257128708,11.034083966697299,wandb
5880,1788606137.1492789,0.507344126701355,2.17e-05,2.508073329925537,3.3961329460144043,295950090240.0,2978.4634965163036,33.32331418189373,11.1752400431853,wandb
5900,1788606329.1216116,0.5313546061515808,2.17e-05,2.5079469680786133,3.2525620460510254,296956723200.0,3105.8098151750282,34.74807610747572,11.653045354981716,wandb
5920,1788606471.0921159,0.45878711342811584,2.17e-05,2.509841203689575,3.343911647796631,297963356160.0,2989.346667638584,33.44507606718366,11.216073865679617,wandb
5940,1788606595.1609743,0.4247114658355713,2.17e-05,2.50881028175354,3.1659557819366455,298969989120.0,1587.6550827836381,17.762826100759657,5.956905859898043,wandb
5960,1788606714.9838245,0.4965970814228058,2.17e-05,2.501569986343384,3.087930202484131,299976622080.0,3085.379768081636,34.5195029257529,11.576391509591542,wandb
5980,1788606838.3696327,0.4451903998851776,2.17e-05,2.507613182067871,3.674423933029175,300983255040.0,2994.1476228677298,33.498789580765795,11.234087122241275,wandb
6000,1788607031.5365238,0.4120647609233856,2.17e-05,2.5043277740478516,3.1069726943969727,301989888000.0,3370.808040037924,37.71289978756411,12.647322698761357,wandb
6020,1788607174.460649,0.4616897702217102,2.17e-05,2.5040040016174316,3.110974073410034,302996520960.0,2773.367833559646,31.02868568567671,10.40571801679899,wandb
6040,1788607312.7617068,0.4257115423679352,2.17e-05,2.502227306365967,3.7914412021636963,304003153920.0,1075.0135025544678,12.027346562178844,4.033466904920253,wandb
6060,1788607444.8557134,0.4559093117713928,2.17e-05,2.5121710300445557,3.1000471115112305,305009786880.0,3114.0045587747186,34.83975962682452,11.683792156789428,wandb
6080,1788607571.2266774,0.4648783504962921,2.17e-05,2.5060486793518066,3.2879533767700195,306016419840.0,2864.6714428932646,32.05019857758346,10.748290538606232,wandb
6100,1788607795.6638863,0.4500543475151062,2.17e-05,2.503073215484619,3.397167205810547,307023052800.0,1498.7145726572542,16.767751772702276,5.623199722022516,wandb
6120,1788607934.8317804,0.44267967343330383,2.17e-05,2.5042712688446045,3.211643695831299,308029685760.0,1273.4675209199331,14.24766774871903,4.7780693804458885,wandb
6140,1788608073.4963334,0.47928255796432495,2.17e-05,2.507260799407959,3.318920612335205,309036318720.0,2782.645154079921,31.132481171780483,10.440526663570358,wandb
6160,1788608192.4868586,0.5233479738235474,2.17e-05,2.5075340270996094,3.0363359451293945,310042951680.0,2937.2994832080904,32.86276754431981,11.020792043269166,wandb
6180,1788608324.6877203,0.4220797121524811,2.17e-05,2.501128911972046,3.1784141063690186,311049584640.0,2313.964702786524,25.888842648888108,8.682030528607417,wandb
6200,1788608517.76952,0.4176049530506134,2.17e-05,2.5034420490264893,3.164216995239258,312056217600.0,1871.6315227720004,20.93997973754457,7.022389753587181,wandb
6220,1788608652.64317,0.48126980662345886,2.17e-05,2.50594425201416,3.599970817565918,313062850560.0,2978.408297543596,33.32269661088364,11.175032935805651,wandb
6240,1788608793.973199,0.5259099006652832,2.17e-05,2.5059170722961426,3.4336509704589844,314069483520.0,1976.3866383633087,22.11198927638656,7.415432530124055,wandb
6260,1788608911.2217057,0.5153384804725647,2.17e-05,2.502474308013916,3.321331024169922,315076116480.0,3206.0178489148375,35.869212490636755,12.029027411705858,wandb
6280,1788609046.2957232,0.46218857169151306,2.17e-05,2.509066581726074,3.017735481262207,316082749440.0,2834.636872017,31.714169130588807,10.635600374859422,wandb
6300,1788609246.8139372,0.40692630410194397,2.17e-05,2.5055928230285645,3.2457218170166016,317089382400.0,1792.1362132651168,20.050579153054223,6.724122151151962,wandb
6320,1788609359.6743693,0.4581475555896759,2.17e-05,2.5085127353668213,3.251295804977417,318096015360.0,3179.0537642563895,35.56753591620447,11.927857758643004,wandb
6340,1788609490.155177,0.3700106739997864,2.17e-05,2.500657558441162,3.0344552993774414,319102648320.0,3006.3329502872252,33.63512010638212,11.27980665483818,wandb
6360,1788609604.3958316,0.44127458333969116,2.17e-05,2.506624698638916,3.2505135536193848,320109281280.0,3249.919989782265,36.36039354257652,12.193748907596971,wandb
6380,1788609749.7003827,0.4243486523628235,2.17e-05,2.5042009353637695,3.3693437576293945,321115914240.0,2032.2656009718455,22.737168073890874,7.6250912421562695,wandb
6400,1788609944.7025526,0.542969286441803,2.17e-05,2.503876209259033,3.0747694969177246,322122547200.0,1227.7082160889163,13.735708581379047,4.6063797773018464,wandb
6420,1788610095.372389,0.4284379184246063,2.17e-05,2.4997448921203613,3.895965099334717,323129180160.0,2711.7235467198316,30.33900392852758,10.174427721137608,wandb
6440,1788610234.3978999,0.49231240153312683,2.17e-05,2.5014891624450684,3.3926753997802734,324135813120.0,2491.939404947955,27.88003942651894,9.349794300295297,wandb
6460,1788610397.786152,0.48436257243156433,2.17e-05,2.502911329269409,3.235321044921875,325142446080.0,2703.855193060999,30.25097208883097,10.14490553931971,wandb
6480,1788610536.879513,0.4986541271209717,2.17e-05,2.5014424324035645,3.174685478210449,326149079040.0,2513.746513100061,28.12401928969373,9.431614899585005,wandb
6500,1788610772.6570315,0.45411214232444763,2.17e-05,2.5048820972442627,3.102306842803955,327155712000.0,2766.4784428713765,30.951606570657997,10.379868918838667,wandb
6520,1788610892.2696326,0.4583359658718109,2.17e-05,2.501467704772949,3.2989189624786377,328162344960.0,2858.26218250926,31.9784912030598,10.724242896802227,wandb
6540,1788611007.8742745,0.4371379613876343,2.17e-05,2.502786874771118,3.093441963195801,329168977920.0,2723.0269110319527,30.465466972552047,10.21683811482928,wandb
6560,1788611138.9535308,0.4328710734844208,2.17e-05,2.504016160964966,3.0816779136657715,330175610880.0,2747.283953405771,30.73685691743192,10.307850904337089,wandb
6580,1788611267.076525,0.48284485936164856,2.17e-05,2.5023422241210938,3.4440765380859375,331182243840.0,1544.4700911208822,17.279668577827564,5.794875118658905,wandb
6600,1788611464.918107,0.4329504370689392,2.17e-05,2.505849838256836,3.0183606147766113,332188876800.0,3142.107701506329,35.154180084164146,11.789235572953828,wandb
6620,1788611602.7236292,0.46243786811828613,2.17e-05,2.503345489501953,3.2718124389648438,333195509760.0,2874.47155354597,32.15984308612936,10.785060701853777,wandb
6640,1788611713.1819794,0.4218508005142212,2.17e-05,2.5027880668640137,3.069376230239868,334202142720.0,3231.854140370181,36.15827121452858,12.125965567629832,wandb
6660,1788611849.109934,0.4838303029537201,2.17e-05,2.5056676864624023,3.0587077140808105,335208775680.0,2978.5812167901067,33.324631246774366,11.17568173143135,wandb
6680,1788612010.6480327,0.45686349272727966,2.17e-05,2.502051830291748,3.082791805267334,336215408640.0,2847.5365556992756,31.85849193753081,10.684000182948122,wandb
6700,1788612219.284144,0.4857162535190582,2.17e-05,2.5040979385375977,3.2492787837982178,337222041600.0,3237.0865917165884,36.2168123450013,12.145597804143316,wandb
6720,1788612338.4381444,0.42117512226104736,2.17e-05,2.5013763904571533,3.051126480102539,338228674560.0,2939.635205932681,32.88889981764945,11.029555710224344,wandb
6740,1788612485.0534093,0.4356500506401062,2.17e-05,2.504671096801758,3.1011064052581787,339235307520.0,1633.5238789457355,18.276010266838107,6.129006276170702,wandb
6760,1788612607.9818132,0.5094492435455322,2.17e-05,2.499433994293213,3.079010009765625,340241940480.0,2929.4028045433874,32.77441880194135,10.991163585601253,wandb
6780,1788612789.3651044,0.4556480944156647,2.17e-05,2.5102126598358154,3.2121741771698,341248573440.0,2757.735084865511,30.853785104598394,10.34706370748948,wandb
6800,1788613150.79466,0.398403137922287,2.17e-05,2.500455379486084,3.089982032775879,342255206400.0,1612.1038190505533,18.036360733944043,6.048637887789228,wandb
6820,1788613399.8139954,0.4595518708229065,2.17e-05,2.502203941345215,3.197688102722168,343261839360.0,2963.062915431003,33.15101111264696,11.117456830252165,wandb
6840,1788613536.6863613,0.4344085454940796,2.17e-05,2.500638008117676,3.099149465560913,344268472320.0,3212.980205340686,35.9471079528092,12.055150278216082,wandb
6860,1788613663.7245197,0.444692999124527,2.17e-05,2.5020933151245117,3.074230670928955,345275105280.0,2933.21979702145,32.81712365285699,11.005484999053282,wandb
6880,1788613794.4139528,0.4327893853187561,2.17e-05,2.503941297531128,3.679419994354248,346281738240.0,2640.737559411934,29.544806396699595,9.908087224167907,wandb
6900,1788613991.515908,0.4752682149410248,2.17e-05,2.50478458404541,3.0457041263580322,347288371200.0,3111.559570459593,34.81240488036169,11.674618523687574,wandb
6920,1788614115.9238775,0.3460765480995178,2.17e-05,2.502903938293457,3.2213587760925293,348295004160.0,3073.643676659243,34.3881984923787,11.532357517243671,wandb
6940,1788614262.5320206,0.4445669651031494,2.17e-05,2.502553701400757,2.9933180809020996,349301637120.0,2883.8332746907695,32.26458285391779,10.820186021043643,wandb
6960,1788614588.8600364,0.4194484055042267,2.17e-05,2.5015454292297363,3.2826969623565674,350308270080.0,521.3107195786057,5.832470639719282,1.9559656968066146,wandb
6980,1788614850.5087783,0.41414645314216614,2.17e-05,2.50396990776062,3.718168258666992,351314903040.0,2659.20674776196,29.751441316614624,9.977383897924613,wandb
7000,1788615283.0508552,0.43018680810928345,2.17e-05,2.502549409866333,3.4528560638427734,352321536000.0,852.0424174020679,9.53272625452636,3.1968760243598546,wandb
7020,1788615501.4590018,0.41003116965293884,2.17e-05,2.5017194747924805,3.027350425720215,353328168960.0,2873.2286374908654,32.14593723089413,10.780397262034699,wandb
7040,1788615736.4095213,0.4039974808692932,2.17e-05,2.5006675720214844,3.0610713958740234,354334801920.0,951.8987109268196,10.649927336915546,3.571538346482345,wandb
7060,1788615946.0096953,0.5039792060852051,2.17e-05,2.502048969268799,3.091000556945801,355341434880.0,1083.556961839526,12.122931543592651,4.065522093248522,wandb
7080,1788616167.5109282,0.4220920205116272,2.17e-05,2.5003859996795654,3.168396234512329,356348067840.0,1271.7707287063329,14.228683886703823,4.771702990422117,wandb
7100,1788616498.9193785,0.4129505455493927,2.17e-05,2.500532627105713,3.1200921535491943,357354700800.0,2582.514848687941,28.893405537079722,9.689634733792726,wandb
7120,1788616624.8211825,0.4035896360874176,2.17e-05,2.502628803253174,3.1162705421447754,358361333760.0,3236.0473176705696,36.20518485465366,12.141698432219338,wandb
7140,1788616749.200185,0.4594017267227173,2.17e-05,2.5017812252044678,3.1362805366516113,359367966720.0,3083.011486131874,34.493006376919745,11.567505679931553,wandb
7160,1788616869.1998186,0.4549619257450104,2.17e-05,2.4998321533203125,3.385169506072998,360374599680.0,3134.9892947128615,35.07453871661652,11.762527203106394,wandb
7180,1788617021.1138852,0.4782257378101349,2.17e-05,2.50563383102417,3.4806413650512695,361381232640.0,2926.4005418254646,32.74082921995623,10.979899050519748,wandb
7200,1788617440.1570125,0.41880354285240173,2.17e-05,2.500744342803955,3.097743034362793,362387865600.0,1700.765157207474,19.028311661207663,6.381296568217071,wandb
7220,1788617715.1976438,0.41110846400260925,2.17e-05,2.503840208053589,3.0608725547790527,363394498560.0,665.6808574859447,7.447696567314682,2.497644635651869,wandb
7240,1788618005.0963957,0.4546588659286499,2.17e-05,2.5015764236450195,3.3677194118499756,364401131520.0,1887.6388889421814,21.11907157222291,7.0824496333272435,wandb
7260,1788618255.1558332,0.4272724688053131,2.17e-05,2.4981768131256104,3.0461862087249756,365407764480.0,2518.3143964908063,28.17512517484361,9.4487536670873,wandb
7280,1788618497.4280162,0.4357624351978302,2.17e-05,2.505988121032715,3.1253814697265625,366414397440.0,2770.7498168065317,30.999395081679204,10.39589517838336,wandb
7300,1788618776.9471629,0.4567674398422241,2.17e-05,2.502200126647949,3.3092870712280273,367421030400.0,581.4819627316514,6.505671853247429,2.1817291102977134,wandb
7320,1788618969.1449864,0.4755675494670868,2.17e-05,2.5012497901916504,3.1727194786071777,368427663360.0,1593.1240190104131,17.824013045081358,5.977425391255928,wandb
7340,1788619195.9990525,0.45827531814575195,2.17e-05,2.4990010261535645,3.346031665802002,369434296320.0,2406.445564683081,26.923526747046715,9.02902011981896,wandb
7360,1788619434.7509177,0.44915780425071716,2.17e-05,2.497152805328369,3.152280330657959,370440929280.0,717.3226938766362,8.025470020301348,2.691405586092217,wandb
7380,1788619694.6409526,0.44755446910858154,2.17e-05,2.498478412628174,3.231247901916504,371447562240.0,2139.129763054286,23.93277381222646,8.02604719299533,wandb
7400,1788620035.2865648,0.4576311409473419,2.17e-05,2.5041344165802,3.2284233570098877,372454195200.0,586.2106671314529,6.558577018132676,2.1994712806559726,wandb
7420,1788620249.029867,0.45396190881729126,2.17e-05,2.5001935958862305,3.0173399448394775,373460828160.0,892.9203040154553,9.990071681221359,3.350250472593659,wandb
7440,1788620593.1602957,0.41926148533821106,2.17e-05,2.49629545211792,3.0567984580993652,374467461120.0,2800.637851765117,31.33378507180978,10.508035537152896,wandb
7460,1788620758.1058831,0.4001873731613159,2.17e-05,2.497345447540283,3.066985845565796,375474094080.0,1962.11447082088,21.952310998096674,7.361883141853978,wandb
7480,1788621010.5474904,0.46485546231269836,2.17e-05,2.5005042552948,3.2307639122009277,376480727040.0,1618.619287961035,18.10925637889665,6.073084025589374,wandb
7500,1788621505.2400339,0.4758586585521698,2.17e-05,2.501373529434204,3.4143640995025635,377487360000.0,2383.732882344125,26.669415239425472,8.94380179249706,wandb
7520,1788621724.327781,0.45857003331184387,2.17e-05,2.4980857372283936,3.684868335723877,378493992960.0,3163.0987329429813,35.38902960855272,11.867994240076328,wandb
7540,1788621861.788053,0.4146218001842499,2.17e-05,2.498220920562744,3.3063554763793945,379500625920.0,2860.25497957444,32.000786793649176,10.731719901501727,wandb
7560,1788622054.942698,0.41227173805236816,2.17e-05,2.5017762184143066,3.0638933181762695,380507258880.0,1420.8875078460603,15.89701565806082,5.33119139889252,wandb
7580,1788622213.3794575,0.43926146626472473,2.17e-05,2.497603416442871,3.2217743396759033,381513891840.0,2548.466492806576,28.51246950689546,9.561884788058927,wandb
7600,1788622426.3625174,0.4011194705963135,2.17e-05,2.4976308345794678,3.111292839050293,382520524800.0,2837.708959451387,31.748539917704402,10.647126893332144,wandb
7620,1788622648.1409898,0.4431641399860382,2.17e-05,2.498788833618164,3.240847587585449,383527157760.0,623.4767453070548,6.9755132111815685,2.339294169057177,wandb
7640,1788622896.478261,0.4496077001094818,2.17e-05,2.4975979328155518,3.1980056762695312,384533790720.0,2659.0667565580975,29.749875082590112,9.976858648812469,wandb
7660,1788623126.576071,0.4154548943042755,2.17e-05,2.49929141998291,3.023491382598877,385540423680.0,2805.4837251506115,31.388001133715314,10.526217327315887,wandb
7680,1788623340.4445207,0.452860563993454,2.17e-05,2.5050508975982666,3.1762661933898926,386547056640.0,969.1102767238607,10.842491863990656,3.636116401417711,wandb
7700,1788623759.791775,0.43202587962150574,2.17e-05,2.501638650894165,3.1983067989349365,387553689600.0,1394.7386736489966,15.604460178210832,5.233080577879126,wandb
7720,1788623976.8051028,0.42226049304008484,2.17e-05,2.498326301574707,3.702453374862671,388560322560.0,1017.7753977496566,11.386961561047292,3.818708670831128,wandb
7740,1788624186.3573303,0.4609760344028473,2.17e-05,2.501507043838501,3.3006813526153564,389566955520.0,1744.8492008162427,19.52152785717633,6.546700565942225,wandb
7760,1788624383.8988495,0.434648334980011,2.17e-05,2.4981932640075684,3.239532947540283,390573588480.0,1641.4454372381035,18.364637364700986,6.158728082577542,wandb
7780,1788624584.7660394,0.4479721486568451,2.17e-05,2.499619245529175,3.1912145614624023,391580221440.0,1361.2785393417655,15.23010522325088,5.107537648379443,wandb
7800,1788624864.0819802,0.4225982427597046,2.17e-05,2.5023648738861084,3.098271131515503,392586854400.0,1129.9942324872254,12.642475852714739,4.239755434380747,wandb
7820,1788625090.0223389,0.45792198181152344,2.17e-05,2.5082550048828125,3.106166124343872,393593487360.0,3257.250953064767,36.44241301100528,12.221254792602966,wandb
7840,1788625261.914488,0.42225468158721924,2.17e-05,2.503432273864746,3.6437630653381348,394600120320.0,2720.2916393833502,30.43486451036783,10.206575334274067,wandb
7860,1788625485.7984552,0.43278053402900696,2.17e-05,2.50358510017395,3.669304132461548,395606753280.0,568.6944030047848,6.36260349907874,2.133749992983888,wandb
7880,1788625719.538117,0.4003354012966156,2.17e-05,2.496649742126465,3.142052173614502,396613386240.0,2042.8581551399482,22.85567851088138,7.6648346654473185,wandb
7900,1788626041.9541066,0.40538373589515686,2.17e-05,2.4996471405029297,3.249398946762085,397620019200.0,2623.804749582162,29.355360616148744,9.844555065833708,wandb
7920,1788626240.9228764,0.4549925923347473,2.17e-05,2.5015549659729004,3.5607199668884277,398626652160.0,1530.9245487640362,17.12811984666155,5.744052039064362,wandb
7940,1788626482.1534536,0.4834059774875641,2.17e-05,2.5012364387512207,3.079089403152466,399633285120.0,2005.6963711044186,22.439909169936275,7.52540309023554,wandb
7960,1788626686.1466799,0.4899754524230957,2.17e-05,2.505974054336548,3.130763053894043,400639918080.0,1146.2617491799806,12.824478274549326,4.300791402812354,wandb
7980,1788626885.2736964,0.47951018810272217,2.17e-05,2.5014896392822266,3.20037841796875,401646551040.0,2177.578398496501,24.362940561023148,8.170307054129179,wandb
8000,1788627151.893118,0.445270836353302,2.17e-05,2.4988770484924316,3.079866886138916,402653184000.0,1321.275129832821,14.782543524081936,4.957444251454762,wandb
8020,1788627272.5482483,0.4506630301475525,2.17e-05,2.5013797283172607,3.2169442176818848,403659816960.0,3061.126402811378,34.24815412063431,11.48539251663185,wandb
8040,1788627401.4653165,0.4134364426136017,2.17e-05,2.501885414123535,3.249568462371826,404666449920.0,3006.0628842750984,33.632098583847934,11.278793363080013,wandb
8060,1788627517.4350874,0.4693189859390259,2.17e-05,2.4990718364715576,3.404367446899414,405673082880.0,3232.0418033921414,36.16037080508876,12.126669682123794,wandb
8080,1788627646.2391808,0.44068360328674316,2.17e-05,2.5026838779449463,3.077256202697754,406679715840.0,2791.1485022453085,31.22761738642426,10.472431354371547,wandb
8100,1788627862.418755,0.4507692754268646,2.17e-05,2.4988012313842773,3.1136763095855713,407686348800.0,2985.1894584101765,33.398564841043026,11.200475953839657,wandb
8120,1788628014.2914197,0.42904627323150635,2.17e-05,2.505288600921631,4.148631572723389,408692981760.0,3023.339716497133,33.82539331748362,11.343616298628124,wandb
8140,1788628175.1792483,0.47332456707954407,2.17e-05,2.5012714862823486,3.0141069889068604,409699614720.0,3034.20630084765,33.94696962849762,11.38438788730416,wandb
8160,1788628300.6434186,0.443482905626297,2.17e-05,2.5009167194366455,3.123263359069824,410706247680.0,2358.054586619349,26.38212418580231,8.847456438941474,wandb
8180,1788628417.692815,0.48605120182037354,2.17e-05,2.502385139465332,3.29665470123291,411712880640.0,3135.7594003722734,35.08315472714405,11.765416651176722,wandb
8200,1788628625.0818388,0.4472958445549011,2.17e-05,2.50101637840271,3.3262710571289062,412719513600.0,3000.467137958788,33.569492876979716,11.257798038350106,wandb
8220,1788628743.607193,0.45170292258262634,2.17e-05,2.499305248260498,3.42952299118042,413726146560.0,2675.2261878412837,29.930668235261,10.037489079154213,wandb
8240,1788628891.7384672,0.4153691530227661,2.17e-05,2.49700927734375,3.219682216644287,414732779520.0,2209.8744304371735,24.7242714352965,8.291482253960075,wandb
8260,1788629045.4502127,0.4403168261051178,2.17e-05,2.4988160133361816,3.0504040718078613,415739412480.0,737.4090341152202,8.250197779200402,2.7667698381697776,wandb
8280,1788629233.9059203,0.5085833668708801,2.17e-05,2.4989981651306152,3.079061508178711,416746045440.0,1648.9339276469,18.448419260612177,6.186825011741614,wandb
8300,1788629529.6625926,0.4612588882446289,2.17e-05,2.501755952835083,3.4450342655181885,417752678400.0,3113.7276730815015,34.83666180509249,11.682753277484766,wandb
8320,1788884385.0763512,0.47124484181404114,2.17e-05,2.498048782348633,3.6529102325439453,418759311360.0,2274.514420293973,25.44746938391396,8.534012472605932,wandb
8340,1788884614.2674143,0.461001992225647,2.17e-05,2.494428873062134,3.295947551727295,419765944320.0,2239.191400079414,25.052272295938938,8.401479967033952,wandb
8360,1788884732.1075175,0.4591616094112396,2.17e-05,2.496511936187744,3.3479866981506348,420772577280.0,3044.29259844212,34.05981602197054,11.42223182828146,wandb
8380,1788884858.1429763,0.4671914875507355,2.17e-05,2.498948097229004,3.2575526237487793,421779210240.0,2913.0642583666877,32.5916216959307,10.929861113472638,wandb
8400,1788885080.874239,0.4457961320877075,2.17e-05,2.4936935901641846,3.0335164070129395,422785843200.0,2907.0367959568684,32.524185911058105,10.907245983436704,wandb
8420,1788885205.7797427,0.4064647853374481,2.17e-05,2.494511604309082,3.0127029418945312,423792476160.0,2805.458171393954,31.38771523601584,10.526121449234793,wandb
8440,1788885336.2273245,0.4824446737766266,2.17e-05,2.4945030212402344,3.286067008972168,424799109120.0,2317.6685028814304,25.930281093365892,8.695927242527516,wandb
8460,1788885471.3936229,0.4415733516216278,2.17e-05,2.49751615524292,3.134011745452881,425805742080.0,2774.2005804308665,31.038002531646494,10.408842495642524,wandb
8480,1788885606.1862311,0.42561769485473633,2.17e-05,2.4980063438415527,3.069384813308716,426812375040.0,2506.78455907345,28.04612832959971,9.405493542882802,wandb
8500,1788885801.3595119,0.5079197287559509,2.17e-05,2.4891304969787598,3.290541172027588,427819008000.0,2357.715017441335,26.378325055674086,8.846182370254713,wandb
8520,1788885932.3824697,0.43002021312713623,2.17e-05,2.4906468391418457,3.0182719230651855,428825640960.0,3104.1058845224575,34.72901237997119,11.646652181427065,wandb
8540,1788886054.6838536,0.33393481373786926,2.17e-05,2.4972000122070312,3.2262797355651855,429832273920.0,2556.6327931634014,28.603834800716417,9.592524870389637,wandb
8560,1788886182.0441074,0.4890769422054291,2.17e-05,2.4960274696350098,3.138143539428711,430838906880.0,1695.3944193806058,18.96822336930728,6.361145478739402,wandb
8580,1788886303.2706451,0.41476136445999146,2.17e-05,2.4964966773986816,3.454195261001587,431845539840.0,2102.0425310269934,23.517838565772117,7.88689533804493,wandb
8600,1788886489.5514755,0.4475144147872925,2.17e-05,2.497073173522949,3.2530853748321533,432852172800.0,2729.019925063501,30.532517345908435,10.23932399402943,wandb
8620,1788886605.5141487,0.44068288803100586,2.17e-05,2.494596004486084,3.0690503120422363,433858805760.0,2570.9761774092017,28.76430985780994,9.64634146480684,wandb
8640,1788886718.0776913,0.4450932443141937,2.17e-05,2.4953510761260986,3.1772682666778564,434865438720.0,2934.245411932032,32.828598323584,11.009333121694713,wandb
8660,1788886837.958705,0.44459086656570435,2.17e-05,2.498047351837158,3.4729557037353516,435872071680.0,2801.081736450724,31.338751293103513,10.509700999200343,wandb
8680,1788886957.838509,0.4177277386188507,2.17e-05,2.4965994358062744,3.024198055267334,436878704640.0,2670.327097944007,29.875856782294317,10.019107619834921,wandb
8700,1788887137.9977045,0.44095736742019653,2.17e-05,2.4970264434814453,3.631629467010498,437885337600.0,2992.758812007832,33.48325144149442,11.22887628291016,wandb
8720,1788887262.9869823,0.4292544722557068,2.17e-05,2.494983196258545,3.338975429534912,438891970560.0,2555.9517167445474,28.5962148572409,9.589969461375109,wandb
8740,1788887384.3495402,0.41858968138694763,2.17e-05,2.4969348907470703,3.590344190597534,439898603520.0,2743.038239552667,30.689355493688137,10.291920921807973,wandb
8760,1788887499.946403,0.38640230894088745,2.17e-05,2.4953818321228027,3.5743064880371094,440905236480.0,2718.511431350864,30.414947384760932,10.199895966837431,wandb
8780,1788887623.174083,0.43028947710990906,2.17e-05,2.4917213916778564,3.475311279296875,441911869440.0,2872.0389840049206,32.13262728201408,10.775933664179902,wandb
8800,1788887806.9605477,0.48127827048301697,2.17e-05,2.492696523666382,3.1725432872772217,442918502400.0,2338.1976522137948,26.15996303974178,8.772952921015737,wandb
8820,1788887960.6114376,0.4104834198951721,2.17e-05,2.4910125732421875,3.17446231842041,443925135360.0,2347.0929675344196,26.259484617737577,8.80632827850596,wandb
8840,1788888128.7070498,0.3951844573020935,2.17e-05,2.4969494342803955,3.1964900493621826,444931768320.0,2243.31667925122,25.098426285769904,8.416958076819084,wandb
8860,1788888261.0060613,0.4452560245990753,2.17e-05,2.5010743141174316,3.1493990421295166,445938401280.0,2621.5779994517693,29.33044753788324,9.836200265698524,wandb
8880,1788888398.7497342,0.353015273809433,2.17e-05,2.497495651245117,3.3282430171966553,446945034240.0,2622.6142069216116,29.34204071910422,9.840088131782354,wandb
8900,1788888612.5874283,0.45627298951148987,2.17e-05,2.501340627670288,2.9700264930725098,447951667200.0,2665.8433740400733,29.825692480958942,10.002284619998788,wandb
8920,1788888736.7167523,0.4522574841976166,2.17e-05,2.492508888244629,3.201178550720215,448958300160.0,2227.1705739511463,24.91778222538185,8.35637764576733,wandb
8940,1788888864.0141432,0.4896637201309204,2.17e-05,2.493739128112793,3.2180399894714355,449964933120.0,2368.3404274719237,26.497203086972736,8.88604906923826,wandb
8960,1788889021.2086947,0.45345622301101685,2.17e-05,2.4900612831115723,3.2887868881225586,450971566080.0,2682.75332185217,30.014882479225165,10.065730999697227,wandb
8980,1788889146.0111394,0.4857233464717865,2.17e-05,2.49699330329895,3.235786199569702,451978199040.0,2714.704780759966,30.372358239797585,10.18561335630231,wandb
9000,1788889361.9204493,0.43422722816467285,2.17e-05,2.4892618656158447,3.1979784965515137,452984832000.0,2893.5516259164765,32.373312630731576,10.856649421685713,wandb
9020,1788889481.34865,0.37417399883270264,2.17e-05,2.492335319519043,3.1601099967956543,453991464960.0,2974.865664267884,33.28306131509577,11.16174092222638,wandb
9040,1788889596.5142038,0.4269205927848816,2.17e-05,2.4967129230499268,3.3935904502868652,454998097920.0,3105.5167002193502,34.744796711313604,11.651945583239078,wandb
9060,1788889752.4550962,0.427519291639328,2.17e-05,2.4984569549560547,3.2899653911590576,456004730880.0,2714.9516086752387,30.37511977243987,10.186539458369957,wandb
9080,1788889883.0341985,0.47180190682411194,2.17e-05,2.493220806121826,3.186938524246216,457011363840.0,2998.3226851635245,33.54550054861028,11.24975201905983,wandb
9100,1788890094.1371229,0.44661471247673035,2.17e-05,2.496621608734131,3.453000783920288,458017996800.0,2445.838729660153,27.36426097618383,9.176823870039327,wandb
9120,1788890253.365066,0.44512516260147095,2.17e-05,2.4961178302764893,3.620049476623535,459024629760.0,1770.0383178886125,19.803345936581653,6.641210513802547,wandb
9140,1788890395.603874,0.41919994354248047,2.17e-05,2.4908711910247803,3.0315120220184326,460031262720.0,2224.309054812563,24.88576729506491,8.345641182722124,wandb
9160,1788890537.7338305,0.46279120445251465,2.17e-05,2.493936061859131,3.211305618286133,461037895680.0,1921.3926916935768,21.496712115823325,7.2090944112667295,wandb
9180,1788890692.3623095,0.39844584465026855,2.17e-05,2.489710807800293,3.2649171352386475,462044528640.0,2309.8662191778512,25.84298845019778,8.666652956180037,wandb
9200,1788890906.1548967,0.4442114233970642,2.17e-05,2.495648145675659,3.0571846961975098,463051161600.0,2621.28577489425,29.327178103574823,9.835103834743231,wandb
9220,1788891022.6485898,0.46083346009254456,2.17e-05,2.4941632747650146,3.3323864936828613,464057794560.0,2458.667677799641,27.507792387589536,9.224958277302681,wandb
9240,1788891279.5561817,0.44325315952301025,2.17e-05,2.494235038757324,3.5004944801330566,465064427520.0,431.958715434572,4.832792480038601,1.6207156271592364,wandb
9260,1788891444.0911129,0.4087200164794922,2.17e-05,2.495147228240967,3.5577900409698486,466071060480.0,2092.8345376855964,23.414818718304105,7.85234680789624,wandb
9280,1788891625.6545336,0.40929242968559265,2.17e-05,2.4921517372131348,3.03507137298584,467077693440.0,1617.1736739071582,18.093082720445086,6.067660059816159,wandb
9300,1788891897.9477017,0.41230300068855286,2.17e-05,2.4903512001037598,3.0528416633605957,468084326400.0,1950.7163180812797,21.824787452725324,7.319117100550163,wandb
9320,1788892112.214478,0.5010467171669006,2.17e-05,2.49686861038208,3.3867602348327637,469090959360.0,1802.8201466119604,20.170111948413876,6.764208430502379,wandb
9340,1788892315.295383,0.4579039216041565,2.17e-05,2.4978928565979004,3.238431930541992,470097592320.0,1665.998798479756,18.639342551396776,6.250852664954813,wandb
9360,1788892454.135691,0.4647112190723419,2.17e-05,2.492236614227295,3.158597469329834,471104225280.0,2275.5125410725905,25.458636447850193,8.537757436848798,wandb
9380,1788892575.6227944,0.40141987800598145,2.17e-05,2.496434450149536,3.2329208850860596,472110858240.0,2909.6015132044313,32.55288019545279,10.916868841302154,wandb
9400,1788892763.6931958,0.4655185341835022,2.17e-05,2.495378017425537,3.040724515914917,473117491200.0,2734.196832424578,30.5904370453392,10.258747828670694,wandb
9420,1788892877.9576957,0.4046993851661682,2.17e-05,2.493422031402588,3.889972686767578,474124124160.0,2757.0029460203536,30.84559387016142,10.344316711479912,wandb
9440,1788892994.123253,0.4300391376018524,2.17e-05,2.4945743083953857,3.261735439300537,475130757120.0,2442.6505159446892,27.328590957919815,9.164861644005347,wandb
9460,1788893107.5044403,0.4248197078704834,2.17e-05,2.4932515621185303,3.2666702270507812,476137390080.0,3104.6351407112693,34.7349337452265,11.648637958644489,wandb
9480,1788893221.7753797,0.3471825420856476,2.17e-05,2.4935340881347656,3.131889581680298,477144023040.0,2825.5799134253425,31.612839073317602,10.601618529373873,wandb
9500,1788893426.4301403,0.4275345504283905,2.17e-05,2.4930999279022217,3.3797199726104736,478150656000.0,2631.1865519275607,29.43794887652933,9.872251699771866,wandb
9520,1788893547.6312387,0.47669926285743713,2.17e-05,2.4922127723693848,3.149632215499878,479157288960.0,3060.694559679233,34.243322621310384,11.48377223467494,wandb
9540,1788893833.7798786,0.4678756296634674,2.17e-05,2.4959471225738525,3.4134435653686523,480163921920.0,3031.6403641702395,33.91826170101347,11.374760454119494,wandb
9560,1788893947.483872,0.39833489060401917,2.17e-05,2.492514133453369,3.259580612182617,481170554880.0,2856.5939929545298,31.95982735013286,10.717983824386717,wandb
9580,1788894078.1282082,0.43833228945732117,2.17e-05,2.4892516136169434,3.600955009460449,482177187840.0,3094.6129855536524,34.622804983034996,11.611034681059447,wandb
9600,1788894269.791902,0.4572499990463257,2.17e-05,2.497786045074463,3.2009925842285156,483183820800.0,3116.7879408161875,34.870900352357864,11.694235448265617,wandb
9620,1788894395.2082503,0.42840898036956787,2.17e-05,2.4921774864196777,3.1276795864105225,484190453760.0,2263.8624265783565,25.32829393198573,8.494046031234483,wandb
9640,1788894508.7853732,0.4346289336681366,2.17e-05,2.491215467453003,4.2765092849731445,485197086720.0,2996.6737893884556,33.527052556204104,11.243565337197138,wandb
9660,1788894619.3917625,0.4411719739437103,2.17e-05,2.490065336227417,3.7455687522888184,486203719680.0,2982.709779561558,33.37082197380985,11.191172161331965,wandb
9680,1788894733.6368926,0.4524635970592499,2.17e-05,2.4969940185546875,3.1021728515625,487210352640.0,3128.3932369640906,35.000741436582274,11.737778694767298,wandb
9700,1788894927.8304644,0.3891570270061493,2.17e-05,2.490535020828247,3.502617359161377,488216985600.0,2727.724980281549,30.518029388655417,10.234465341641075,wandb
9720,1788895058.9899473,0.45374998450279236,2.17e-05,2.490407943725586,3.19602108001709,489223618560.0,2180.6630390693454,24.397451793766923,8.18188067216707,wandb
9740,1788895207.287726,0.4790903329849243,2.17e-05,2.495041608810425,3.189452648162842,490230251520.0,2379.1660740383545,26.6183213824218,8.926667058729839,wandb
9760,1788895328.514252,0.48272082209587097,2.17e-05,2.4967904090881348,3.2673754692077637,491236884480.0,2800.4656809929556,31.33185880991656,10.507389549814265,wandb
9780,1788895447.7331412,0.4301665723323822,2.17e-05,2.490778684616089,3.2021098136901855,492243517440.0,2880.1394658825316,32.2232561928428,10.80632679458209,wandb
9800,1788895646.8888752,0.46036359667778015,2.17e-05,2.4929909706115723,3.2603468894958496,493250150400.0,2675.4727688281605,29.93342700524646,10.038414254742786,wandb
9820,1788895768.2157726,0.43244296312332153,2.17e-05,2.4881491661071777,3.3676700592041016,494256783360.0,2226.5221587028195,24.910527697983547,8.353944781958123,wandb
9840,1788895889.9010725,0.440108060836792,2.17e-05,2.494861602783203,3.1005358695983887,495263416320.0,2764.0666656106214,30.924623392421672,10.370819894114625,wandb
9860,1788896009.0727367,0.4341452717781067,2.17e-05,2.4962658882141113,3.0903987884521484,496270049280.0,2885.1788734299616,32.27963753214409,10.825234727844942,wandb
9880,1788896146.1475651,0.4961828589439392,2.17e-05,2.4912381172180176,3.304872512817383,497276682240.0,2673.651773831587,29.913053551462166,10.03158185400061,wandb
9900,1788896340.4171116,0.40878719091415405,2.17e-05,2.4906578063964844,3.594043731689453,498283315200.0,3153.9921728457516,35.28714460523097,11.833826288992398,wandb
9920,1788896455.178702,0.44963333010673523,2.17e-05,2.495389938354492,3.094956636428833,499289948160.0,2707.1279178481063,30.28758762447181,10.157184852171447,wandb
9940,1788896576.527661,0.38744649291038513,2.17e-05,2.4923033714294434,3.091521978378296,500296581120.0,3065.7533860473295,34.29992122010231,11.502753027646348,wandb
9960,1788896690.6979568,0.48528236150741577,2.17e-05,2.489542007446289,3.187945604324341,501303214080.0,2535.417397091844,28.36647506486177,9.512924383766851,wandb
9980,1788896806.4193645,0.47889283299446106,2.17e-05,2.493391513824463,3.385695457458496,502309847040.0,3050.8821419886995,34.13354042053201,11.446955895235503,wandb
10000,1788896995.6378522,0.4979783594608307,2.17e-05,2.494964122772217,3.224921464920044,503316480000.0,2619.0390217275217,29.30204122956189,9.826673982913473,wandb
10020,1788897119.17714,0.4118381440639496,2.17e-05,2.495656967163086,3.328874111175537,504323112960.0,2540.504477855583,28.423389776342038,9.532011187657632,wandb
10040,1788897248.8138187,0.4701189398765564,2.17e-05,2.4960365295410156,3.1642537117004395,505329745920.0,2390.988834644794,26.75059547832612,8.971026235165812,wandb
10060,1788897397.575087,0.362404465675354,2.17e-05,2.486337661743164,3.0802674293518066,506336378880.0,2390.307296930609,26.742970373837455,8.968469095364231,wandb
10080,1788897573.890395,0.47835588455200195,2.17e-05,2.493804454803467,3.6516401767730713,507343011840.0,2295.294791395033,25.679962021754537,8.611980738966231,wandb
10100,1788897812.563267,0.38021597266197205,2.17e-05,2.48992919921875,3.0907444953918457,508349644800.0,2805.570784481545,31.388975161243454,10.526543975241006,wandb
10120,1788897992.4999554,0.42519959807395935,2.17e-05,2.4908506870269775,3.096896171569824,509356277760.0,1756.483345255144,19.651691698643077,6.590352051667627,wandb
10140,1788898131.5244238,0.5056717991828918,2.17e-05,2.4889049530029297,3.7901079654693604,510362910720.0,2315.6994711720395,25.9082513916882,8.688539405802029,wandb
10160,1788898403.1631932,0.4242098927497864,2.17e-05,2.497899293899536,3.0871806144714355,511369543680.0,1597.0523410832357,17.867963461392804,5.992164515029673,wandb
10180,1788898566.338558,0.4534054696559906,2.17e-05,2.4924886226654053,3.2769792079925537,512376176640.0,2537.05663846903,28.384815043006817,9.51907484218281,wandb
10200,1788898843.704261,0.44178617000579834,2.17e-05,2.4887356758117676,3.3449573516845703,513382809600.0,1320.3893035070153,14.772632820459096,4.954120617695599,wandb
10220,1788899033.339067,0.4145970642566681,2.17e-05,2.4902405738830566,3.192857265472412,514389442560.0,1492.108730300615,16.69384502160601,5.598414501686854,wandb
10240,1788899207.8860407,0.43213140964508057,2.17e-05,2.4932162761688232,3.302389621734619,515396075520.0,2256.5030665305535,25.24595675802424,8.466433601136005,wandb
10260,1788899372.6087422,0.4464627504348755,2.17e-05,2.492953062057495,3.0238122940063477,516402708480.0,2291.0712401540864,25.632708555284324,8.596133910892805,wandb
10280,1788899502.6751833,0.4849329888820648,2.17e-05,2.487240791320801,3.1659021377563477,517409341440.0,3184.7004162467974,35.63071116027655,11.949044082231307,wandb
10300,1788899697.6779292,0.4169444739818573,2.17e-05,2.4903101921081543,3.150421142578125,518415974400.0,2924.529933643896,32.719900689450974,10.97288050035782,wandb
10320,1788899813.9735386,0.4542124271392822,2.17e-05,2.4922399520874023,3.5892324447631836,519422607360.0,2928.6143497826556,32.76559750003827,10.988205291425523,wandb
10340,1788899931.67159,0.46712663769721985,2.17e-05,2.491769790649414,3.41878604888916,520429240320.0,2999.5664423871053,33.559415814913145,11.25441861495574,wandb
10360,1788900046.464153,0.4659465253353119,2.17e-05,2.488804578781128,3.319586992263794,521435873280.0,3168.3994599401003,35.448334613070664,11.887882647862922,wandb
10380,1788900163.32639,0.4317896366119385,2.17e-05,2.4950194358825684,3.010118007659912,522442506240.0,2949.9995580838568,33.004857110202934,11.068442916099778,wandb
10400,1788900371.5005615,0.49440810084342957,2.17e-05,2.492495059967041,3.234236240386963,523449139200.0,2508.3305325176334,28.063424817825148,9.411294058604865,wandb
10420,1788900496.8783236,0.4515719711780548,2.17e-05,2.495555877685547,3.2457361221313477,524455772160.0,2944.909543172814,32.947909571221984,11.04934510324398,wandb
10440,1788900612.4428613,0.4328823983669281,2.17e-05,2.488468647003174,3.031860828399658,525462405120.0,2962.905137689972,33.1492458812646,11.116864845783812,wandb
10460,1788900747.8166895,0.4406292140483856,2.17e-05,2.4934916496276855,3.2438058853149414,526469038080.0,2538.9776318012773,28.40630728705368,9.526282438191402,wandb
10480,1788900895.2217183,0.4816206991672516,2.17e-05,2.4913032054901123,3.361877918243408,527475671040.0,1969.9660569379917,22.04015524104702,7.391342411601985,wandb
10500,1788901094.265753,0.4266430735588074,2.17e-05,2.489595413208008,3.0541698932647705,528482304000.0,2891.976755490873,32.35569284051103,10.85074048405273,wandb
10520,1788901217.597301,0.44174331426620483,2.17e-05,2.4875316619873047,3.8895156383514404,529488936960.0,2785.0890265086678,31.15982343360738,10.44969610984966,wandb
10540,1788901331.3205519,0.44863781332969666,2.17e-05,2.487894058227539,3.378638505935669,530495569920.0,2951.5398609899094,33.02209015594404,11.074222155877093,wandb
10560,1788901451.03142,0.410062700510025,2.17e-05,2.4893696308135986,3.224168300628662,531502202880.0,2391.127321170198,26.75214487787437,8.971545838701642,wandb
10580,1788901568.0248744,0.37119197845458984,2.17e-05,2.4865996837615967,3.1695752143859863,532508835840.0,3183.123599064382,35.61306958956785,11.943127840337349,wandb
10600,1788901766.0431864,0.41863083839416504,2.17e-05,2.4914753437042236,3.0878541469573975,533515468800.0,2840.0156038239907,31.774346859848926,10.655781457871297,wandb
10620,1788901915.4740248,0.43822798132896423,2.17e-05,2.487950325012207,3.2901813983917236,534522101760.0,2614.9013826199857,29.25574895567202,9.811149498462726,wandb
10640,1788902041.7525957,0.4488838315010071,2.17e-05,2.4905409812927246,3.0876059532165527,535528734720.0,2921.656326245624,32.68775051461081,10.96209868197961,wandb
10660,1788902159.789513,0.42528635263442993,2.17e-05,2.491305351257324,3.0729281902313232,536535367680.0,3159.4633624011108,35.34835675999304,11.85435427487318,wandb
10680,1788902274.0393753,0.4416302442550659,2.17e-05,2.4892518520355225,3.44284987449646,537542000640.0,2570.064584550548,28.754110875928703,9.642921154627103,wandb
10700,1788902466.954815,0.4733448028564453,2.17e-05,2.493561267852783,3.014171600341797,538548633600.0,2795.543652909643,31.276790722486858,10.488922026074373,wandb
10720,1788902644.7239013,0.37211140990257263,2.17e-05,2.4892709255218506,3.265273332595825,539555266560.0,1901.7585119069984,21.277043168227628,7.135426672037188,wandb
10740,1788902835.295471,0.4392051100730896,2.17e-05,2.489266872406006,3.062938690185547,540561899520.0,1936.1448088188822,21.661760112681314,7.264444577623744,wandb
10760,1788902963.6144369,0.4118667244911194,2.17e-05,2.4921655654907227,3.038431406021118,541568532480.0,2461.595637442689,27.54055066017247,9.235944026124546,wandb
10780,1788903085.7089994,0.45078933238983154,2.17e-05,2.4883275032043457,3.066615581512451,542575165440.0,2883.574865264777,32.261691746304756,10.819216464972783,wandb
10800,1788903275.465368,0.44394639134407043,2.17e-05,2.491190195083618,3.241196632385254,543581798400.0,2929.6168314458023,32.77681335393801,10.991966617773036,wandb
10820,1788903389.6012547,0.4486500918865204,2.17e-05,2.488646984100342,3.038149356842041,544588431360.0,2765.9991114869376,30.94624376854893,10.37807046024161,wandb
10840,1788903503.6434207,0.46523258090019226,2.17e-05,2.492373466491699,3.0920798778533936,545595064320.0,3021.4755995731566,33.80453741174494,11.336622103762762,wandb
10860,1788903615.8983293,0.41442573070526123,2.17e-05,2.4865517616271973,3.065983295440674,546601697280.0,2852.2189173428587,31.91087861554277,10.701568474584816,wandb
10880,1788903730.6157477,0.4939533770084381,2.17e-05,2.498081684112549,3.204153299331665,547608330240.0,2898.457772665097,32.428203036377965,10.875057358417877,wandb
10900,1788903927.4643047,0.5138028860092163,2.17e-05,2.488895893096924,3.085413932800293,548614963200.0,2487.989429165867,27.835846746584693,9.334973931477201,wandb
10920,1788904039.9776561,0.39644116163253784,2.17e-05,2.489288568496704,3.188739538192749,549621596160.0,2857.001857409802,31.96439057388986,10.719514137985687,wandb
10940,1788904156.6716332,0.46190911531448364,2.17e-05,2.487733840942383,3.0906319618225098,550628229120.0,2748.925108770901,30.7552183094441,10.314008544064734,wandb
10960,1788904285.2223487,0.44272175431251526,2.17e-05,2.489598512649536,3.065950870513916,551634862080.0,2506.0613669082704,28.038037191413075,9.402780114951693,wandb
10980,1788904418.465946,0.42277514934539795,2.17e-05,2.491516590118408,3.6823246479034424,552641495040.0,2699.2692027813923,30.19966362220004,10.127698834496815,wandb
11000,1788904638.069384,0.4530651867389679,2.17e-05,2.491791248321533,3.0412745475769043,553648128000.0,2502.2667372902883,27.995582538162555,9.388542607288588,wandb
11020,1788904766.7708127,0.4224511384963989,2.17e-05,2.491253137588501,3.2127249240875244,554654760960.0,2622.811437078931,29.344247347624655,9.840828142312741,wandb
11040,1788904879.0853877,0.4384714365005493,2.17e-05,2.4900102615356445,2.988203763961792,555661393920.0,2915.18802539354,32.615382590085595,10.937829519447277,wandb
11060,1788904995.5743868,0.47367367148399353,2.17e-05,2.489377498626709,3.279327392578125,556668026880.0,1837.2267615306514,20.55505621253261,6.893302569557478,wandb
11080,1788905157.1940017,0.43273741006851196,2.17e-05,2.4918506145477295,3.7094414234161377,557674659840.0,2451.809467525087,27.43106212180929,9.199226168725751,wandb
11100,1788905497.3842137,0.4916673004627228,2.17e-05,2.490248918533325,3.445889711380005,558681292800.0,1394.9158009522937,15.606441894214692,5.233745162197471,wandb
11120,1788905667.9883156,0.3946674168109894,2.17e-05,2.4887523651123047,3.0176053047180176,559687925760.0,2306.8393118721488,25.809123142375352,8.655295954232807,wandb
11140,1788905824.0338645,0.43856263160705566,2.17e-05,2.4888720512390137,3.0545730590820312,560694558720.0,2580.8309983368595,28.874566469772027,9.683316901832674,wandb
11160,1788905955.3099544,0.4692986011505127,2.17e-05,2.489090919494629,3.082071304321289,561701191680.0,2969.551132034185,33.223601856364624,11.141800716983543,wandb
11180,1788906080.2666278,0.4277999997138977,2.17e-05,2.4883594512939453,3.1645238399505615,562707824640.0,2157.1149689122494,24.133993893027164,8.093527957128895,wandb
11200,1788906282.0086672,0.43404603004455566,2.17e-05,2.4880778789520264,3.1042098999023438,563714457600.0,2620.6847300190507,29.320453560119073,9.832848705289761,wandb
11220,1788906400.1371143,0.4886573255062103,2.17e-05,2.492072105407715,3.112504005432129,564721090560.0,2856.6512345392025,31.960467774067062,10.718198595677324,wandb
11240,1788906513.595678,0.3992932140827179,2.17e-05,2.4887404441833496,3.1288352012634277,565727723520.0,3121.0590616754407,34.9186860319434,11.7102607582657,wandb
11260,1788906628.4809372,0.46605971455574036,2.17e-05,2.487278699874878,3.3789474964141846,566734356480.0,3097.8417665696525,34.65892887186108,11.623149116218007,wandb
11280,1788906749.3939238,0.4237213432788849,2.17e-05,2.493544101715088,3.442147731781006,567740989440.0,2862.9705874606448,32.03116925591292,10.741908903323305,wandb
11300,1788906938.043364,0.42565780878067017,2.17e-05,2.4890849590301514,3.090841054916382,568747622400.0,2783.6053757570266,31.143224217202352,10.444129429811701,wandb
11320,1788907076.670184,0.43980923295021057,2.17e-05,2.491797924041748,3.053579092025757,569754255360.0,2484.3902518507007,27.795578831060492,9.321469763807524,wandb
11340,1788907197.51027,0.4060555100440979,2.17e-05,2.488854169845581,3.340787172317505,570760888320.0,2699.494124193051,30.202180062933895,10.128542743031897,wandb
11360,1788907458.0760605,0.46175798773765564,2.17e-05,2.48639178276062,3.039923667907715,571767521280.0,171.87204597447737,1.9229197181000408,0.6448665134639667,wandb
11380,1788907613.8111138,0.35728996992111206,2.17e-05,2.4931607246398926,3.108264684677124,572774154240.0,2954.210790828524,33.0519727562425,11.084243524989033,wandb
11400,1788907803.0855167,0.462683767080307,2.17e-05,2.490365505218506,3.296736001968384,573780787200.0,2878.3939765622763,32.203727503272475,10.79977769227834,wandb
11420,1788907918.113307,0.4229178726673126,2.17e-05,2.4885928630828857,3.154538869857788,574787420160.0,2966.9627379043127,33.194642672907385,11.132089023097912,wandb
11440,1788908031.8931174,0.3924495577812195,2.17e-05,2.486029863357544,3.3136110305786133,575794053120.0,2876.3407624563674,32.18075596146445,10.79207400192913,wandb
11460,1788908143.9117131,0.4494207203388214,2.17e-05,2.484701156616211,3.147965908050537,576800686080.0,3040.5227525709684,34.01763865148115,11.408087309610941,wandb
11480,1788908256.5441773,0.4878275692462921,2.17e-05,2.486658811569214,3.222208023071289,577807319040.0,3096.967447271265,34.649146909883186,11.61986865699959,wandb
11500,1788908449.3003953,0.5299741625785828,2.17e-05,2.4925591945648193,3.204986572265625,578813952000.0,2601.31672122446,29.103762557226233,9.760179643643971,wandb
11520,1788908569.486561,0.4571506679058075,2.17e-05,2.48831844329834,3.013324737548828,579820584960.0,2779.1923512793287,31.09385090732808,10.427571695291064,wandb
11540,1788908689.2783098,0.43137326836586,2.17e-05,2.4853017330169678,3.044963836669922,580827217920.0,3155.283920821958,35.30159679633732,11.838672946917296,wandb
11560,1788908801.9429996,0.4246147572994232,2.17e-05,2.485255718231201,3.0656213760375977,581833850880.0,3006.4062768901695,33.635940490929606,11.280081777360385,wandb
11580,1788908917.1887228,0.4114580750465393,2.17e-05,2.488093376159668,3.219372272491455,582840483840.0,3006.5838368615214,33.637927047662096,11.28074798505581,wandb
11600,1788909109.5443542,0.43094828724861145,2.17e-05,2.489166259765625,3.4040422439575195,583847116800.0,3113.6845016826496,34.836178799647136,11.682591297743958,wandb
11620,1788909224.6270323,0.4826231300830841,2.17e-05,2.4862866401672363,3.6750707626342773,584853749760.0,2652.394212391909,29.675222065723357,9.95182316227952,wandb
11640,1788909339.4170814,0.4683554470539093,2.17e-05,2.487173080444336,3.2858572006225586,585860382720.0,2726.1714326002857,30.500648159192696,10.228636407267038,wandb
11660,1788909465.04459,0.42910754680633545,2.17e-05,2.4900307655334473,3.0560896396636963,586867015680.0,2746.542103431621,30.728557034021104,10.305067472024806,wandb
11680,1788909584.9036555,0.42545512318611145,2.17e-05,2.4854648113250732,3.2140331268310547,587873648640.0,2732.8824790950707,30.575731943532034,10.253816355118648,wandb
11700,1788909784.4852629,0.39850908517837524,2.17e-05,2.4856948852539062,3.095755100250244,588880281600.0,2978.200432979365,33.320371003674,11.174253024819844,wandb
11720,1788909898.2161374,0.42961814999580383,2.17e-05,2.486509323120117,3.2270665168762207,589886914560.0,2618.906379481171,29.300557216326844,9.826176307200955,wandb
11740,1788910012.897207,0.39943060278892517,2.17e-05,2.4848289489746094,3.187839984893799,590893547520.0,3116.197904696923,34.86429897584144,11.692021623830756,wandb
11760,1788910130.8952973,0.4369761645793915,2.17e-05,2.4880077838897705,3.013589382171631,591900180480.0,2235.702354236777,25.013236541112594,8.388389014313278,wandb
11780,1788910254.0221305,0.40515801310539246,2.17e-05,2.492858648300171,3.168968439102173,592906813440.0,2972.9395844469786,33.261512162961964,11.15451424163549,wandb
11800,1788910452.668226,0.4431263208389282,2.17e-05,2.4904887676239014,3.194333553314209,593913446400.0,3059.194043771565,34.22653471604156,11.478142276316738,wandb
11820,1788910576.6223183,0.4452894628047943,2.17e-05,2.485633373260498,3.700687885284424,594920079360.0,2999.1260639228085,33.55448882153489,11.25276630830363,wandb
11840,1788910715.8360245,0.4280495345592499,2.17e-05,2.48832368850708,3.2889883518218994,595926712320.0,3061.16390412913,34.24857368870864,11.485533222142696,wandb
11860,1788910840.160662,0.41699349880218506,2.17e-05,2.4855451583862305,3.229234457015991,596933345280.0,2442.093393093281,27.322357817967923,9.162771310648798,wandb
11880,1788911007.5981667,0.3964013159275055,2.17e-05,2.486111640930176,3.1818015575408936,597939978240.0,2156.5086945704893,24.12721084183499,8.091253206637871,wandb
11900,1788911221.3251429,0.4364868700504303,2.17e-05,2.4897446632385254,3.089644432067871,598946611200.0,2781.3817992326894,31.11834664552332,10.43578653709439,wandb
11920,1788911489.324771,0.430999755859375,2.17e-05,2.495500326156616,3.0898711681365967,599953244160.0,1057.318881802325,11.82937757335532,3.9670764204944384,wandb
11940,1788911842.9839017,0.4244847595691681,2.17e-05,2.491244077682495,3.5460262298583984,600959877120.0,1236.3284792031893,13.832152850856746,4.638723134757827,wandb
11960,1788912194.3826172,0.4476262629032135,2.17e-05,2.4917051792144775,3.6625757217407227,601966510080.0,1452.9270573632152,16.25547698419601,5.451404272794958,wandb
11980,1788912509.6871717,0.41679471731185913,2.17e-05,2.484300374984741,3.1344871520996094,602973143040.0,1108.4660971078831,12.401617161703333,4.158981545149696,wandb
12000,1788913109.7007883,0.41712912917137146,2.17e-05,2.4871695041656494,3.229180335998535,603979776000.0,1700.5898735722606,19.026350572326102,6.380638901369233,wandb
12020,1788913463.771186,0.4192213714122772,2.17e-05,2.4888546466827393,3.5527853965759277,604986408960.0,1905.367503979554,21.317420892129363,7.14896766482489,wandb
12040,1788913695.182855,0.4167627990245819,2.17e-05,2.4880433082580566,3.06581711769104,605993041920.0,2499.250871526423,27.96184076409104,9.377227033373165,wandb
12060,1788913915.4381843,0.4082455039024353,2.17e-05,2.49267315864563,3.1147232055664062,606999674880.0,2781.563150558768,31.12037562026929,10.436466970010036,wandb
12080,1788914101.5547218,0.34875041246414185,2.17e-05,2.487920045852661,3.1889734268188477,608006307840.0,1751.8109767781386,19.599416825066506,6.572821254542929,wandb
12100,1788914603.2342658,0.3850867748260498,2.17e-05,2.48576283454895,3.0770387649536133,609012940800.0,1170.145466759107,13.091691428462992,4.390403472049585,wandb
12120,1788914841.0003738,0.45034411549568176,2.17e-05,2.48892879486084,3.202657699584961,610019573760.0,2557.354041599341,28.611904192287653,9.595231005419269,wandb
12140,1788915073.954232,0.3892539143562317,2.17e-05,2.4892985820770264,3.238949775695801,611026206720.0,2130.1047405206123,23.83180105840892,7.992185172081889,wandb
12160,1788915533.866829,0.40870630741119385,2.17e-05,2.4856505393981934,3.3912270069122314,612032839680.0,344.5886678984352,3.85528862694824,1.2929018886518338,wandb
12180,1788915913.4345236,0.48511356115341187,2.17e-05,2.4909462928771973,3.067042350769043,613039472640.0,1088.122606564441,12.174012382350352,4.082652461242794,wandb
12200,1788916396.444603,0.3853166699409485,2.17e-05,2.485628366470337,3.104691982269287,614046105600.0,681.069891496039,7.619870446858285,2.5553845237843555,wandb
12220,1788916855.232625,0.5147785544395447,2.17e-05,2.4944112300872803,4.142490386962891,615052738560.0,993.2389479732236,11.112445581326652,3.726647540526892,wandb
12240,1788917127.2399745,0.4501381516456604,2.17e-05,2.488503932952881,3.005667209625244,616059371520.0,1592.0506494907822,17.812004091546168,5.973398092599778,wandb
12260,1788917419.8330424,0.3713112473487854,2.17e-05,2.4884228706359863,3.1112773418426514,617066004480.0,1582.4911337273268,17.705051379993723,5.93753064501206,wandb
12280,1788917698.417659,0.4446401596069336,2.17e-05,2.4898343086242676,3.2858338356018066,618072637440.0,2652.8568395549573,29.680397979519633,9.953558946385524,wandb
12300,1788918663.0438209,0.4585117995738983,2.17e-05,2.489652633666992,3.318268060684204,619079270400.0,1213.3159550961575,13.574686686898733,4.5523797965915325,wandb
12320,1788919028.455681,0.35690534114837646,2.17e-05,2.486825704574585,3.4097437858581543,620085903360.0,2465.4030786432922,27.583148650547436,9.250229603039227,wandb
12340,1788919156.2661195,0.4418911039829254,2.17e-05,2.485360860824585,3.214419364929199,621092536320.0,2574.686316079157,28.805819218828443,9.660261961156301,wandb
12360,1788919275.6329198,0.4003579914569855,2.17e-05,2.486051321029663,3.0464258193969727,622099169280.0,2800.453780729437,31.331725668711186,10.507344899845732,wandb
12380,1788919397.3620024,0.4592515528202057,2.17e-05,2.4862160682678223,3.072192907333374,623105802240.0,2870.5224502050396,32.115660167144284,10.770243606448089,wandb
12400,1788919592.8428605,0.45301827788352966,2.17e-05,2.48991060256958,3.433292865753174,624112435200.0,2092.614039281105,23.41235176256734,7.851519494550882,wandb
12420,1788919712.456453,0.43545791506767273,2.17e-05,2.489440679550171,3.3815689086914062,625119068160.0,2271.152801894176,25.409859298637738,8.521399629576207,wandb
12440,1788919826.5493066,0.3968985974788666,2.17e-05,2.4888224601745605,3.127901554107666,626125701120.0,2870.6004612767556,32.11653296194452,10.770536305167907,wandb
12460,1788919945.2510161,0.3941623270511627,2.17e-05,2.490405559539795,2.9574227333068848,627132334080.0,2739.3335253055443,30.647906821594148,10.278020777974945,wandb
12480,1788920062.3915412,0.4669704735279083,2.17e-05,2.492810010910034,3.281308650970459,628138967040.0,2848.9138491681715,31.873901219208552,10.689167808854172,wandb
12500,1788920247.052927,0.44349098205566406,2.17e-05,2.4868946075439453,3.191169261932373,629145600000.0,2829.774920279941,31.6597731826577,10.61735825847842,wandb
12520,1788920370.7646155,0.431216835975647,2.17e-05,2.488924503326416,3.318525552749634,630152232960.0,2739.7373191502707,30.652424502998763,10.279535818581639,wandb
12540,1788920491.8263924,0.46926411986351013,2.17e-05,2.487950325012207,2.9772229194641113,631158865920.0,2373.1021597730255,26.55047777095167,8.903915160781246,wandb
12560,1788920607.4062982,0.4521457254886627,2.17e-05,2.4840035438537598,3.494720220565796,632165498880.0,3152.4122285764756,35.269468048396696,11.827898314221292,wandb
12580,1788920725.5402663,0.40605464577674866,2.17e-05,2.4885592460632324,3.069706439971924,633172131840.0,2865.3694801027023,32.058008279890686,10.750909584763308,wandb
12600,1788920931.6482728,0.3740334212779999,2.17e-05,2.4860036373138428,3.1208548545837402,634178764800.0,2031.9158415965694,22.73325493493046,7.623778939695407,wandb
12620,1789071117.1811037,0.4442073702812195,2.17e-05,2.486377716064453,3.65228271484375,635185397760.0,3211.4357105733757,35.92982800815197,12.049355310511988,wandb
12640,1789071313.0354273,0.44906142354011536,2.17e-05,2.483180522918701,3.291679859161377,636192030720.0,3225.9984735127528,36.09275749355708,12.103995017102276,wandb
12660,1789071412.609076,0.3987604081630707,2.17e-05,2.485604763031006,3.3402857780456543,637198663680.0,3087.6884720315684,34.54533291063154,11.58505380169595,wandb
12680,1789071520.9282928,0.3993479013442993,2.17e-05,2.486971378326416,3.2462689876556396,638205296640.0,3688.018041899955,41.26187346679539,13.837499418755968,wandb
12700,1789071715.181984,0.43402722477912903,2.17e-05,2.483065605163574,3.0146842002868652,639211929600.0,3656.699349376697,40.91147715274309,13.719991211186699,wandb
12720,1789071815.059077,0.502295970916748,2.17e-05,2.4846057891845703,3.0018324851989746,640218562560.0,3466.474376152521,38.78322325424619,13.006264237371152,wandb
12740,1789071912.2810295,0.408938467502594,2.17e-05,2.4827139377593994,3.2799675464630127,641225195520.0,3219.214230307252,36.01685477791604,12.078540434086069,wandb
12760,1789072013.631774,0.3930564224720001,2.17e-05,2.4860522747039795,3.1248135566711426,642231828480.0,3773.595430035434,42.21932088726568,14.158587072105217,wandb
12780,1789072122.836304,0.4603970944881439,2.17e-05,2.488177537918091,3.0625154972076416,643238461440.0,3163.3181405785713,35.39148436067012,11.868817460840287,wandb
12800,1789072302.1970017,0.41528427600860596,2.17e-05,2.4771337509155273,3.253871440887451,644245094400.0,1754.9308898801619,19.63432269000006,6.584527215643264,wandb
12820,1789072394.3859692,0.4044511020183563,2.17e-05,2.4796547889709473,3.0100908279418945,645251727360.0,3801.2256265361057,42.52844998016081,14.262255986864968,wandb
12840,1789072493.3677664,0.4896250367164612,2.17e-05,2.4880032539367676,3.212188482284546,646258360320.0,3760.5327468567925,42.07317442747877,14.109575687443245,wandb
12860,1789072591.0847247,0.44575485587120056,2.17e-05,2.484799861907959,3.1296286582946777,647264993280.0,3419.2102347860787,38.25442784207023,12.828928464808277,wandb
12880,1789072685.5733755,0.45700573921203613,2.17e-05,2.485957622528076,3.448366641998291,648271626240.0,3583.883805098957,40.096810375013305,13.446786188821749,wandb
12900,1789072860.8662033,0.41384047269821167,2.17e-05,2.4855103492736816,3.239814281463623,649278259200.0,1862.4429393685823,20.83717705018689,6.987914049819071,wandb
12920,1789072953.5933049,0.410503625869751,2.17e-05,2.4836552143096924,3.060187339782715,650284892160.0,3825.7408696304637,42.802728697638564,14.354237549377629,wandb
12940,1789073046.44198,0.46030738949775696,2.17e-05,2.4851016998291016,3.175978183746338,651291525120.0,3334.071891416758,37.301892493444946,12.509488114055573,wandb
12960,1789073138.4693005,0.4454454779624939,2.17e-05,2.4877874851226807,3.469815254211426,652298158080.0,3490.7353127289084,39.05465676781033,13.097291637985844,wandb
12980,1789073225.6622498,0.4275466203689575,2.17e-05,2.4865565299987793,3.0146918296813965,653304791040.0,3934.0516245836957,44.0145190455163,14.76062113852576,wandb
13000,1789073386.409763,0.42215701937675476,2.17e-05,2.4858572483062744,3.6265347003936768,654311424000.0,3774.7464911039506,42.2321990607513,14.162905870626695,wandb
13020,1789073483.3988407,0.4119487404823303,2.17e-05,2.4840941429138184,3.328562021255493,655318056960.0,3740.3868180626855,41.84777998652715,14.033987858204986,wandb
13040,1789073591.1154044,0.43560728430747986,2.17e-05,2.4865784645080566,3.5832576751708984,656324689920.0,2865.4678407476395,32.05910874752382,10.75127863538933,wandb
13060,1789073682.1302938,0.4780194163322449,2.17e-05,2.486052989959717,3.5557644367218018,657331322880.0,3521.8006500942074,39.40221852184934,13.213849253174278,wandb
13080,1789073771.5057268,0.4330584406852722,2.17e-05,2.4810376167297363,3.4652585983276367,658337955840.0,3503.250642135043,39.194679384967905,13.144249343022912,wandb
13100,1789073924.3371148,0.5200443267822266,2.17e-05,2.4828672409057617,3.160208225250244,659344588800.0,3965.1294684846584,44.3622207237873,14.87722567842498,wandb
13120,1789074009.3962584,0.4679708480834961,2.17e-05,2.480297088623047,3.1715893745422363,660351221760.0,3906.014101824756,43.70083275026006,14.65542392949033,wandb
13140,1789074111.6784089,0.4103963375091553,2.17e-05,2.486569404602051,3.184499740600586,661357854720.0,3528.9083724852912,39.481740351353984,13.24051753498253,wandb
13160,1789074203.267952,0.37894541025161743,2.17e-05,2.489856719970703,3.141587018966675,662364487680.0,3987.001462216954,44.60692653259717,14.959289729391974,wandb
13180,1789074299.1873949,0.41772380471229553,2.17e-05,2.487159490585327,3.3243751525878906,663371120640.0,3848.0296891951803,43.052097990889024,14.43786553716606,wandb
13200,1789074460.378811,0.4583764672279358,2.17e-05,2.4901466369628906,2.9575915336608887,664377753600.0,3686.0254335097093,41.239579987117935,13.83002312196767,wandb
13220,1789074555.0639694,0.41714367270469666,2.17e-05,2.4811713695526123,3.1898882389068604,665384386560.0,4060.5137190001606,45.429388191728485,15.235108827604686,wandb
13240,1789074666.7069461,0.4422134459018707,2.17e-05,2.4830610752105713,3.218400478363037,666391019520.0,2951.890533468265,33.02601351078282,11.075537884314507,wandb
13260,1789074763.2347226,0.4135957360267639,2.17e-05,2.479525089263916,3.282392978668213,667397652480.0,3855.326414947603,43.13373440678988,14.465242962441874,wandb
13280,1789074859.702486,0.4962046444416046,2.17e-05,2.4858293533325195,3.22633695602417,668404285440.0,3780.9830003563275,42.301973680268475,14.186305347574583,wandb
13300,1789075022.5103912,0.47346168756484985,2.17e-05,2.4791359901428223,3.1928372383117676,669410918400.0,3642.68191171565,40.754648814994276,13.66739757328051,wandb
13320,1789075114.6975436,0.4254454970359802,2.17e-05,2.4825220108032227,3.158111572265625,670417551360.0,3697.7503872879633,41.37075981154014,13.874015325706445,wandb
13340,1789075208.2669294,0.4136534035205841,2.17e-05,2.4856908321380615,3.3894166946411133,671424184320.0,3475.876894210911,38.88841946152794,13.041542627197245,wandb
13360,1789075303.2412233,0.45132431387901306,2.17e-05,2.488490581512451,3.283900737762451,672430817280.0,3537.510363536412,39.577980191365995,13.272792335381473,wandb
13380,1789075401.4146402,0.38090890645980835,2.17e-05,2.482171058654785,3.179072856903076,673437450240.0,3221.214024048365,36.039228647937286,12.08604369041939,wandb
13400,1789075566.4635134,0.47303536534309387,2.17e-05,2.4867355823516846,3.443086624145508,674444083200.0,4066.341106297694,45.49458551847175,15.25697327279621,wandb
13420,1789075729.791633,0.41713976860046387,2.17e-05,2.4853053092956543,3.6210386753082275,675450716160.0,3559.1067980296557,39.81960301893087,13.353822483919876,wandb
13440,1789075826.978251,0.39935290813446045,2.17e-05,2.480670213699341,3.0216329097747803,676457349120.0,3729.574841842441,41.72681463612558,13.993421160058855,wandb
13460,1789075921.8548028,0.3724886178970337,2.17e-05,2.4822020530700684,3.204184055328369,677463982080.0,3432.457304236264,38.40263723184257,12.878631669547136,wandb
13480,1789076019.154066,0.3928055167198181,2.17e-05,2.4792144298553467,3.258403778076172,678470615040.0,2695.8370163059035,30.16126401502428,10.11482121898082,wandb
13500,1789076182.0159519,0.39600828289985657,2.17e-05,2.4847376346588135,3.0419230461120605,679477248000.0,3332.4549088886956,37.28380154928119,12.503421171177855,wandb
13520,1789076278.7985694,0.4177371561527252,2.17e-05,2.4827418327331543,3.3166985511779785,680483880960.0,3618.7881111201227,40.48732285139742,13.577747672413391,wandb
13540,1789076505.795839,0.3998607397079468,2.17e-05,2.483633041381836,3.4898672103881836,681490513920.0,3286.5559560074103,36.77027998714959,12.331207606439138,wandb
13560,1789076603.6051478,0.4445706307888031,2.17e-05,2.4854700565338135,3.552060842514038,682497146880.0,3105.7572590701548,34.74748810510573,11.652848163682114,wandb
13580,1789076700.118356,0.3794551491737366,2.17e-05,2.4813804626464844,3.031573534011841,683503779840.0,3679.940643816032,41.171502819501036,13.807192899096492,wandb
13600,1789076855.0118504,0.4902783930301666,2.17e-05,2.480952739715576,3.046639919281006,684510412800.0,3166.282013028373,35.42464442892522,11.87993795505573,wandb
13620,1789076949.5119567,0.4557565450668335,2.17e-05,2.48538875579834,3.379316568374634,685517045760.0,3971.24346399651,44.430624648692344,14.900165481967246,wandb
13640,1789077048.1207511,0.3924795687198639,2.17e-05,2.4866232872009277,3.2432191371917725,686523678720.0,3838.928733444893,42.95027568949871,14.403718613676542,wandb
13660,1789077152.3074913,0.42061084508895874,2.17e-05,2.4816856384277344,3.144656181335449,687530311680.0,3306.5237959563583,36.99368195428158,12.406127243639459,wandb
13680,1789077248.8354108,0.4173397123813629,2.17e-05,2.486315965652466,3.2268848419189453,688536944640.0,3695.0701741045546,41.34077334835546,13.863959125344566,wandb
13700,1789077408.663282,0.3890368938446045,2.17e-05,2.4843649864196777,3.0308728218078613,689543577600.0,3600.317290203793,40.28066966618556,13.508444873243247,wandb
13720,1789077502.7397678,0.43950480222702026,2.17e-05,2.483119010925293,3.887781858444214,690550210560.0,3740.597049394057,41.850132073337804,14.034776649336864,wandb
13740,1789077594.824935,0.44640976190567017,2.17e-05,2.4849085807800293,3.255924940109253,691556843520.0,3540.83977701476,39.6152299651202,13.285284345059306,wandb
13760,1789077686.8166094,0.3840031027793884,2.17e-05,2.4827001094818115,3.2583975791931152,692563476480.0,3737.486085488276,41.81532633280678,14.02310426575605,wandb
13780,1789077776.9992566,0.3842603862285614,2.17e-05,2.483826160430908,3.125434398651123,693570109440.0,3927.151029194603,43.93731457130944,14.734730000358645,wandb
13800,1789077936.5283859,0.388325572013855,2.17e-05,2.4858336448669434,3.3732810020446777,694576742400.0,4006.9145934530325,44.8297164137897,15.034004098674965,wandb
13820,1789078026.34471,0.429892361164093,2.17e-05,2.483363628387451,3.1272976398468018,695583375360.0,3601.40374490352,40.292825017878044,13.512521267692835,wandb
13840,1789078112.5970314,0.45276445150375366,2.17e-05,2.4864625930786133,3.402677059173584,696590008320.0,3812.5190118091787,42.654801377809946,14.30462893905135,wandb
13860,1789078203.49037,0.37725916504859924,2.17e-05,2.4831504821777344,3.255401611328125,697596641280.0,3629.706001061973,40.60947317392484,13.618711760443329,wandb
13880,1789078297.7417903,0.40976691246032715,2.17e-05,2.4790148735046387,3.5916388034820557,698603274240.0,3294.0835895117143,36.854499819490485,12.359451401089004,wandb
13900,1789078514.7419326,0.3579848110675812,2.17e-05,2.4861762523651123,3.1793746948242188,699609907200.0,2973.619967116104,33.26912434470389,11.157067047690553,wandb
13920,1789079143.9146538,0.4904000461101532,2.17e-05,2.4831278324127197,3.1204404830932617,700616540160.0,747.7141029695565,8.365491804962593,2.8054346122197056,wandb
13940,1789079600.928881,0.4011843204498291,2.17e-05,2.481687545776367,4.270399570465088,701623173120.0,2278.0412206405463,25.486927539484146,8.54724508079584,wandb
13960,1789080497.97145,0.4370328485965729,2.17e-05,2.4805989265441895,3.745241403579712,702629806080.0,602.7996238083851,6.744175739064396,2.261713296765135,wandb
13980,1789081184.6613324,0.4732365012168884,2.17e-05,2.488340377807617,3.0963826179504395,703636439040.0,537.3079200551492,6.011448739714164,2.015987434710547,wandb
14000,1789081763.8467681,0.45545926690101624,2.17e-05,2.4817166328430176,3.4999351501464844,704643072000.0,2040.7806318704952,22.83243499599219,7.657039766749183,wandb
14020,1789081866.493335,0.4955531060695648,2.17e-05,2.4803431034088135,3.1897106170654297,705649704960.0,3382.9999280586962,37.849303713770304,12.693066846833384,wandb
14040,1789081973.443616,0.3987939655780792,2.17e-05,2.4853503704071045,3.1883275508880615,706656337920.0,3038.050444933493,33.989978254013046,11.398811173998837,wandb
14060,1789082078.0709195,0.39193210005760193,2.17e-05,2.4856789112091064,3.2565646171569824,707662970880.0,3453.9573673992436,38.6431818484036,12.959300231398228,wandb
14080,1789082179.7778845,0.46117696166038513,2.17e-05,2.481010913848877,3.20035457611084,708669603840.0,3571.476898911842,39.95800080646157,13.400235289340703,wandb
14100,1789082350.083093,0.45831620693206787,2.17e-05,2.4829530715942383,3.253990888595581,709676236800.0,3781.2309617066517,42.30474789388281,14.18723570230767,wandb
14120,1789082459.2329776,0.39857354760169983,2.17e-05,2.4782447814941406,3.363236904144287,710682869760.0,2914.61837257519,32.609009263750494,10.935692173465434,wandb
14140,1789082567.961438,0.4367610514163971,2.17e-05,2.484546184539795,3.0906662940979004,711689502720.0,3259.8425501087445,36.471408028950044,12.230978503870718,wandb
14160,1789082676.9383566,0.411426842212677,2.17e-05,2.4860846996307373,3.0727858543395996,712696135680.0,1484.324150007294,16.6067504457645,5.569206638802162,wandb
14180,1789082776.2836087,0.43586885929107666,2.17e-05,2.4811627864837646,3.2908945083618164,713702768640.0,3222.3144279275843,36.05154006428908,12.090172422401201,wandb
14200,1789082945.8665695,0.4757165014743805,2.17e-05,2.481451988220215,3.579899311065674,714709401600.0,3025.8663544265446,33.853661567084174,11.353096282316496,wandb
14220,1789083043.265241,0.43529465794563293,2.17e-05,2.4851622581481934,3.087078094482422,715716034560.0,2697.417948639183,30.178951626406395,10.120752900983,wandb
14240,1789083145.709043,0.4744392931461334,2.17e-05,2.4829955101013184,3.0861339569091797,716722667520.0,2874.127546599008,32.15599430584792,10.783769982590869,wandb
14260,1789083258.5890841,0.42275458574295044,2.17e-05,2.4796342849731445,3.1781458854675293,717729300480.0,3255.9704240748574,36.42808633891422,12.216450228484174,wandb
14280,1789083363.6607394,0.46965351700782776,2.17e-05,2.484151840209961,3.375502824783325,718735933440.0,3086.150206432334,34.52812265846009,11.5792822059246,wandb
14300,1789083537.435734,0.42257678508758545,2.17e-05,2.4834156036376953,3.206575393676758,719742566400.0,3772.203564287096,42.20374856963105,14.153364770786514,wandb
14320,1789083637.0304322,0.3997243344783783,2.17e-05,2.485865592956543,3.3205885887145996,720749199360.0,3530.6868866099285,39.501638525369394,13.24719054685132,wandb
14340,1789083731.1548092,0.4278152287006378,2.17e-05,2.4852981567382812,3.1507697105407715,721755832320.0,3705.574811798364,41.45830016802178,13.903372684695663,wandb
14360,1789083827.9564848,0.3955056369304657,2.17e-05,2.4769673347473145,3.0759501457214355,722762465280.0,3742.474378883275,41.87113580243011,14.041820417946653,wandb
14380,1789083938.7769306,0.4426267445087433,2.17e-05,2.4840006828308105,3.636314868927002,723769098240.0,948.4786810030869,10.611663738320727,3.5587063425322234,wandb
14400,1789084108.7300167,0.4356503486633301,2.17e-05,2.4804465770721436,3.0809645652770996,724775731200.0,3482.8963610222218,38.96695387976616,13.067879772736655,wandb
14420,1789084222.137145,0.4566051661968231,2.17e-05,2.481032371520996,3.087857723236084,725782364160.0,3192.7574486119283,35.72085395409993,11.979274189406151,wandb
14440,1789084327.4146314,0.43382564187049866,2.17e-05,2.478975296020508,3.785318374633789,726788997120.0,3432.447663287307,38.402529368049215,12.878595496560976,wandb
14460,1789084441.2362297,0.4498837888240814,2.17e-05,2.4892771244049072,3.0872011184692383,727795630080.0,3753.994751954833,42.00002675973248,14.085045031782709,wandb
14480,1789084541.2630112,0.4164906144142151,2.17e-05,2.481908082962036,3.2708802223205566,728802263040.0,2890.6786905953277,32.34116997514997,10.845870124951027,wandb
14500,1789084715.334975,0.3866741359233856,2.17e-05,2.4787049293518066,3.3263421058654785,729808896000.0,2924.6984731941084,32.721786324910454,10.973512863296829,wandb
14520,1789084807.6396396,0.5047293305397034,2.17e-05,2.4815115928649902,3.1796021461486816,730815528960.0,3740.7168550549095,41.85147246971399,14.035226161986632,wandb
14540,1789084903.453076,0.45731261372566223,2.17e-05,2.4836978912353516,3.2951009273529053,731822161920.0,3194.0804387582916,35.7356556853813,11.98423806842554,wandb
14560,1789085002.4315517,0.44555097818374634,2.17e-05,2.483405351638794,3.017045021057129,732828794880.0,3235.2224110583647,36.1959557261982,12.138603370146097,wandb
14580,1789085180.1576118,0.4251742362976074,2.17e-05,2.4773693084716797,3.155068874359131,733835427840.0,3473.5976422185704,38.86291898776712,13.032990839282736,wandb
14600,1789085471.227874,0.3975646495819092,2.17e-05,2.479687213897705,3.141268014907837,734842060800.0,3559.5712834162505,39.82479972269726,13.355565240108703,wandb
14620,1789085634.7434433,0.46918320655822754,2.17e-05,2.4824986457824707,3.58595609664917,735848693760.0,1926.7729353169461,21.556906759419384,7.229281166636501,wandb
14640,1789085870.7019727,0.41806283593177795,2.17e-05,2.482069969177246,3.4123387336730957,736855326720.0,3031.88669194706,33.92101763806233,11.375684679660111,wandb
14660,1789086000.5951986,0.4376773536205292,2.17e-05,2.478114128112793,3.310753345489502,737861959680.0,3483.9969831969906,38.97926773842794,13.072009323766668,wandb
14680,1789086199.6780734,0.40294361114501953,2.17e-05,2.4853134155273438,3.002044200897217,738868592640.0,664.3563613388819,7.432877986763701,2.4926751060950987,wandb
14700,1789086413.7060976,0.3933311104774475,2.17e-05,2.4826064109802246,3.2319564819335938,739875225600.0,2972.3550625773664,33.25497248036049,11.152321106748643,wandb
14720,1789086518.5529556,0.40766391158103943,2.17e-05,2.485299825668335,3.2401742935180664,740881858560.0,3683.471779813977,41.21100948272392,13.820441774715857,wandb
14740,1789086617.7534704,0.4145006835460663,2.17e-05,2.4781129360198975,3.02858829498291,741888491520.0,3821.0019846631703,42.749709631659854,14.336457181376312,wandb
14760,1789086721.9114828,0.4626222550868988,2.17e-05,2.484433174133301,3.2468156814575195,742895124480.0,3468.4323063015822,38.80512875068074,13.013610420874539,wandb
14780,1789086824.834883,0.43925467133522034,2.17e-05,2.4818553924560547,3.357208728790283,743901757440.0,3544.8924981514115,39.66057216920839,13.300490216000194,wandb
14800,1789087000.484398,0.4141101539134979,2.17e-05,2.4804861545562744,3.0402774810791016,744908390400.0,3026.208665790385,33.857491377031025,11.354380639725916,wandb
14820,1789087107.5812168,0.42906224727630615,2.17e-05,2.4774675369262695,3.888573169708252,745915023360.0,2776.724685879641,31.066242447628724,10.418312977425282,wandb
14840,1789087220.1113007,0.4169121980667114,2.17e-05,2.4775681495666504,3.3696603775024414,746921656320.0,3212.0452802181694,35.93664792748721,12.051642425029783,wandb
14860,1789087331.8968847,0.42197495698928833,2.17e-05,2.479189872741699,3.221222162246704,747928289280.0,3006.143796612194,33.633003838262965,11.279096947391373,wandb
14880,1789087441.402603,0.3830408751964569,2.17e-05,2.4777872562408447,3.1644465923309326,748934922240.0,3465.6375181168373,38.773860412203184,13.003124333376434,wandb
14900,1789087615.965976,0.36350712180137634,2.17e-05,2.481605052947998,3.0789928436279297,749941555200.0,2560.0923617444023,28.64254076132105,9.605505223979254,wandb
14920,1789087727.1767304,0.4129822850227356,2.17e-05,2.478382110595703,3.287339687347412,750948188160.0,3705.312370352878,41.45536394981649,13.902388000426738,wandb
14940,1789087828.5120502,0.3813847303390503,2.17e-05,2.480069160461426,3.0835626125335693,751954821120.0,3296.8161225757444,36.885071642147224,12.369703906433518,wandb
14960,1789087930.8816795,0.43062612414360046,2.17e-05,2.481326103210449,3.06784987449646,752961454080.0,3746.810981462712,41.91965409731793,14.058091416350287,wandb
14980,1789088034.2419019,0.36992666125297546,2.17e-05,2.478559970855713,3.4378530979156494,753968087040.0,3578.2093629055144,40.03332421168103,13.425495595971753,wandb
15000,1789088208.3368213,0.3953479826450348,2.17e-05,2.4832751750946045,3.0056700706481934,754974720000.0,3613.6818659889254,40.430193727271615,13.558588963526335,wandb
15020,1789088311.5264359,0.4413187503814697,2.17e-05,2.480334520339966,3.261443853378296,755981352960.0,3355.2719069048426,37.539080149965415,12.589030892496773,wandb
15040,1789088412.3252726,0.44075900316238403,2.17e-05,2.480250120162964,3.059258222579956,756987985920.0,3433.770802387285,38.41733276583687,12.883559934456581,wandb
15060,1789088508.1145892,0.3754883110523224,2.17e-05,2.4823007583618164,3.0217361450195312,757994618880.0,3609.7814107235454,40.3865550872773,13.54395439643518,wandb
15080,1789088607.1674285,0.46047696471214294,2.17e-05,2.479966640472412,3.0602359771728516,759001251840.0,3533.1112736648397,39.52876278310289,13.25628688371357,wandb
15100,1789088782.90848,0.4881397783756256,2.17e-05,2.481802463531494,3.23575496673584,760007884800.0,3790.8910810109355,42.41282616678685,14.223480615900682,wandb
15120,1789088888.8205664,0.4147648215293884,2.17e-05,2.4790902137756348,3.0337023735046387,761014517760.0,3371.1862473990013,37.71713120511676,12.64874173849479,wandb
15140,1789088991.5798771,0.4173930585384369,2.17e-05,2.4822945594787598,3.077407121658325,762021150720.0,3170.40909264038,35.47081856224109,11.8954228201197,wandb
15160,1789089085.010745,0.4652063846588135,2.17e-05,2.4774909019470215,3.0542285442352295,763027783680.0,3436.0155146783254,38.442446806351306,12.89198212888992,wandb
15180,1789089185.110232,0.4240947663784027,2.17e-05,2.488083839416504,3.1952669620513916,764034416640.0,3175.702394575769,35.53004049450882,11.91528336896249,wandb
15200,1789089356.8017895,0.3451598286628723,2.17e-05,2.477382183074951,3.0767269134521484,765041049600.0,3458.305085129694,38.69182450058834,12.975612934016414,wandb
15220,1789089462.5055602,0.4617902338504791,2.17e-05,2.4799699783325195,3.1843643188476562,766047682560.0,3291.5907261072075,36.82660944227482,12.3500981399284,wandb
15240,1789089560.9063299,0.3742029666900635,2.17e-05,2.477583169937134,3.0834152698516846,767054315520.0,3172.3128096859427,35.49211751765784,11.902565595239604,wandb
15260,1789089658.8129866,0.451712965965271,2.17e-05,2.4798409938812256,3.055826187133789,768060948480.0,4075.30606045999,45.59488622201433,15.29060991627262,wandb
15280,1789089753.9343863,0.4474533498287201,2.17e-05,2.4825546741485596,3.6773853302001953,769067581440.0,3550.3965911793935,39.72215245094504,13.321141656207423,wandb
15300,1789089924.512721,0.38914981484413147,2.17e-05,2.4819116592407227,3.0314254760742188,770074214400.0,3763.874418975796,42.110561351993596,14.122113691726044,wandb
15320,1789090024.731109,0.41482582688331604,2.17e-05,2.4817025661468506,3.2095634937286377,771080847360.0,3037.324183602988,33.98185277773211,11.396086230513053,wandb
15340,1789090120.082583,0.45488592982292175,2.17e-05,2.48150634765625,2.982450485229492,772087480320.0,3706.7534143396438,41.47148647795123,13.907794819239097,wandb
15360,1789090220.3587117,0.40141087770462036,2.17e-05,2.4792251586914062,3.2762131690979004,773094113280.0,3679.0102336658424,41.16109330809052,13.803701986154584,wandb
15380,1789090316.906031,0.3654228150844574,2.17e-05,2.4816529750823975,3.7018251419067383,774100746240.0,3072.43968647908,34.37472814329018,11.52784012789554,wandb
15400,1789090638.30533,0.4275951683521271,2.17e-05,2.4809515476226807,3.440547466278076,775107379200.0,2611.379785978966,29.21634901962182,9.797936414654682,wandb
15420,1789090741.2260628,0.3924153447151184,2.17e-05,2.479595422744751,3.0147364139556885,776114012160.0,3503.370839008637,39.196024158267,13.144700323508799,wandb
15440,1789090848.5426419,0.442818284034729,2.17e-05,2.479740619659424,3.055760622024536,777120645120.0,3156.8486072701485,35.3191026473139,11.844543674113146,wandb
15460,1789090947.470682,0.40420395135879517,2.17e-05,2.4796652793884277,3.0735654830932617,778127278080.0,3630.172438328742,40.61469171550001,13.620461840116063,wandb
15480,1789091050.896319,0.39816880226135254,2.17e-05,2.4795565605163574,3.160881757736206,779133911040.0,3250.635896914726,36.368403175169945,12.196435001975242,wandb
15500,1789091226.2276855,0.421063095331192,2.17e-05,2.479473114013672,3.1047520637512207,780140544000.0,2949.8525264461073,33.003212107178676,11.06789125117331,wandb
15520,1789091327.4917884,0.3870709240436554,2.17e-05,2.481644868850708,3.110867500305176,781147176960.0,3267.9019545884116,36.561577362201575,12.261217511255145,wandb
15540,1789091440.2698114,0.42774832248687744,2.17e-05,2.4794235229492188,3.1214675903320312,782153809920.0,3340.6174528118304,37.375124815788325,12.534047159312598,wandb
15560,1789091547.8766203,0.410075306892395,2.17e-05,2.4773101806640625,3.372798442840576,783160442880.0,2610.244008161872,29.20364183651076,9.793674959123466,wandb
15580,1789091659.5717769,0.42114880681037903,2.17e-05,2.483630418777466,3.4199538230895996,784167075840.0,3427.682345675852,38.34921457129956,12.860715952879373,wandb
15600,1789091826.3130338,0.40859436988830566,2.17e-05,2.4799022674560547,3.0917794704437256,785173708800.0,3154.615323822089,35.29411647370998,11.836164360871361,wandb
15620,1789091930.6779113,0.40420058369636536,2.17e-05,2.482088565826416,3.0509068965911865,786180341760.0,3462.7371017429064,38.74141029616186,12.992241927316472,wandb
15640,1789092034.5481563,0.40871462225914,2.17e-05,2.4798450469970703,3.3115646839141846,787186974720.0,3418.142302776173,38.24247972387687,12.824921567770776,wandb
15660,1789092131.7706258,0.4399694800376892,2.17e-05,2.4777889251708984,3.0352771282196045,788193607680.0,3745.651461548468,41.90668128551489,14.053740880111825,wandb
15680,1789092233.1957178,0.40771642327308655,2.17e-05,2.4850220680236816,3.0995285511016846,789200240640.0,3430.724008574391,38.383244966005414,12.872128318033882,wandb
15700,1789092398.7726011,0.4547712802886963,2.17e-05,2.4814279079437256,3.2907371520996094,790206873600.0,3302.4929126986335,36.94858407432273,12.391003308750273,wandb
15720,1789092494.542747,0.3963649272918701,2.17e-05,2.4792165756225586,3.1392552852630615,791213506560.0,3578.530442401184,40.036916477600705,13.426700291090981,wandb
15740,1789092595.2517378,0.4065794050693512,2.17e-05,2.4777894020080566,3.293869972229004,792220139520.0,3527.851792488985,39.4699192404972,13.23655323087158,wandb
15760,1789092698.7074952,0.4625614583492279,2.17e-05,2.476651906967163,3.1397652626037598,793226772480.0,3254.0708009276077,36.40683318639546,12.209322813732596,wandb
15780,1789092796.1302783,0.396879106760025,2.17e-05,2.477118968963623,3.2172324657440186,794233405440.0,3221.094050394489,36.03788637204023,12.085593547457258,wandb
15800,1789092962.0780678,0.5017125606536865,2.17e-05,2.483710289001465,3.190643548965454,795240038400.0,3439.4817684542327,38.481227561510416,12.904987565431837,wandb
15820,1789093058.8207047,0.406299889087677,2.17e-05,2.4789419174194336,3.0070173740386963,796246671360.0,3186.735231414176,35.65347685312587,11.956678739485143,wandb
15840,1789093155.5711045,0.4018016755580902,2.17e-05,2.4755654335021973,3.032949447631836,797253304320.0,3638.6246464137494,40.70925577038162,13.652174652562946,wandb
15860,1789093258.2535453,0.4699420630931854,2.17e-05,2.4768171310424805,3.0736441612243652,798259937280.0,3610.8079953246233,40.39804060698773,13.547806157370003,wandb
15880,1789093357.2625027,0.4197562038898468,2.17e-05,2.4791922569274902,3.212597608566284,799266570240.0,3919.4007839794644,43.850604139372685,14.705650963206093,wandb
15900,1789093521.8989232,0.46294012665748596,2.17e-05,2.4806246757507324,3.391390085220337,800273203200.0,3241.0749839441137,36.26143483153972,12.16056231204516,wandb
15920,1789093623.077336,0.44683638215065,2.17e-05,2.4773247241973877,3.6710309982299805,801279836160.0,3207.179235634997,35.8822061884302,12.033384952228321,wandb
15940,1789093719.9311185,0.36872655153274536,2.17e-05,2.4773168563842773,3.268270254135132,802286469120.0,3772.348797084173,42.20537344706607,14.153909686435597,wandb
15960,1789093819.4982584,0.42603984475135803,2.17e-05,2.4809813499450684,3.0484442710876465,803293102080.0,2987.2107287601307,33.4211789932718,11.208059790733857,wandb
15980,1789093923.4522743,0.4501146972179413,2.17e-05,2.4770593643188477,3.2106781005859375,804299735040.0,2889.3585178583085,32.32639976529461,10.840916816894067,wandb
16000,1789094103.1732805,0.44268998503685,2.17e-05,2.477109432220459,3.082841634750366,805306368000.0,3122.9997345026727,34.94039845192832,11.71754219203683,wandb
16020,1789094212.0444713,0.39864444732666016,2.17e-05,2.4770336151123047,3.2128114700317383,806313000960.0,3070.178155857666,34.349425937801506,11.519354830832514,wandb
16040,1789094324.7537723,0.38619524240493774,2.17e-05,2.475663423538208,3.1814541816711426,807319633920.0,3090.4710734073906,34.576464902008276,11.595494164102837,wandb
16060,1789094422.924921,0.4288678467273712,2.17e-05,2.4795799255371094,3.0065274238586426,808326266880.0,3369.8492756047535,37.70217304591684,12.643725400121276,wandb
16080,1789094524.85119,0.42038214206695557,2.17e-05,2.483973264694214,3.1628308296203613,809332899840.0,3038.1679192639435,33.9912925672576,11.399251939461712,wandb
16100,1789094706.3553708,0.40072375535964966,2.17e-05,2.4817769527435303,3.189976692199707,810339532800.0,3064.6273961356487,34.287323544946496,11.498528296484137,wandb
16120,1789094810.5425763,0.41547033190727234,2.17e-05,2.476386785507202,3.6950998306274414,811346165760.0,3196.066307858445,35.75787376528254,11.99168907929558,wandb
16140,1789094921.2870193,0.39678120613098145,2.17e-05,2.478926420211792,3.279092788696289,812352798720.0,3045.257856881467,34.0706154191358,11.425853492530837,wandb
16160,1789095027.5166743,0.4466509222984314,2.17e-05,2.476274013519287,3.216738700866699,813359431680.0,3432.550446972033,38.403679321044415,12.878981142499118,wandb
16180,1789095133.0264502,0.4235612452030182,2.17e-05,2.4773120880126953,3.1711270809173584,814366064640.0,3616.0644793297247,40.45685061698079,13.567528564782041,wandb
16200,1789095304.9763067,0.4322442412376404,2.17e-05,2.480319023132324,3.0771589279174805,815372697600.0,3928.2204721446424,43.94927959403524,14.73874256646636,wandb
16220,1789095400.7349703,0.44990867376327515,2.17e-05,2.4862284660339355,3.0888876914978027,816379330560.0,3726.274194038471,41.68988669529162,13.981037079625933,wandb
16240,1789095496.8741858,0.4192177951335907,2.17e-05,2.482231855392456,3.4809489250183105,817385963520.0,3537.0406567483146,39.572725070095764,13.271029988415314,wandb
16260,1789095597.0420368,0.43076401948928833,2.17e-05,2.4815049171447754,3.6605114936828613,818392596480.0,3667.2102267368973,41.02907378235127,13.759428181860375,wandb
16280,1789095696.246374,0.4563724398612976,2.17e-05,2.475083112716675,3.12988543510437,819399229440.0,3630.697216897082,40.62056298473973,13.622430817233822,wandb
16300,1789095862.4065256,0.5126376152038574,2.17e-05,2.479094982147217,3.210170030593872,820405862400.0,3524.917443636585,39.437089484872466,13.225543509639689,wandb
16320,1789095957.4927213,0.4521564245223999,2.17e-05,2.4802920818328857,3.5457823276519775,821412495360.0,3821.641129181494,42.756860437307346,14.338855261266467,wandb
16340,1789096051.173741,0.42796432971954346,2.17e-05,2.479250431060791,3.0563035011291504,822419128320.0,3662.0411624632825,40.97124183207975,13.740033774601779,wandb
16360,1789096146.5746164,0.3920435309410095,2.17e-05,2.4839930534362793,3.1058921813964844,823425761280.0,3560.926456575137,39.83996152038163,13.360649870277362,wandb
16380,1789096241.7185202,0.5240381956100464,2.17e-05,2.4805784225463867,3.1841940879821777,824432394240.0,3749.0383050409287,41.94457359136862,14.066448368070372,wandb
16400,1789096408.8559966,0.4157913625240326,2.17e-05,2.477393627166748,3.06666898727417,825439027200.0,3672.275257467898,41.08574179610652,13.778432253695147,wandb
16420,1789096500.4914558,0.44040679931640625,2.17e-05,2.48020076751709,3.187774181365967,826445660160.0,2945.162733579176,32.95074228797977,11.050295077474328,wandb
16440,1789096596.758986,0.42774996161460876,2.17e-05,2.4801993370056152,3.235348701477051,827452293120.0,3133.2183629235665,35.05472537444248,11.755882640274375,wandb
16460,1789096843.1317394,0.41920071840286255,2.17e-05,2.476780891418457,3.3854570388793945,828458926080.0,3635.567151350084,40.67504824400593,13.640702884885657,wandb
16480,1789097126.8415213,0.3927682340145111,2.17e-05,2.4807305335998535,3.0612823963165283,829465559040.0,326.0400001045156,3.64776448395461,1.2233070068207157,wandb
16500,1789098206.004396,0.44875550270080566,2.17e-05,2.4772753715515137,3.100992202758789,830472192000.0,614.7385642217281,6.877749664968831,2.3065083815920757,wandb
16520,1789099042.5932994,0.42459720373153687,2.17e-05,2.4836978912353516,4.13800048828125,831478824960.0,386.2062913979378,4.320910295637406,1.4490518408596853,wandb
16540,1789099650.0915701,0.49217212200164795,2.17e-05,2.479987621307373,2.997056007385254,832485457920.0,3587.8541733055813,40.14123120720477,13.46168307032483,wandb
16560,1789099757.747869,0.41428184509277344,2.17e-05,2.479607105255127,3.10320782661438,833492090880.0,2962.956885512455,33.1498248404994,11.11705900439567,wandb
16580,1789099868.2584615,0.4472685158252716,2.17e-05,2.480661392211914,3.2792422771453857,834498723840.0,3110.9926300255656,34.80606190042334,11.672491354612696,wandb
16600,1789100072.7837746,0.38698962330818176,2.17e-05,2.479778289794922,3.3105521202087402,835505356800.0,3069.20429036746,34.338530244186664,11.515700872798263,wandb
16620,1789100170.9141204,0.379629522562027,2.17e-05,2.4779205322265625,3.393874168395996,836511989760.0,3183.634881828503,35.61878986655111,11.945046180993756,wandb
16640,1789100274.0503461,0.45652762055397034,2.17e-05,2.476260185241699,3.206969976425171,837518622720.0,3359.2857981664,37.58398792196171,12.60409107315959,wandb
16660,1789100366.4711154,0.3927161395549774,2.17e-05,2.4770617485046387,3.0432238578796387,838525255680.0,3670.500290292384,41.065883305672976,13.77177255003306,wandb
16680,1789100468.4348168,0.3976234793663025,2.17e-05,2.4767508506774902,3.0667941570281982,839531888640.0,2992.240739859535,33.47745520427788,11.226932468381737,wandb
16700,1789100638.5810394,0.4274023473262787,2.17e-05,2.4806363582611084,3.4283502101898193,840538521600.0,3110.1441906091636,34.796569484864065,11.669307997102528,wandb
16720,1789100742.803617,0.40062010288238525,2.17e-05,2.4795258045196533,3.3746209144592285,841545154560.0,3673.1979775794302,41.09606527068141,13.781894313495815,wandb
16740,1789100843.1913218,0.43204283714294434,2.17e-05,2.4796183109283447,3.116832733154297,842551787520.0,3639.226144259051,40.71598538170711,13.654431481567084,wandb
16760,1789100938.144948,0.3983089029788971,2.17e-05,2.4812052249908447,2.9486074447631836,843558420480.0,3574.517601145885,39.992020453167704,13.41164405006751,wandb
16780,1789101036.8109257,0.42516088485717773,2.17e-05,2.483921527862549,3.275451183319092,844565053440.0,3195.802801756255,35.75492563560347,11.990700400418618,wandb
16800,1789101209.051271,0.42864254117012024,2.17e-05,2.4762122631073,3.184584617614746,845571686400.0,3477.6698503004855,38.90847921352998,13.048269825536698,wandb
16820,1789101306.0730135,0.3804565370082855,2.17e-05,2.478550434112549,3.3112385272979736,846578319360.0,2925.1739998342164,32.727106559201964,10.975297046435669,wandb
16840,1789101411.88266,0.3993411958217621,2.17e-05,2.4776368141174316,2.9709067344665527,847584952320.0,3261.114785320441,36.4856419095137,12.235751949608337,wandb
16860,1789101509.985664,0.48097479343414307,2.17e-05,2.4750003814697266,3.454456329345703,848591585280.0,3589.079685406644,40.15494234545615,13.46628121024537,wandb
16880,1789101733.3597164,0.34634602069854736,2.17e-05,2.4780497550964355,3.057278633117676,849598218240.0,512.3887679653,5.732651052514812,1.9224903995437828,wandb
16900,1789101932.7363682,0.4182943105697632,2.17e-05,2.4770426750183105,3.1107568740844727,850604851200.0,2221.8462393281648,24.85821309664864,8.336400661811792,wandb
16920,1789102043.6178353,0.38812416791915894,2.17e-05,2.481052875518799,3.039011001586914,851611484160.0,3207.2314155075737,35.88278998147984,12.033580731898661,wandb
16940,1789102142.7454054,0.4204081594944,2.17e-05,2.483553409576416,2.997636318206787,852618117120.0,3791.6477596426475,42.421291954535725,14.226319685560197,wandb
16960,1789102238.2659209,0.4197523891925812,2.17e-05,2.477055072784424,3.203395128250122,853624750080.0,3520.118381693095,39.38339715353843,13.207537356714413,wandb
16980,1789102342.020547,0.4425589144229889,2.17e-05,2.485125780105591,3.622443199157715,854631383040.0,3433.1118856872044,38.409960747263476,12.881087669041719,wandb
17000,1789102512.4058912,0.4371497631072998,2.17e-05,2.486229181289673,3.619121789932251,855638016000.0,3622.610676687776,40.53009005453447,13.592089996181771,wandb
17020,1789239071.6174753,0.36394003033638,2.17e-05,2.477126121520996,3.646453857421875,856644648960.0,2635.481253327869,29.485998377302895,9.888365484318289,wandb
17040,1789239263.8299375,0.4062834084033966,2.17e-05,2.47444748878479,3.282287120819092,857651281920.0,191.94607663304916,2.147509756324433,0.7201845798113254,wandb
17060,1789239373.7750719,0.4395028054714203,2.17e-05,2.4775068759918213,3.327808380126953,858657914880.0,3236.7333088913197,36.21285978536938,12.144272281644843,wandb
17080,1789239472.7700987,0.44524937868118286,2.17e-05,2.478917121887207,3.2421069145202637,859664547840.0,3095.057633306851,34.62777974159673,11.612703006148028,wandb
17100,1789239668.2142112,0.39814189076423645,2.17e-05,2.4739818572998047,2.9996867179870605,860671180800.0,3216.3927937797303,35.98528829541228,12.067954361603212,wandb
17120,1789239768.5775166,0.4120021462440491,2.17e-05,2.475034236907959,2.994497299194336,861677813760.0,2931.5404081301376,32.79833450075751,10.999183906557697,wandb
17140,1789239865.2256343,0.4166756570339203,2.17e-05,2.474165916442871,3.2681872844696045,862684446720.0,3662.0871062692263,40.97175585546193,13.740206156455887,wandb
17160,1789239969.868492,0.48146215081214905,2.17e-05,2.478652238845825,3.12093186378479,863691079680.0,3174.319562520123,35.514569246630515,11.910094962195263,wandb
17180,1789240068.315606,0.42635199427604675,2.17e-05,2.4788873195648193,3.060823917388916,864697712640.0,3359.261041183113,37.58371093863347,12.60399818458422,wandb
17200,1789240226.9775329,0.49196502566337585,2.17e-05,2.4697248935699463,3.225616693496704,865704345600.0,3799.4773298662158,42.508889881713394,14.255696351342971,wandb
17220,1789240329.253304,0.46043577790260315,2.17e-05,2.4719505310058594,3.0085980892181396,866710978560.0,3619.4924498716914,40.49520305591779,13.580390362051757,wandb
17240,1789240418.8160272,0.4095510244369507,2.17e-05,2.4793431758880615,3.1961352825164795,867717611520.0,3274.262268013017,36.63273711379543,12.2850815033279,wandb
17260,1789240512.882556,0.4081003963947296,2.17e-05,2.475774049758911,3.1206085681915283,868724244480.0,3765.0819838475654,42.12407169504935,14.126644493371096,wandb
17280,1789240608.8605044,0.3607027530670166,2.17e-05,2.476468563079834,3.4384117126464844,869730877440.0,3742.6431300435174,41.873023805401395,14.042453574849693,wandb
17300,1789240770.4594562,0.404916375875473,2.17e-05,2.4769835472106934,3.232250690460205,870737510400.0,3130.9359634874286,35.02918968680086,11.747319043103182,wandb
17320,1789240866.1552718,0.4203161299228668,2.17e-05,2.475654125213623,3.056553840637207,871744143360.0,3850.8041968239054,43.083139428704264,14.448275531711541,wandb
17340,1789240961.444881,0.40884700417518616,2.17e-05,2.4757680892944336,3.170905590057373,872750776320.0,3954.1580727444,44.239471773634264,14.836060835830947,wandb
17360,1789241055.3172736,0.4601639211177826,2.17e-05,2.4796013832092285,3.4658846855163574,873757409280.0,3849.142296884403,43.06454594455122,14.442040058027404,wandb
17380,1789241147.9180124,0.4682915508747101,2.17e-05,2.478238582611084,3.008848190307617,874764042240.0,3828.682094838066,42.83563538653613,14.365273070798143,wandb
17400,1789241301.1892595,0.4330664277076721,2.17e-05,2.4780142307281494,3.6228628158569336,875770675200.0,3706.2430240757335,41.465776186339625,13.905879827256966,wandb
17420,1789241393.5038283,0.4473247230052948,2.17e-05,2.476212978363037,3.317849636077881,876777308160.0,3888.5357179874645,43.50528303924865,14.589844769236354,wandb
17440,1789241487.4295719,0.45629197359085083,2.17e-05,2.4789810180664062,3.585538864135742,877783941120.0,3692.9122268881224,41.31663004320325,13.855862474782167,wandb
17460,1789241579.8170824,0.418310284614563,2.17e-05,2.4770939350128174,3.536248207092285,878790574080.0,3951.053713836862,44.20473993041032,14.82441323430334,wandb
17480,1789241672.0583243,0.413065642118454,2.17e-05,2.4731202125549316,3.456660747528076,879797207040.0,4096.501811224572,45.8320261644294,15.370136693406794,wandb
17500,1789241829.1487627,0.4106124937534332,2.17e-05,2.473506450653076,3.151218891143799,880803840000.0,3121.603804274862,34.9247806605363,11.71230464072973,wandb
17520,1789241921.8540273,0.427924782037735,2.17e-05,2.471531629562378,3.166724681854248,881810472960.0,2743.907332979615,30.699078988152138,10.29518177347779,wandb
17540,1789242015.7555747,0.43204253911972046,2.17e-05,2.478623628616333,3.1750566959381104,882817105920.0,2847.835438747129,31.861835867620574,10.685121596659759,wandb
17560,1789242111.1630883,0.46511110663414,2.17e-05,2.482485294342041,3.1396472454071045,883823738880.0,3550.3125090896365,39.72121173305566,13.320826178936183,wandb
17580,1789242201.547404,0.40053942799568176,2.17e-05,2.479198694229126,3.319654941558838,884830371840.0,3598.754018613794,40.26317964476811,13.50257945461671,wandb
17600,1789242355.8100088,0.4561035633087158,2.17e-05,2.48184871673584,2.950853109359741,885837004800.0,2961.225008328401,33.13044844471809,11.110560975032627,wandb
17620,1789242460.9085798,0.4336495101451874,2.17e-05,2.4731884002685547,3.186732769012451,886843637760.0,3917.7607405843414,43.832255188179715,14.699497495606716,wandb
17640,1789242550.6142144,0.47209540009498596,2.17e-05,2.475344657897949,3.2140355110168457,887850270720.0,3497.2264771414943,39.12728049188145,13.121646584942646,wandb
17660,1789242649.092281,0.45571058988571167,2.17e-05,2.472031593322754,3.2727184295654297,888856903680.0,3852.934733274997,43.10697605977889,14.45626933666821,wandb
17680,1789242744.8252573,0.4323776066303253,2.17e-05,2.477543830871582,3.2171378135681152,889863536640.0,3750.662005865517,41.96273970043071,14.072540518098169,wandb
17700,1789242913.2690988,0.39624276757240295,2.17e-05,2.4710655212402344,3.1849775314331055,890870169600.0,3661.170056725372,40.96149582370194,13.736765372710826,wandb
17720,1789243011.7304127,0.4214264750480652,2.17e-05,2.473414897918701,3.1495442390441895,891876802560.0,2936.784322720513,32.85700388302205,11.018859153335757,wandb
17740,1789243105.1966875,0.4250669777393341,2.17e-05,2.477888822555542,3.385838508605957,892883435520.0,3769.036202701534,42.16831184684872,14.141480782258999,wandb
17760,1789243194.4975243,0.4478575885295868,2.17e-05,2.4801700115203857,3.278186321258545,893890068480.0,3581.1374536286808,40.066083950799964,13.436481836608202,wandb
17780,1789243288.8869374,0.41432008147239685,2.17e-05,2.4739651679992676,3.1714963912963867,894896701440.0,3152.3750233262977,35.269051792752684,11.827758719560457,wandb
17800,1789243450.7797952,0.42748674750328064,2.17e-05,2.477048873901367,3.4375526905059814,895903334400.0,3701.6741340740464,41.414659039137106,13.88873728293521,wandb
17820,1789243543.075724,0.40701034665107727,2.17e-05,2.4771270751953125,3.6152987480163574,896909967360.0,2697.7370336070444,30.18252157737178,10.121950112603754,wandb
17840,1789243636.9879282,0.42764055728912354,2.17e-05,2.4721970558166504,3.018270969390869,897916600320.0,2929.271440191012,32.772949085897615,10.990670704566242,wandb
17860,1789243730.3431487,0.41030076146125793,2.17e-05,2.4743142127990723,3.1970181465148926,898923233280.0,3232.7513505787874,36.168309282043445,12.12933191388927,wandb
17880,1789243825.7093263,0.4467087686061859,2.17e-05,2.4710817337036133,3.2539122104644775,899929866240.0,2834.881105465924,31.71690163611112,10.636516742450125,wandb
17900,1789243992.6395698,0.43524855375289917,2.17e-05,2.4770331382751465,3.0373778343200684,900936499200.0,3541.858426525769,39.626626706338044,13.289106333416296,wandb
17920,1789244079.4417317,0.4094589352607727,2.17e-05,2.4745311737060547,3.304628372192383,901943132160.0,3901.6622020121,43.6521433085681,14.639095535636518,wandb
17940,1789244171.7011192,0.4060680568218231,2.17e-05,2.475757598876953,3.481598377227783,902949765120.0,4140.567233548038,46.32503402380394,15.53547082378813,wandb
17960,1789244262.7694921,0.3463471531867981,2.17e-05,2.475921630859375,3.5441417694091797,903956398080.0,4007.1315848817076,44.83214413316949,15.03481825379407,wandb
17980,1789244358.4425788,0.436810702085495,2.17e-05,2.474262237548828,3.023139476776123,904963031040.0,3446.4241032341647,38.55889901972977,12.93103531042406,wandb
18000,1789244517.4223807,0.42661404609680176,2.17e-05,2.472062826156616,3.0399069786071777,905969664000.0,3919.350803726113,43.85004495585835,14.705463436540322,wandb
18020,1789244610.8539083,0.3604620695114136,2.17e-05,2.476961374282837,3.3719592094421387,906976296960.0,3715.249407608564,41.566540405359994,13.939671914357612,wandb
18040,1789244703.3144238,0.41839709877967834,2.17e-05,2.4793519973754883,3.2444844245910645,907982929920.0,3868.4102309638433,43.280117302641116,14.51433363782983,wandb
18060,1789244796.3259501,0.39417165517807007,2.17e-05,2.473506450653076,3.130146026611328,908989562880.0,3575.5465192083857,40.003532079851816,13.415504566184852,wandb
18080,1789244887.4952223,0.37267857789993286,2.17e-05,2.4781625270843506,3.2218146324157715,909996195840.0,3598.433265785322,40.259591033630045,13.501375985157742,wandb
18100,1789245044.3511598,0.4255477488040924,2.17e-05,2.476698160171509,3.020781993865967,911002828800.0,3256.056282783558,36.42904693377415,12.216772371656534,wandb
18120,1789245142.8429456,0.4447926878929138,2.17e-05,2.475111961364746,3.8875842094421387,912009461760.0,2076.7634081462234,23.23501349338702,7.792047687031512,wandb
18140,1789245238.552762,0.44173842668533325,2.17e-05,2.4772071838378906,3.249039888381958,913016094720.0,3186.5489458473808,35.65139267365645,11.955979793223774,wandb
18160,1789245335.4654655,0.4451453387737274,2.17e-05,2.4756698608398438,3.2602107524871826,914022727680.0,3295.084715064678,36.86570050110903,12.363207639290621,wandb
18180,1789245429.8095393,0.425711452960968,2.17e-05,2.476698398590088,3.1171131134033203,915029360640.0,2604.8938501344196,29.143783793234384,9.773601085364165,wandb
18200,1789245589.5932224,0.40280210971832275,2.17e-05,2.4749178886413574,3.3665528297424316,916035993600.0,3772.9271052431395,42.21184361012086,14.156079507386213,wandb
18220,1789245683.3157558,0.4321420192718506,2.17e-05,2.47416353225708,3.113351583480835,917042626560.0,3327.1592806536846,37.22455359016664,12.483551894023734,wandb
18240,1789245778.998866,0.4266541302204132,2.17e-05,2.476810932159424,3.3926639556884766,918049259520.0,3786.131595800276,42.3595766234554,14.20562295547499,wandb
18260,1789245870.9406424,0.40032756328582764,2.17e-05,2.474423408508301,3.2497637271881104,919055892480.0,3989.8612171213854,44.63892172450569,14.970019573003983,wandb
18280,1789245962.3790624,0.42576444149017334,2.17e-05,2.470729351043701,3.582716464996338,920062525440.0,3926.0784012084723,43.92531391411692,14.730705483947393,wandb
18300,1789246123.9316473,0.4704707860946655,2.17e-05,2.4790987968444824,3.1657633781433105,921069158400.0,3370.281483388575,37.70700862499611,12.645347050256786,wandb
18320,1789246222.105227,0.42608582973480225,2.17e-05,2.4740118980407715,3.106215476989746,922075791360.0,3660.57020320976,40.95478460928309,13.73451471325653,wandb
18340,1789246320.6966343,0.42964866757392883,2.17e-05,2.4732909202575684,4.2661871910095215,923082424320.0,3479.25245059806,38.92618548624479,13.054207765766114,wandb
18360,1789246418.516957,0.38504475355148315,2.17e-05,2.4716796875,3.7468364238739014,924089057280.0,3966.401837884418,44.37645610565893,14.881999627638239,wandb
18380,1789246509.5858278,0.4441465139389038,2.17e-05,2.4798080921173096,3.0888097286224365,925095690240.0,3409.3353357546716,38.14394659449981,12.791877694433799,wandb
18400,1789246681.9163392,0.36582571268081665,2.17e-05,2.471912384033203,3.49239444732666,926102323200.0,1231.132691157779,13.77402191265245,4.619228459503661,wandb
18420,1789246778.8755062,0.3569640517234802,2.17e-05,2.471402168273926,3.1861681938171387,927108956160.0,3292.2230066817187,36.833683453509195,12.352470466197657,wandb
18440,1789246876.1753426,0.4192158877849579,2.17e-05,2.477231979370117,3.185356616973877,928115589120.0,3769.473482461411,42.17320417164667,14.143121462525306,wandb
18460,1789246973.5422518,0.3995397090911865,2.17e-05,2.4775757789611816,3.2533974647521973,929122222080.0,2098.8916790998246,23.482586554514477,7.8750732940051655,wandb
18480,1789247073.822874,0.46501225233078003,2.17e-05,2.473115921020508,3.1881515979766846,930128855040.0,3436.709177615485,38.45020756891171,12.894584762711313,wandb
18500,1789247235.1890523,0.44013676047325134,2.17e-05,2.4748432636260986,3.246284008026123,931135488000.0,3816.921119454835,42.70405254919758,14.321145713453214,wandb
18520,1789247324.7071967,0.42029741406440735,2.17e-05,2.4702835083007812,3.3612220287323,932142120960.0,3878.317505113402,43.39096076590936,14.551505880136798,wandb
18540,1789247418.3151317,0.38980138301849365,2.17e-05,2.4756646156311035,3.0898683071136475,933148753920.0,3302.439698709082,36.947988711480534,12.39080364905742,wandb
18560,1789247513.2521026,0.4406646192073822,2.17e-05,2.4780733585357666,3.0600414276123047,934155386880.0,3493.206318905471,39.08230260441813,13.106562890496937,wandb
18580,1789247604.65686,0.4219994843006134,2.17e-05,2.4729766845703125,3.2940988540649414,935162019840.0,3302.4546773135335,36.94815629343771,12.390859849007645,wandb
18600,1789247766.6416533,0.451415479183197,2.17e-05,2.473477602005005,3.572756767272949,936168652800.0,3584.6990875672855,40.10593182769213,13.449845140961745,wandb
18620,1789247859.2739644,0.4319957196712494,2.17e-05,2.477219820022583,3.078930616378784,937175285760.0,2633.2848654240015,29.461424994324894,9.880124603715798,wandb
18640,1789247951.9435983,0.41574177145957947,2.17e-05,2.474461555480957,3.0810298919677734,938181918720.0,3187.848029213835,35.66592693376052,11.960853973643719,wandb
18660,1789248044.6315157,0.42680269479751587,2.17e-05,2.4720890522003174,3.1707465648651123,939188551680.0,3354.3807692229893,37.529110022419296,12.585687330449465,wandb
18680,1789248135.2364714,0.39697346091270447,2.17e-05,2.475349187850952,3.3716189861297607,940195184640.0,3856.1760357628555,43.14324003994444,14.468430752578378,wandb
18700,1789248301.371947,0.38390180468559265,2.17e-05,2.4755194187164307,3.194713592529297,941201817600.0,2709.1321418754515,30.310011060928975,10.164704731005651,wandb
18720,1789248397.3478432,0.4384620189666748,2.17e-05,2.478132724761963,3.3154430389404297,942208450560.0,3858.1307589531857,43.16510965663982,14.47576490352415,wandb
18740,1789248493.439294,0.44428661465644836,2.17e-05,2.477522611618042,3.14790415763855,943215083520.0,3166.4638801793826,35.426679174766335,11.880620323354309,wandb
18760,1789248584.6898806,0.4578321874141693,2.17e-05,2.469116687774658,3.071168899536133,944221716480.0,4029.4989425720073,45.08239211794569,15.11874091781639,wandb
18780,1789248685.0557475,0.40127965807914734,2.17e-05,2.475506067276001,3.6281161308288574,945228349440.0,3448.143934711127,38.57814064707009,12.937488144112084,wandb
18800,1789248866.4823995,0.43360909819602966,2.17e-05,2.472592830657959,3.066868543624878,946234982400.0,3243.5032273482384,36.28860223445078,12.169673117987928,wandb
18820,1789248984.6805909,0.4059046506881714,2.17e-05,2.472750186920166,3.077115297317505,947241615360.0,2723.728150376679,30.47331250063334,10.219469175446342,wandb
18840,1789249101.3663676,0.39314571022987366,2.17e-05,2.470879077911377,3.7796552181243896,948248248320.0,3850.5750000252247,43.08057515456062,14.447415581859753,wandb
18860,1789249208.4713814,0.4148939251899719,2.17e-05,2.4808404445648193,3.07552170753479,949254881280.0,3691.143738544364,41.29684403851493,13.849227079794725,wandb
18880,1789249312.8826425,0.3860607147216797,2.17e-05,2.4744203090667725,3.26468563079834,950261514240.0,3422.443467079725,38.29060153218603,12.841059601227823,wandb
18900,1789249483.599463,0.38601329922676086,2.17e-05,2.4707446098327637,3.3031811714172363,951268147200.0,2985.413403399163,33.40107035747329,11.201316198822118,wandb
18920,1789249579.7520442,0.42363134026527405,2.17e-05,2.473405122756958,3.167206048965454,952274780160.0,3530.7011025169586,39.50179757420007,13.247243885149299,wandb
18940,1789249674.2547314,0.46917861700057983,2.17e-05,2.4760494232177734,3.288364887237549,953281413120.0,3612.261478227094,40.41430230281636,13.55325964718204,wandb
18960,1789249772.7011294,0.40611493587493896,2.17e-05,2.474818706512451,3.0135984420776367,954288046080.0,2979.303090772808,33.33270763701834,11.178390213521881,wandb
18980,1789249866.0119364,0.41909146308898926,2.17e-05,2.4693684577941895,3.143458843231201,955294679040.0,2984.9925214099458,33.396361492390135,11.199737043239093,wandb
19000,1789250030.5684526,0.45108601450920105,2.17e-05,2.472323417663574,3.1334333419799805,956301312000.0,3078.879126690296,34.44677317240161,11.552001004867256,wandb
19020,1789250125.3932283,0.47171854972839355,2.17e-05,2.47497820854187,3.577180862426758,957307944960.0,3455.963174714549,38.66562299882711,12.96682605075278,wandb
19040,1789250222.7164912,0.4560650885105133,2.17e-05,2.4746742248535156,3.407559394836426,958314577920.0,3400.8157454762622,38.04862866165273,12.759912062979135,wandb
19060,1789250318.970161,0.37850239872932434,2.17e-05,2.4701056480407715,3.3047828674316406,959321210880.0,3723.043214269072,41.653738206617184,13.9689143947114,wandb
19080,1789250412.605526,0.4236384332180023,2.17e-05,2.477735757827759,2.995565414428711,960327843840.0,3297.530790663778,36.893067412201546,12.372385351898377,wandb
19100,1789250576.730481,0.35129889845848083,2.17e-05,2.474332332611084,3.223996162414551,961334476800.0,3067.0199748008235,34.31409192759001,11.507505287787474,wandb
19120,1789250670.4784284,0.45665431022644043,2.17e-05,2.4778599739074707,3.2349236011505127,962341109760.0,3219.8163932674092,36.023591830605625,12.080799758611196,wandb
19140,1789250761.7174828,0.4250740110874176,2.17e-05,2.4699625968933105,3.020758867263794,963347742720.0,3467.7862541832865,38.79790066219114,13.011186423564915,wandb
19160,1789250855.3877537,0.37559956312179565,2.17e-05,2.475728750228882,3.242621898651123,964354375680.0,3876.995232744947,43.376167065190984,14.546544694230963,wandb
19180,1789250946.6357727,0.39174333214759827,2.17e-05,2.4733567237854004,3.353043794631958,965361008640.0,3299.599950472313,36.91621735594704,12.380148870764778,wandb
19200,1789251107.800069,0.45435991883277893,2.17e-05,2.473170518875122,3.037564754486084,966367641600.0,3459.860130499402,38.709222486322425,12.981447487740125,wandb
19220,1789251203.3272579,0.44170239567756653,2.17e-05,2.4696192741394043,3.8806142807006836,967374274560.0,3739.996791765526,41.84341633766771,14.032524473644788,wandb
19240,1789251328.4580805,0.4284121096134186,2.17e-05,2.4704606533050537,3.3578124046325684,968380907520.0,2299.225793219193,25.723942419361993,8.626729917207486,wandb
19260,1789251469.6213295,0.45748278498649597,2.17e-05,2.4722890853881836,3.216153144836426,969387540480.0,3855.432829604968,43.1349249834295,14.465642231844221,wandb
19280,1789251797.5645628,0.46355578303337097,2.17e-05,2.4701972007751465,3.1600747108459473,970394173440.0,3798.949056608797,42.50297951358182,14.253714262098985,wandb
19300,1789251968.8356202,0.432035893201828,2.17e-05,2.475128173828125,3.072584867477417,971400806400.0,3557.8723072591188,39.80579142652782,13.349190655895802,wandb
19320,1789252073.8985724,0.4428420960903168,2.17e-05,2.4704179763793945,3.282426595687866,972407439360.0,3609.202346038307,40.380076460139385,13.541781736986561,wandb
19340,1789252177.2869732,0.421607106924057,2.17e-05,2.473451614379883,3.0817503929138184,973414072320.0,3410.333635020601,38.15511565536795,12.795623328363758,wandb
19360,1789252274.6398351,0.42454585433006287,2.17e-05,2.474093198776245,3.0649123191833496,974420705280.0,3672.153061599583,41.08437465787691,13.777973772950864,wandb
19380,1789252370.9821417,0.3797544538974762,2.17e-05,2.4710311889648438,3.435002326965332,975427338240.0,3659.9487796554595,40.94783206735527,13.732183122691152,wandb
19400,1789252552.2301931,0.4112021028995514,2.17e-05,2.4757227897644043,3.006237745285034,976433971200.0,3292.7913497478685,36.84004212622034,12.354602897969453,wandb
19420,1789252651.7985609,0.426935076713562,2.17e-05,2.4730114936828613,3.254878520965576,977440604160.0,2694.696707465542,30.148506138422402,10.110542762981844,wandb
19440,1789252747.794183,0.44620609283447266,2.17e-05,2.4732718467712402,3.056110382080078,978447237120.0,3817.777721796305,42.71363629228764,14.324359698381576,wandb
19460,1789252843.2467911,0.3897894322872162,2.17e-05,2.47501802444458,3.0188069343566895,979453870080.0,2998.294557799334,33.54518585716111,11.249646484764387,wandb
19480,1789252938.8223417,0.36912015080451965,2.17e-05,2.471466064453125,3.049220323562622,980460503040.0,3779.6543735221544,42.28710888522317,14.18132031961736,wandb
19500,1789253103.2624187,0.4238087236881256,2.17e-05,2.473907709121704,3.2343220710754395,981467136000.0,3267.967697723128,36.56231290223288,12.261464180489972,wandb
19520,1789253193.3898997,0.4205392003059387,2.17e-05,2.471421480178833,3.0255045890808105,982473768960.0,3163.802332553984,35.39690154350277,11.870634156448121,wandb
19540,1789253293.5075588,0.4491795003414154,2.17e-05,2.475216865539551,3.0684242248535156,983480401920.0,2314.6329526992413,25.896319088273568,8.684537812377114,wandb
19560,1789253389.4530253,0.3731687664985657,2.17e-05,2.468681812286377,3.0466556549072266,984487034880.0,3852.878366413743,43.106345422328,14.456057847353089,wandb
19580,1789253485.2439368,0.394090473651886,2.17e-05,2.480407238006592,3.1973233222961426,985493667840.0,3758.7849823852366,42.053620283313585,14.10301804873744,wandb
19600,1789253664.154264,0.42628714442253113,2.17e-05,2.470790386199951,3.0729124546051025,986500300800.0,2415.4701410005437,27.02449450855765,9.062880466522435,wandb
19620,1789253759.7417555,0.45422908663749695,2.17e-05,2.4728035926818848,3.1763815879821777,987506933760.0,3861.32001671032,43.20079135573478,14.487731046818253,wandb
19640,1789253852.206798,0.40913671255111694,2.17e-05,2.4705512523651123,3.078160285949707,988513566720.0,3821.316535549432,42.75322885491753,14.337637381054396,wandb
19660,1789253947.9134686,0.4244692027568817,2.17e-05,2.47245192527771,3.052018642425537,989520199680.0,3947.6972369624996,44.1671873689774,14.811819682354736,wandb
19680,1789254043.127636,0.3892025351524353,2.17e-05,2.4745383262634277,3.673888921737671,990526832640.0,3747.1967242703695,41.923969822116305,14.05953872919315,wandb
19700,1789254209.076412,0.4266641139984131,2.17e-05,2.4752399921417236,3.022833824157715,991533465600.0,3624.487067468704,40.55108328127504,13.599130242743872,wandb
19720,1789254302.9815812,0.3969517946243286,2.17e-05,2.474730968475342,3.2073826789855957,992540098560.0,3872.139339446798,43.32183889961258,14.528325309204297,wandb
19740,1789254397.6863322,0.40034836530685425,2.17e-05,2.473374605178833,2.9788870811462402,993546731520.0,3676.1632908063934,41.12924145847938,13.793020213528939,wandb
19760,1789254506.5339563,0.43345391750335693,2.17e-05,2.472175359725952,3.2728443145751953,994553364480.0,3696.63337352174,41.358262562297064,13.869824273177619,wandb
19780,1789254671.1221645,0.38734865188598633,2.17e-05,2.4750735759735107,3.7009520530700684,995559997440.0,3784.652236262499,42.34302541753229,14.20007237613629,wandb
19800,1789254889.8879073,0.41636842489242554,2.17e-05,2.4735069274902344,3.434778928756714,996566630400.0,1850.2023674738662,20.70022844447432,6.9419872391164,wandb
19820,1789254981.9735763,0.4802890121936798,2.17e-05,2.4727461338043213,3.016282796859741,997573263360.0,3858.009559922462,43.16375367111773,14.47531016292957,wandb
19840,1789255096.972491,0.49945878982543945,2.17e-05,2.4726386070251465,3.0448343753814697,998579896320.0,2163.0272797285907,24.200141351642785,8.115711036646173,wandb
19860,1789255291.1720974,0.40630945563316345,2.17e-05,2.472052574157715,3.067596435546875,999586529280.0,3174.394666754623,35.51540951947776,11.910376754417927,wandb
19880,1789255399.9117632,0.4295042157173157,2.17e-05,2.4724173545837402,3.1597158908843994,1000593162240.0,1766.5677183081655,19.76451656017531,6.628188771736332,wandb
19900,1789255593.9735653,0.43715912103652954,2.17e-05,2.4720466136932373,3.0968360900878906,1001599795200.0,1683.7889355707691,18.838380185504487,6.317601528127311,wandb
19920,1789255690.4549658,0.4569951593875885,2.17e-05,2.475289821624756,3.1080093383789062,1002606428160.0,3989.408524556856,44.633856959880156,14.968321063661731,wandb
19940,1789255783.1768982,0.4410538673400879,2.17e-05,2.472897529602051,3.1156463623046875,1003613061120.0,3654.7737904582837,40.88993382851263,13.71276648502983,wandb
19960,1789255875.6387775,0.3961838483810425,2.17e-05,2.470520257949829,3.369602680206299,1004619694080.0,3542.7215554703057,39.63628346964299,13.29234480625798,wandb
19980,1789255971.2962637,0.41816842555999756,2.17e-05,2.4764413833618164,3.402545213699341,1005626327040.0,3782.0587508061258,42.31400927186189,14.190341579516698,wandb
20000,1789256136.5117416,0.40546202659606934,2.17e-05,2.472813129425049,3.0899713039398193,1006632960000.0,3880.2185770478945,43.41223012758848,14.558638730760002,wandb
20020,1789256229.083766,0.4280698597431183,2.17e-05,2.4754180908203125,3.0469093322753906,1007639592960.0,3508.3645439441157,39.25189417268594,13.163436779881048,wandb
20040,1789256320.1193528,0.45536234974861145,2.17e-05,2.472790241241455,3.293973445892334,1008646225920.0,3012.4940682459746,33.70405124140903,11.302923262513225,wandb
20060,1789256412.6460857,0.4374975264072418,2.17e-05,2.4703426361083984,3.0335962772369385,1009652858880.0,2817.607089607843,31.523638412205532,10.571704373942126,wandb
20080,1789256509.1753445,0.41393426060676575,2.17e-05,2.4779298305511475,3.0915303230285645,1010659491840.0,2910.123559054731,32.55872089080032,10.918827565220534,wandb
20100,1789256683.7169309,0.4154858887195587,2.17e-05,2.4739372730255127,3.285865545272827,1011666124800.0,2963.333365729598,33.154036934612286,11.118471563858966,wandb
20120,1789256780.5785804,0.466069757938385,2.17e-05,2.472520112991333,3.1287081241607666,1012672757760.0,3045.433001737941,34.07257495534849,11.426510638678748,wandb
20140,1789256872.2907665,0.4249242842197418,2.17e-05,2.470409631729126,3.2763161659240723,1013679390720.0,3712.219749794941,41.532644324610615,13.928304592463101,wandb
20160,1789256967.973631,0.49311259388923645,2.17e-05,2.4692280292510986,3.131929636001587,1014686023680.0,3509.8656456016843,39.26868863137667,13.169068935981725,wandb
20180,1789257059.4596272,0.41237160563468933,2.17e-05,2.470139503479004,3.2121214866638184,1015692656640.0,3313.040756521553,37.066594287999614,12.430578978150626,wandb
20200,1789257225.972481,0.42374318838119507,2.17e-05,2.475745916366577,3.1740338802337646,1016699289600.0,3388.1625566192897,37.90706366071284,12.71243710719948,wandb
20220,1789257316.5149188,0.3901755213737488,2.17e-05,2.4720184803009033,3.003159523010254,1017705922560.0,3574.7126164517103,39.994202301732884,13.412375750441626,wandb
20240,1789257409.1851983,0.4309314787387848,2.17e-05,2.4683594703674316,3.0287954807281494,1018712555520.0,3914.7202263535214,43.79823764487034,14.688089440270844,wandb
20260,1789257501.3606505,0.4838746190071106,2.17e-05,2.4698591232299805,3.0614969730377197,1019719188480.0,3718.275189650638,41.60039312363298,13.951024694298708,wandb
20280,1789257606.4945366,0.41888031363487244,2.17e-05,2.471642017364502,3.205460548400879,1020725821440.0,3031.4080012645895,33.915662004183794,11.373888624986517,wandb
20300,1789257781.9860888,0.4177127778530121,2.17e-05,2.4727377891540527,3.3907880783081055,1021732454400.0,3383.147729928296,37.85095733421692,12.69362140168139,wandb
20320,1789257881.7046864,0.3983578085899353,2.17e-05,2.469393491744995,3.6631078720092773,1022739087360.0,3964.970026031553,44.36043686745837,14.87662744793177,wandb
20340,1789257977.090669,0.41232210397720337,2.17e-05,2.4700679779052734,3.2583541870117188,1023745720320.0,3342.222376787269,37.39308084779414,12.54006885831867,wandb
20360,1789258079.1654115,0.38450318574905396,2.17e-05,2.4735796451568604,3.038529396057129,1024752353280.0,3338.722299569857,37.35392167296688,12.526936515713157,wandb
20380,1789258192.0761898,0.40808409452438354,2.17e-05,2.4694738388061523,3.205914258956909,1025758986240.0,3516.679178585841,39.34491904366318,13.194633414690015,wandb
20400,1789258358.0544596,0.45806437730789185,2.17e-05,2.4701502323150635,3.073251724243164,1026765619200.0,3901.8448936598743,43.654187278952264,14.639780997459416,wandb
20420,1789258451.2281206,0.35821786522865295,2.17e-05,2.4697425365448,3.204651355743408,1027772252160.0,3806.1900116194442,42.58399196146945,14.280882434708968,wandb
20440,1789258543.8606446,0.37096384167671204,2.17e-05,2.4682374000549316,3.173386573791504,1028778885120.0,3647.5807258612076,40.80945718282623,13.685777997975185,wandb
20460,1789258636.5139942,0.4218078851699829,2.17e-05,2.4724173545837402,2.9972877502441406,1029785518080.0,3858.957270099201,43.17435673676208,14.478865985832492,wandb
20480,1789258725.8755445,0.4228277802467346,2.17e-05,2.476773500442505,3.1569414138793945,1030792151040.0,3898.9441853120206,43.62173389628076,14.628897495908886,wandb
20500,1789258887.2028568,0.3721035420894623,2.17e-05,2.4740071296691895,3.182441234588623,1031798784000.0,3926.2303454957896,43.92701388030095,14.73127558120927,wandb
20520,1789258980.1847332,0.36897358298301697,2.17e-05,2.468719720840454,3.68896484375,1032805416960.0,2606.3479020622644,29.16005185536945,9.779056710168005,wandb
20540,1789259072.964047,0.3572593629360199,2.17e-05,2.471065044403076,3.2718753814697266,1033812049920.0,2304.284365584706,25.780538176350454,8.645709757157363,wandb
20560,1789259190.7871184,0.47238725423812866,2.17e-05,2.469174861907959,3.2082531452178955,1034818682880.0,2943.296036146832,32.92985751128424,11.043291200502582,wandb
20580,1789259288.7904522,0.36880698800086975,2.17e-05,2.469710350036621,3.165921688079834,1035825315840.0,3480.079023233979,38.935433254321545,13.057309078785504,wandb
20600,1789259445.8480365,0.47955191135406494,2.17e-05,2.4734866619110107,3.0779056549072266,1036831948800.0,3990.8906292703286,44.650438879072816,14.973881942941121,wandb
20620,1789259536.7449803,0.4079844355583191,2.17e-05,2.4784183502197266,3.0859873294830322,1037838581760.0,2907.541112800383,32.52982825270281,10.90913818785374,wandb
20640,1789259632.3369322,0.40281203389167786,2.17e-05,2.4748148918151855,3.4061636924743652,1038845214720.0,2604.247447941802,29.136551788082176,9.771175774570398,wandb
20660,1789259722.7298915,0.36887305974960327,2.17e-05,2.4743032455444336,3.6529204845428467,1039851847680.0,2940.664893877423,32.900420057844464,11.033419114951487,wandb
20680,1789259850.2891068,0.4028163552284241,2.17e-05,2.4679291248321533,3.1204843521118164,1040858480640.0,3564.9223915769567,39.88466839614888,13.375642678782329,wandb
20700,1789260014.4296286,0.4354853928089142,2.17e-05,2.4709811210632324,3.193802833557129,1041865113600.0,3816.709578140724,42.70168580618366,14.320352007246303,wandb
20720,1789260111.1306837,0.3929516673088074,2.17e-05,2.4721992015838623,3.542799949645996,1042871746560.0,3539.637457901246,39.6017783120738,13.280773225578493,wandb
20740,1789260208.9816003,0.433022677898407,2.17e-05,2.4716978073120117,3.0538783073425293,1043878379520.0,3618.8211693990174,40.48769271035833,13.57787170757531,wandb
20760,1789260304.474354,0.4219645857810974,2.17e-05,2.476454973220825,3.0969135761260986,1044885012480.0,3779.394824294487,42.28420502540775,14.180346486993393,wandb
20780,1789260397.7779758,0.42841488122940063,2.17e-05,2.4731733798980713,3.179708957672119,1045891645440.0,3885.624936700904,43.472716959644096,14.578923473867594,wandb
20800,1789260564.8075733,0.44682979583740234,2.17e-05,2.4710493087768555,3.070141553878784,1046898278400.0,3602.633793514902,40.30658691100987,13.517136428668639,wandb
20820,1789260664.5963888,0.4621138870716095,2.17e-05,2.4727649688720703,3.1708312034606934,1047904911360.0,2778.162681770138,31.08233087339165,10.423708359734386,wandb
20840,1789260768.2007759,0.36577028036117554,2.17e-05,2.4727563858032227,3.228700876235962,1048911544320.0,2798.929401290907,31.314670776139245,10.501625405159162,wandb
20860,1789260863.9553716,0.4623696804046631,2.17e-05,2.470160961151123,3.383310556411743,1049918177280.0,3677.576193608651,41.145049140542014,13.798321446191816,wandb
20880,1789260959.8385255,0.38395240902900696,2.17e-05,2.4739139080047607,3.0561740398406982,1050924810240.0,3478.8073748632064,38.921205939386276,13.052537834883898,wandb
20900,1789261123.8089638,0.4207691550254822,2.17e-05,2.4697184562683105,3.0952999591827393,1051931443200.0,3838.201842977647,42.94214317438003,14.4009913096602,wandb
20920,1789261216.586883,0.37825384736061096,2.17e-05,2.4766879081726074,4.132152557373047,1052938076160.0,3297.879683471528,36.8969708559275,12.373694402984787,wandb
20940,1789261308.6124053,0.39439767599105835,2.17e-05,2.472108840942383,2.988713264465332,1053944709120.0,3785.6164298036983,42.35381290052247,14.20369004487173,wandb
20960,1789261458.3866472,0.47058558464050293,2.17e-05,2.4729838371276855,3.097762107849121,1054951342080.0,3473.2103812087785,38.8585862771884,13.031537830122526,wandb
20980,1789261552.6161005,0.45337629318237305,2.17e-05,2.4738192558288574,3.273449420928955,1055957975040.0,3438.6746202030695,38.4721971151758,12.901959132997552,wandb
21000,1789261727.1168509,0.48439761996269226,2.17e-05,2.4732613563537598,3.304520606994629,1056964608000.0,2661.3288375964994,29.775183446192937,9.985346011048348,wandb
21020,1789261829.2467344,0.4099801480770111,2.17e-05,2.471268653869629,3.3882689476013184,1057971240960.0,3337.242849648986,37.33736945582968,12.521385597255724,wandb
21040,1789261924.8456445,0.4326014518737793,2.17e-05,2.468961715698242,3.2018299102783203,1058977873920.0,3056.6607394442444,34.198191882189015,11.468637280202682,wandb
21060,1789262027.1347222,0.4321494698524475,2.17e-05,2.470440626144409,3.0372467041015625,1059984506880.0,3297.9854293191743,36.89815394986458,12.374091163002964,wandb
21080,1789262128.9073684,0.37263646721839905,2.17e-05,2.4696130752563477,3.0652263164520264,1060991139840.0,3095.4303519862215,34.631949751290875,11.614101452264764,wandb
21100,1789262299.2738285,0.40657684206962585,2.17e-05,2.473360061645508,3.4222676753997803,1061997772800.0,3346.373136127818,37.43951991201645,12.555642570081925,wandb
21120,1789262395.3774881,0.3938298523426056,2.17e-05,2.472367525100708,3.3694276809692383,1063004405760.0,2578.860957838978,28.85252548167909,9.675925280117527,wandb
21140,1789262490.3599246,0.4246599078178406,2.17e-05,2.47208833694458,3.110403299331665,1064011038720.0,3404.5661335466693,38.090588336538914,12.773983575687252,wandb
21160,1789262588.7454095,0.48916351795196533,2.17e-05,2.4746479988098145,2.943481683731079,1065017671680.0,2941.9785750337305,32.915117639318154,11.038348066499532,wandb
21180,1789262697.2116382,0.4521804451942444,2.17e-05,2.4767470359802246,3.269693374633789,1066024304640.0,2103.447449839931,23.533556922253013,7.8921666146592395,wandb
21200,1789262869.088283,0.38605597615242004,2.17e-05,2.46862530708313,3.183410882949829,1067030937600.0,3739.500571069924,41.83786457644504,14.030662646097047,wandb
21220,1789262964.3168325,0.4427509009838104,2.17e-05,2.4723687171936035,3.3071300983428955,1068037570560.0,3444.5068535849805,38.537448660341575,12.923841760770888,wandb
21240,1789263059.752409,0.4471490979194641,2.17e-05,2.4707930088043213,2.9641966819763184,1069044203520.0,3940.1850588954226,44.08314045344114,14.783633876738879,wandb
21260,1789263152.4378376,0.41678881645202637,2.17e-05,2.4673335552215576,3.4305238723754883,1070050836480.0,3738.389772742631,41.82543686608485,14.026494913989007,wandb
21280,1789263249.864051,0.4077736437320709,2.17e-05,2.4716198444366455,3.0520410537719727,1071057469440.0,3345.3364655537134,37.42792154954385,12.551752966423908,wandb
21300,1789263414.0741484,0.42495042085647583,2.17e-05,2.470256805419922,3.1049933433532715,1072064102400.0,3969.9963176165256,44.41667146420658,14.8954861699053,wandb
21320,1789263509.8986287,0.46740326285362244,2.17e-05,2.4735326766967773,3.033473253250122,1073070735360.0,3083.0955426331475,34.4939468085229,11.567821061194415,wandb
21340,1789263602.4343505,0.45960429310798645,2.17e-05,2.4750542640686035,2.989680051803589,1074077368320.0,3222.908874425561,36.05819078451431,12.092402794643633,wandb
21360,1789263787.6689985,0.411391943693161,2.17e-05,2.4687087535858154,3.1863205432891846,1075084001280.0,2299.9278123009854,25.731796671210848,8.629363903409802,wandb
21380,1789263879.0698721,0.40799057483673096,2.17e-05,2.4769692420959473,3.614715099334717,1076090634240.0,3845.3753025877136,43.022400477730216,14.427906238507354,wandb
21400,1789264069.3903952,0.4376337230205536,2.17e-05,2.4779372215270996,3.613231658935547,1077097267200.0,1838.256248598754,20.566574205301933,6.897165220592435,wandb
21420,1789264166.8345468,0.4237414300441742,2.17e-05,2.4750452041625977,3.225565195083618,1078103900160.0,3367.3645469108005,37.674373680565466,12.634402660517587,wandb
21440,1789264263.553504,0.4479060769081116,2.17e-05,2.4721903800964355,2.9735889434814453,1079110533120.0,2716.3470138036246,30.39073168897288,10.191775039496077,wandb
21460,1789264370.0045576,0.3832039535045624,2.17e-05,2.477234125137329,3.0183706283569336,1080117166080.0,1999.9030191341833,22.375092633458237,7.503666346106305,wandb
21480,1789264471.215293,0.48199158906936646,2.17e-05,2.4781243801116943,5.657745838165283,1081123799040.0,2918.0543581861048,32.64745137599089,10.948584043394952,wandb
21500,1789264646.55804,0.32324734330177307,2.17e-05,2.4791836738586426,3.1262218952178955,1082130432000.0,3341.0903407662504,37.38041552822996,12.535821442062868,wandb
21520,1789264739.1964269,0.4458155930042267,2.17e-05,2.477907657623291,3.463064193725586,1083137064960.0,3909.9781427806665,43.745182792608475,14.67029707105313,wandb
21540,1789264831.2948675,0.3946790397167206,2.17e-05,2.4743118286132812,3.260321617126465,1084143697920.0,3705.5430634935465,41.45794496516721,13.903253564576273,wandb
21560,1789264926.0146203,0.4485507905483246,2.17e-05,2.4711594581604004,3.029428482055664,1085150330880.0,3837.2118169977357,42.93106667577079,14.397276717224388,wandb
21580,1789265027.0604982,0.4107365608215332,2.17e-05,2.4752442836761475,3.1184241771698,1086156963840.0,3349.9026058233853,37.47900793250031,12.568885193709594,wandb
21600,1789265408.2257118,0.43124067783355713,2.17e-05,2.474209785461426,3.194486141204834,1087163596800.0,3273.040238508411,36.61906493914257,12.280496430161888,wandb
21620,1789265509.0038636,0.4606449604034424,2.17e-05,2.4733920097351074,3.313260555267334,1088170229760.0,3338.6681395017317,37.353315725313536,12.5267333063192,wandb
21640,1789265607.0482917,0.4787651002407074,2.17e-05,2.474827766418457,3.831716537475586,1089176862720.0,2888.1747583154056,32.313155758372886,10.83647533320262,wandb
21660,1789265701.7421103,0.45235884189605713,2.17e-05,2.4774835109710693,3.022916078567505,1090183495680.0,3451.3149457209925,38.61361819993572,12.949385825334728,wandb
21680,1789265804.6426535,0.4507844150066376,2.17e-05,2.4688189029693604,2.9988434314727783,1091190128640.0,2955.093531146179,33.06184893333201,11.087555579998984,wandb
21700,1789265969.8137457,0.4328865706920624,2.17e-05,2.4722366333007812,3.539335012435913,1092196761600.0,3131.938395732138,35.04040498780273,11.751080184031972,wandb
21720,1789266083.3221269,0.39918291568756104,2.17e-05,2.4722108840942383,3.227132797241211,1093203394560.0,2885.407940766634,32.282200357855295,10.826094191953318,wandb
21740,1789266184.6061835,0.45052528381347656,2.17e-05,2.4755196571350098,3.4122586250305176,1094210027520.0,3146.1364922102243,35.19925455244487,11.804351656549429,wandb
21760,1789266281.9549253,0.474892258644104,2.17e-05,2.4831337928771973,3.500988721847534,1095216660480.0,2834.1287275376294,31.70848396501412,10.633693809094815,wandb
21780,1789266378.7651176,0.4048158526420593,2.17e-05,2.474463939666748,3.104804515838623,1096223293440.0,3603.0410024670437,40.31114280093962,13.518664282809956,wandb
21800,1789266811.0630252,0.3911987245082855,2.17e-05,2.4776313304901123,3.179225444793701,1097229926400.0,232.29730952543412,2.5989629344051566,0.8715830153262485,wandb
21820,1789266986.453479,0.4828048050403595,2.17e-05,2.4732859134674072,3.676485538482666,1098236559360.0,2702.777485604447,30.238914602072157,10.140861964658685,wandb
21840,1789267246.3573914,0.4593941271305084,2.17e-05,2.475924491882324,3.098362684249878,1099243192320.0,1230.8427196241073,13.770777685374982,4.618140481927886,wandb
21860,1789267458.780414,0.4442077875137329,2.17e-05,2.4734394550323486,3.154487371444702,1100249825280.0,1667.1485318355167,18.65220587031414,6.255166481877971,wandb
21880,1789267695.683035,0.44490015506744385,2.17e-05,2.4710350036621094,3.7309248447418213,1101256458240.0,3613.032169956978,40.42292487035239,13.556151294197635,wandb
21900,1789268179.4268012,0.5070977210998535,2.17e-05,2.473479747772217,3.3636841773986816,1102263091200.0,1586.342889341437,17.748145163963542,5.951982490275807,wandb
21920,1789268395.9693744,0.41239133477211,2.17e-05,2.4782066345214844,3.7734570503234863,1103269724160.0,2028.890230167733,22.699404125493523,7.612426799897758,wandb
21940,1789268554.0809119,0.43602436780929565,2.17e-05,2.472517490386963,3.459616184234619,1104276357120.0,2061.8803177601544,23.068500156052995,7.73620610702112,wandb
21960,1789268715.9298832,0.39816728234291077,2.17e-05,2.4797768592834473,3.063659906387329,1105282990080.0,3570.6630370753314,39.94889524793772,13.397181667432754,wandb
21980,1789268908.3061583,0.4221288561820984,2.17e-05,2.478494644165039,3.0628244876861572,1106289623040.0,3067.019775489936,34.3140896976821,11.507504539970013,wandb
22000,1789269229.3481975,0.373168021440506,2.17e-05,2.473978281021118,3.032938003540039,1107296256000.0,3709.644088782154,41.50382760039844,13.91864067342517,wandb
22020,1789269439.168197,0.39162373542785645,2.17e-05,2.4757351875305176,3.288118600845337,1108302888960.0,2304.450109045152,25.78239252890925,8.646331629125322,wandb
22040,1789269634.5477576,0.36295458674430847,2.17e-05,2.4724550247192383,4.387640953063965,1109309521920.0,1448.3515982185647,16.204286340838475,5.434237080949544,wandb
22060,1789269830.3364513,0.43851715326309204,2.17e-05,2.4734816551208496,3.714688777923584,1110316154880.0,3467.1681639453686,38.790985413703126,13.008867339652973,wandb
22080,1789270079.9605079,0.42327767610549927,2.17e-05,2.473836898803711,3.3202762603759766,1111322787840.0,3068.7935180076975,34.33393448653591,11.514159648697708,wandb
22100,1789270400.8702018,0.4154479205608368,2.17e-05,2.4778642654418945,4.631443500518799,1112329420800.0,2627.985002884273,29.402129661433023,9.860239439386396,wandb
22120,1789270498.9540336,0.4458148777484894,2.17e-05,2.4754867553710938,3.156109571456909,1113336053760.0,3414.099632936621,38.19724997459351,12.809753409448481,wandb
22140,1789270594.314479,0.358573853969574,2.17e-05,2.470832586288452,3.3166260719299316,1114342686720.0,3483.905750123912,38.97824701470192,13.071667015897956,wandb
22160,1789270690.057515,0.3801146149635315,2.17e-05,2.4772019386291504,3.5256495475769043,1115349319680.0,3788.7751868511064,42.389153354967576,14.215541749042075,wandb
22180,1789270783.9484162,0.4319344162940979,2.17e-05,2.472747802734375,3.9916586875915527,1116355952640.0,3276.511650589813,36.657903405881775,12.293521220743964,wandb
22200,1789270948.763467,0.3670969307422638,2.17e-05,2.471017837524414,3.1644201278686523,1117362585600.0,3799.4236976784405,42.508289840032305,14.255495122564062,wandb
22220,1789271107.1234078,0.4297710657119751,2.17e-05,2.476799488067627,3.2713565826416016,1118369218560.0,1889.032839950863,21.134667219935498,7.087679758574264,wandb
22240,1789271253.8288586,0.4196092486381531,2.17e-05,2.4691600799560547,3.0821406841278076,1119375851520.0,2286.44819126166,25.580985473601178,8.57878816159466,wandb
22260,1789271392.0561843,0.3828222155570984,2.17e-05,2.4731273651123047,3.145174741744995,1120382484480.0,3650.9256388020017,40.84688036594314,13.698328161870311,wandb
22280,1789271500.981371,0.3891716003417969,2.17e-05,2.475086212158203,3.395369052886963,1121389117440.0,2356.426801797567,26.363912384616835,8.841348965694499,wandb
22300,1789271696.2475877,0.42384228110313416,2.17e-05,2.474027156829834,3.3971195220947266,1122395750400.0,3519.320024680479,39.37446506436163,13.20454190913999,wandb
22320,1789271788.85152,0.39272555708885193,2.17e-05,2.472398519515991,3.142176628112793,1123402383360.0,4074.4668300081653,45.5854968371688,15.287461110936695,wandb
22340,1789271894.666617,0.3755774199962616,2.17e-05,2.475801944732666,3.2302615642547607,1124409016320.0,2393.514219680302,26.778849710438383,8.98050151797733,wandb
22360,1789271992.4218397,0.4272249639034271,2.17e-05,2.4711780548095703,3.15037202835083,1125415649280.0,3615.7835770338693,40.45370785714165,13.566474615123587,wandb
22380,1789272090.4610386,0.42995792627334595,2.17e-05,2.469928741455078,3.159853935241699,1126422282240.0,3329.7605048936125,37.253656318034906,12.493311726676154,wandb
22400,1789272285.216627,0.4488869607448578,2.17e-05,2.4723401069641113,3.205085277557373,1127428915200.0,3843.585383802706,43.00237470736149,14.421190436180531,wandb
22420,1789272463.965507,0.4179188311100006,2.17e-05,2.4697139263153076,3.236119508743286,1128435548160.0,1495.785779553704,16.73498417528921,5.612210846044254,wandb
22440,1789272692.8855557,0.4187723398208618,2.17e-05,2.4754626750946045,3.6090235710144043,1129442181120.0,791.8824050019028,8.85965069165909,2.971154748823259,wandb
22460,1789272920.375389,0.43804410099983215,2.17e-05,2.4720458984375,3.2411584854125977,1130448814080.0,1047.2096708667377,11.716274823386545,3.929146508315049,wandb
22480,1789273101.3323598,0.3821330964565277,2.17e-05,2.4746079444885254,3.109830379486084,1131455447040.0,3500.5800272941965,39.16480030889245,13.13422915578736,wandb
22500,1789273268.0870802,0.43753933906555176,2.17e-05,2.4754717350006104,3.2404754161834717,1132462080000.0,3000.00958138664,33.56437369340486,11.256081279177778,wandb
22520,1789273366.241093,0.40727856755256653,2.17e-05,2.4726452827453613,3.691476345062256,1133468712960.0,3481.3829599971414,38.95002181465912,13.06220146922323,wandb
22540,1789273466.508391,0.4376969039440155,2.17e-05,2.470731735229492,3.048940658569336,1134475345920.0,2456.0315153235033,27.478298767630925,9.215067355860088,wandb
22560,1789273562.3442357,0.41264739632606506,2.17e-05,2.470776081085205,3.014425277709961,1135481978880.0,3486.4571688642036,39.00679251421594,13.081239977563186,wandb
22580,1789273659.6401865,0.3742707371711731,2.17e-05,2.4755020141601562,3.115947723388672,1136488611840.0,3407.595100118943,38.12447668361867,12.785348304033775,wandb
22600,1789273827.6449678,0.37782081961631775,2.17e-05,2.4728856086730957,3.8443844318389893,1137495244800.0,3184.033811685153,35.623253129225056,11.946542971843694,wandb
22620,1789273952.1285315,0.38763031363487244,2.17e-05,2.480581760406494,3.256239414215088,1138501877760.0,2591.0796215019477,28.989228976148727,9.721769890803655,wandb
22640,1789274121.3280678,0.4434916079044342,2.17e-05,2.472705841064453,3.40785551071167,1139508510720.0,1598.4108910914117,17.88316303956699,5.997261815187892,wandb
22660,1789274288.6499488,0.40876615047454834,2.17e-05,2.4697980880737305,3.2524831295013428,1140515143680.0,1737.3426633190263,19.437544048836735,6.518535923829713,wandb
22680,1789274542.268008,0.41077807545661926,2.17e-05,2.47524356842041,3.110990524291992,1141521776640.0,794.0596490642303,8.884009891637353,2.97932380144303,wandb
22700,1789274855.1845176,0.40085503458976746,2.17e-05,2.4731197357177734,3.178757429122925,1142528409600.0,1248.7639726107109,13.971282255769848,4.685381293921786,wandb
22720,1789275060.5348482,0.3717987537384033,2.17e-05,2.4774081707000732,3.2682504653930664,1143535042560.0,1013.4613427735259,11.33869553074821,3.8025222713757887,wandb
22740,1789275210.5434496,0.4971890151500702,2.17e-05,2.4758458137512207,3.190605640411377,1144541675520.0,3372.522439973421,37.73208064633602,12.653755153223738,wandb
22760,1789275354.2697206,0.4353237748146057,2.17e-05,2.471229314804077,3.591444253921509,1145548308480.0,1267.3747210591666,14.179500962641178,4.755209103306757,wandb
22780,1789275499.170721,0.5025447010993958,2.17e-05,2.477661371231079,3.626868724822998,1146554941440.0,3570.2763769207163,39.94456925978009,13.395730912690246,wandb
22820,1789618448.5339723,0.4104602336883545,2.17e-05,2.4693095684051514,3.6432981491088867,1148568207360.0,3200.883405149756,35.811767877690116,12.00976290111839,wandb
22840,1789618632.8460143,0.4153611958026886,2.17e-05,2.466015338897705,3.2731776237487793,1149574840320.0,189.00902034214243,2.1146497096371846,0.7091647002292456,wandb
22860,1789618732.7468536,0.4200908839702606,2.17e-05,2.469251871109009,3.3197245597839355,1150581473280.0,3452.1451039254744,38.62290608367208,12.952500591461543,wandb
22880,1789618828.3711307,0.45494315028190613,2.17e-05,2.47111177444458,3.2251904010772705,1151588106240.0,3704.3965738620996,41.44511793732562,13.898951918155753,wandb
22900,1789619032.1515973,0.4205751419067383,2.17e-05,2.4666266441345215,2.979477882385254,1152594739200.0,3717.6675563808813,41.593594868633666,13.948744845089308,wandb
22920,1789619128.4237368,0.442390501499176,2.17e-05,2.467522144317627,2.984951972961426,1153601372160.0,3792.589228432569,42.43182519098992,14.229852090685473,wandb
22940,1789619230.6745615,0.4805375933647156,2.17e-05,2.4662318229675293,3.264254093170166,1154608005120.0,3660.232050446974,40.95100132613425,13.733245958981104,wandb
22960,1789619330.6887538,0.4002048969268799,2.17e-05,2.4696455001831055,3.1155102252960205,1155614638080.0,3638.3874045659654,40.70660148751394,13.651284517565363,wandb
22980,1789619426.1013901,0.38406407833099365,2.17e-05,2.4707512855529785,3.05228590965271,1156621271040.0,3765.292808613441,42.12643042125795,14.1274355110782,wandb
23000,1789619579.2776306,0.4566842317581177,2.17e-05,2.4614105224609375,3.212470531463623,1157627904000.0,3657.0593431885036,40.91550479548855,13.721341913408066,wandb
23020,1789619668.2258184,0.40585771203041077,2.17e-05,2.463549852371216,3.0037143230438232,1158634536960.0,3857.073304870212,43.15327876642375,14.471797319826818,wandb
23040,1789619757.2512565,0.4261725842952728,2.17e-05,2.471318244934082,3.1883926391601562,1159641169920.0,3971.3062420620677,44.43132701526651,14.90040102621779,wandb
23060,1789619851.1049857,0.40824463963508606,2.17e-05,2.4683234691619873,3.1077980995178223,1160647802880.0,3014.0645140667916,33.72162152875818,11.308815598962195,wandb
23080,1789619949.5304537,0.4002503454685211,2.17e-05,2.4689064025878906,3.432042360305786,1161654435840.0,3756.6169581836207,42.029364235955974,14.09488358917437,wandb
23100,1789620100.5179803,0.3893835246562958,2.17e-05,2.4697492122650146,3.2253692150115967,1162661068800.0,3458.709521301614,38.69634936840666,12.977130384644445,wandb
23120,1789620189.5507042,0.4494100511074066,2.17e-05,2.4678845405578613,3.049201726913452,1163667701760.0,3805.4282333286833,42.575469118282136,14.278024231051646,wandb
23140,1789620285.27365,0.48093047738075256,2.17e-05,2.468386650085449,3.1619744300842285,1164674334720.0,3297.100049061893,36.88824823689602,12.370769202899647,wandb
23160,1789620384.7349815,0.4103386700153351,2.17e-05,2.4705634117126465,3.458435297012329,1165680967680.0,3138.7244709789366,35.116328200484546,11.776541640894813,wandb
23180,1789620497.476013,0.4410548508167267,2.17e-05,2.4705569744110107,3.0047807693481445,1166687600640.0,3577.1008186498293,40.02092172007421,13.421336321174442,wandb
23200,1789620651.5608032,0.40786972641944885,2.17e-05,2.469667434692383,3.616724967956543,1167694233600.0,3845.7793614701095,43.02692112439982,14.42942227353939,wandb
23220,1789620746.361294,0.38730669021606445,2.17e-05,2.4680025577545166,3.3096635341644287,1168700866560.0,3921.104378838024,43.869664109983994,14.712042876856538,wandb
23240,1789620839.96598,0.4276403486728668,2.17e-05,2.4706554412841797,3.5835838317871094,1169707499520.0,3824.197562780845,42.785462043509995,14.348447038758662,wandb
23260,1789620931.6128469,0.4377520680427551,2.17e-05,2.4696784019470215,3.5051321983337402,1170714132480.0,3146.118402538889,35.19905216359502,11.804283783829247,wandb
23280,1789621022.1867974,0.44890883564949036,2.17e-05,2.46551513671875,3.4582839012145996,1171720765440.0,3702.7218791628875,41.42638130426435,13.892668438339856,wandb
23300,1789621178.7829292,0.383945494890213,2.17e-05,2.465623617172241,3.1439590454101562,1172727398400.0,3425.768187498454,38.327798799572335,12.853534002475055,wandb
23320,1789621270.7629201,0.42031633853912354,2.17e-05,2.4629058837890625,3.1589834690093994,1173734031360.0,3613.5906374624897,40.429173054413845,13.558246672716695,wandb
23340,1789621364.9682758,0.4302065372467041,2.17e-05,2.4709420204162598,3.166754722595215,1174740664320.0,4009.866828626557,44.862746283164036,15.045080929653977,wandb
23360,1789621460.4868793,0.42199787497520447,2.17e-05,2.4739561080932617,3.1332013607025146,1175747297280.0,3561.5447900736867,39.8468794904912,13.362969866906873,wandb
23380,1789621561.320889,0.4034132659435272,2.17e-05,2.471545696258545,3.3137001991271973,1176753930240.0,3281.710064441392,36.716063721838744,12.31302574806255,wandb
23400,1789621724.0183444,0.4325627386569977,2.17e-05,2.474334478378296,2.946594476699829,1177760563200.0,3880.9280810679056,43.420168121591026,14.561300800563611,wandb
23420,1789621824.0176184,0.4428396224975586,2.17e-05,2.4654669761657715,3.1754672527313232,1178767196160.0,3921.3707052696795,43.872643793759664,14.713042137652275,wandb
23440,1789621918.2568498,0.43763023614883423,2.17e-05,2.4671854972839355,3.213791847229004,1179773829120.0,3666.8872858349696,41.025460690853016,13.75821650271674,wandb
23460,1789622092.133348,0.4201057553291321,2.17e-05,2.464489459991455,3.267709493637085,1180780462080.0,4047.0504612545205,45.27876006810215,15.1845944811147,wandb
23480,1789622190.3910184,0.4434608221054077,2.17e-05,2.4699158668518066,3.211556911468506,1181787095040.0,3544.0173939440747,39.65078142559945,13.297206811791538,wandb
23500,1789622368.5806034,0.3852905333042145,2.17e-05,2.4627599716186523,3.1856117248535156,1182793728000.0,3128.6827951998052,35.003981039845485,11.738865121642894,wandb
23520,1789622466.3389263,0.44889023900032043,2.17e-05,2.46628999710083,3.1531386375427246,1183800360960.0,3905.391661961153,43.6938688377735,14.653088525717095,wandb
23540,1789622563.445945,0.39890098571777344,2.17e-05,2.4693963527679443,3.3842453956604004,1184806993920.0,3629.451110968394,40.60662144091548,13.61775540896086,wandb
23560,1789622664.4456332,0.538159966468811,2.17e-05,2.4728825092315674,3.277960777282715,1185813626880.0,2333.0921328125214,26.102842035146832,8.753796935078324,wandb
23580,1789622759.088645,0.44440531730651855,2.17e-05,2.465904712677002,3.166865825653076,1186820259840.0,3217.795036273,36.00097670899098,12.07321559662569,wandb
23600,1789622929.0904632,0.43799838423728943,2.17e-05,2.469837188720703,3.4362125396728516,1187826892800.0,2764.49040630037,30.929364240900313,10.372409775585238,wandb
23620,1789623036.5730522,0.4322962760925293,2.17e-05,2.469388961791992,3.6106574535369873,1188833525760.0,3725.085436334775,41.676586768502936,13.976576842759668,wandb
23640,1789623135.6256664,0.4499446153640747,2.17e-05,2.4645049571990967,3.011040687561035,1189840158720.0,3638.5491635702774,40.70841126162356,13.651891439793701,wandb
23660,1789623237.1439579,0.3580678701400757,2.17e-05,2.4662394523620605,3.190094470977783,1190846791680.0,2747.8693343789014,30.743406211759858,10.310047262593317,wandb
23680,1789623342.246571,0.473060667514801,2.17e-05,2.4636669158935547,3.258960485458374,1191853424640.0,3121.527825924129,34.92393060799899,11.712019568809758,wandb
23700,1789623553.1119854,0.38015222549438477,2.17e-05,2.4690065383911133,3.029733180999756,1192860057600.0,2940.577767891887,32.89944528457871,11.033092216937293,wandb
23720,1789623694.852263,0.38628053665161133,2.17e-05,2.4667515754699707,3.3006510734558105,1193866690560.0,2603.722769768244,29.130681642068197,9.769207174135378,wandb
23740,1789623830.1648045,0.4486364722251892,2.17e-05,2.4684174060821533,3.471688747406006,1194873323520.0,2649.276805524631,29.640344240766762,9.940126604609818,wandb
23760,1789623951.2629728,0.3940340280532837,2.17e-05,2.4688668251037598,3.540156364440918,1195879956480.0,3131.1936930927664,35.032073188520016,11.748286048476675,wandb
23780,1789624043.5996659,0.4299314022064209,2.17e-05,2.4661643505096436,3.0154173374176025,1196886589440.0,2558.2796835473187,28.62226035662825,9.598704027994428,wandb
23800,1789624215.5912976,0.4234500527381897,2.17e-05,2.463862419128418,3.0340442657470703,1197893222400.0,3329.0574721734592,37.245790725510034,12.490673937287394,wandb
23820,1789624316.2329488,0.47999680042266846,2.17e-05,2.4700584411621094,3.366586685180664,1198899855360.0,3859.6654004230154,43.18227936172955,14.481522901507214,wandb
23840,1789624426.9577901,0.40347474813461304,2.17e-05,2.471212863922119,3.242847204208374,1199906488320.0,2155.2204951422177,24.112798352198155,8.086419862918445,wandb
23860,1789624536.3782902,0.44209420680999756,2.17e-05,2.4662044048309326,3.127060890197754,1200913121280.0,2463.406491274612,27.560810653705794,9.242738377063725,wandb
23880,1789624634.2028203,0.44993099570274353,2.17e-05,2.4711217880249023,3.2155933380126953,1201919754240.0,2475.0650493441103,27.69124763704037,9.286481463100012,wandb
23900,1789624820.0324113,0.4504501223564148,2.17e-05,2.4692330360412598,3.0177462100982666,1202926387200.0,4110.104947134699,45.984219257385675,15.42117586488348,wandb
23920,1789624914.016583,0.38047805428504944,2.17e-05,2.4669456481933594,3.8821706771850586,1203933020160.0,3818.873891757712,42.72590033919084,14.328472544639784,wandb
23940,1789625009.1161933,0.46466565132141113,2.17e-05,2.468651533126831,3.240652084350586,1204939653120.0,3256.583583728351,36.4349464235857,12.218750812768858,wandb
23960,1789625116.7226791,0.4081200957298279,2.17e-05,2.4672365188598633,3.2482244968414307,1205946286080.0,3822.6760799894632,42.76843955888365,14.34273841233596,wandb
23980,1789625216.1278648,0.42676854133605957,2.17e-05,2.4690423011779785,3.113895893096924,1206952919040.0,3357.981585551609,37.56939627537161,12.599197647722386,wandb
24000,1789625390.0030868,0.41056740283966064,2.17e-05,2.4670066833496094,3.3557944297790527,1207959552000.0,3433.2640692625528,38.41166339062324,12.881658664115902,wandb
24020,1789625480.396557,0.3479129374027252,2.17e-05,2.464911937713623,3.0904650688171387,1208966184960.0,3390.2390230457845,37.930295351549134,12.720228040606868,wandb
24040,1789625578.57008,0.361453652381897,2.17e-05,2.468587875366211,3.3862617015838623,1209972817920.0,3745.045163613962,41.899897970364975,14.051466041100463,wandb
24060,1789625675.2113733,0.4285199046134949,2.17e-05,2.467008352279663,3.2451868057250977,1210979450880.0,3066.8243678386793,34.31190345952139,11.50677136750991,wandb
24080,1789625767.5784578,0.4865429401397705,2.17e-05,2.463168144226074,3.5743911266326904,1211986083840.0,3802.6873816505135,42.54480422623143,14.267740514141185,wandb
24100,1789625930.511004,0.3999686539173126,2.17e-05,2.471203088760376,3.1485822200775146,1212992716800.0,3813.6960523681873,42.66797021214301,14.309045213013704,wandb
24120,1789626059.061624,0.392422616481781,2.17e-05,2.4659104347229004,3.0953171253204346,1213999349760.0,3552.9398493294343,39.750606649050404,13.330683999214727,wandb
24140,1789626159.7111835,0.4589298963546753,2.17e-05,2.4661636352539062,4.262409210205078,1215005982720.0,3733.814618337865,41.77424963218421,14.009328865532243,wandb
24160,1789626252.9867449,0.4169714152812958,2.17e-05,2.4646706581115723,3.746004581451416,1216012615680.0,3917.445350002348,43.828726570331604,14.698314145377559,wandb
24180,1789626345.5028107,0.45070433616638184,2.17e-05,2.4715089797973633,3.0859580039978027,1217019248640.0,3751.171529522222,41.96844029636393,14.07445225855697,wandb
24200,1789626515.35537,0.4554375112056732,2.17e-05,2.4646291732788086,3.491382122039795,1218025881600.0,3918.4181038298043,43.83960982656485,14.70196393243638,wandb
24220,1789626614.016021,0.42116594314575195,2.17e-05,2.4639732837677,3.1838769912719727,1219032514560.0,3847.532568216867,43.04653615722341,14.436000331743983,wandb
24240,1789626718.90849,0.4377325475215912,2.17e-05,2.4701621532440186,3.1856918334960938,1220039147520.0,2275.8681112401086,25.462614598470395,8.539091541489954,wandb
24260,1789626824.7694104,0.4108247756958008,2.17e-05,2.4702138900756836,3.2540488243103027,1221045780480.0,3786.1408252960246,42.35967988387372,14.205657584682495,wandb
24280,1789626928.7961757,0.4302503764629364,2.17e-05,2.4644360542297363,3.1859915256500244,1222052413440.0,2991.237377318467,33.466229495037716,11.223167836966953,wandb
24300,1789627181.439146,0.3601815402507782,2.17e-05,2.4660420417785645,3.2433507442474365,1223059046400.0,3036.1729146387665,33.96897227829088,11.391766651963747,wandb
24320,1789627281.8635097,0.4378596246242523,2.17e-05,2.4626307487487793,3.360036849975586,1224065679360.0,3429.3465965382798,38.36783435778714,12.866960247261849,wandb
24340,1789627415.3985133,0.4427058696746826,2.17e-05,2.468708038330078,3.0850272178649902,1225072312320.0,3591.6950563721407,40.18420334814676,13.476094121625882,wandb
24360,1789627518.0409272,0.4255337417125702,2.17e-05,2.4705021381378174,3.053978443145752,1226078945280.0,3866.4181991880214,43.25783027417705,14.506859504507565,wandb
24380,1789627623.0727458,0.43508243560791016,2.17e-05,2.4648044109344482,3.2799010276794434,1227085578240.0,3851.458968053689,43.090465067387726,14.450732243259212,wandb
24400,1789627804.879088,0.42741066217422485,2.17e-05,2.4652786254882812,3.5659399032592773,1228092211200.0,3835.4154321618207,42.91096856265012,14.390536654176858,wandb
24420,1789627919.1183083,0.4425599277019501,2.17e-05,2.4697952270507812,3.0748209953308105,1229098844160.0,1885.6476770049535,21.096793716185864,7.0749785760517705,wandb
24440,1789628024.7642293,0.3770258128643036,2.17e-05,2.4663147926330566,3.07857608795166,1230105477120.0,2670.903919689909,29.882310315227695,10.021271863741259,wandb
24460,1789628124.703685,0.4238445460796356,2.17e-05,2.464468002319336,3.1688475608825684,1231112110080.0,2858.324950179998,31.97919345333579,10.724478402051247,wandb
24480,1789628230.4475276,0.4268108606338501,2.17e-05,2.4678707122802734,3.3647868633270264,1232118743040.0,3847.670792271293,43.04808262022305,14.436518950484741,wandb
24500,1789628391.3769424,0.4121483564376831,2.17e-05,2.4679079055786133,3.176816940307617,1233125376000.0,3804.3241154484585,42.56311614935718,14.273881564081943,wandb
24520,1789628488.1702135,0.4336850643157959,2.17e-05,2.470897674560547,3.3069329261779785,1234132008960.0,4065.226134453851,45.482111114437664,15.252789881591012,wandb
24540,1789628586.7439308,0.33785709738731384,2.17e-05,2.4687347412109375,3.1405115127563477,1235138641920.0,3996.867644289612,44.71731025405876,14.996307793605514,wandb
24560,1789628717.584388,0.43156635761260986,2.17e-05,2.4613571166992188,3.0654006004333496,1236145274880.0,3532.7159222090904,39.5243395558961,13.254803519077882,wandb
24580,1789628819.3152826,0.42102450132369995,2.17e-05,2.468655586242676,3.6129655838012695,1237151907840.0,3869.2901327774443,43.289961722295125,14.51763504272968,wandb
24600,1789628991.6116428,0.42953726649284363,2.17e-05,2.464337110519409,3.0636491775512695,1238158540800.0,4055.56062114879,45.373972492973756,15.21652472962558,wandb
24620,1789629086.5246792,0.4346078336238861,2.17e-05,2.4650235176086426,3.0661697387695312,1239165173760.0,3351.9644753983735,37.502076312465285,12.576621359509572,wandb
24640,1789629185.102004,0.39279529452323914,2.17e-05,2.463016986846924,3.7744460105895996,1240171806720.0,3182.426078740627,35.60526567022356,11.940510733543164,wandb
24660,1789629286.223249,0.40602293610572815,2.17e-05,2.4730031490325928,3.0701661109924316,1241178439680.0,2425.439175931397,27.136028956933348,9.100284436214018,wandb
24680,1789629381.9807522,0.39578020572662354,2.17e-05,2.466334342956543,3.257051467895508,1242185072640.0,2759.3848239712265,30.872242532262767,10.353253553541503,wandb
24700,1789629549.033343,0.46761205792427063,2.17e-05,2.463595390319824,3.277505874633789,1243191705600.0,2223.277460635416,24.87422572777242,8.341770625782194,wandb
24720,1789629643.5470572,0.43629974126815796,2.17e-05,2.4652352333068848,3.1597113609313965,1244198338560.0,3529.5769439129203,39.489220387876834,13.243026025081035,wandb
24740,1789629738.0454104,0.41355574131011963,2.17e-05,2.467740058898926,3.2844090461730957,1245204971520.0,4038.9479030286534,45.18810792690469,15.154193560222483,wandb
24760,1789629838.7842114,0.4528723955154419,2.17e-05,2.4682457447052,3.006995916366577,1246211604480.0,3402.6867858213295,38.069562027241595,12.766932234625042,wandb
24780,1789629953.662824,0.429646760225296,2.17e-05,2.4614810943603516,3.134460926055908,1247218237440.0,1870.3866096990525,20.926051539496314,7.017718820926981,wandb
24800,1789630136.6542027,0.39443278312683105,2.17e-05,2.464580535888672,3.1273791790008545,1248224870400.0,2305.810488585558,25.797612576052543,8.651435793716109,wandb
24820,1789630233.577298,0.4707365036010742,2.17e-05,2.4667086601257324,3.5709035396575928,1249231503360.0,3925.933138389092,43.92368870078971,14.730160455654174,wandb
24840,1789630328.9532685,0.4189273416996002,2.17e-05,2.4666309356689453,3.398564100265503,1250238136320.0,3317.8119634799805,37.11997497528636,12.44848061875106,wandb
24860,1789630425.91287,0.39654451608657837,2.17e-05,2.4628849029541016,3.3014638423919678,1251244769280.0,3249.9441115404775,36.36066341895018,12.19383941279826,wandb
24880,1789630528.73822,0.37978819012641907,2.17e-05,2.469637155532837,2.9910812377929688,1252251402240.0,2974.507531432304,33.27905449311765,11.160397202415936,wandb
24900,1789630700.9941237,0.44451895356178284,2.17e-05,2.467816114425659,3.224560260772705,1253258035200.0,3615.5753698937915,40.451378417163,13.56569341878803,wandb
24920,1789630801.8452446,0.4208330512046814,2.17e-05,2.470640182495117,3.236668109893799,1254264668160.0,3751.624184380294,41.973504639126276,14.076150626424022,wandb
24940,1789630943.57475,0.3639135956764221,2.17e-05,2.461991786956787,3.017261266708374,1255271301120.0,2233.665964453039,24.990453231315556,8.380748449075067,wandb
24960,1789631074.4526813,0.4188947081565857,2.17e-05,2.468661069869995,3.2397944927215576,1256277934080.0,3302.176533257423,36.94504439302985,12.389816248306394,wandb
24980,1789631176.151555,0.44070783257484436,2.17e-05,2.4662423133850098,3.3498244285583496,1257284567040.0,3921.4270721897346,43.87327443186843,14.71325362718802,wandb
25000,1789631352.583754,0.4225910007953644,2.17e-05,2.465078592300415,3.029120922088623,1258291200000.0,3000.388952800188,33.568618134479955,11.257504686453668,wandb
25020,1789631456.3789408,0.4110892415046692,2.17e-05,2.461751937866211,3.8693525791168213,1259297832960.0,2044.3118666588093,22.871942764490495,7.670289013031509,wandb
25040,1789631555.9971635,0.41961899399757385,2.17e-05,2.4626083374023438,3.3495090007781982,1260304465920.0,3807.0094369332533,42.59315976467154,14.283956930867806,wandb
25060,1789631655.9924343,0.40605202317237854,2.17e-05,2.4640889167785645,3.2101945877075195,1261311098880.0,4080.7024085573507,45.655261043896,15.310857095872146,wandb
25080,1789631753.5019279,0.40800219774246216,2.17e-05,2.4625890254974365,3.1572883129119873,1262317731840.0,3640.72452317061,40.73274937807363,13.660053421883596,wandb
25100,1789631921.593525,0.42445701360702515,2.17e-05,2.4678797721862793,3.067819833755493,1263324364800.0,3012.148718221006,33.70018743465155,11.301627504001342,wandb
25120,1789632024.8254144,0.36742478609085083,2.17e-05,2.462369680404663,3.2788825035095215,1264330997760.0,3775.22883647157,42.23759558357193,14.164715637734188,wandb
25140,1789632123.3973212,0.43129467964172363,2.17e-05,2.465552806854248,3.076582431793213,1265337630720.0,3974.2872089561965,44.464678337683274,14.911585659046642,wandb
25160,1789632220.3372102,0.4263859987258911,2.17e-05,2.4666290283203125,3.059645175933838,1266344263680.0,3721.9501400550507,41.64150879521075,13.96481316374416,wandb
25180,1789632322.5024588,0.43706244230270386,2.17e-05,2.463834047317505,3.4348926544189453,1267350896640.0,3575.8968172794994,40.007451245789106,13.416818889840634,wandb
25200,1789632486.8174937,0.3715817630290985,2.17e-05,2.467778205871582,3.0011279582977295,1268357529600.0,3857.066385689514,43.15320135401545,14.47177135895629,wandb
25220,1789632589.629338,0.4250813126564026,2.17e-05,2.465151786804199,3.2525618076324463,1269364162560.0,3827.2716685670343,42.819855412124845,14.359981130117845,wandb
25240,1789632694.5763643,0.3862749934196472,2.17e-05,2.464853286743164,3.051978349685669,1270370795520.0,2251.1121299768784,25.185642480974046,8.446206725730157,wandb
25260,1789632800.2458713,0.43503397703170776,2.17e-05,2.4680094718933105,3.01233172416687,1271377428480.0,3672.3287298088835,41.08634004940752,13.778632882726486,wandb
25280,1789632896.1142206,0.4134213626384735,2.17e-05,2.464294910430908,3.0428390502929688,1272384061440.0,3653.7055397470663,40.877982144660685,13.708758392220192,wandb
25300,1789633059.6867714,0.38894572854042053,2.17e-05,2.4661333560943604,3.2337334156036377,1273390694400.0,3687.751834463383,41.25889511434729,13.836500604431585,wandb
25320,1789633156.1978903,0.4783743917942047,2.17e-05,2.464597225189209,3.0182957649230957,1274397327360.0,3777.6770912680863,42.26498687571872,14.17390152672358,wandb
25340,1789633253.8372743,0.44575008749961853,2.17e-05,2.467689037322998,3.053727149963379,1275403960320.0,3565.2179740954716,39.88797539962321,13.376751708858016,wandb
25360,1789633347.6157286,0.3812287449836731,2.17e-05,2.461451530456543,3.0466883182525635,1276410593280.0,3905.5345624989754,43.6954676216848,14.653624690694215,wandb
25380,1789633445.4749966,0.43348708748817444,2.17e-05,2.4731624126434326,3.1899161338806152,1277417226240.0,3752.9794686221953,41.98866767961728,14.081235673377833,wandb
25400,1789633608.9497638,0.3898991048336029,2.17e-05,2.4630792140960693,3.0689055919647217,1278423859200.0,3792.3032730989667,42.42862589731559,14.228779181953042,wandb
25420,1789633709.765451,0.3792366087436676,2.17e-05,2.464987277984619,3.1679201126098633,1279430492160.0,3418.844244561863,38.25033311093006,12.827555263956947,wandb
25440,1789633806.9357302,0.4369581639766693,2.17e-05,2.463225841522217,3.0738964080810547,1280437125120.0,2997.2441324508077,33.53343360505041,11.245705272984905,wandb
25460,1789633906.188789,0.4527457654476166,2.17e-05,2.464731216430664,3.040234088897705,1281443758080.0,2468.963858462492,27.62298697147584,9.263589702723857,wandb
25480,1789634003.601763,0.3887554705142975,2.17e-05,2.4667179584503174,3.6706223487854004,1282450391040.0,2328.32914080601,26.049553257471874,8.735926117101606,wandb
25500,1789634172.996908,0.45661696791648865,2.17e-05,2.467517375946045,3.021562099456787,1283457024000.0,3942.485822442698,44.10888160038949,14.79226637633254,wandb
25520,1789634276.1955185,0.4174303114414215,2.17e-05,2.4672939777374268,3.202385187149048,1284463656960.0,2532.3785862029167,28.332476578692802,9.501522719395497,wandb
25540,1789634383.0145729,0.4067818224430084,2.17e-05,2.465562343597412,2.978421449661255,1285470289920.0,3150.888481562182,35.25242023144328,11.822181192400011,wandb
25560,1789634479.7420363,0.43641582131385803,2.17e-05,2.465160369873047,3.2744321823120117,1286476922880.0,3760.1688731726576,42.069103376377036,14.10821042788228,wandb
25580,1789634578.460308,0.4253367781639099,2.17e-05,2.4675705432891846,3.6934168338775635,1287483555840.0,3774.128939798804,42.225289841891,14.160588808798654,wandb
25600,1789634743.629799,0.38903191685676575,2.17e-05,2.465668201446533,3.4320688247680664,1288490188800.0,3757.012864895016,42.03379367541225,14.09636903713763,wandb
25620,1789634839.4266222,0.4138396382331848,2.17e-05,2.4650373458862305,3.0079171657562256,1289496821760.0,3726.6274700258714,41.693839178420866,13.982362576468622,wandb
25640,1789634936.5259554,0.5095694065093994,2.17e-05,2.46527361869812,3.0436513423919678,1290503454720.0,3986.985991969803,44.6067534500978,14.95923168479091,wandb
25660,1789635036.6272874,0.42317995429039,2.17e-05,2.465026378631592,3.0628058910369873,1291510087680.0,3988.8806261226964,44.627950785304506,14.966340380760279,wandb
25680,1789635136.7303557,0.41820475459098816,2.17e-05,2.4645516872406006,3.153395891189575,1292516720640.0,2723.998748546396,30.47633997699391,10.220484463867828,wandb
25700,1789635308.1785395,0.36819425225257874,2.17e-05,2.464026689529419,3.0957248210906982,1293523353600.0,2607.1654911753335,29.169199114994544,9.782124316873922,wandb
25720,1789635420.0409584,0.39275670051574707,2.17e-05,2.4672250747680664,3.0997753143310547,1294529986560.0,3135.8547072174665,35.084221028594364,11.76577424389996,wandb
25740,1789635517.469597,0.40098342299461365,2.17e-05,2.4646716117858887,3.108591079711914,1295536619520.0,3729.190073608902,41.722509814949014,13.991977503832812,wandb
25760,1789635616.7723749,0.3995485305786133,2.17e-05,2.462782382965088,3.364795684814453,1296543252480.0,3559.389319015251,39.82276388881462,13.35488250692669,wandb
25780,1789635718.658819,0.41929784417152405,2.17e-05,2.4692506790161133,3.390401840209961,1297549885440.0,3193.095878124208,35.72464033354669,11.980543982049857,wandb
25800,1789636363.358591,0.46526938676834106,2.17e-05,2.465853452682495,3.0884292125701904,1298556518400.0,3494.8523336843446,39.100718363982956,13.112738762818374,wandb
25820,1789637277.336264,0.424940824508667,2.17e-05,2.468273401260376,3.0365071296691895,1299563151360.0,1854.9077619487173,20.75287281584856,6.959641950284034,wandb
25840,1789637400.4681976,0.47292521595954895,2.17e-05,2.4657769203186035,3.2645373344421387,1300569784320.0,3537.0434362743867,39.57275616768037,13.271040417239135,wandb
25860,1789638820.6302629,0.44104135036468506,2.17e-05,2.46266508102417,3.029963493347168,1301576417280.0,3587.182832643911,40.13372018824546,13.45916419001836,wandb
25880,1789638929.1482706,0.45651206374168396,2.17e-05,2.470551013946533,3.0847442150115967,1302583050240.0,3624.61444340583,40.552508374574664,13.599608159184605,wandb
25900,1789639108.3796992,0.412029504776001,2.17e-05,2.466571807861328,3.273989200592041,1303589683200.0,2083.696572827906,23.31258235573257,7.818061025676541,wandb
25920,1789639212.7705004,0.43111884593963623,2.17e-05,2.4649384021759033,3.122528553009033,1304596316160.0,3688.6581603873037,41.26903516929486,13.83990115299262,wandb
25940,1789639321.730961,0.40882402658462524,2.17e-05,2.462449789047241,3.2733564376831055,1305602949120.0,2239.015883244768,25.0503085980014,8.400821425218318,wandb
25960,1789639428.817998,0.369865745306015,2.17e-05,2.460557222366333,3.1253600120544434,1306609582080.0,3642.6143280056117,40.75389268244277,13.667143998179265,wandb
25980,1789639532.5688071,0.3932017982006073,2.17e-05,2.4625840187072754,3.2041969299316406,1307616215040.0,3676.257860362723,41.1302995110764,13.793375039933222,wandb
26000,1789639716.4379654,0.4104060232639313,2.17e-05,2.468003749847412,3.174387216567993,1308622848000.0,3762.9428139066436,42.10013847172357,14.118618295430135,wandb
26020,1789639818.345207,0.42771822214126587,2.17e-05,2.4651260375976562,2.995762348175049,1309629480960.0,3217.2860216143094,35.99528180777276,12.071305765935127,wandb
26040,1789639936.6119294,0.41455090045928955,2.17e-05,2.4607696533203125,3.021635055541992,1310636113920.0,2887.554002395752,32.30621068600081,10.834146247612525,wandb
26060,1789640037.0990286,0.47260579466819763,2.17e-05,2.4617228507995605,3.053838014602661,1311642746880.0,3946.9622039018964,44.15896375380091,14.809061827205085,wandb
26080,1789640133.2370083,0.40417245030403137,2.17e-05,2.4647984504699707,3.1945230960845947,1312649379840.0,3847.2217692498416,43.043058910771435,14.434834209323569,wandb
26100,1789640303.2937472,0.41796767711639404,2.17e-05,2.4650518894195557,3.3842949867248535,1313656012800.0,3807.0513443737927,42.593628628839014,14.284114168217926,wandb
26120,1789640401.7715814,0.44794148206710815,2.17e-05,2.4624462127685547,3.660641670227051,1314662645760.0,3776.1250164097414,42.247622124329645,14.16807811840339,wandb
26140,1789640497.1119916,0.41643190383911133,2.17e-05,2.462702989578247,3.253905773162842,1315669278720.0,3945.6268832765822,44.14402406802569,14.804051684042356,wandb
26160,1789640603.904398,0.4592568874359131,2.17e-05,2.4670145511627197,3.036642551422119,1316675911680.0,3682.4396259734717,41.199461653868056,13.81656911791055,wandb
26180,1789640703.332936,0.4373511075973511,2.17e-05,2.462606430053711,3.1986746788024902,1317682544640.0,3833.9959244615184,42.89508698440143,14.385210639836718,wandb
26200,1789640876.2963972,0.41622433066368103,2.17e-05,2.4621763229370117,3.059723138809204,1318689177600.0,3242.6924676282383,36.279531382682016,12.166631135267997,wandb
26220,1789640974.5190835,0.4256131649017334,2.17e-05,2.4630985260009766,3.196742057800293,1319695810560.0,3930.7175666751627,43.9772173094646,14.748111702875697,wandb
26240,1789641070.209557,0.4607239067554474,2.17e-05,2.4615557193756104,3.169245719909668,1320702443520.0,3721.6435250176005,41.63807835893453,13.96366273949073,wandb
26260,1789641166.5394635,0.43452054262161255,2.17e-05,2.4649012088775635,2.9894466400146484,1321709076480.0,3937.814579982684,44.056619324791036,14.774739804040607,wandb
26280,1789641260.0848997,0.43244150280952454,2.17e-05,2.4695534706115723,3.1493582725524902,1322715709440.0,3817.6049678521877,42.71170350581478,14.323711522972955,wandb
26300,1789641423.3855498,0.40250179171562195,2.17e-05,2.4668173789978027,3.178758144378662,1323722342400.0,3945.9729387072102,44.14789576692436,14.805350089246934,wandb
26320,1789641520.416215,0.41977712512016296,2.17e-05,2.461386203765869,3.6865921020507812,1324728975360.0,3018.887188694604,33.775578040901976,11.32691034703583,wandb
26340,1789641619.5967097,0.4190862774848938,2.17e-05,2.4641151428222656,3.2665438652038574,1325735608320.0,3529.2720707877097,39.48580944026949,13.241882136508645,wandb
26360,1789641716.0716743,0.3915862739086151,2.17e-05,2.4610800743103027,3.200683116912842,1326742241280.0,3711.2052481270466,41.52129398983,13.924498166876154,wandb
26380,1789641828.3451166,0.46957916021347046,2.17e-05,2.4631505012512207,3.159088611602783,1327748874240.0,2290.1361936205644,25.622247171605228,8.59262560217058,wandb
26400,1789641991.9633904,0.45786792039871216,2.17e-05,2.465658187866211,3.0662765502929688,1328755507200.0,3760.382142693965,42.07148945472658,14.109010618348703,wandb
26420,1789642092.3227892,0.39319950342178345,2.17e-05,2.4708847999572754,3.0768470764160156,1329762140160.0,3274.434874986799,36.63466825595113,12.285729127301604,wandb
26440,1789642185.3488095,0.4312320053577423,2.17e-05,2.4675049781799316,3.3393394947052,1330768773120.0,3981.4354220969913,44.54465318129255,14.93840586275962,wandb
26460,1789642285.764785,0.37329405546188354,2.17e-05,2.466730833053589,3.6545896530151367,1331775406080.0,3865.3598501220986,43.24598937081224,14.502888562820685,wandb
26480,1789642386.3892233,0.4362199604511261,2.17e-05,2.4607717990875244,3.11087965965271,1332782039040.0,3472.50777402067,38.850725445553834,13.028901637336425,wandb
26500,1789642543.8245811,0.3947997987270355,2.17e-05,2.4633851051330566,3.178506374359131,1333788672000.0,3518.555086812007,39.36590687153821,13.20167185069936,wandb
26520,1789642644.0357893,0.4008224308490753,2.17e-05,2.4647421836853027,3.5400230884552,1334795304960.0,3556.39743851839,39.78929046404101,13.343656926095482,wandb
26540,1789642759.1542337,0.3866262137889862,2.17e-05,2.464531421661377,3.04569149017334,1335801937920.0,3705.7620875605353,41.46039542588503,13.904075346185044,wandb
26560,1789642867.3036222,0.37988632917404175,2.17e-05,2.4685583114624023,3.0950212478637695,1336808570880.0,2970.944258278841,33.23918827654402,11.147027747703477,wandb
26580,1789642969.9451978,0.3802861273288727,2.17e-05,2.4652209281921387,3.1736133098602295,1337815203840.0,3591.9701287499074,40.18728088234444,13.477126197343576,wandb
26600,1789643197.2099228,0.3996477425098419,2.17e-05,2.4624619483947754,3.0625858306884766,1338821836800.0,3001.2650037272538,33.57841947007333,11.260791642769053,wandb
26620,1789643313.0354111,0.4020259380340576,2.17e-05,2.4650630950927734,3.156165361404419,1339828469760.0,3319.8278491537326,37.142528883279454,12.456044252258788,wandb
26640,1789643462.818591,0.4395833909511566,2.17e-05,2.466075897216797,3.2244536876678467,1340835102720.0,797.2928433416857,8.92018315642464,2.9914547952252533,wandb
26660,1789643868.4488127,0.3896191120147705,2.17e-05,2.4619698524475098,3.381450891494751,1341841735680.0,1419.9095011247023,15.886073631983972,5.327521902896411,wandb
26680,1789644153.9283965,0.4036896526813507,2.17e-05,2.4665842056274414,3.0497725009918213,1342848368640.0,985.2151729056434,11.022674873102579,3.696542215234971,wandb
26700,1789644555.6977794,0.4169476628303528,2.17e-05,2.4628188610076904,3.096897840499878,1343855001600.0,2987.018862909362,33.41903238108957,11.2073399071627,wandb
26720,1789644816.8706002,0.4231753349304199,2.17e-05,2.47029185295105,4.134299278259277,1344861634560.0,1088.830591330811,12.181933378808203,4.085308830783786,wandb
26740,1789645123.003027,0.4361695349216461,2.17e-05,2.464566707611084,2.98475980758667,1345868267520.0,886.9680099638714,9.923476886618054,3.3279173753736067,wandb
26760,1789645438.8110876,0.39796510338783264,2.17e-05,2.4656386375427246,3.0908524990081787,1346874900480.0,969.4108954247496,10.84585521272076,3.637244327325762,wandb
26780,1789645711.6772761,0.4529869258403778,2.17e-05,2.466643810272217,3.2689547538757324,1347881533440.0,1099.9852419936065,12.306732601313486,4.12716124861614,wandb
26800,1789646072.9449987,0.41340211033821106,2.17e-05,2.4652023315429688,3.3004446029663086,1348888166400.0,1449.287188454867,16.214753807512576,5.437747429652816,wandb
26820,1789646333.8348618,0.39126476645469666,2.17e-05,2.463723659515381,3.3800525665283203,1349894799360.0,1269.7530246465972,14.206109634446815,4.764132534302702,wandb
26840,1789646485.0199852,0.46503522992134094,2.17e-05,2.4622700214385986,3.2032949924468994,1350901432320.0,2189.2504400142525,24.493528398374544,8.214100730267047,wandb
26860,1789646626.142467,0.39754265546798706,2.17e-05,2.462679862976074,3.035158634185791,1351908065280.0,3139.8554122182695,35.12898127153397,11.780784949513187,wandb
26880,1789646757.2258046,0.3586808741092682,2.17e-05,2.462036609649658,3.059251308441162,1352914698240.0,3716.870693364748,41.58467949442223,13.945755003012264,wandb
26900,1789646921.3451858,0.429812490940094,2.17e-05,2.466522455215454,3.418147563934326,1353921331200.0,1649.3652270776768,18.4532446769569,6.188443253722776,wandb
26920,1789647010.7364035,0.440994530916214,2.17e-05,2.4651989936828613,3.3633971214294434,1354927964160.0,3616.903064290469,40.46623278001477,13.57067494822568,wandb
26940,1789647100.035545,0.41159987449645996,2.17e-05,2.4647128582000732,3.101405620574951,1355934597120.0,3700.3608367365514,41.39996575186238,13.88380977148115,wandb
26960,1789647190.1499996,0.36488261818885803,2.17e-05,2.466081380844116,2.933030128479004,1356941230080.0,3970.2340434854705,44.41933116234599,14.896378120957593,wandb
26980,1789647279.4672484,0.42671191692352295,2.17e-05,2.4684653282165527,3.2658512592315674,1357947863040.0,3769.1523545006344,42.16961136349506,14.141916585564264,wandb
27000,1789647440.6064866,0.4120427370071411,2.17e-05,2.4612221717834473,3.1794939041137695,1358954496000.0,4015.047381079969,44.92070676421165,15.064518440736759,wandb
27020,1789647536.744162,0.5074785351753235,2.17e-05,2.464909553527832,3.2983803749084473,1359961128960.0,3909.7272005652408,43.742375228810594,14.669355532069144,wandb
27040,1789647646.671741,0.416960746049881,2.17e-05,2.4635086059570312,2.9541397094726562,1360967761920.0,2726.6602883863425,30.506117521153136,10.230470601562882,wandb
27060,1789647875.1158247,0.42770853638648987,2.17e-05,2.4593324661254883,3.391167163848877,1361974394880.0,1256.3000111827569,14.055596124755278,4.713656624512818,wandb
27080,1789648066.5868707,0.41857606172561646,2.17e-05,2.464008331298828,3.0464866161346436,1362981027840.0,1423.0504645242931,15.921215009516656,5.339306845031288,wandb
27100,1789648222.6350832,0.4692431390285492,2.17e-05,2.4628334045410156,3.0971739292144775,1363987660800.0,3377.0701841786044,37.78296121248883,12.6708183581975,wandb
27120,1789648320.953754,0.4044863283634186,2.17e-05,2.465043067932129,3.0286741256713867,1364994293760.0,3471.42937085503,38.83866017513994,13.02485545236439,wandb
27140,1789648424.5351195,0.4500294625759125,2.17e-05,2.467963218688965,2.985964775085449,1366000926720.0,3390.072760138637,37.9284351873745,12.719604219667037,wandb
27160,1789648524.1995137,0.3868931233882904,2.17e-05,2.460559844970703,3.172755002975464,1367007559680.0,2384.1856163654406,26.674480467873224,8.9455004573858,wandb
27180,1789648622.9780354,0.4394557774066925,2.17e-05,2.4690470695495605,3.6032633781433105,1368014192640.0,2732.86950383645,30.575586775185965,10.253767671752247,wandb
27200,1789648793.930706,0.42355647683143616,2.17e-05,2.4701318740844727,3.6052637100219727,1369020825600.0,3114.354328302825,34.843672879375696,11.685104497343863,wandb
27220,1789648889.2382913,0.38589173555374146,2.17e-05,2.466243028640747,3.2207236289978027,1370027458560.0,3814.0863480538337,42.67233687494477,14.310509608323573,wandb
27240,1789649028.2128837,0.44602954387664795,2.17e-05,2.463995933532715,2.968627452850342,1371034091520.0,1359.1026033104326,15.205760657639578,5.099373503511727,wandb
27260,1789649301.9046257,0.41032305359840393,2.17e-05,2.4690680503845215,3.0096797943115234,1372040724480.0,923.7560841374927,10.335065128430735,3.4659467855367923,wandb
27280,1789649497.4748466,0.4441889226436615,2.17e-05,2.4697673320770264,5.1918768882751465,1373047357440.0,1483.9559058890109,16.602630497857284,5.567824981306234,wandb
27300,1789649733.9356844,0.32521167397499084,2.17e-05,2.471458673477173,3.1228384971618652,1374053990400.0,2202.6389980121817,24.64332077458776,8.264334802174917,wandb
27320,1789649955.8297472,0.4183662533760071,2.17e-05,2.4695229530334473,3.4534049034118652,1375060623360.0,1352.8752770600577,15.136088778364536,5.076008481326105,wandb
27340,1789650192.5716338,0.45548880100250244,2.17e-05,2.466722011566162,3.246389150619507,1376067256320.0,1000.799954229269,11.197038790978596,3.7550165502455477,wandb
27360,1789650399.907333,0.39704975485801697,2.17e-05,2.4616079330444336,3.0010271072387695,1377073889280.0,1396.9772569314366,15.6295056468326,5.241479776179588,wandb
27380,1789650645.0671606,0.39455538988113403,2.17e-05,2.466338634490967,3.1190507411956787,1378080522240.0,1553.3098897601747,17.378569030260962,5.828042176721916,wandb
27400,1789650944.7038918,0.4031865894794464,2.17e-05,2.465843439102173,3.1875650882720947,1379087155200.0,1610.4649118665927,18.01802449478249,6.0424886832713,wandb
27420,1789651218.9224453,0.4171781539916992,2.17e-05,2.46486234664917,3.3063721656799316,1380093788160.0,2001.836099873679,22.396720112491145,7.51091929424953,wandb
27440,1789651523.3138814,0.46300259232521057,2.17e-05,2.466486692428589,3.829469919204712,1381100421120.0,1145.7080430432425,12.818283361104676,4.298713889020875,wandb
27460,1789651787.1314125,0.4503653645515442,2.17e-05,2.469210624694824,3.0182199478149414,1382107054080.0,916.4339311580097,10.253144230454785,3.438473956920845,wandb
27480,1789652002.9860682,0.423650324344635,2.17e-05,2.4601922035217285,2.984671115875244,1383113687040.0,1221.7300264963983,13.668824065163419,4.583949519620931,wandb
27500,1789652312.1351714,0.42549192905426025,2.17e-05,2.463925361633301,3.5639748573303223,1384120320000.0,959.9382460062409,10.739874369552092,3.6017028035768255,wandb
27520,1789652408.5640054,0.4093584418296814,2.17e-05,2.463879108428955,3.2195963859558105,1385126952960.0,2943.955903375258,32.93724016445319,11.045767032314156,wandb
27540,1789652502.7980347,0.43457892537117004,2.17e-05,2.467399835586548,3.409212112426758,1386133585920.0,2897.4608991879,32.41704992736082,10.871317074068784,wandb
27560,1789652595.7685773,0.4011613726615906,2.17e-05,2.474116563796997,3.492443561553955,1387140218880.0,2956.1206444185996,33.073340367864375,11.091409324516674,wandb
27580,1789652685.1332054,0.45415666699409485,2.17e-05,2.466517210006714,3.09601092338562,1388146851840.0,3090.835455543493,34.58054164171578,11.596861331383266,wandb
27600,1789652846.3663182,0.4365607798099518,2.17e-05,2.469395637512207,3.1479685306549072,1389153484800.0,3253.1506984883317,36.39653899857031,12.205870575477785,wandb
27620,1789652942.7372036,0.4846982955932617,2.17e-05,2.4651527404785156,3.667877197265625,1390160117760.0,3647.2208468809076,40.80543082482587,13.684427726603369,wandb
27640,1789653034.022757,0.3680053651332855,2.17e-05,2.4672420024871826,3.0738086700439453,1391166750720.0,3666.4318991108385,41.020365783730526,13.756507884846956,wandb
27660,1789653148.0280714,0.4526010751724243,2.17e-05,2.465096950531006,3.1444969177246094,1392173383680.0,2773.3037748586903,31.027968991239955,10.405477667585085,wandb
27680,1789653364.1957703,0.4021317660808563,2.17e-05,2.462528944015503,3.724693775177002,1393180016640.0,3789.4162941288137,42.3963261201414,14.217947193235092,wandb
27700,1789653544.890046,0.4434453547000885,2.17e-05,2.4649009704589844,3.360692024230957,1394186649600.0,2795.1175316101053,31.272023239534427,10.487323212519861,wandb
27720,1789653645.3738341,0.44703909754753113,2.17e-05,2.4700841903686523,3.765227794647217,1395193282560.0,3959.564411079177,44.29995836717959,14.856345498952205,wandb
27740,1789653736.660676,0.48251935839653015,2.17e-05,2.464439868927002,3.4467973709106445,1396199915520.0,3951.87185370829,44.213893351968856,14.827482907462942,wandb
27760,1789653827.0282214,0.40861761569976807,2.17e-05,2.472238063812256,3.034011125564575,1397206548480.0,3455.0106577189445,38.654966154066294,12.963252192592845,wandb
27780,1789653918.5116284,0.38798993825912476,2.17e-05,2.4698472023010254,3.055330276489258,1398213181440.0,3792.210870568116,42.42759208959214,14.2284324862611,wandb
27800,1789654076.4572966,0.42941391468048096,2.17e-05,2.465763807296753,3.0216689109802246,1399219814400.0,3639.844361140915,40.72290204709885,13.656751040649029,wandb
27820,1789654162.7278354,0.5792109966278076,2.17e-05,2.479323148727417,3.2555530071258545,1400226447360.0,3966.693993801377,44.37972477201066,14.883095801053113,wandb
27840,1789654250.6879895,0.38647282123565674,2.17e-05,2.466872215270996,4.383242607116699,1401233080320.0,3641.1187851618606,40.737160416254824,13.661532698832023,wandb
27860,1789654342.3058076,0.4112307131290436,2.17e-05,2.4661221504211426,3.70638370513916,1402239713280.0,3737.024927371301,41.810166854828466,14.021373993533112,wandb
27880,1789654437.009235,0.4554702341556549,2.17e-05,2.4670205116271973,3.3169007301330566,1403246346240.0,3357.3751199964554,37.562611084867,12.59692217979582,wandb
27900,1789654597.5272923,0.38326379656791687,2.17e-05,2.4704713821411133,4.625765800476074,1404252979200.0,3646.5756304281867,40.79821208583695,13.68200686472361,wandb
27920,1789654689.391562,0.47694653272628784,2.17e-05,2.4679598808288574,3.1491947174072266,1405259612160.0,3807.68363091957,42.600702706880455,14.286486516891463,wandb
27940,1789654783.0964777,0.41167151927948,2.17e-05,2.463627576828003,3.310859441757202,1406266245120.0,3401.066756151643,38.051436991386666,12.760853858825907,wandb
27960,1789654883.40712,0.4340965449810028,2.17e-05,2.4699411392211914,3.5194873809814453,1407272878080.0,3263.4091363585417,36.511311312739764,12.244360389370682,wandb
27980,1789654980.5585494,0.40887829661369324,2.17e-05,2.4644546508789062,3.989380359649658,1408279511040.0,2436.9114796509243,27.264382110055102,9.143328693114933,wandb
28000,1789655154.3058057,0.41360366344451904,2.17e-05,2.463989734649658,3.1606929302215576,1409286144000.0,3686.316297688851,41.24283420139223,13.831114448762738,wandb
28020,1789655243.1892407,0.41105055809020996,2.17e-05,2.4688961505889893,3.2663490772247314,1410292776960.0,3879.3949205694007,43.403014985740036,14.555548359207334,wandb
28032,1789655300.5155473,0.44522494077682495,2.17e-05,2.4691219329833984,3.0677194595336914,1410896756736.0,3607.5914682041607,40.362053815833455,13.535737699012657,wandb
