_step,_timestamp,grad_norm,lr,loss_metrics/global_avg_loss,loss_metrics/global_max_loss,n_tokens_seen,throughput(tps),tflops,mfu(%),source
9201,1786632023.4944165,18.40656852722168,2.28e-05,6.51704740524292,7.233554363250732,926202986496.0,21.574229966337224,0.24137440134537722,0.08094683681794126,wandb
9220,1786634100.1158938,1.6875839233398438,2.28e-05,3.4225614070892334,4.915841102600098,928115589120.0,1654.7254126826533,18.513214909661382,6.208554751104463,wandb
9240,1786634309.1769228,0.6561816334724426,2.28e-05,3.075261354446411,4.021298408508301,930128855040.0,1654.5189411531976,18.510904887848554,6.207780066806182,wandb
9260,1786634517.5354815,0.5804022550582886,2.28e-05,2.9887194633483887,4.3091840744018555,932142120960.0,1649.7109054402893,18.457112157185108,6.18974024416246,wandb
9280,1786634752.0640051,0.5407836437225342,2.28e-05,2.9581453800201416,4.394575119018555,934155386880.0,1495.5176317109228,16.731984113404064,5.611204751286455,wandb
9300,1786635381.585782,0.4434300363063812,2.28e-05,2.9323818683624268,4.388387680053711,936168652800.0,1287.227740099618,14.401618303249133,4.829697930723465,wandb
9320,1786635530.684595,0.4291169345378876,2.28e-05,2.9208672046661377,4.735304832458496,938181918720.0,2002.869372676081,22.408280460392106,7.514796149416782,wandb
9340,1786635678.4786227,0.3946440815925598,2.28e-05,2.911627769470215,4.595216751098633,940195184640.0,2324.3280176636827,26.004788336327746,8.720913842615063,wandb
9360,1786635823.0515673,0.40263503789901733,2.28e-05,2.9039790630340576,4.490245342254639,942208450560.0,2176.117170864653,24.346592216474257,8.164824505975496,wandb
9380,1786635966.009605,0.3837759792804718,2.28e-05,2.900390148162842,3.858996868133545,944221716480.0,2400.3144993570595,26.854931843544385,9.006016270076001,wandb
9400,1786636203.133421,0.3536418676376343,2.28e-05,2.893108367919922,4.141225814819336,946234982400.0,2566.576679887783,28.715087888724145,9.629834483630553,wandb
9420,1786636343.9051814,0.35925155878067017,2.28e-05,2.8902153968811035,3.8142199516296387,948248248320.0,2539.8066076908895,28.415581942946247,9.52939276825496,wandb
9440,1786636482.9819498,0.36544904112815857,2.28e-05,2.887974739074707,3.9383411407470703,950261514240.0,2318.6553511341567,25.941322039281097,8.699629912082914,wandb
9460,1786636616.5013027,0.3554667532444,2.28e-05,2.880948781967163,3.763978958129883,952274780160.0,2483.444150038566,27.78499375994221,9.317919975512902,wandb
9480,1786636751.9914877,0.37757307291030884,2.28e-05,2.8776426315307617,4.100499629974365,954288046080.0,2520.8328736276776,28.203302120772285,9.458203031358751,wandb
9500,1786636986.677555,0.3517617881298065,2.28e-05,2.876460552215576,4.530338287353516,956301312000.0,2512.4759921708514,28.109804588674823,9.426847885861179,wandb
9520,1786637120.0299172,0.35963255167007446,2.28e-05,2.8793892860412598,3.917344093322754,958314577920.0,2537.6405571579894,28.39134797716956,9.521265713926734,wandb
9540,1786637252.272635,0.343877375125885,2.28e-05,2.8737943172454834,4.706857681274414,960327843840.0,2012.3312885555147,22.514141215772124,7.550297400764926,wandb
9560,1786637385.50692,0.3406592011451721,2.28e-05,2.8686180114746094,4.57295036315918,962341109760.0,2523.585212656875,28.234095534326727,9.46852984898384,wandb
9580,1786637516.2543285,0.3331160545349121,2.28e-05,2.8721237182617188,3.9849863052368164,964354375680.0,2247.0736094848276,25.140459154959128,8.431054135822382,wandb
9600,1786637749.290397,0.33626532554626465,2.28e-05,2.871659278869629,4.534418106079102,966367641600.0,2305.1620227757476,25.79035748296787,8.649002740199455,wandb
9620,1786637873.7794333,0.37479832768440247,2.28e-05,2.869058609008789,4.6696085929870605,968380907520.0,2815.7830105728344,31.503230453925266,10.564860401841138,wandb
9640,1786638026.0380752,0.3400936424732208,2.28e-05,2.865262985229492,3.789356231689453,970394173440.0,1409.459140397598,15.769154067842688,5.288311991544514,wandb
9660,1786638287.4808934,0.30259785056114197,2.28e-05,2.8605945110321045,4.281733512878418,972407439360.0,1238.7972349507622,13.859773509465104,4.647985943625348,wandb
9680,1786638495.5450819,0.32071495056152344,2.28e-05,2.863905191421509,4.338682651519775,974420705280.0,1361.8666110836452,15.236684622138618,5.109744102440675,wandb
9700,1786638862.7959325,0.32482755184173584,2.28e-05,2.862229824066162,4.2601704597473145,976433971200.0,1175.6895559092443,13.153719190367255,4.411204978311478,wandb
9720,1786639104.9037092,0.3055683374404907,2.28e-05,2.8597214221954346,3.732673168182373,978447237120.0,903.1961887126878,10.105039192041387,3.3888057472451636,wandb
9740,1786639367.3835778,0.3457847237586975,2.28e-05,2.859353542327881,4.364901542663574,980460503040.0,1292.7241358140154,14.463112466757636,4.850320490493821,wandb
9760,1786639612.2499332,0.3582212030887604,2.28e-05,2.8619494438171387,3.8683090209960938,982473768960.0,1285.7888933328602,14.385520357807012,4.824299355913774,wandb
9780,1786639866.6923354,0.3505350351333618,2.28e-05,2.86028790473938,4.901599884033203,984487034880.0,1293.1151087419967,14.467486706606799,4.851787426827164,wandb
9800,1786640228.8608549,0.3356148302555084,2.28e-05,2.8592817783355713,4.467516899108887,986500300800.0,1199.1323278014213,13.415999004765244,4.499162612668633,wandb
9820,1786640478.2308333,0.3248543441295624,2.28e-05,2.856350898742676,4.502819538116455,988513566720.0,1283.21167651596,14.356686227120209,4.814629599475302,wandb
9840,1786640742.5015774,0.31858858466148376,2.28e-05,2.850973606109619,4.6147565841674805,990526832640.0,1568.1172878421241,17.5442355153726,5.883599758063548,wandb
9860,1786640998.4821086,0.3281293213367462,2.28e-05,2.8557052612304688,3.943824291229248,992540098560.0,1739.3178700395672,19.45964283708771,6.525946929290339,wandb
9880,1786641242.8877406,0.33751916885375977,2.28e-05,2.8564679622650146,4.1777215003967285,994553364480.0,1203.8805908741813,13.469122993820989,4.516978167463361,wandb
9900,1786641595.0562956,0.3221519887447357,2.28e-05,2.854386806488037,4.343633651733398,996566630400.0,2175.0029887426235,24.33412664791797,8.160644077818473,wandb
9920,1786641804.0505066,0.3901611566543579,2.28e-05,2.8570871353149414,3.991849422454834,998579896320.0,1213.6815964248556,13.578777514564857,4.553751688381609,wandb
9940,1786642045.3227386,0.29733237624168396,2.28e-05,2.848397970199585,4.094169616699219,1000593162240.0,1285.867824248513,14.386403443902928,4.824595505901941,wandb
9960,1786642277.5047972,0.33726558089256287,2.28e-05,2.8547792434692383,4.708626747131348,1002606428160.0,2304.758064889341,25.785837966250366,8.647487084105897,wandb
9980,1786642520.705554,0.3587738573551178,2.28e-05,2.855252981185913,4.66245174407959,1004619694080.0,1395.5878079606089,15.613960368319448,5.2362665426466215,wandb
10000,1786642895.3926516,0.38493749499320984,2.28e-05,2.8532345294952393,4.157920837402344,1006632960000.0,1151.455115471284,12.882582117953543,4.320276991608519,wandb
10020,1786643153.1224313,0.3299177587032318,2.28e-05,2.8521203994750977,4.408149242401123,1008646225920.0,1283.8918925764597,14.364296544830031,4.8171817804122865,wandb
10040,1786643379.3085415,0.32502034306526184,2.28e-05,2.8500847816467285,4.037898540496826,1010659491840.0,1052.828238560026,11.779135857847658,3.9502274591962063,wandb
10060,1786643625.129729,0.3366689383983612,2.28e-05,2.848464012145996,3.982783794403076,1012672757760.0,1147.1053586481742,12.833916652218992,4.303956638283863,wandb
10080,1786643869.0954967,0.3706182837486267,2.28e-05,2.8487443923950195,4.408976078033447,1014686023680.0,1271.2530716383098,14.22289229344227,4.769760733281153,wandb
10100,1786644193.2585652,0.3551732301712036,2.28e-05,2.8509273529052734,3.9636197090148926,1016699289600.0,1656.798155192413,18.53640493698644,6.2163317123199935,wandb
10120,1786644401.6842427,0.3638763129711151,2.28e-05,2.8446125984191895,4.719172477722168,1018712555520.0,1935.9804815363118,21.659921604446392,7.2638280191765725,wandb
10140,1786644626.3698497,0.33510780334472656,2.28e-05,2.8488283157348633,3.9250221252441406,1020725821440.0,1449.5470128551303,16.217660745983444,5.438722294728523,wandb
10160,1786644857.1490324,0.3433288037776947,2.28e-05,2.8429057598114014,4.087878227233887,1022739087360.0,966.7057858596334,10.815590206605947,3.6270947153635373,wandb
10180,1786645071.4279304,0.3213178515434265,2.28e-05,2.8452188968658447,3.652261257171631,1024752353280.0,1361.6365617831793,15.234110810129268,5.108880953989307,wandb
10200,1786645419.4830923,0.32937878370285034,2.28e-05,2.849836587905884,4.16972541809082,1026765619200.0,1029.1974886007163,11.51475292813612,3.8615645282908413,wandb
10220,1786645631.8797894,0.37517520785331726,2.28e-05,2.8443026542663574,4.060624122619629,1028778885120.0,1512.0741047607196,16.917219404629805,5.673324888335781,wandb
10240,1786645878.3531575,0.3228379189968109,2.28e-05,2.8448052406311035,3.796813488006592,1030792151040.0,1314.0274379606446,14.70145570358906,4.930250802038527,wandb
10260,1786646127.1327105,0.34550249576568604,2.28e-05,2.8463029861450195,4.616419315338135,1032805416960.0,1217.3039911103417,13.61930518809064,4.567342967975539,wandb
10280,1786646329.8096387,0.33538585901260376,2.28e-05,2.842867851257324,3.93707275390625,1034818682880.0,1399.4628999465262,15.657315241690064,5.250805946329997,wandb
10300,1786646685.5415,0.35022643208503723,2.28e-05,2.8458456993103027,4.2167887687683105,1036831948800.0,1720.2048212291481,19.24580434914639,6.454234481357579,wandb
10320,1786646900.85131,0.34167298674583435,2.28e-05,2.8435778617858887,4.572718620300293,1038845214720.0,1146.8963897708857,12.831578689856766,4.30317258389878,wandb
10340,1786647157.5244663,0.34536102414131165,2.28e-05,2.8440213203430176,4.498090744018555,1040858480640.0,2098.8647155476106,23.482284883897076,7.874972126349843,wandb
10360,1786647475.328051,0.3417564928531647,2.28e-05,2.8439579010009766,3.7619404792785645,1042871746560.0,1391.2187938967222,15.565079450864427,5.219873935863596,wandb
10380,1786647718.6377325,0.32630228996276855,2.28e-05,2.8386123180389404,3.9825825691223145,1044885012480.0,1101.7770985234374,12.326780051343434,4.133884321390822,wandb
10400,1786648075.1179407,0.3467772603034973,2.28e-05,2.8439717292785645,4.630340576171875,1046898278400.0,1381.5461371538997,15.456860907984286,5.183581981611746,wandb
10420,1786648298.1483696,0.3311847746372223,2.28e-05,2.8408641815185547,4.111101150512695,1048911544320.0,1332.6830062631068,14.91017585896845,5.000246776192952,wandb
10440,1786648518.6995316,0.3238535523414612,2.28e-05,2.8405184745788574,4.149258136749268,1050924810240.0,1191.2863416432506,13.328217414652988,4.469724354051188,wandb
10460,1786648745.3770392,0.32780134677886963,2.28e-05,2.8411989212036133,4.167046546936035,1052938076160.0,1275.227711855212,14.267360921264212,4.784673643431346,wandb
10480,1786648974.3219495,0.34161001443862915,2.28e-05,2.8413965702056885,3.904191493988037,1054951342080.0,1120.0236180060842,12.530923732190105,4.202345538192617,wandb
10500,1786649323.0370336,0.3554874658584595,2.28e-05,2.842794895172119,4.450739860534668,1056964608000.0,1473.8771898413884,16.48986892740398,5.530009486407263,wandb
10520,1786649544.4953785,0.35642358660697937,2.28e-05,2.8437702655792236,3.884190559387207,1058977873920.0,1235.6560278638126,13.824629405536601,4.63620008717182,wandb
10540,1786649788.2865238,0.32005149126052856,2.28e-05,2.8365797996520996,4.07360315322876,1060991139840.0,1386.6004240959523,15.51340871927439,5.202545742588048,wandb
10560,1786650033.404589,0.3485574424266815,2.28e-05,2.8395614624023438,3.9810729026794434,1063004405760.0,1426.8757305618462,15.964012425750832,5.353659301003536,wandb
10580,1786650255.4418476,0.34904366731643677,2.28e-05,2.8358287811279297,3.776087760925293,1065017671680.0,1264.523044461768,14.147596151549346,4.744509569624796,wandb
10600,1786650596.8716388,0.3458229899406433,2.28e-05,2.8381266593933105,4.257781028747559,1067030937600.0,1518.8318641273713,16.992825816729184,5.69868010358846,wandb
10620,1786650821.580745,0.3314899504184723,2.28e-05,2.836775779724121,4.042872428894043,1069044203520.0,1868.2841836636362,20.902529410249365,7.009830486674672,wandb
10640,1786651044.7002904,0.3676525354385376,2.28e-05,2.838798999786377,3.7856948375701904,1071057469440.0,1319.1159671448074,14.7583866201257,4.9493430404246235,wandb
10660,1786651285.9696312,0.33511999249458313,2.28e-05,2.834826946258545,4.469433784484863,1073070735360.0,1278.3903830480115,14.30274516751566,4.796540033534344,wandb
10680,1786651535.7478073,0.3112056255340576,2.28e-05,2.8356258869171143,4.816048622131348,1075084001280.0,1155.6876609453911,12.929936212703334,4.336157566180666,wandb
10700,1786651890.179106,0.32603204250335693,2.28e-05,2.8357038497924805,4.277321815490723,1077097267200.0,1269.5273414540716,14.203584670840948,4.763285767554298,wandb
10720,1786652131.607835,0.321294367313385,2.28e-05,2.834380626678467,3.988142251968384,1079110533120.0,1361.208618253102,15.229322939899681,5.107275303398278,wandb
10740,1786652353.6468916,0.3494936227798462,2.28e-05,2.8352177143096924,4.005451202392578,1081123799040.0,2323.28360936983,25.993103403559246,8.716995206915636,wandb
10760,1786652555.431323,0.31319472193717957,2.28e-05,2.8343729972839355,4.526051998138428,1083137064960.0,1423.3037765529384,15.924049086995353,5.3402572755902815,wandb
10780,1786652779.6163995,0.3384200930595398,2.28e-05,2.8403897285461426,4.5477294921875,1085150330880.0,1975.7294175074087,22.104636231068504,7.412966627542183,wandb
10800,1786653128.8664021,0.3295912444591522,2.28e-05,2.833211898803711,4.134087562561035,1087163596800.0,1005.1650517846984,11.245875890189087,3.7713944622296633,wandb
10820,1786653341.973085,0.3158459961414337,2.28e-05,2.834043264389038,3.7654671669006348,1089176862720.0,1050.8061098344535,11.756512102036215,3.942640401663716,wandb
10840,1786653565.8774157,0.3119491934776306,2.28e-05,2.836517572402954,4.420899868011475,1091190128640.0,1569.1201327321523,17.55545543308695,5.88736244724381,wandb
10860,1786653782.0603788,0.3253103196620941,2.28e-05,2.8365368843078613,4.042192459106445,1093203394560.0,1252.8961378907568,14.017513287991507,4.7008852404890815,wandb
10880,1786654071.6130679,0.3309641480445862,2.28e-05,2.8333992958068848,4.493801116943359,1095216660480.0,1670.4727071150692,18.689397038634915,6.267638837754776,wandb
10900,1786654544.9941502,0.3077586889266968,2.28e-05,2.8350815773010254,3.9954965114593506,1097229926400.0,1618.4356819194013,18.107202178192757,6.072395132946897,wandb
10920,1786654784.2899547,0.3392776846885681,2.28e-05,2.830806016921997,3.776310443878174,1099243192320.0,2345.905277899939,26.246196640602165,8.801872049051529,wandb
10940,1786655024.9023244,0.31691238284111023,2.28e-05,2.8344571590423584,4.536730766296387,1101256458240.0,1420.9891516082268,15.898152857501158,5.331572767823995,wandb
10960,1786655253.094225,0.3742184638977051,2.28e-05,2.8316307067871094,3.8776323795318604,1103269724160.0,1496.4563924191225,16.742487051599394,5.6147269956481916,wandb
10980,1786655479.0312212,0.3041011095046997,2.28e-05,2.8288464546203613,4.582711696624756,1105282990080.0,1418.2449348042128,15.867450316123582,5.32127642491052,wandb
11000,1786655829.1268783,0.33774614334106445,2.28e-05,2.8303561210632324,4.333858489990234,1107296256000.0,1378.9823307161503,15.428176813810692,5.173962541118477,wandb
11020,1786656023.340021,0.35167258977890015,2.28e-05,2.8321332931518555,4.1630682945251465,1109309521920.0,1743.8808700620436,19.510694086679592,6.543067374321098,wandb
11040,1786656254.6901643,0.35101771354675293,2.28e-05,2.8264901638031006,3.7993063926696777,1111322787840.0,1542.2576246736044,17.254915306677603,5.786573911118594,wandb
11060,1786656501.5040965,0.3190300762653351,2.28e-05,2.8289759159088135,4.620708465576172,1113336053760.0,1530.5826822806946,17.124295014077244,5.742769350853299,wandb
11080,1786656726.1309307,0.3500951826572418,2.28e-05,2.8304033279418945,4.307151794433594,1115349319680.0,1522.8273193012403,17.037527324138704,5.7136711117717045,wandb
11100,1786657068.5449014,0.336976021528244,2.28e-05,2.82511568069458,3.757355213165283,1117362585600.0,1578.5299638101187,17.660733459081353,5.922668275629854,wandb
11120,1786657309.670169,0.3488982319831848,2.28e-05,2.828695774078369,3.8763163089752197,1119375851520.0,1253.9060275679487,14.02881202341045,4.704674361817228,wandb
11140,1786657560.9214811,0.3716156482696533,2.28e-05,2.8271408081054688,4.067131042480469,1121389117440.0,1181.5767689481672,13.219585852819634,4.433293890588659,wandb
11160,1786657790.9290688,0.353178471326828,2.28e-05,2.82914400100708,3.801039934158325,1123402383360.0,1749.512590479834,19.573702274990822,6.564197674423325,wandb
11180,1786658009.7483804,0.33756157755851746,2.28e-05,2.8275959491729736,4.259686470031738,1125415649280.0,1385.498111745418,15.501075950776,5.198409849993024,wandb
11200,1786658351.1077101,0.32127219438552856,2.28e-05,2.827662467956543,3.8621914386749268,1127428915200.0,1304.5213946282345,14.595101246345214,4.894583983820055,wandb
11220,1786658543.3040125,0.3558844327926636,2.28e-05,2.8287878036499023,3.9589719772338867,1129442181120.0,1507.2768132855892,16.86354688145305,5.6553253782345445,wandb
11240,1786658766.5455642,0.3580590784549713,2.28e-05,2.827852725982666,3.552173137664795,1131455447040.0,1692.3632481074542,18.934310355838253,6.3497724783218725,wandb
11260,1786658976.3080776,0.33271360397338867,2.28e-05,2.8261027336120605,3.9839096069335938,1133468712960.0,1628.163033524914,18.216032652055333,6.108892303149995,wandb
11280,1786659191.5065582,0.37001511454582214,2.28e-05,2.8272318840026855,5.248068332672119,1135481978880.0,1369.5498360402953,15.32264522546986,5.1385716785707105,wandb
11300,1786659529.0929103,0.3491590917110443,2.28e-05,2.824551820755005,3.990072727203369,1137495244800.0,1308.049159316461,14.634570191055486,4.9078202102344175,wandb
11320,1786659730.8349488,0.36681467294692993,2.28e-05,2.8252201080322266,4.332891464233398,1139508510720.0,1329.373608617077,14.873150024124257,4.987829866220414,wandb
11340,1786659967.8118162,0.3168298900127411,2.28e-05,2.8220760822296143,3.9108567237854004,1141521776640.0,1135.1472865352296,12.700128679159906,4.259089771030939,wandb
11360,1786660217.6594682,0.323662132024765,2.28e-05,2.827385187149048,4.284092426300049,1143535042560.0,1853.38039964182,20.735784550680343,6.95391126383028,wandb
11380,1786660465.6967757,0.35505789518356323,2.28e-05,2.8232412338256836,4.270017623901367,1145548308480.0,1266.7982192172287,14.173051008821764,4.753046059684926,wandb
11400,1786660798.8317814,0.3640536069869995,2.28e-05,2.82877254486084,4.4854841232299805,1147561574400.0,1060.3496026453756,11.863285547372366,3.9784477308914235,wandb
11420,1786661006.9109485,0.33271682262420654,2.28e-05,2.8259499073028564,4.328113555908203,1149574840320.0,1569.3658773757647,17.558204845989675,5.888284484859819,wandb
11440,1786661250.014798,0.34891605377197266,2.28e-05,2.8229053020477295,3.9540517330169678,1151588106240.0,1430.7165101031433,16.00698340844299,5.3680699638762395,wandb
11460,1786661483.444288,0.32224783301353455,2.28e-05,2.820748805999756,4.253471374511719,1153601372160.0,1230.8726904591094,13.771113001739355,4.618252932953671,wandb
11480,1786661739.7961895,0.33367249369621277,2.28e-05,2.8201744556427,3.9016406536102295,1155614638080.0,1123.819986537528,12.573397840558906,4.216589570285305,wandb
11500,1786662095.5844934,0.32673394680023193,2.28e-05,2.821553945541382,4.137991905212402,1157627904000.0,1252.489014682262,14.012958357369298,4.699357708059223,wandb
11520,1786662317.8506267,0.319801390171051,2.28e-05,2.8229622840881348,3.755754232406616,1159641169920.0,1210.6022880689902,13.544325939138316,4.542198076902391,wandb
11540,1786662576.8284945,0.3360758125782013,2.28e-05,2.823812961578369,4.042988300323486,1161654435840.0,1248.0009301997727,13.96274526949369,4.682518347266459,wandb
11560,1786662807.3301406,0.3556039035320282,2.28e-05,2.8239035606384277,4.77508020401001,1163667701760.0,1344.9536051893947,15.047460409777603,5.0462862487717866,wandb
11580,1786663052.6154253,0.32243117690086365,2.28e-05,2.819192409515381,4.300665378570557,1165680967680.0,1768.375299444045,19.784739938494575,6.634970843470504,wandb
11600,1786663398.5794969,0.34101736545562744,2.28e-05,2.8229053020477295,3.927549362182617,1167694233600.0,1181.9090047372147,13.223302936340666,4.434540444289211,wandb
11620,1786663611.072948,0.34251946210861206,2.28e-05,2.820488452911377,4.390056610107422,1169707499520.0,1495.4910349249076,16.73168654619948,5.611104959743451,wandb
11640,1786663857.6419425,0.34544312953948975,2.28e-05,2.8203861713409424,3.585432529449463,1171720765440.0,1315.5405994155399,14.718385088363588,4.935928206680998,wandb
11660,1786664087.0063088,0.3593050241470337,2.28e-05,2.821063995361328,4.63430118560791,1173734031360.0,1291.3096825327461,14.447287437798082,4.8450134404102645,wandb
11680,1786664328.0248559,0.3540817201137543,2.28e-05,2.821495771408081,4.756540775299072,1175747297280.0,1258.979634782155,14.085575991621669,4.7237106127465776,wandb
11700,1786664671.954084,0.32326704263687134,2.28e-05,2.8176817893981934,4.192801475524902,1177760563200.0,1272.9097483160926,14.241427339279207,4.775976609208397,wandb
11720,1786664895.9894547,0.3556250333786011,2.28e-05,2.8171520233154297,3.5637152194976807,1179773829120.0,1208.3597138754062,13.519235819848149,4.5337839046430135,wandb
11740,1786665142.7373629,0.3431500196456909,2.28e-05,2.820596694946289,3.84234881401062,1181787095040.0,1270.5710779391823,14.215262087353567,4.767201882617177,wandb
11760,1786665394.6875746,0.2982483208179474,2.28e-05,2.8170666694641113,4.220215797424316,1183800360960.0,1164.4739810052235,13.02823834203912,4.369123971805488,wandb
11780,1786665627.0521505,0.3715118169784546,2.28e-05,2.8191215991973877,5.000874996185303,1185813626880.0,1412.2975691768452,15.800910661168208,5.298961819212596,wandb
11800,1786665969.8331347,0.4011174142360687,2.28e-05,2.8186464309692383,3.861325263977051,1187826892800.0,1443.5252505903768,16.150288734840196,5.416128551723,wandb
11820,1786666194.9034903,0.34983792901039124,2.28e-05,2.8188841342926025,4.023401737213135,1189840158720.0,1194.635836158462,13.365691856831472,4.482291708082756,wandb
11840,1786666368.499575,0.31803786754608154,2.28e-05,2.8170247077941895,3.808671712875366,1191853424640.0,2838.376017264847,31.756003019777477,10.649629704327417,wandb
11860,1786666487.9256012,0.3329143822193146,2.28e-05,2.813920497894287,3.8519790172576904,1193866690560.0,2846.6193842083176,31.8482305414158,10.680558941655688,wandb
11880,1786666611.6160643,0.3639562427997589,2.28e-05,2.8178839683532715,3.60189151763916,1195879956480.0,2677.2031810871736,29.952787011316282,10.044906787684944,wandb
11900,1786666834.7758858,0.33676227927207947,2.28e-05,2.8172483444213867,4.047392845153809,1197893222400.0,2781.4501177933425,31.119110999648782,10.436042869366247,wandb
11920,1786666958.708751,0.3406757414340973,2.28e-05,2.8154897689819336,6.060392379760742,1199906488320.0,2825.1193864603506,31.607686656723743,10.599890625242711,wandb
11940,1786667081.2282276,0.37195947766304016,2.28e-05,2.8150665760040283,3.9793739318847656,1201919754240.0,2870.8403979222026,32.11921739444783,10.771436551087039,wandb
11960,1786667204.4307914,0.30734506249427795,2.28e-05,2.8151590824127197,4.436641216278076,1203933020160.0,2700.085278938915,30.20879395474408,10.130760764570661,wandb
11980,1786667333.4621065,0.36799558997154236,2.28e-05,2.8137707710266113,4.292719841003418,1205946286080.0,2344.953902885748,26.23555257243085,8.798302475623112,wandb
12000,1786667568.705294,0.3527565896511078,2.28e-05,2.813589334487915,3.558277130126953,1207959552000.0,2785.406866274488,31.16337945314172,10.450888649453539,wandb
12020,1786667699.5146964,0.3670702874660492,2.28e-05,2.8133699893951416,5.0885820388793945,1209972817920.0,2627.891353894019,29.401081908211037,9.859888066959938,wandb
12040,1786667838.7644722,0.36120158433914185,2.28e-05,2.8159356117248535,4.164796829223633,1211986083840.0,2688.146016122079,30.07521642176072,10.085964470080944,wandb
12060,1786667969.8879552,0.3237948715686798,2.28e-05,2.813070058822632,3.9514124393463135,1213999349760.0,2698.869666957857,30.19519357991476,10.126199770049968,wandb
12080,1786668102.2922997,0.3749367594718933,2.28e-05,2.8148553371429443,4.507513046264648,1216012615680.0,2372.5941910163274,26.544794571377846,8.90200925433076,wandb
12100,1786668341.7063885,0.3319746255874634,2.28e-05,2.8156819343566895,4.253342628479004,1218025881600.0,2581.556878439393,28.882687680840554,9.686040414945348,wandb
12120,1786668469.2457912,0.35125452280044556,2.28e-05,2.8148279190063477,3.9235620498657227,1220039147520.0,1906.8990498972603,21.33455596390695,7.154714048249615,wandb
12140,1786668599.1872592,0.325574666261673,2.28e-05,2.8113131523132324,3.8028080463409424,1222052413440.0,2755.876709335287,30.832993434083036,10.340091054420231,wandb
12160,1786668723.3737416,0.3752351701259613,2.28e-05,2.8134655952453613,4.540863513946533,1224065679360.0,2839.6744096112748,31.7705295486881,10.65450129202978,wandb
12180,1786668853.8670945,0.3585221767425537,2.28e-05,2.810898780822754,4.2336039543151855,1226078945280.0,2656.642246228878,29.722749445652703,9.967761849423152,wandb
12200,1786669084.2298965,0.3185386657714844,2.28e-05,2.8123939037323,4.261564254760742,1228092211200.0,2649.7316478166263,29.645433056734152,9.941833179762002,wandb
12220,1786669207.2276149,0.3387231230735779,2.28e-05,2.8083336353302,4.020198822021484,1230105477120.0,2623.7207235818373,29.354420525792914,9.844239799010866,wandb
12240,1786669331.5548716,0.3687027096748352,2.28e-05,2.809243679046631,4.528778076171875,1232118743040.0,2641.0874697341787,29.548721224468103,9.909400092984077,wandb
12260,1786669457.1303294,0.35583850741386414,2.28e-05,2.8111801147460938,4.000882148742676,1234132008960.0,2211.7808329702884,24.745600436186542,8.298635105069856,wandb
12280,1786669590.6791124,0.34628310799598694,2.28e-05,2.810540199279785,3.8592238426208496,1236145274880.0,2737.862815969368,30.631452394894957,10.272502654323356,wandb
12300,1786669817.6695197,0.3275560140609741,2.28e-05,2.811474561691284,4.049643516540527,1238158540800.0,2681.355745334312,29.99924626899385,10.060487271484995,wandb
12320,1786669942.355063,0.36864158511161804,2.28e-05,2.80997371673584,4.423323631286621,1240171806720.0,2692.6112173271763,30.125173489496106,10.102717972471167,wandb
12340,1786670064.9732647,0.36097630858421326,2.28e-05,2.811877489089966,3.984353542327881,1242185072640.0,2691.3934037433883,30.11154848293987,10.098148717503767,wandb
12360,1786670188.1367147,0.3399948477745056,2.28e-05,2.8083906173706055,3.8482885360717773,1244198338560.0,2716.196696947096,30.389049930629092,10.191211048379111,wandb
12380,1786670309.6084974,0.3570399582386017,2.28e-05,2.8071677684783936,4.52728796005249,1246211604480.0,2843.215629380465,31.810149030039433,10.667788002111225,wandb
12400,1786670540.1349366,0.37609729170799255,2.28e-05,2.809234142303467,4.319430351257324,1248224870400.0,2930.346537133376,32.7849773659918,10.994704484538586,wandb
12420,1786670770.5141244,0.3474874496459961,2.28e-05,2.809765100479126,3.9832956790924072,1250238136320.0,1830.8465177131764,20.48367347793288,6.869363798349528,wandb
12440,1786670922.6391478,0.35435009002685547,2.28e-05,2.8099608421325684,4.012791633605957,1252251402240.0,2657.285955902302,29.729951326660988,9.97017705784422,wandb
12460,1786671047.924227,0.36051490902900696,2.28e-05,2.8122715950012207,5.0868682861328125,1254264668160.0,2688.0033579322085,30.07362034925984,10.085429214397,wandb
12480,1786671167.9485245,0.3351673483848572,2.28e-05,2.8071696758270264,4.432765007019043,1256277934080.0,2881.57092740684,32.239271511536344,10.811697659850521,wandb
12500,1786671399.0667078,0.3518694043159485,2.28e-05,2.8119966983795166,4.222128868103027,1258291200000.0,2732.691085617883,30.573590616307392,10.253098243900304,wandb
12520,1786671537.288434,0.3288126289844513,2.28e-05,2.8056037425994873,4.241652011871338,1260304465920.0,2747.589972281544,30.740280683798332,10.308999091782901,wandb
12540,1786671655.9811037,0.3292471766471863,2.28e-05,2.8091044425964355,4.035170555114746,1262317731840.0,2861.4741376738057,32.01442684276514,10.73629420111189,wandb
12560,1786671780.8890555,0.32110217213630676,2.28e-05,2.8077287673950195,4.530997276306152,1264330997760.0,2605.905437600526,29.15510152366652,9.777396576821973,wandb
12580,1786671903.0028162,0.3435988128185272,2.28e-05,2.8079771995544434,3.754767894744873,1266344263680.0,2730.162270484759,30.545298007958298,10.243610091310705,wandb
12600,1786672129.101399,0.3832356333732605,2.28e-05,2.8117573261260986,4.37005615234375,1268357529600.0,2884.256777583474,32.269321041901975,10.821775010296154,wandb
12620,1786672250.7211196,0.3513297140598297,2.28e-05,2.805508852005005,3.594888925552368,1270370795520.0,2873.1747916861054,32.145334799247244,10.780195231761637,wandb
12640,1786672382.18162,0.3890092968940735,2.28e-05,2.807438850402832,4.37209415435791,1272384061440.0,2654.228982077793,29.69574963195528,9.958707245864124,wandb
12660,1786672505.6070817,0.34973543882369995,2.28e-05,2.804769515991211,3.9399218559265137,1274397327360.0,2785.5864606417863,31.165388770876778,10.451562490233293,wandb
12680,1786672631.25739,0.34315162897109985,2.28e-05,2.8091554641723633,3.9502334594726562,1276410593280.0,2780.033017254676,31.103256352938306,10.430725886732937,wandb
12700,1786672856.4567862,0.3730528950691223,2.28e-05,2.8087172508239746,4.027412414550781,1278423859200.0,2803.899053492019,31.37027168642943,10.520271615308634,wandb
12720,1786672980.2753701,0.3154991865158081,2.28e-05,2.8035218715667725,3.870582103729248,1280437125120.0,2753.478058507802,30.806157115548185,10.331091280272156,wandb
12740,1786673104.850504,0.35208380222320557,2.28e-05,2.805546760559082,4.1284356117248535,1282450391040.0,2591.527729872972,28.99424245241011,9.723451200182605,wandb
12760,1786673226.522915,0.32105010747909546,2.28e-05,2.8044686317443848,3.9453301429748535,1284463656960.0,2834.946251925061,31.717630500483036,10.636761172949164,wandb
12780,1786673349.771932,0.35404300689697266,2.28e-05,2.8056581020355225,4.448978424072266,1286476922880.0,2753.5434466088536,30.806888683431303,10.33133661741531,wandb
12800,1786673583.3019655,0.3703833222389221,2.28e-05,2.8084182739257812,4.456104278564453,1288490188800.0,2312.7520129552736,25.875274967330412,8.677480498036953,wandb
12820,1786673710.6684768,0.348656564950943,2.28e-05,2.8058652877807617,4.033412933349609,1290503454720.0,2708.2952599907135,30.300647952060636,10.161564737528922,wandb
12840,1786673836.073144,0.371772825717926,2.28e-05,2.8086886405944824,4.08928108215332,1292516720640.0,2296.100061738896,25.688971457895452,8.61500212546395,wandb
12860,1786673964.4895344,0.34589019417762756,2.28e-05,2.8068976402282715,4.299769878387451,1294529986560.0,2684.9915320011864,30.039923773197042,10.074128797995446,wandb
12880,1786674088.887351,0.3574191629886627,2.28e-05,2.8016438484191895,4.2903900146484375,1296543252480.0,2405.8886242025087,26.917295647475935,9.026930470720542,wandb
12900,1786674323.5445282,0.351882666349411,2.28e-05,2.804539680480957,4.297981262207031,1298556518400.0,2533.2691908374186,28.3424407424578,9.504864281441087,wandb
12920,1786674449.6156297,0.365703821182251,2.28e-05,2.8044230937957764,4.612273216247559,1300569784320.0,2739.588080928162,30.650754812512684,10.278975874517313,wandb
12940,1786674577.7711427,0.35908812284469604,2.28e-05,2.7990903854370117,3.898470640182495,1302583050240.0,2591.2887193281445,28.991568381202796,9.72255442900699,wandb
12960,1786674704.4102433,0.381864070892334,2.28e-05,2.805534839630127,4.423321723937988,1304596316160.0,2826.0007999735394,31.617547989407022,10.603197702062257,wandb
12980,1786674827.66792,0.3638695478439331,2.28e-05,2.8025739192962646,4.487771511077881,1306609582080.0,2320.97288685846,25.967250834835934,8.70832534113821,wandb
13000,1786675061.1185045,0.3352779448032379,2.28e-05,2.801548957824707,4.487068176269531,1308622848000.0,2858.03853655455,31.975989032251583,10.72340377380089,wandb
13020,1786675188.1946514,0.3206750750541687,2.28e-05,2.7972679138183594,4.247951507568359,1310636113920.0,2349.302966112074,26.284210278142968,8.814620226562155,wandb
13040,1786675317.159096,0.339566707611084,2.28e-05,2.802464246749878,4.230404376983643,1312649379840.0,2831.444514396254,31.67845274994439,10.62362260083021,wandb
13060,1786675439.056065,0.34426993131637573,2.28e-05,2.8007240295410156,3.849789619445801,1314662645760.0,2854.812063173988,31.939890961455774,10.711297996925362,wandb
13080,1786675559.158944,0.358082115650177,2.28e-05,2.800837278366089,4.4148406982421875,1316675911680.0,2810.938653978104,31.44903136200954,10.546684302700012,wandb
13100,1786675783.406515,0.3365098536014557,2.28e-05,2.8034515380859375,3.7932322025299072,1318689177600.0,2585.9827880703615,28.932205150954236,9.70264649475575,wandb
13120,1786675908.7844992,0.3353678584098816,2.28e-05,2.800208330154419,4.596887588500977,1320702443520.0,2687.1624031019815,30.06421167191556,10.082273939167253,wandb
13140,1786676031.7299747,0.3943336606025696,2.28e-05,2.801400661468506,4.410351753234863,1322715709440.0,2792.2291518906122,31.23970779065219,10.476485968169223,wandb
13160,1786676153.116635,0.33874839544296265,2.28e-05,2.801945686340332,4.5176520347595215,1324728975360.0,2701.6349551387375,30.22613186972853,10.136575173087833,wandb
13180,1786676276.0237067,0.3840884864330292,2.28e-05,2.7969560623168945,3.979158639907837,1326742241280.0,2662.748550061328,29.791067315365336,9.990672793668084,wandb
13200,1786676494.7324884,0.3315056264400482,2.28e-05,2.803922414779663,4.463291168212891,1328755507200.0,2837.296606643971,31.743926477864907,10.645579739368113,wandb
13220,1786676616.1385276,0.35556355118751526,2.28e-05,2.801339864730835,4.498653411865234,1330768773120.0,2803.7745506581014,31.368878737663724,10.51980447879455,wandb
13240,1786676737.5853477,0.333751916885376,2.28e-05,2.803417205810547,4.169333457946777,1332782039040.0,2719.4871310658787,30.42586359984588,10.203556806910882,wandb
13260,1786676859.452826,0.35972127318382263,2.28e-05,2.8020803928375244,4.187222480773926,1334795304960.0,2879.0898851269194,32.21151339011265,10.802388751727982,wandb
13280,1786676981.4570284,0.35671839118003845,2.28e-05,2.7975847721099854,3.994471549987793,1336808570880.0,2502.5923628094965,27.99922566539742,9.389764359156823,wandb
13300,1786677206.0682817,0.3699514865875244,2.28e-05,2.7972283363342285,3.6015121936798096,1338821836800.0,2898.3968385694516,32.427521300302985,10.87482873277031,wandb
13320,1786677344.1612203,0.3406709134578705,2.28e-05,2.8024497032165527,3.9362854957580566,1340835102720.0,842.6380905660646,9.427509810479993,3.1615908479728256,wandb
13340,1786677470.388964,0.3471197187900543,2.28e-05,2.802306652069092,4.198984146118164,1342848368640.0,2753.571721147477,30.807205021481106,10.33144270391145,wandb
13360,1786677596.670173,0.3470537066459656,2.28e-05,2.7971131801605225,4.386330604553223,1344861634560.0,2722.911870416967,30.464179887932296,10.2164064807036,wandb
13380,1786677716.9346259,0.39929455518722534,2.28e-05,2.8014097213745117,4.147525787353516,1346874900480.0,2916.9928063763505,32.635574640043586,10.944601084964823,wandb
13400,1786677948.6851277,0.3239571154117584,2.28e-05,2.797872543334961,3.930959701538086,1348888166400.0,2702.6026996395167,30.236959081169925,10.140206165077268,wandb
13420,1786678072.874036,0.34404340386390686,2.28e-05,2.796294927597046,3.666349411010742,1350901432320.0,2690.561752697912,30.102243897165856,10.095028350214983,wandb
13440,1786678193.9779854,0.32281750440597534,2.28e-05,2.799654960632324,4.497910022735596,1352914698240.0,2762.3187029672526,30.905067031092646,10.364261511865182,wandb
13460,1786678314.7254553,0.39002642035484314,2.28e-05,2.7968482971191406,4.4407806396484375,1354927964160.0,2635.8452421749503,29.490070716857897,9.889731175972369,wandb
13480,1786678434.6466413,0.3842417299747467,2.28e-05,2.7951011657714844,3.6024935245513916,1356941230080.0,2638.5933824467857,29.520817154341987,9.900042239796392,wandb
13500,1786678659.5197022,0.3244777321815491,2.28e-05,2.7942795753479004,3.846198558807373,1358954496000.0,2740.5967095394853,30.662039439014663,10.282760264307266,wandb
13520,1786678779.2718976,0.3441292941570282,2.28e-05,2.795536756515503,3.8432650566101074,1360967761920.0,2693.8080879873683,30.13856418476275,10.107208649272794,wandb
13540,1786678899.7081656,0.3477822542190552,2.28e-05,2.7982542514801025,4.5638604164123535,1362981027840.0,2508.4855814113166,28.065159518620977,9.411875804396738,wandb
13560,1786679024.7811878,0.3602343499660492,2.28e-05,2.7963292598724365,4.435080528259277,1364994293760.0,2764.6586540442577,30.93124661160471,10.373041043662509,wandb
13580,1786679147.0541604,0.37251588702201843,2.28e-05,2.794833183288574,3.959099292755127,1367007559680.0,2842.662653662515,31.803962288585065,10.66571322886207,wandb
13600,1786679374.7483368,0.33651766180992126,2.28e-05,2.7945632934570312,4.011549949645996,1369020825600.0,2398.2395116470343,26.83171669671932,8.998230884835152,wandb
13620,1786679497.5432782,0.3378889858722687,2.28e-05,2.798556327819824,4.484640121459961,1371034091520.0,2311.3390404486486,25.85946650540912,8.672179003842237,wandb
13640,1786679621.9230895,0.35099321603775024,2.28e-05,2.8006155490875244,4.086820602416992,1373047357440.0,2613.8315454578847,29.24377952246666,9.807135453265401,wandb
13660,1786679743.1006632,0.34857097268104553,2.28e-05,2.794004440307617,4.021667957305908,1375060623360.0,2706.6672401153633,30.282433521074957,10.155456382357405,wandb
13680,1786679864.1680539,0.34018808603286743,2.28e-05,2.7923130989074707,4.096595764160156,1377073889280.0,2759.5780618072517,30.874404494337917,10.353978584822073,wandb
13700,1786680093.0103595,0.3441351354122162,2.28e-05,2.7940971851348877,4.487002372741699,1379087155200.0,2897.4591022306668,32.417029822843666,10.871310331858094,wandb
13720,1786680216.479676,0.33847010135650635,2.28e-05,2.794320583343506,4.364619255065918,1381100421120.0,2612.9226630612798,29.2336108654756,9.803725312780227,wandb
13740,1786680337.5492811,0.39965301752090454,2.28e-05,2.798779010772705,3.7408297061920166,1383113687040.0,2428.598176058234,27.1713721309727,9.112137052422057,wandb
13760,1786680460.4573634,0.385211706161499,2.28e-05,2.7976670265197754,4.276525020599365,1385126952960.0,2714.1875610047805,30.366571539230904,10.183672739965722,wandb
13780,1786680580.1914704,0.35325056314468384,2.28e-05,2.797553062438965,4.823053359985352,1387140218880.0,2865.9276872050627,32.06425355053855,10.753003986245812,wandb
13800,1786680807.2879908,0.35711047053337097,2.28e-05,2.7944138050079346,3.735710620880127,1389153484800.0,2848.398658705572,31.86813722254759,10.687234806454029,wandb
13820,1786680930.1188037,0.35784316062927246,2.28e-05,2.7941129207611084,3.891268730163574,1391166750720.0,2852.0488533403163,31.9089759243752,10.700930391877629,wandb
13840,1786681053.0836837,0.4062184989452362,2.28e-05,2.7956528663635254,4.011795997619629,1393180016640.0,2847.6406393267443,31.859656434400886,10.684390706291078,wandb
13860,1786681173.0309873,0.37958091497421265,2.28e-05,2.7955198287963867,4.0584211349487305,1395193282560.0,2793.7295826843842,31.25649474365918,10.4821156071788,wandb
13880,1786681304.4195359,0.3918876349925995,2.28e-05,2.796025276184082,4.7119245529174805,1397206548480.0,2640.1370862571316,29.538088249702433,9.905834239818006,wandb
13900,1786681542.123637,0.362228661775589,2.28e-05,2.795720100402832,4.403677463531494,1399219814400.0,2571.5206507992702,28.770401474464688,9.64838433719331,wandb
13920,1786681669.1541572,0.32215243577957153,2.28e-05,2.793515682220459,3.9983811378479004,1401233080320.0,2515.418863147782,28.142729690585835,9.43788958223308,wandb
13940,1786681795.3603268,0.40102773904800415,2.28e-05,2.794187068939209,4.1921586990356445,1403246346240.0,2581.380933303397,28.880719191029474,9.685380266136578,wandb
13960,1786681919.086294,0.3803488314151764,2.28e-05,2.7931106090545654,4.013030052185059,1405259612160.0,2707.302257850685,30.28953815590763,10.157838978495379,wandb
13980,1786682043.789831,0.33718883991241455,2.28e-05,2.789945602416992,3.8847177028656006,1407272878080.0,2537.2104267105615,28.38653563951439,9.519651857988759,wandb
14000,1786682272.6219392,0.3350222110748291,2.28e-05,2.792818546295166,4.039586067199707,1409286144000.0,2621.6843359552363,29.331637240130114,9.836599241866265,wandb
14020,1786682397.2939305,0.35857105255126953,2.28e-05,2.791168212890625,4.161226272583008,1411299409920.0,2884.9141844531678,32.276676168358875,10.82424161080459,wandb
14040,1786682524.7768881,0.3671468198299408,2.28e-05,2.792043447494507,3.901301622390747,1413312675840.0,2824.9287040019385,31.60555328444032,10.599175181777559,wandb
14060,1786682647.715658,0.3335045874118805,2.28e-05,2.7932889461517334,4.25764799118042,1415325941760.0,2839.591769873136,31.769604967956745,10.654191226483606,wandb
14080,1786682769.9528387,0.34690603613853455,2.28e-05,2.7939021587371826,4.0664215087890625,1417339207680.0,2794.6889140402996,31.267227828088483,10.485715032921586,wandb
14100,1786682995.7381184,0.33163386583328247,2.28e-05,2.7900686264038086,3.9076786041259766,1419352473600.0,2805.4784769101702,31.387942415935047,10.52619763583845,wandb
14120,1786683124.217904,0.35723960399627686,2.28e-05,2.789729595184326,3.802600860595703,1421365739520.0,2687.7344720178085,30.070612029763858,10.084420350383335,wandb
14140,1786683250.6894693,0.3761366307735443,2.28e-05,2.7887349128723145,4.125716209411621,1423379005440.0,2827.6110451028576,31.63556355495513,10.609239366118087,wandb
14160,1786683374.2074895,0.3682709336280823,2.28e-05,2.787383794784546,4.035531044006348,1425392271360.0,2519.3115033152194,28.186280894570135,9.45249482695867,wandb
14180,1786683502.594052,0.3584507703781128,2.28e-05,2.7876768112182617,3.9442083835601807,1427405537280.0,2692.8659464849734,30.12802342194164,10.103673720120153,wandb
14200,1786683726.2880619,0.36209404468536377,2.28e-05,2.7921524047851562,3.8503360748291016,1429418803200.0,2712.431862438355,30.34692862770752,10.17708533241608,wandb
14220,1786683854.0625677,0.3660884499549866,2.28e-05,2.7907562255859375,3.7745704650878906,1431432069120.0,2296.862524845624,25.697501962864653,8.61786289856113,wandb
14240,1786683979.8783755,0.3417450487613678,2.28e-05,2.787954330444336,4.181068420410156,1433445335040.0,2704.0520715774214,30.253174783161814,10.14564423048814,wandb
14260,1786684104.9311047,0.3559257984161377,2.28e-05,2.784313201904297,3.721889019012451,1435458600960.0,2776.1002977905277,31.05925673822208,10.415970263880494,wandb
14280,1786684231.9784791,0.37901678681373596,2.28e-05,2.7865962982177734,3.962021827697754,1437471866880.0,2523.55729567272,28.23378319662808,9.468425104037468,wandb
14300,1786684455.4255583,0.36200201511383057,2.28e-05,2.7893900871276855,3.8994319438934326,1439485132800.0,2916.514887416571,32.63022764026708,10.942807925806427,wandb
14320,1786684578.5687165,0.35117030143737793,2.28e-05,2.7896738052368164,4.188767433166504,1441498398720.0,2783.4442252771064,31.141421251317688,10.443524790776074,wandb
14340,1786684702.146897,0.37813761830329895,2.28e-05,2.7891345024108887,4.485121726989746,1443511664640.0,2427.1966476788616,27.15569170696371,9.10687849676571,wandb
14360,1786684825.6892903,0.37486591935157776,2.28e-05,2.7892119884490967,4.23052978515625,1445524930560.0,2568.155473038215,28.732751566738532,9.635758139386365,wandb
14380,1786684953.2715054,0.3621177673339844,2.28e-05,2.790802478790283,4.272248268127441,1447538196480.0,2757.724743935995,30.853669409360364,10.347024908165688,wandb
14400,1786685180.4005268,0.3505062162876129,2.28e-05,2.7879080772399902,4.012452125549316,1449551462400.0,2740.1243354561666,30.656754475808558,10.280987909609134,wandb
14420,1786685301.216259,0.37442639470100403,2.28e-05,2.7897238731384277,3.8793230056762695,1451564728320.0,2818.693290735094,31.535790926906632,10.575779816983948,wandb
14440,1786685428.3166392,0.3183627128601074,2.28e-05,2.7914161682128906,4.244757652282715,1453577994240.0,2517.5581989971483,28.166664770110028,9.445916402665032,wandb
14460,1786685551.3573031,0.385657399892807,2.28e-05,2.7890233993530273,3.966050624847412,1455591260160.0,2743.108587481711,30.690142552567426,10.292184868300696,wandb
14480,1786685672.4550893,0.3411913514137268,2.28e-05,2.788649082183838,3.9563536643981934,1457604526080.0,2637.303192249416,29.50638239180364,9.895201426681231,wandb
14500,1786685895.489325,0.35612741112709045,2.28e-05,2.7860641479492188,3.777670383453369,1459617792000.0,2589.1586721105646,28.967737223716156,9.71456245966185,wandb
14520,1786686023.9153454,0.3986499011516571,2.28e-05,2.7864270210266113,4.030963897705078,1461631057920.0,2795.541068908244,31.276761812449667,10.488912330862082,wandb
14540,1786686143.8113055,0.3576289415359497,2.28e-05,2.7884202003479004,3.771517038345337,1463644323840.0,2892.606975361349,32.36274379640561,10.85310507852931,wandb
14560,1786686266.8551369,0.3916569948196411,2.28e-05,2.785806179046631,4.470996379852295,1465657589760.0,2453.494729518822,27.449916982700394,9.20554929719037,wandb
14580,1786686387.5327158,0.3584439754486084,2.28e-05,2.789524793624878,4.600300312042236,1467670855680.0,2383.1430909656606,26.662816601090867,8.941588886333378,wandb
14600,1786686613.3589885,0.35858121514320374,2.28e-05,2.788318157196045,3.7344954013824463,1469684121600.0,2784.761512600636,31.156159178910602,10.448467272718023,wandb
14620,1786686738.4480698,0.3646848499774933,2.28e-05,2.7873053550720215,4.496543884277344,1471697387520.0,2770.867346753639,31.00071001716786,10.396336152520773,wandb
14640,1786686869.396575,0.3594037592411041,2.28e-05,2.783825635910034,3.7132937908172607,1473710653440.0,2549.7531782325837,28.526865057740476,9.566712451218985,wandb
14660,1786686994.103044,0.34584611654281616,2.28e-05,2.7839443683624268,3.8246426582336426,1475723919360.0,2497.466814614495,27.941880576879047,9.370533224882706,wandb
14680,1786687119.6255658,0.3763004541397095,2.28e-05,2.7891430854797363,4.430595397949219,1477737185280.0,2760.983555489673,30.890129282509665,10.359252018355372,wandb
14700,1786687345.1295779,0.38884130120277405,2.28e-05,2.789417266845703,4.832920074462891,1479750451200.0,2767.2503995946186,30.96024329105209,10.382765312128454,wandb
14720,1786687467.5340362,0.35230720043182373,2.28e-05,2.7840943336486816,4.130107879638672,1481763717120.0,2738.4815984833626,30.638375388629218,10.274824335665599,wandb
14740,1786687589.2743309,0.3590528070926666,2.28e-05,2.7827157974243164,3.9823930263519287,1483776983040.0,2822.924107428187,31.58312567990087,10.59165390514361,wandb
14760,1786687711.0784285,0.3688437044620514,2.28e-05,2.786961317062378,4.433353424072266,1485790248960.0,2753.6464494321613,30.80804108816842,10.331723085564722,wandb
14780,1786687835.572826,0.3465636074542999,2.28e-05,2.780092716217041,3.770810127258301,1487803514880.0,2534.456238454859,28.355721536649536,9.509318102037883,wandb
14800,1786688060.0626044,0.39629068970680237,2.28e-05,2.7862114906311035,4.019148826599121,1489816780800.0,2694.387548926693,30.145047245226586,10.10938279547273,wandb
14820,1786688181.6154387,0.36902061104774475,2.28e-05,2.7848763465881348,4.589446067810059,1491830046720.0,2873.4187610484646,32.1480643501456,10.78111060849556,wandb
14840,1786688302.3142254,0.37036338448524475,2.28e-05,2.785048246383667,4.104669570922852,1493843312640.0,2570.4333645238335,28.758236819029285,9.644304822659096,wandb
14860,1786688422.9285467,0.3836401700973511,2.28e-05,2.7861433029174805,3.7620644569396973,1495856578560.0,2861.8494241860185,32.01862558160122,10.737702281776253,wandb
14880,1786688543.3694224,0.35236793756484985,2.28e-05,2.7804136276245117,4.484104156494141,1497869844480.0,2911.346533808845,32.57240364098865,10.923416184976984,wandb
14900,1786688770.2242475,0.3495701551437378,2.28e-05,2.7843236923217773,4.198486328125,1499883110400.0,2268.3107540279493,25.3780622146456,8.510736223039094,wandb
14920,1786688891.322095,0.35142818093299866,2.28e-05,2.7823128700256348,3.9994964599609375,1501896376320.0,2741.6012004465124,30.67327777251342,10.286529129368178,wandb
14940,1786689010.137176,0.3665418326854706,2.28e-05,2.784836769104004,3.7970824241638184,1503909642240.0,2805.1147607217067,31.383873126908878,10.524832967203624,wandb
14960,1786689135.7046375,0.3701879680156708,2.28e-05,2.7820897102355957,3.9699807167053223,1505922908160.0,1911.6623546910416,21.387848241073662,7.172586039808895,wandb
14980,1786689259.1110036,0.36015182733535767,2.28e-05,2.7800354957580566,3.8159594535827637,1507936174080.0,2781.7552156089555,31.12252446111231,10.43718760098042,wandb
15000,1786689486.1918333,0.38967955112457275,2.28e-05,2.780240774154663,4.085434436798096,1509949440000.0,2629.8686377100817,29.423203935191218,9.867306865714346,wandb
15020,1786689605.7349901,0.4130839705467224,2.28e-05,2.787095069885254,4.469659805297852,1511962705920.0,2625.8659785812574,29.378421829293718,9.852288828183257,wandb
15040,1786689745.3335292,0.35978615283966064,2.28e-05,2.784379482269287,3.847834825515747,1513975971840.0,2608.6400444198184,29.185696547681356,9.787656862927566,wandb
15060,1786689867.0400486,0.3414876163005829,2.28e-05,2.780005931854248,4.206454277038574,1515989237760.0,2482.7018645574717,27.776689004041028,9.315134909171983,wandb
15080,1786689987.7651796,0.3575044274330139,2.28e-05,2.7850117683410645,4.653825759887695,1518002503680.0,2470.9840371077175,27.645588909615128,9.271169443525421,wandb
15100,1786690331.701775,0.3815966546535492,2.28e-05,2.7846686840057373,4.076100826263428,1520015769600.0,1546.2367198617528,17.299433777113588,5.801503536388218,wandb
15120,1786690453.6865907,0.3411359190940857,2.28e-05,2.7806906700134277,3.932981014251709,1522029035520.0,2815.781512365201,31.503213691845172,10.56485478054346,wandb
15140,1786690575.7051556,0.3849999010562897,2.28e-05,2.7822906970977783,4.134094715118408,1524042301440.0,1946.483274555668,21.77742778573106,7.303234657281246,wandb
15160,1786690697.069132,0.3461100161075592,2.28e-05,2.7791788578033447,3.729457139968872,1526055567360.0,2744.066762373705,30.700862698375644,10.295779954973375,wandb
15180,1786690815.9416564,0.35783982276916504,2.28e-05,2.776905059814453,4.140284538269043,1528068833280.0,2908.9522353568896,32.54561601721785,10.91443274100766,wandb
15200,1786691045.2944212,0.36747387051582336,2.28e-05,2.780996799468994,3.7219741344451904,1530082099200.0,2830.6822857901793,31.669924868589337,10.620762707583028,wandb
15220,1786691170.4377105,0.3601527512073517,2.28e-05,2.7817623615264893,3.5150392055511475,1532095365120.0,2576.8865360239215,28.8304354750204,9.668517219634138,wandb
15240,1786691290.1867309,0.35230740904808044,2.28e-05,2.779269218444824,4.210099220275879,1534108631040.0,2863.703272013803,32.03936659577949,10.744657946837536,wandb
15260,1786691415.9032342,0.3740982413291931,2.28e-05,2.782449245452881,3.9360122680664062,1536121896960.0,2398.417983420309,26.833713454772724,8.998900513625166,wandb
15280,1786691540.6497798,0.36129093170166016,2.28e-05,2.7771964073181152,4.058253288269043,1538135162880.0,2570.004232997928,28.753435657396842,9.642694714689767,wandb
15300,1786691770.6667852,0.3481185734272003,2.28e-05,2.781378984451294,4.2536163330078125,1540148428800.0,2887.8238543838306,32.30922981401493,10.835158736349229,wandb
15320,1786691894.897534,0.31595101952552795,2.28e-05,2.776716470718384,4.387794494628906,1542161694720.0,2482.2929021131563,27.772113495885073,9.313600475901534,wandb
15340,1786692016.764471,0.3564800024032593,2.28e-05,2.7772722244262695,3.802053451538086,1544174960640.0,2263.236015668112,25.32128559107658,8.491695728034246,wandb
15360,1786692144.5018027,0.355400413274765,2.28e-05,2.7808871269226074,3.6975817680358887,1546188226560.0,2756.888586446184,30.844314405086816,10.34388763262967,wandb
15380,1786692270.5609474,0.3483385741710663,2.28e-05,2.7794559001922607,3.678784132003784,1548201492480.0,2499.252418250904,27.961858068981932,9.37723283670679,wandb
15400,1786692590.6647527,0.3767305016517639,2.28e-05,2.7801942825317383,4.413917064666748,1550214758400.0,1859.1912261315224,20.800796593634473,6.9757135726205926,wandb
15420,1786692709.6546757,0.35822781920433044,2.28e-05,2.776817798614502,3.6591248512268066,1552228024320.0,2820.2052983552794,31.552707402475928,10.581452892421154,wandb
15440,1786692835.5986712,0.3101389408111572,2.28e-05,2.776991844177246,3.7428078651428223,1554241290240.0,2428.4812365125176,27.17006380094725,9.111698293479584,wandb
15460,1786692964.921097,0.35014912486076355,2.28e-05,2.7803118228912354,4.209756374359131,1556254556160.0,2300.4528519300993,25.737670861221694,8.631333860031528,wandb
15480,1786693085.180502,0.3459804654121399,2.28e-05,2.780869960784912,4.35101318359375,1558267822080.0,2862.9608024746385,32.03105978062026,10.741872189907957,wandb
15500,1786693312.515144,0.4114629626274109,2.28e-05,2.776249885559082,3.7726986408233643,1560281088000.0,2554.873559245953,28.584152335371737,9.58592419814954,wandb
15520,1786693435.3166454,0.3237776756286621,2.28e-05,2.7773823738098145,4.7669172286987305,1562294353920.0,2817.598322607346,31.52354032622518,10.57167148002379,wandb
15540,1786693559.9018857,0.38721349835395813,2.28e-05,2.7781331539154053,4.784833908081055,1564307619840.0,2669.291193340652,29.864266989570503,10.01522089011073,wandb
15560,1786693684.9151251,0.36644819378852844,2.28e-05,2.777437210083008,4.1782636642456055,1566320885760.0,2182.504036096507,24.41804903204626,8.188788120830244,wandb
15580,1786693806.457786,0.41584640741348267,2.28e-05,2.7740707397460938,3.976463794708252,1568334151680.0,2708.821846908843,30.306539453278436,10.163540499602412,wandb
15600,1786694034.4478152,0.34370166063308716,2.28e-05,2.7775111198425293,3.9898433685302734,1570347417600.0,2771.654242136754,31.009513872615642,10.399288595888121,wandb
15620,1786694152.880973,0.33180296421051025,2.28e-05,2.775045156478882,4.925040245056152,1572360683520.0,2922.1016075193866,32.6927323610569,10.963769384046918,wandb
15640,1786694276.3057482,0.39060649275779724,2.28e-05,2.7781155109405518,3.924612522125244,1574373949440.0,2517.9001438516693,28.170490479518055,9.447199384925945,wandb
15660,1786694408.7558668,0.36945876479148865,2.28e-05,2.7807371616363525,4.079671859741211,1576387215360.0,2808.761076726605,31.424668434281227,10.538513999949437,wandb
15680,1786694527.5910459,0.3803938031196594,2.28e-05,2.7765188217163086,4.073738098144531,1578400481280.0,2742.166817894014,30.679605950760998,10.288651334577622,wandb
15700,1786694758.5946002,0.337022066116333,2.28e-05,2.777108907699585,4.374778747558594,1580413747200.0,2615.34004486658,29.26065674785416,9.812795365840085,wandb
15720,1786694881.4083297,0.3482585549354553,2.28e-05,2.776554584503174,4.17574405670166,1582427013120.0,2986.362591506406,33.4116899583354,11.20487756694262,wandb
15740,1786695001.963713,0.3576590120792389,2.28e-05,2.7766659259796143,4.497374534606934,1584440279040.0,2798.9077274716656,31.314428287524244,10.501544084661878,wandb
15760,1786695120.5968707,0.3428800404071808,2.28e-05,2.775810480117798,3.8071131706237793,1586453544960.0,2250.0185783776083,25.173407728539036,8.44210370360625,wandb
15780,1786695826.8329139,0.3925803005695343,2.28e-05,2.7764101028442383,4.447415351867676,1588466810880.0,2415.658958593824,27.026607016564313,9.063588912985436,wandb
15800,1786696065.3421001,0.3744114935398102,2.28e-05,2.7753982543945312,3.7471933364868164,1590480076800.0,2772.463641840593,31.018569508402784,10.402325475806867,wandb
15820,1786696194.8879757,0.34577006101608276,2.28e-05,2.774867057800293,3.914386510848999,1592493342720.0,2499.745737722084,27.967377371048048,9.379083778816659,wandb
15840,1786696397.5617623,0.37311241030693054,2.28e-05,2.7760515213012695,3.895057439804077,1594506608640.0,2662.304109189214,29.786094871407556,9.98900524480046,wandb
15860,1786696523.2693062,0.35400986671447754,2.28e-05,2.7731809616088867,4.393807411193848,1596519874560.0,2372.2565366939557,26.541016864824645,8.900742370211304,wandb
15880,1786696645.9072921,0.32726892828941345,2.28e-05,2.7752628326416016,3.801487922668457,1598533140480.0,2844.4872431503836,31.824375957857278,10.672559116189902,wandb
15900,1786696873.6898973,0.32907846570014954,2.28e-05,2.7741377353668213,4.2062788009643555,1600546406400.0,2923.440402015514,32.70771091280736,10.968792561225426,wandb
15920,1786697004.6699624,0.3898530602455139,2.28e-05,2.7778658866882324,3.654820203781128,1602559672320.0,2443.0017625259625,27.332520735873036,9.16617952648558,wandb
15940,1786697125.7199895,0.3783416748046875,2.28e-05,2.7758681774139404,3.7897775173187256,1604572938240.0,2893.1787041860275,32.369140349283924,10.855250213718264,wandb
15960,1786697244.6731384,0.4155082702636719,2.28e-05,2.777631998062134,4.223893165588379,1606586204160.0,2798.6319874109763,31.311343283230705,10.500509503787772,wandb
15980,1786697424.2389078,0.3990700840950012,2.28e-05,2.775148391723633,3.943189859390259,1608599470080.0,2937.848733034148,32.868912600164705,11.02285283691564,wandb
16000,1786697653.225443,0.3516676723957062,2.28e-05,2.7732532024383545,3.8633599281311035,1610612736000.0,2928.6032209561204,32.7654729897384,10.988163535900208,wandb
16020,1786697775.4118521,0.36061230301856995,2.28e-05,2.7747879028320312,4.092118263244629,1612626001920.0,2649.2224770727657,29.639736409221186,9.939922763437522,wandb
16040,1786697893.477335,0.40339475870132446,2.28e-05,2.7738704681396484,3.9103240966796875,1614639267840.0,2896.2161698077734,32.403123784484166,10.866646830626825,wandb
16060,1786698020.5053735,0.3284604847431183,2.28e-05,2.7731428146362305,4.433969974517822,1616652533760.0,2840.8844368932546,31.78406744140803,10.659041332675148,wandb
16080,1786698143.7403953,0.40286850929260254,2.28e-05,2.7767629623413086,4.485226631164551,1618665799680.0,2854.3602078098284,31.93483556350234,10.70960262877155,wandb
16100,1786698374.555739,0.3780321478843689,2.28e-05,2.7731807231903076,4.012162208557129,1620679065600.0,2753.6479377420305,30.80805773951144,10.33172866972584,wandb
16120,1786698497.1912339,0.36483433842658997,2.28e-05,2.7720866203308105,4.426321029663086,1622692331520.0,2694.745052698992,30.149047029188843,10.110724155028239,wandb
16140,1786698619.4451108,0.3949081301689148,2.28e-05,2.7713189125061035,3.926912784576416,1624705597440.0,2415.8616944397136,27.028875243217556,9.064349580942528,wandb
16160,1786698747.7498598,0.3764190375804901,2.28e-05,2.773301601409912,3.997056484222412,1626718863360.0,2686.342469003389,30.05503817638412,10.079197534040219,wandb
16180,1786698895.7190216,0.34522363543510437,2.28e-05,2.7702829837799072,4.504708766937256,1628732129280.0,2376.431410891771,26.587725728212227,8.916406561283397,wandb
16200,1786699128.668186,0.3398221433162689,2.28e-05,2.774847984313965,3.8337574005126953,1630745395200.0,2913.4994828347794,32.59649102594157,10.931494082253113,wandb
16220,1786699294.7364836,0.3440283536911011,2.28e-05,2.771970748901367,4.236064434051514,1632758661120.0,2780.6774585111516,31.11046641896276,10.43314384006467,wandb
16240,1786699417.5897052,0.4003537893295288,2.28e-05,2.7730984687805176,4.4119744300842285,1634771927040.0,2964.711857188483,33.169459619508444,11.123643684641557,wandb
16260,1786699540.0646045,0.36083242297172546,2.28e-05,2.7707250118255615,3.8964009284973145,1636785192960.0,2894.6321402788312,32.385401521401846,10.860703527899723,wandb
16280,1786699661.9744575,0.3928120732307434,2.28e-05,2.772040843963623,4.321817874908447,1638798458880.0,2375.5874277554517,26.578283169910375,8.913239923803435,wandb
16300,1786699890.1475923,0.37125474214553833,2.28e-05,2.7697978019714355,4.010858535766602,1640811724800.0,2689.3598015110706,30.088796360515747,10.090518611200604,wandb
16320,1786700013.061014,0.33622100949287415,2.28e-05,2.7707042694091797,3.6746928691864014,1642824990720.0,2913.425115787398,32.5956590008093,10.93121505596766,wandb
16340,1786700134.4251015,0.3790176510810852,2.28e-05,2.769500494003296,3.730428695678711,1644838256640.0,2572.581703667451,28.782272628209345,9.652365423587119,wandb
16360,1786700254.793254,0.3514227271080017,2.28e-05,2.7690844535827637,4.318345069885254,1646851522560.0,2596.631806674622,29.051347317072324,9.742601773464438,wandb
16380,1786700382.832817,0.3999623954296112,2.28e-05,2.7708353996276855,3.7036027908325195,1648864788480.0,2880.9242508617594,32.232036436904416,10.809271319682166,wandb
16400,1786700611.4740381,0.4204377233982086,2.28e-05,2.7729525566101074,4.383480072021484,1650878054400.0,2717.923888396364,30.408373901993375,10.19769149679444,wandb
16420,1786700731.242842,0.36026865243911743,2.28e-05,2.7703495025634766,5.106705665588379,1652891320320.0,2765.3470975020546,30.93894897816635,10.375624093918468,wandb
16440,1786700852.2374923,0.3621089458465576,2.28e-05,2.770637273788452,4.224947929382324,1654904586240.0,2735.2828759041186,30.602587796263713,10.262822680215926,wandb
16460,1786700975.2784195,0.40782225131988525,2.28e-05,2.7682647705078125,3.658567428588867,1656917852160.0,2415.636675385078,27.0263577100454,9.063505306049523,wandb
16480,1786701095.698182,0.379423052072525,2.28e-05,2.7712013721466064,5.053622245788574,1658931118080.0,2604.283913060034,29.136959763064226,9.771312592244989,wandb
16500,1786701325.35168,0.3551333248615265,2.28e-05,2.7711572647094727,4.072790145874023,1660944384000.0,2868.979660170792,32.098399295191996,10.764455034928204,wandb
16520,1786701443.4308395,0.39500024914741516,2.28e-05,2.771575450897217,3.759559392929077,1662957649920.0,2985.2672319267467,33.39943497805519,11.200767761248978,wandb
16540,1786701566.743721,0.3801623582839966,2.28e-05,2.771296501159668,4.2928290367126465,1664970915840.0,2637.9788488675117,29.513941698066823,9.897736500521424,wandb
16560,1786701684.8011725,0.37603890895843506,2.28e-05,2.770346164703369,3.795299530029297,1666984181760.0,2891.029019888498,32.345089490402415,10.847184565752439,wandb
16580,1786701804.4448826,0.3916786015033722,2.28e-05,2.7708277702331543,4.534943580627441,1668997447680.0,2859.8963222150446,31.996774103252015,10.730374213670002,wandb
16600,1786702035.852279,0.38407668471336365,2.28e-05,2.770822763442993,4.296149253845215,1671010713600.0,2806.334211996025,31.397516456092244,10.52940836681064,wandb
16620,1786702171.587818,0.373972624540329,2.28e-05,2.7670116424560547,3.7404136657714844,1673023979520.0,2729.272897511376,30.535347624127304,10.240273150476243,wandb
16640,1786702295.5286813,0.3647843599319458,2.28e-05,2.7736096382141113,3.925776958465576,1675037245440.0,2341.4787854175183,26.19667264949466,8.78526378237367,wandb
16660,1786702419.6384015,0.37003812193870544,2.28e-05,2.7712059020996094,4.19820499420166,1677050511360.0,2849.2252059876196,31.877384706962985,10.690336024345308,wandb
16680,1786702542.0101974,0.3590999245643616,2.28e-05,2.7708873748779297,4.0346269607543945,1679063777280.0,2199.5198034025025,24.608422948210375,8.252631536868714,wandb
16700,1786702771.3152673,0.39752909541130066,2.28e-05,2.7703771591186523,4.392695903778076,1681077043200.0,2768.4656231874696,30.973839320559648,10.387324849410726,wandb
16720,1786702891.4118085,0.38707348704338074,2.28e-05,2.7697274684906006,4.288146018981934,1683090309120.0,2843.1733006285,31.809675452202296,10.667629183994269,wandb
16740,1786703011.787657,0.38930338621139526,2.28e-05,2.7696335315704346,3.906203269958496,1685103575040.0,2815.076273615552,31.495323418066334,10.562208714098697,wandb
16760,1786703131.2506201,0.34326115250587463,2.28e-05,2.765601634979248,3.8728888034820557,1687116840960.0,2818.5018644552943,31.53364923268346,10.57506158268971,wandb
16780,1786703250.1276624,0.3823060691356659,2.28e-05,2.7701258659362793,4.565446853637695,1689130106880.0,2780.542009561937,31.108951004086745,10.432635633560599,wandb
16800,1786703476.9654403,0.36724066734313965,2.28e-05,2.767000675201416,3.915510892868042,1691143372800.0,2663.2738291146234,29.796944184075194,9.992643648612958,wandb
16820,1786703596.6633425,0.3952970802783966,2.28e-05,2.7725412845611572,3.9447669982910156,1693156638720.0,2977.7047566289284,33.31482533263339,11.172393239663391,wandb
16840,1786703717.597344,0.33233749866485596,2.28e-05,2.7677550315856934,4.020895004272461,1695169904640.0,2296.3214600395854,25.69144848175082,8.615832815233443,wandb
16860,1786703847.4830496,0.34652915596961975,2.28e-05,2.768662214279175,3.8152356147766113,1697183170560.0,2722.706507858731,30.46188227338799,10.215635957282094,wandb
16880,1786703968.222592,0.3641752004623413,2.28e-05,2.769092559814453,3.8637442588806152,1699196436480.0,2782.388947821288,31.129614713399587,10.439565373816718,wandb
16900,1786704190.275048,0.4019835889339447,2.28e-05,2.7696781158447266,4.060901641845703,1701209702400.0,2908.8511090960155,32.54448460762794,10.914053313748855,wandb
16920,1786912025.4521656,0.384833961725235,2.28e-05,2.7690658569335938,4.311923027038574,1703222968320.0,1781.7486837178478,19.934362549734352,6.685147983336179,wandb
16940,1786912207.671574,0.38451021909713745,2.28e-05,2.7682790756225586,3.6235179901123047,1705236234240.0,1941.8792771369508,21.725917853628154,7.285960389400324,wandb
16960,1786912394.5759802,0.37721097469329834,2.28e-05,2.7685155868530273,4.04986572265625,1707249500160.0,1425.6252755154392,15.950022223611208,5.348967574775179,wandb
16980,1786912571.0710077,0.37047791481018066,2.28e-05,2.7670209407806396,4.1171064376831055,1709262766080.0,1844.1268612785711,20.632255141461997,6.919191848071422,wandb
17000,1786912967.1205976,0.3977125585079193,2.28e-05,2.763927936553955,4.189420223236084,1711276032000.0,2240.8491273339073,25.070819095721433,8.407699784740887,wandb
17020,1786913117.4842038,0.3410687744617462,2.28e-05,2.7658987045288086,4.559892654418945,1713289297920.0,2041.5197843437202,22.840704699523023,7.659813077997237,wandb
17040,1786913268.5962417,0.3864125609397888,2.28e-05,2.7673048973083496,4.509761333465576,1715302563840.0,1912.8093231211933,21.400680625757705,7.176889482689391,wandb
17060,1786913427.6969957,0.3911685347557068,2.28e-05,2.765561103820801,4.396998405456543,1717315829760.0,2468.953548418956,27.62287162179289,9.263551019284725,wandb
17080,1786913570.1262846,0.3403492271900177,2.28e-05,2.767312526702881,3.700554847717285,1719329095680.0,1767.2455730935421,19.772100459729298,6.630732093133377,wandb
17100,1786913836.1840882,0.41258004307746887,2.28e-05,2.767536163330078,3.9713644981384277,1721342361600.0,2028.927833115717,22.699824830615913,7.61256788672677,wandb
17120,1786913978.4774911,0.3490966856479645,2.28e-05,2.7668821811676025,3.727834701538086,1723355627520.0,2342.5337047963144,26.20847518121523,8.78922185582263,wandb
17140,1786914114.035751,0.37317579984664917,2.28e-05,2.767688274383545,3.7951388359069824,1725368893440.0,2558.0388351496217,28.619565723359774,9.597800361167076,wandb
17160,1786914252.8290842,0.356641948223114,2.28e-05,2.763148784637451,3.6260626316070557,1727382159360.0,2027.8621172879768,22.687901507265487,7.60856930483824,wandb
17180,1786914384.0251634,0.3866843283176422,2.28e-05,2.7622835636138916,3.975095272064209,1729395425280.0,2665.1548997591863,29.817989769545832,9.999701454094128,wandb
17200,1786914615.3395777,0.37425655126571655,2.28e-05,2.7632598876953125,4.4108357429504395,1731408691200.0,2366.355771426825,26.4749985788392,8.878602609769114,wandb
17220,1786914756.2519212,0.40554073452949524,2.28e-05,2.768239736557007,3.719266891479492,1733421957120.0,2337.4534709413797,26.151637073558888,8.770160741637138,wandb
17240,1786914934.2259603,0.39241331815719604,2.28e-05,2.7640089988708496,4.6426496505737305,1735435223040.0,1955.2025683612526,21.874980019380246,7.33594957938737,wandb
17260,1786915067.4223642,0.3933177888393402,2.28e-05,2.7612948417663574,4.48781681060791,1737448488960.0,2528.3621025500956,28.287539802792764,9.486452812041486,wandb
17280,1786915200.905445,0.36702510714530945,2.28e-05,2.7664403915405273,3.9071874618530273,1739461754880.0,2596.1834512989444,29.046331077300938,9.740919537320293,wandb
17300,1786915436.124111,0.367746502161026,2.28e-05,2.7666759490966797,4.465597152709961,1741475020800.0,2602.2227134411964,29.113898878628188,9.76357894013061,wandb
17320,1786915566.2042663,0.3672802746295929,2.28e-05,2.7650814056396484,4.540724754333496,1743488286720.0,2363.0259186351914,26.437743890008925,8.866108951781195,wandb
17340,1786915696.7282672,0.36764878034591675,2.28e-05,2.7630362510681152,3.6817946434020996,1745501552640.0,2472.5636678330097,27.663261958491454,9.277096241874764,wandb
17360,1786915861.7595859,0.3721141815185547,2.28e-05,2.7604496479034424,4.18936824798584,1747514818560.0,2397.2530372377737,26.820679933398015,8.994529617946085,wandb
17380,1786915994.4821033,0.4006862938404083,2.28e-05,2.764597177505493,4.226470947265625,1749528084480.0,2722.0103995979694,30.454094152329898,10.213024148569598,wandb
17400,1786916226.9129083,0.3770105838775635,2.28e-05,2.7636678218841553,4.1782121658325195,1751541350400.0,2581.689812894665,28.884174963334974,9.686539187030153,wandb
17420,1786916365.5485153,0.4076716899871826,2.28e-05,2.7622761726379395,3.6324620246887207,1753554616320.0,2530.2516026655517,28.308679697932558,9.493542245024816,wandb
17440,1786916499.2463226,0.42260706424713135,2.28e-05,2.7630386352539062,4.2650251388549805,1755567882240.0,2547.7601497204846,28.504566877702402,9.559234578127146,wandb
17460,1786916643.8305893,0.3462352454662323,2.28e-05,2.7638723850250244,3.7372937202453613,1757581148160.0,2431.8400963341646,27.20764302300607,9.124300786282406,wandb
17480,1786916783.376956,0.3274480104446411,2.28e-05,2.762699604034424,4.778098106384277,1759594414080.0,2310.2788581003697,25.847605091118456,8.668201183652256,wandb
17500,1786917023.4900525,0.37175652384757996,2.28e-05,2.7634389400482178,4.385159969329834,1761607680000.0,2386.5453954996515,26.700881886450674,8.95435438435336,wandb
17520,1786917161.7400503,0.39577192068099976,2.28e-05,2.7627909183502197,4.438075065612793,1763620945920.0,2404.446098073553,26.901156537002695,9.021518090888287,wandb
17540,1786917337.5648606,0.3764398694038391,2.28e-05,2.7571794986724854,4.5520501136779785,1765634211840.0,732.5459862840837,8.195789568071381,2.7485236092272354,wandb
17560,1786917511.6604838,0.4006809890270233,2.28e-05,2.7635345458984375,3.8073770999908447,1767647477760.0,2422.744211094219,27.10587745093588,9.090172887424304,wandb
17580,1786917643.655671,0.36098432540893555,2.28e-05,2.762974262237549,4.092533111572266,1769660743680.0,2346.613327424291,26.25411836157807,8.804528661565447,wandb
17600,1786917882.3990817,0.36720290780067444,2.28e-05,2.7617831230163574,4.219651222229004,1771674009600.0,2477.5398453856137,27.718935874993793,9.295766935241629,wandb
17620,1786918012.9040778,0.3519648313522339,2.28e-05,2.76335072517395,3.886467218399048,1773687275520.0,2548.128560417033,28.508688689302044,9.560616860627242,wandb
17640,1786918149.3930485,0.3650297224521637,2.28e-05,2.7576889991760254,3.9917550086975098,1775700541440.0,2334.3980033460657,26.117452230679216,8.75869658105174,wandb
17660,1786918286.8660548,0.39665427803993225,2.28e-05,2.7640252113342285,4.601630210876465,1777713807360.0,2608.484748388706,29.183959081890013,9.787074189872326,wandb
17680,1786918425.9717026,0.3875841498374939,2.28e-05,2.7640607357025146,4.607172012329102,1779727073280.0,2509.2744065496495,28.073984964341562,9.414835488234823,wandb
17700,1786918667.5035472,0.37289348244667053,2.28e-05,2.762186050415039,4.021157741546631,1781740339200.0,2179.967714814615,24.389672444237956,8.179271805057049,wandb
17720,1786918807.2565885,0.38543662428855896,2.28e-05,2.763617992401123,4.3113555908203125,1783753605120.0,2470.955864955386,27.645273717072254,9.271063741184195,wandb
17740,1786918945.5849023,0.3781435191631317,2.28e-05,2.7622406482696533,3.982271194458008,1785766871040.0,2638.594520932113,29.520829891816966,9.900046511410544,wandb
17760,1786919086.0677228,0.40158864855766296,2.28e-05,2.7600221633911133,3.887159585952759,1787780136960.0,2647.7298296570557,29.623036537339367,9.93432232778004,wandb
17780,1786919223.3493605,0.3712427020072937,2.28e-05,2.7599802017211914,4.28078556060791,1789793402880.0,2204.9102355155087,24.66873158153355,8.27285651960555,wandb
17800,1786919472.9803784,0.3571470379829407,2.28e-05,2.7627878189086914,3.837385654449463,1791806668800.0,2210.674795157365,24.733225986884005,8.294485234483657,wandb
17820,1786919612.6187165,0.3798089325428009,2.28e-05,2.756476879119873,4.60162353515625,1793819934720.0,2280.676687315132,25.516413374753185,8.557133391580496,wandb
17840,1786919752.6097233,0.3977523744106293,2.28e-05,2.7627718448638916,3.8469114303588867,1795833200640.0,2331.851016986655,26.08895632103624,8.749140249746548,wandb
17860,1786919887.536559,0.416005402803421,2.28e-05,2.7578110694885254,4.018917560577393,1797846466560.0,2472.3969213057867,27.661396383532452,9.2764706063851,wandb
17880,1786920021.7589436,0.3429960608482361,2.28e-05,2.7592432498931885,3.5733776092529297,1799859732480.0,2663.5230816016488,29.79973284304163,9.993578847710454,wandb
17900,1786920252.3981462,0.3708447217941284,2.28e-05,2.7633280754089355,4.0750274658203125,1801872998400.0,2453.396558414396,27.44881863566334,9.205180957723208,wandb
17920,1786920382.089201,0.3840312957763672,2.28e-05,2.7569522857666016,3.967665195465088,1803886264320.0,2520.087270861888,28.19496025079525,9.455405518515535,wandb
17940,1786920513.6996937,0.3575185239315033,2.28e-05,2.7578983306884766,3.7378859519958496,1805899530240.0,2612.0285339335787,29.223607269367605,9.800370526782899,wandb
17960,1786920641.7076473,0.40494149923324585,2.28e-05,2.7593674659729004,4.56404972076416,1807912796160.0,2437.4207014662247,27.270079328959874,9.145239301060226,wandb
17980,1786920777.2982259,0.39456063508987427,2.28e-05,2.7574875354766846,3.8090357780456543,1809926062080.0,2705.103059573321,30.2649333302213,10.149587553329066,wandb
18000,1786921009.6064224,0.3775242865085602,2.28e-05,2.7604119777679443,4.1490478515625,1811939328000.0,2310.162254265517,25.846300517055973,8.667763684302018,wandb
18020,1786921139.4987755,0.36710110306739807,2.28e-05,2.757803440093994,4.486457347869873,1813952593920.0,2418.150071190399,27.054477805585307,9.072935605088222,wandb
18040,1786921271.413054,0.3683248460292816,2.28e-05,2.759308338165283,4.3968000411987305,1815965859840.0,2544.0502888578867,28.463060624817295,9.545315124115088,wandb
18060,1786921425.483328,0.3337119221687317,2.28e-05,2.7591357231140137,3.7070236206054688,1817979125760.0,2372.964819796101,26.548941199089647,8.903399859112632,wandb
18080,1786921558.6896183,0.3474259674549103,2.28e-05,2.7537894248962402,3.879732608795166,1819992391680.0,2705.046288746082,30.26429817316309,10.149374548327465,wandb
18100,1786921807.4865046,0.39053037762641907,2.28e-05,2.7598345279693604,4.587152481079102,1822005657600.0,2264.5750056663483,25.336266330122008,8.49671963873962,wandb
18120,1786921938.270698,0.3712676465511322,2.28e-05,2.757300615310669,4.036092281341553,1824018923520.0,2609.37534517416,29.193923157839166,9.79041572246817,wandb
18140,1786922070.9074469,0.3954370617866516,2.28e-05,2.7577013969421387,3.9805476665496826,1826032189440.0,2635.210428595733,29.482968366141854,9.887349345831183,wandb
18160,1786922204.2002575,0.38095003366470337,2.28e-05,2.7594034671783447,4.11198616027832,1828045455360.0,2342.070367980722,26.203291327763246,8.787483409089559,wandb
18180,1786922337.3010325,0.381681889295578,2.28e-05,2.758798122406006,3.8124682903289795,1830058721280.0,2638.7397240049017,29.522454436694005,9.90059131553365,wandb
18200,1786922572.2960083,0.3847464621067047,2.28e-05,2.759756088256836,4.399554252624512,1832071987200.0,2374.1395415208317,26.562084090098818,8.907807432773737,wandb
18220,1786922703.1172013,0.37651506066322327,2.28e-05,2.760186195373535,3.7817282676696777,1834085253120.0,2662.82454418505,29.791917544372247,9.990957924768553,wandb
18240,1786922832.031542,0.3980880379676819,2.28e-05,2.7565317153930664,4.0174078941345215,1836098519040.0,2444.994489401916,27.354815541179118,9.173656267834042,wandb
18260,1786922959.9288,0.3786538541316986,2.28e-05,2.758211374282837,3.8907275199890137,1838111784960.0,2336.244103042143,26.138106558071655,8.765623175005787,wandb
18280,1786923087.1675966,0.3845233917236328,2.28e-05,2.7549424171447754,3.6962575912475586,1840125050880.0,2750.0931980370656,30.768286995917656,10.318391232641085,wandb
18300,1786923316.031019,0.36961790919303894,2.28e-05,2.757812976837158,4.178476333618164,1842138316800.0,2475.5549548368085,27.69672874321196,9.288319595911034,wandb
18320,1786923447.1916447,0.3555600047111511,2.28e-05,2.7562694549560547,3.990694284439087,1844151582720.0,2528.6472973053787,28.290730587049293,9.487522867072569,wandb
18340,1786923574.8886366,0.3607059717178345,2.28e-05,2.757412910461426,3.7193291187286377,1846164848640.0,2787.29554726694,31.184510183860578,10.457975009074982,wandb
18360,1786923706.1172657,0.36689677834510803,2.28e-05,2.755559206008911,4.403404235839844,1848178114560.0,2535.124483943866,28.363197926542128,9.511825369209753,wandb
18380,1786923834.081529,0.3571617007255554,2.28e-05,2.7565550804138184,4.730536460876465,1850191380480.0,2548.6592497264023,28.51462608843746,9.562608014934652,wandb
18400,1786924064.504937,0.37195512652397156,2.28e-05,2.7563316822052,4.23353385925293,1852204646400.0,2501.780272683562,27.990139928928876,9.386717384733725,wandb
18420,1786924197.4765084,0.3597385287284851,2.28e-05,2.7558467388153076,3.9063477516174316,1854217912320.0,2590.749514626805,28.985535711105577,9.720531324820241,wandb
18440,1786924332.90554,0.37034109234809875,2.28e-05,2.7560269832611084,3.911503314971924,1856231178240.0,2739.039498636266,30.64461722509929,10.276917585469102,wandb
18460,1786924462.697014,0.3822730779647827,2.28e-05,2.756767511367798,4.475554466247559,1858244444160.0,2686.123992331394,30.052593839970125,10.078377806265737,wandb
18480,1786924595.4509583,0.35106125473976135,2.28e-05,2.760974884033203,4.474155902862549,1860257710080.0,2371.8834670074784,26.53684292803181,8.899342607110599,wandb
18500,1786924825.5182052,0.3798823058605194,2.28e-05,2.755793571472168,4.046544075012207,1862270976000.0,2646.0811442512872,29.60459089856361,9.928136435226142,wandb
18520,1786924991.53641,0.3858833312988281,2.28e-05,2.756779193878174,3.692460060119629,1864284241920.0,2560.6856243623165,28.64917823619098,9.607731154285801,wandb
18540,1786925123.902372,0.35461628437042236,2.28e-05,2.759002685546875,4.338794708251953,1866297507840.0,2502.4592793860256,27.99773671623356,9.389265028141084,wandb
18560,1786925258.701425,0.39468955993652344,2.28e-05,2.7598299980163574,3.976796865463257,1868310773760.0,2515.731971542359,28.14623277511841,9.439064369660567,wandb
18580,1786925390.5673313,0.3919815421104431,2.28e-05,2.756990432739258,4.397789001464844,1870324039680.0,2606.5375345171256,29.16217348011987,9.779768214003969,wandb
18600,1786925624.261263,0.4405975043773651,2.28e-05,2.759390354156494,3.9233593940734863,1872337305600.0,2152.226937848192,24.079306167268914,8.07518799071894,wandb
18620,1786925758.837607,0.35390910506248474,2.28e-05,2.7540605068206787,3.6170945167541504,1874350571520.0,2448.83494923391,27.39778294693519,9.18806573115261,wandb
18640,1786925887.4771667,0.36641013622283936,2.28e-05,2.758375883102417,4.491547584533691,1876363837440.0,2484.5440723744578,27.797299788744468,9.322046900736872,wandb
18660,1786926016.702076,0.3719537854194641,2.28e-05,2.754910945892334,3.790161609649658,1878377103360.0,2517.2761341256355,28.163509003271155,9.444858091005147,wandb
18680,1786926139.9558663,0.3564929962158203,2.28e-05,2.7548954486846924,4.540127754211426,1880390369280.0,2828.357794960086,31.64391825869308,10.612041182865715,wandb
18700,1786926367.1211758,0.3550911545753479,2.28e-05,2.754305124282837,4.257843971252441,1882403635200.0,2676.94759965808,29.949927543583772,10.043947842301176,wandb
18720,1786926499.1079075,0.3694779872894287,2.28e-05,2.755682945251465,4.073202133178711,1884416901120.0,2496.446325684206,27.930463256074898,9.366704334996788,wandb
18740,1786926628.4661195,0.33454886078834534,2.28e-05,2.7507853507995605,3.70194673538208,1886430167040.0,2662.2601515870874,29.785603069850122,9.988840315213087,wandb
18760,1786926765.3173409,0.37968650460243225,2.28e-05,2.755554437637329,4.496750831604004,1888443432960.0,2611.887300092921,29.222027132612244,9.799840615278724,wandb
18780,1786926910.3416374,0.32889899611473083,2.28e-05,2.7550477981567383,4.171555995941162,1890456698880.0,1175.4210056305787,13.150714625993688,4.41019737360816,wandb
18800,1786927165.7477622,0.41118302941322327,2.28e-05,2.7518599033355713,3.652042865753174,1892469964800.0,2503.888498022859,28.013726941302803,9.394627478061821,wandb
18820,1786927299.4244606,0.3976210951805115,2.28e-05,2.7550439834594727,3.774111270904541,1894483230720.0,2379.5129241382624,26.622201972150958,8.92796844554556,wandb
18840,1786927437.4632998,0.3783279061317444,2.28e-05,2.7529306411743164,3.995940685272217,1896496496640.0,2619.9063641630983,29.31174513377888,9.829928264837205,wandb
18860,1786927572.1200867,0.4058341383934021,2.28e-05,2.755770683288574,3.7066783905029297,1898509762560.0,2638.0149228277805,29.51434529673883,9.897871850565425,wandb
18880,1786927700.607399,0.36891990900039673,2.28e-05,2.754011869430542,4.200901031494141,1900523028480.0,2697.4862758115755,30.179716076880762,10.121009265566231,wandb
18900,1786927935.9149296,0.38415130972862244,2.28e-05,2.7562665939331055,3.7632315158843994,1902536294400.0,2525.585719067855,28.256477377761758,9.476035779265269,wandb
18920,1786928070.664434,0.4018310308456421,2.28e-05,2.7551796436309814,3.8798789978027344,1904549560320.0,2537.678903853648,28.391777003407,9.521409591308258,wandb
18940,1786928203.3327558,0.37648192048072815,2.28e-05,2.7554709911346436,3.4715423583984375,1906562826240.0,2636.9400695825607,29.50231974314995,9.893838984948445,wandb
18960,1786928332.5856214,0.3378184735774994,2.28e-05,2.753331422805786,3.88881254196167,1908576092160.0,2414.886814099345,27.01796819536894,9.060691815175131,wandb
18980,1786928514.2533681,0.3630306124687195,2.28e-05,2.75437068939209,5.166823387145996,1910589358080.0,2524.2643652739553,28.24169395413711,9.471078039865048,wandb
19000,1786928749.3729792,0.4318287968635559,2.28e-05,2.7534008026123047,3.916144847869873,1912602624000.0,2561.7994784312823,28.661640134460452,9.611910351582774,wandb
19020,1786928898.4524326,0.36536869406700134,2.28e-05,2.752655029296875,4.269889831542969,1914615889920.0,2587.430129138158,28.948398131390945,9.708076940311289,wandb
19040,1786929034.5280018,0.41250476241111755,2.28e-05,2.751490592956543,3.8475501537323,1916629155840.0,2411.4575502620096,26.979601286928467,9.04782516544165,wandb
19060,1786929189.9072428,0.3924696147441864,2.28e-05,2.7562057971954346,4.164122581481934,1918642421760.0,2643.9484308142682,29.580729911177038,9.92013446218538,wandb
19080,1786929322.1856236,0.39002519845962524,2.28e-05,2.7520241737365723,4.180152893066406,1920655687680.0,2364.8072301679686,26.457673361675102,8.872792459567597,wandb
19100,1786929564.941532,0.38886570930480957,2.28e-05,2.7577762603759766,4.4501776695251465,1922668953600.0,2691.0576674023137,30.107792234931797,10.096889029679115,wandb
19120,1786929703.529096,0.3948962092399597,2.28e-05,2.7555909156799316,4.274449348449707,1924682219520.0,2567.904563163971,28.729944364776664,9.634816721746983,wandb
19140,1786929834.2748861,0.40071287751197815,2.28e-05,2.7524189949035645,3.907827615737915,1926695485440.0,2698.8780844505573,30.19528775557083,10.126231352609766,wandb
19160,1786929964.9962234,0.34816446900367737,2.28e-05,2.750138282775879,4.256267547607422,1928708751360.0,2084.9682741015836,23.326810262550243,7.822832468070645,wandb
19180,1786930095.7460165,0.35559090971946716,2.28e-05,2.7495789527893066,3.8139545917510986,1930722017280.0,2739.2675031845024,30.647168160239055,10.277773061979207,wandb
19200,1786930342.585677,0.354198157787323,2.28e-05,2.7512450218200684,4.056194305419922,1932735283200.0,2631.971504166111,29.44673099190311,9.875196852431449,wandb
19220,1786930470.0675025,0.36894500255584717,2.28e-05,2.753328561782837,3.691441297531128,1934748549120.0,2501.3151476757694,27.984936069023707,9.384972228676498,wandb
19240,1786930597.992985,0.37127986550331116,2.28e-05,2.753469705581665,3.96588134765625,1936761815040.0,2677.234807068066,29.9531408455999,10.045025448843116,wandb
19260,1786930799.107629,0.4169671833515167,2.28e-05,2.7553837299346924,4.72015380859375,1938775080960.0,2156.9717971275945,24.13239207438221,8.092990774429559,wandb
19280,1786930923.4832227,0.3850782513618469,2.28e-05,2.750316619873047,4.256132125854492,1940788346880.0,2531.1133098381806,28.318320554327105,9.496775383356821,wandb
19300,1786931493.2292702,0.37626931071281433,2.28e-05,2.7544407844543457,3.8550260066986084,1942801612800.0,710.1801764175069,7.945558900484499,2.66460675266291,wandb
19320,1786931626.3216648,0.3883897662162781,2.28e-05,2.7511754035949707,4.348966598510742,1944814878720.0,2352.479367615805,26.319748140332813,8.82653813299923,wandb
19340,1786931762.143181,0.36748796701431274,2.28e-05,2.751539468765259,3.5246500968933105,1946828144640.0,2397.319550855098,26.82142409365718,8.9947791780433,wandb
19360,1786931893.9732258,0.39270639419555664,2.28e-05,2.752645969390869,4.5371270179748535,1948841410560.0,2594.464575275665,29.027100139661293,9.734470288508922,wandb
19380,1786932021.364032,0.3341280221939087,2.28e-05,2.7523980140686035,4.674560546875,1950854676480.0,2789.134981999513,31.205089943049273,10.46487659598525,wandb
19400,1786932258.5448172,0.3420444428920746,2.28e-05,2.749053478240967,4.1124982833862305,1952867942400.0,2451.2340188196877,27.424623950575022,9.197067076488127,wandb
19420,1786932408.4936056,0.3785909414291382,2.28e-05,2.7486250400543213,3.4843482971191406,1954881208320.0,2634.6462246288484,29.47665600204098,9.885232444022371,wandb
19440,1786932538.9576287,0.3588075637817383,2.28e-05,2.751959800720215,3.770413875579834,1956894474240.0,2683.7101751262658,30.02558783865494,10.069321127639583,wandb
19460,1786932669.5607388,0.39116978645324707,2.28e-05,2.7511372566223145,4.1770429611206055,1958907740160.0,2539.5006570645223,28.412158940160246,9.52824483688195,wandb
19480,1786932804.9513943,0.387442022562027,2.28e-05,2.7511239051818848,4.929729461669922,1960921006080.0,2419.4772302023957,27.069326178505715,9.07791512575446,wandb
19500,1786933043.0980654,0.3515487015247345,2.28e-05,2.749774932861328,3.7861928939819336,1962934272000.0,2466.842673275072,27.599254963169855,9.25563098384978,wandb
19520,1786933175.9081342,0.3538295328617096,2.28e-05,2.7510123252868652,3.936702251434326,1964947537920.0,2683.0273672451526,30.017948523425854,10.066759222152493,wandb
19540,1786933313.4284928,0.34679028391838074,2.28e-05,2.7498245239257812,3.7403783798217773,1966960803840.0,2608.1526187074755,29.18024318551266,9.785828034289906,wandb
19560,1786933445.2936308,0.4029156267642975,2.28e-05,2.7488131523132324,3.7710485458374023,1968974069760.0,2541.0803000994615,28.429832126757994,9.534171681417275,wandb
19580,1786933576.7541296,0.3607355058193207,2.28e-05,2.751554250717163,3.529189109802246,1970987335680.0,2581.8942546932676,28.88646227633871,9.687306255747604,wandb
19600,1786933808.1666338,0.38110461831092834,2.28e-05,2.7518012523651123,3.9609756469726562,1973000601600.0,2632.977705675681,29.45798846377507,9.87897213569895,wandb
19620,1786933939.3235931,0.35551178455352783,2.28e-05,2.74951434135437,5.876641273498535,1975013867520.0,2130.360829275683,23.834666202149528,7.993146020960388,wandb
19640,1786934070.4507926,0.41083449125289917,2.28e-05,2.749507188796997,3.8920376300811768,1977027133440.0,2408.959760933637,26.951655798039017,9.038453422140273,wandb
19660,1786934201.811679,0.3862544596195221,2.28e-05,2.7505757808685303,4.394309043884277,1979040399360.0,2549.5897929733837,28.525037088946707,9.566099427257733,wandb
19680,1786934333.8827834,0.3987632691860199,2.28e-05,2.7488131523132324,4.227017402648926,1981053665280.0,2599.0894356239132,29.078843488073087,9.75182283441668,wandb
19700,1786934572.7346747,0.35475385189056396,2.28e-05,2.7470450401306152,3.4024486541748047,1983066931200.0,2597.67137660229,29.062978117770143,9.746502255540834,wandb
19720,1786934707.1286745,0.4030175805091858,2.28e-05,2.7471017837524414,5.021142959594727,1985080197120.0,2578.8572794349907,28.852484327368522,9.675911478690187,wandb
19740,1786934843.4676933,0.4052380919456482,2.28e-05,2.751065731048584,4.091202735900879,1987093463040.0,2147.6132680744086,24.027688019998312,8.05787743201566,wandb
19760,1786934977.1966078,0.3636300563812256,2.28e-05,2.748264789581299,3.863703727722168,1989106728960.0,2375.295325774149,26.575015106995558,8.912143952755958,wandb
19780,1786935496.9676428,0.38613998889923096,2.28e-05,2.748926877975464,4.470554351806641,1991119994880.0,2808.2555534745475,31.419012595230562,10.536617269069316,wandb
19800,1786935745.3409944,0.3650438189506531,2.28e-05,2.751668930053711,4.190622329711914,1993133260800.0,2663.0546803805673,29.794492328571156,9.991821399251466,wandb
19820,1786935874.2269921,0.33996957540512085,2.28e-05,2.7501988410949707,3.8562562465667725,1995146526720.0,2646.68224841073,29.611316105296737,9.930391787114988,wandb
19840,1786936004.0044966,0.3637380003929138,2.28e-05,2.7472519874572754,3.736724853515625,1997159792640.0,2632.5024339909182,29.452671081946608,9.877188909156416,wandb
19860,1786936132.0671883,0.36154329776763916,2.28e-05,2.7485835552215576,4.470221519470215,1999173058560.0,2337.5636826548803,26.152870131999858,8.77057425765148,wandb
19880,1786936260.3630724,0.4111195206642151,2.28e-05,2.747063159942627,4.179502010345459,2001186324480.0,2704.7021147757855,30.260447524209745,10.148083202390483,wandb
19900,1786936501.5842786,0.34746742248535156,2.28e-05,2.748966693878174,4.193041801452637,2003199590400.0,2744.2346952526223,30.702741546342786,10.29641004167252,wandb
19920,1786936636.939422,0.36844709515571594,2.28e-05,2.7438089847564697,3.9533615112304688,2005212856320.0,2678.660169949155,29.96908793213136,10.050373431910039,wandb
19940,1786936769.2931535,0.3889307677745819,2.28e-05,2.745891809463501,4.486434459686279,2007226122240.0,2426.8399297685883,27.151700715295604,9.105540085776395,wandb
19960,1786936905.4885898,0.39670681953430176,2.28e-05,2.747189998626709,3.9581174850463867,2009239388160.0,2212.8773417643642,24.75786827397973,8.302749222633356,wandb
19980,1786937074.9407964,0.349607914686203,2.28e-05,2.74713134765625,3.7995386123657227,2011252654080.0,2557.194345195063,28.61011749473044,9.594631822097421,wandb
20000,1786937311.1462564,0.3635607957839966,2.28e-05,2.749182939529419,3.983654737472534,2013265920000.0,2599.8259752674016,29.08708395903272,9.754586342288082,wandb
20020,1786937444.7023115,0.3677672743797302,2.28e-05,2.746819496154785,4.386480331420898,2015279185920.0,2411.5838828427127,26.98101470706375,9.048299167193319,wandb
20040,1786937581.1156385,0.3633793592453003,2.28e-05,2.748150110244751,3.9173362255096436,2017292451840.0,2011.5526709200774,22.50542997250069,7.547376015631938,wandb
20060,1786937711.410655,0.36352768540382385,2.28e-05,2.7456300258636475,3.7777013778686523,2019305717760.0,2535.362535284071,28.365861266082916,9.512718541435131,wandb
20080,1786937841.0221617,0.41053006052970886,2.28e-05,2.744211196899414,4.457501411437988,2021318983680.0,2345.387934093166,26.240408552135303,8.799930967271509,wandb
20100,1786938100.4641376,0.3507300019264221,2.28e-05,2.7450664043426514,4.240550994873047,2023332249600.0,2723.591856458441,30.471787632168827,10.218957798605725,wandb
20120,1786938230.6143134,0.3744761347770691,2.28e-05,2.7480080127716064,3.912181854248047,2025345515520.0,2546.5570749733947,28.491106770560425,9.554720623497738,wandb
20140,1786938370.2331197,0.36466363072395325,2.28e-05,2.746891975402832,3.935483455657959,2027358781440.0,2552.1083446529233,28.55321486886538,9.575549071214406,wandb
20160,1786938963.2005599,0.37071493268013,2.28e-05,2.748713970184326,4.89900016784668,2029372047360.0,1148.848775894696,12.85342215924432,4.310497966135657,wandb
20180,1786939150.2952328,0.3699130415916443,2.28e-05,2.745065689086914,4.371498107910156,2031385313280.0,2733.803218733143,30.58603326039393,10.257270984152969,wandb
20200,1786939383.1492302,0.39013415575027466,2.28e-05,2.75002384185791,4.166511535644531,2033398579200.0,2719.020925270932,30.42064764799802,10.201807595723924,wandb
20220,1786939515.2316303,0.3709345757961273,2.28e-05,2.7441258430480957,4.15138053894043,2035411845120.0,2554.882927632227,28.584257149709586,9.585959348476397,wandb
20240,1786939646.0149355,0.3834936320781708,2.28e-05,2.747267723083496,3.968081474304199,2037425111040.0,2639.307724756872,29.528809279563692,9.90272246293747,wandb
20260,1786939779.0440392,0.39369475841522217,2.28e-05,2.747068166732788,4.449565887451172,2039438376960.0,2457.771729566542,27.497768439168755,9.221596665994415,wandb
20280,1786939904.7260728,0.3592568337917328,2.28e-05,2.746018409729004,3.673062324523926,2041451642880.0,2717.1423840234793,30.399630361646945,10.19475928057893,wandb
20300,1786940137.7797709,0.36423158645629883,2.28e-05,2.7503466606140137,4.319674491882324,2043464908800.0,2725.1487202570893,30.489205962647432,10.224799175102296,wandb
20320,1786940263.606163,0.423198401927948,2.28e-05,2.744664192199707,3.523372173309326,2045478174720.0,2635.089457685417,29.48161493285115,9.88689546114782,wandb
20340,1786940409.6772788,0.38436105847358704,2.28e-05,2.745635986328125,4.294392108917236,2047491440640.0,2708.4602125508154,30.302493455956125,10.162183642026838,wandb
20360,1786940549.0985959,0.3394221067428589,2.28e-05,2.7440943717956543,3.871105670928955,2049504706560.0,2597.2671633851514,29.05845574438973,9.744985641442513,wandb
20380,1786940682.7375853,0.39048540592193604,2.28e-05,2.748810052871704,3.8967390060424805,2051517972480.0,2789.5511052433685,31.209745566866587,10.466437896683775,wandb
20400,1786940918.5616953,0.34278860688209534,2.28e-05,2.747530698776245,3.909891128540039,2053531238400.0,2434.298751425812,27.235150674578673,9.133525697336275,wandb
20420,1786941051.449117,0.34343162178993225,2.28e-05,2.743298053741455,3.814378023147583,2055544504320.0,2350.015599822339,26.292183287398093,8.817294039010886,wandb
20440,1786941190.6561363,0.4190201163291931,2.28e-05,2.7454352378845215,4.077912330627441,2057557770240.0,2621.536525429083,29.32998352283321,9.836044654538739,wandb
20460,1786941323.2290947,0.37748983502388,2.28e-05,2.745063066482544,3.841933250427246,2059571036160.0,2129.1722517557223,23.82136829127249,7.988686460146219,wandb
20480,1786941493.5769985,0.40941640734672546,2.28e-05,2.746537685394287,4.360279083251953,2061584302080.0,2773.048395571803,31.02511178509241,10.404519480641932,wandb
20500,1786941726.460775,0.4162343740463257,2.28e-05,2.748126983642578,4.425198078155518,2063597568000.0,2782.3178183502655,31.12881891055921,10.439298494966682,wandb
20520,1786941868.637139,0.44381073117256165,2.28e-05,2.7483367919921875,3.9689455032348633,2065610833920.0,2559.5389238216844,28.636348848678686,9.60342871653083,wandb
20540,1786942008.8391616,0.45332735776901245,2.28e-05,2.7495250701904297,3.991650104522705,2067624099840.0,2514.664822563754,28.1342934175488,9.435060410568338,wandb
20560,1786942141.9476655,0.3235494792461395,2.28e-05,2.7469482421875,4.242717742919922,2069637365760.0,2497.378909082144,27.94089708197428,9.370203401997085,wandb
20580,1786942268.4351935,0.3376973569393158,2.28e-05,2.742046594619751,4.230797290802002,2071650631680.0,2634.3028956257053,29.472814806655215,9.883944268414915,wandb
20600,1786942513.2223501,0.37296217679977417,2.28e-05,2.7453126907348633,4.220720291137695,2073663897600.0,2497.9959079758155,27.947800120405923,9.372518391168924,wandb
20620,1786942640.2379034,0.36363473534584045,2.28e-05,2.744966506958008,4.577538967132568,2075677163520.0,2764.311568557335,30.92736338834472,10.37173877367115,wandb
20640,1786942767.248407,0.36346516013145447,2.28e-05,2.7397196292877197,3.84787654876709,2077690429440.0,2369.8044715297233,26.51358294194536,8.891542184664669,wandb
20660,1786942949.845829,0.3481328785419464,2.28e-05,2.7452454566955566,4.353606224060059,2079703695360.0,2225.408945228468,24.898072966743523,8.349767988181823,wandb
20680,1786943079.5312092,0.415472149848938,2.28e-05,2.744460344314575,4.415562629699707,2081716961280.0,2720.2119410890577,30.433972838771528,10.20627630506965,wandb
20700,1786943319.3694363,0.35308000445365906,2.28e-05,2.742863655090332,4.4190521240234375,2083730227200.0,2435.7852803444616,27.251782092171858,9.139103176300337,wandb
20720,1786943451.9650815,0.39443904161453247,2.28e-05,2.7406699657440186,4.178124904632568,2085743493120.0,2482.206510756509,27.771146941712587,9.313276334226028,wandb
20740,1786943583.649131,0.40192118287086487,2.28e-05,2.7449803352355957,4.167698860168457,2087756759040.0,2466.8258372592873,27.599066600329678,9.255567814864166,wandb
20760,1786943721.0770054,0.412514865398407,2.28e-05,2.7442498207092285,3.778557300567627,2089770024960.0,2600.24837835681,29.091809842319936,9.756171205062007,wandb
20780,1786943871.6528926,0.3896138370037079,2.28e-05,2.7422847747802734,4.355371952056885,2091783290880.0,2546.5937719410795,28.491517339494745,9.554858311074979,wandb
20800,1786944118.2714942,0.3541907072067261,2.28e-05,2.7449328899383545,3.7411551475524902,2093796556800.0,2391.1978959442076,26.75293447471529,8.971810636320106,wandb
20820,1786944261.3856735,0.34912756085395813,2.28e-05,2.7424864768981934,4.562631607055664,2095809822720.0,2756.772455012697,30.843015116292776,10.343451905736492,wandb
20840,1786944396.5388725,0.3851761817932129,2.28e-05,2.7429823875427246,4.376555442810059,2097823088640.0,2425.8992918318786,27.14117677450095,9.102010798024926,wandb
20860,1786944533.029032,0.42864808440208435,2.28e-05,2.7447896003723145,4.429485321044922,2099836354560.0,2771.285717384947,31.005390784955633,10.397905885450974,wandb
20880,1786944669.3619084,0.37055718898773193,2.28e-05,2.7397713661193848,3.9221749305725098,2101849620480.0,2848.697141254287,31.871476671817415,10.688354717486845,wandb
20900,1786944910.1531746,0.3905450105667114,2.28e-05,2.747036933898926,4.433585166931152,2103862886400.0,2386.157649854292,26.696543753726168,8.952899556833177,wandb
20920,1786945041.6399412,0.4081406891345978,2.28e-05,2.7457211017608643,4.441445350646973,2105876152320.0,2506.5613714175747,28.04363128627957,9.404656139425615,wandb
20940,1786945172.0364287,0.38709545135498047,2.28e-05,2.7475903034210205,4.121285438537598,2107889418240.0,2575.9521880450466,28.81998190683275,9.665011531899504,wandb
20960,1786945303.956436,0.3719954490661621,2.28e-05,2.744593381881714,4.132580757141113,2109902684160.0,2327.9535743293345,26.04535138636851,8.734516986006353,wandb
20980,1786945433.309989,0.3601451516151428,2.28e-05,2.7404446601867676,3.9505615234375,2111915950080.0,2641.609615761179,29.55456304060146,9.911359192766952,wandb
21000,1786945669.2371922,0.42498648166656494,2.28e-05,2.7408695220947266,3.5411248207092285,2113929216000.0,2649.358159392655,29.64125443506904,9.940431845551892,wandb
21020,1786945811.3205156,0.374335378408432,2.28e-05,2.7459945678710938,3.890758991241455,2115942481920.0,1583.0197058687475,17.710965092066058,5.939513855673337,wandb
21040,1786945943.55129,0.3667062819004059,2.28e-05,2.746337413787842,4.130133628845215,2117955747840.0,2657.2604165778507,29.72966559043032,9.970081233912984,wandb
21060,1786946077.1061957,0.3797195255756378,2.28e-05,2.741443634033203,4.355410575866699,2119969013760.0,2638.823678343279,29.5233937252896,9.900906313479782,wandb
21080,1786946206.5255451,0.3758348524570465,2.28e-05,2.744075059890747,4.082226753234863,2121982279680.0,2817.5383995907987,31.52286990219297,10.571446647960276,wandb
21100,1786946436.5882149,0.41773685812950134,2.28e-05,2.7432148456573486,3.8754167556762695,2123995545600.0,2607.358801054294,29.171361883092455,9.782849618460672,wandb
21120,1786946562.4477804,0.3648552894592285,2.28e-05,2.740753173828125,3.624619960784912,2126008811520.0,2392.212396776492,26.764284800147024,8.975617058771832,wandb
21140,1786946693.1505172,0.32630306482315063,2.28e-05,2.744086265563965,4.436244964599609,2128022077440.0,2647.8525470171744,29.624409510065604,9.934782765169452,wandb
21160,1786946832.294894,0.3624255955219269,2.28e-05,2.7399797439575195,4.397811412811279,2130035343360.0,2166.3959433089685,24.237830259025177,8.128350313299887,wandb
21180,1786946992.8290806,0.4200722277164459,2.28e-05,2.7392234802246094,3.5575013160705566,2132048609280.0,1439.9490875349613,16.110278304898493,5.4027107339036515,wandb
21200,1786947267.4799874,0.36951789259910583,2.28e-05,2.740044593811035,3.7970051765441895,2134061875200.0,2549.641721182084,28.525618066358533,9.566294262681405,wandb
21220,1786947412.0512228,0.37381741404533386,2.28e-05,2.7403311729431152,3.785008430480957,2136075141120.0,2471.2827169397974,27.648930566108767,9.272290094768403,wandb
21240,1786947540.1981466,0.3361404240131378,2.28e-05,2.742800235748291,4.497095108032227,2138088407040.0,2421.4456738293247,27.091349300664582,9.085300755985665,wandb
21260,1786947677.3588285,0.39498671889305115,2.28e-05,2.741593837738037,4.400975227355957,2140101672960.0,2395.0154997337368,26.79564616503792,8.986134343421993,wandb
21280,1786947809.7323465,0.42570960521698,2.28e-05,2.740680694580078,3.917729616165161,2142114938880.0,2943.767066585038,32.93512744166946,11.045058513823946,wandb
21300,1786948050.6831582,0.3530394732952118,2.28e-05,2.740232467651367,3.9044787883758545,2144128204800.0,2550.6075317411796,28.53642364068858,9.569917998492423,wandb
21307,1786948107.840868,0.39745914936065674,2.28e-05,2.74509334564209,3.8232603073120117,2144832847872.0,1778.9569349225699,19.903128216216157,6.674673299673279,wandb
