_step,_timestamp,grad_norm,lr,loss_metrics/global_avg_loss,loss_metrics/global_max_loss,n_tokens_seen,throughput(tps),tflops,mfu(%),source
1,1777605743.7915673,1.2027523517608643,1.1399999999999999e-07,12.95163345336914,13.01919937133789,100663296.0,280.25056871167203,3.1354682579647064,1.0515043683614897,wandb
25,1777605925.6631246,1.2873808145523071,2.85e-06,12.432464599609375,12.769329071044922,2516582400.0,2257.643449117171,25.258715459705776,8.470712333832049,wandb
50,1777606106.0072925,2.6214983463287354,5.7e-06,10.6302490234375,11.816558837890625,5033164800.0,2405.764246492494,26.915904098607566,9.02646380367323,wandb
75,1777606294.536271,1.8147478103637695,8.55e-06,9.183244705200195,10.87420654296875,7549747200.0,2274.8175567161534,25.450860901133524,8.535149845042309,wandb
100,1777606480.6827302,1.1012904644012451,1.14e-05,8.292341232299805,10.107585906982422,10066329600.0,2361.9613961898494,26.42583391832678,8.862114847481454,wandb
125,1777606730.518748,1.602880597114563,1.4249999999999999e-05,7.566095352172852,9.233575820922852,12582912000.0,2723.5151280991818,30.470929188469505,10.218669912642428,wandb
150,1777606886.0336068,1.2619576454162598,1.71e-05,7.01585578918457,8.634735107421875,15099494400.0,2683.205774117201,30.019944555358574,10.067428607432129,wandb
175,1777607049.0146506,1.6918959617614746,1.9949999999999997e-05,6.6093220710754395,8.324006080627441,17616076800.0,1971.734796349153,22.059944054699756,7.3979787485981205,wandb
200,1777607217.1903262,0.9087847471237183,2.28e-05,6.306820869445801,7.920162200927734,20132659200.0,2800.4607243323376,31.33180335435726,10.507370952348731,wandb
225,1777607457.560272,0.625850260257721,2.28e-05,6.043093681335449,8.184085845947266,22649241600.0,2697.3726836368005,30.178445197538757,10.12058306601011,wandb
250,1777607620.6346455,0.8786640763282776,2.28e-05,5.858448505401611,7.814877033233643,25165824000.0,2806.6629030942013,31.40119388129693,10.530641620777484,wandb
275,1777607773.3791842,0.770014226436615,2.28e-05,5.69802188873291,6.940277099609375,27682406400.0,2436.94708244445,27.26478043727174,9.143462275334196,wandb
300,1777607926.9778438,0.5240413546562195,2.28e-05,5.553836345672607,7.12331485748291,30198988800.0,2616.138213826502,29.269586733080715,9.815790107837959,wandb
325,1777608558.4385393,0.7856316566467285,2.28e-05,5.442819595336914,6.773191452026367,32715571200.0,2252.211599105992,25.19794343925861,8.450331950515448,wandb
350,1777608729.8584845,0.8574701547622681,2.28e-05,5.343459129333496,7.649417877197266,35232153600.0,2722.6935463139407,30.461737258473477,10.215587325370194,wandb
375,1777608900.858179,0.5576680898666382,2.28e-05,5.228780746459961,6.521562576293945,37748736000.0,2505.035049352348,28.02655465942757,9.398929355974326,wandb
400,1777609075.7943745,0.5585709810256958,2.28e-05,5.13286018371582,6.547415256500244,40265318400.0,2460.8890644888393,27.532645459198513,9.233292953725462,wandb
425,1777609318.0707057,0.8086668848991394,2.28e-05,5.050070762634277,6.255407810211182,42781900800.0,2863.1424026878044,32.03309153993707,10.742553556651716,wandb
450,1777609469.0593243,0.5660223364830017,2.28e-05,4.952402591705322,6.514405250549316,45298483200.0,2694.8727315058554,30.150475511021995,10.111203207840802,wandb
475,1777609620.241982,0.5240502953529358,2.28e-05,4.884121894836426,6.14840841293335,47815065600.0,2215.7702966034667,24.790234909706573,8.313603632901899,wandb
500,1777609774.9473455,0.4628429114818573,2.28e-05,4.7985029220581055,6.9416985511779785,50331648000.0,2606.5698895387022,29.16253547097543,9.779889610533806,wandb
525,1777610013.6839314,0.5158928036689758,2.28e-05,4.738262176513672,6.842728614807129,52848230400.0,2692.05602099,30.118961903556578,10.100634867425127,wandb
550,1777610215.0688946,0.576246440410614,2.28e-05,4.67768669128418,5.991377830505371,55364812800.0,2804.3105477118215,31.374875520314433,10.521815547838965,wandb
575,1777610461.0803986,0.4168882668018341,2.28e-05,4.610393047332764,6.050159454345703,57881395200.0,2740.22903109273,30.657925819890753,10.281380729219459,wandb
600,1777610635.3930888,0.6637471914291382,2.28e-05,4.56291389465332,5.9887237548828125,60397977600.0,2890.0121011394076,32.33371211310266,10.843369071240321,wandb
625,1777610881.1375344,0.4230397045612335,2.28e-05,4.497649192810059,6.154996871948242,62914560000.0,2769.019228237036,30.98003310303204,10.389401983921609,wandb
650,1777611033.0469868,0.4677881896495819,2.28e-05,4.447729587554932,5.958077430725098,65431142400.0,2830.973183352968,31.67317945636283,10.62185415963404,wandb
675,1777611192.6702209,0.4991782307624817,2.28e-05,4.393679618835449,5.3817524909973145,67947724800.0,2437.2906612459446,27.26862442742365,9.144751388188842,wandb
700,1777611360.8555877,0.49629345536231995,2.28e-05,4.338921546936035,5.997923851013184,70464307200.0,2119.7404178617057,23.715844095817562,7.953298076861896,wandb
725,1777611619.51863,0.42564892768859863,2.28e-05,4.283126354217529,5.766116142272949,72980889600.0,2613.961323237775,29.24523148779649,9.80762238145648,wandb
750,1777611787.2779841,0.5253239870071411,2.28e-05,4.233335494995117,5.288053512573242,75497472000.0,2509.09571047086,28.071985696738132,9.414165017847127,wandb
775,1777611950.6550741,0.533851146697998,2.28e-05,4.1906280517578125,6.056318283081055,78014054400.0,2422.609472041962,27.10436997845009,9.089667344464342,wandb
800,1777612121.6486216,0.43009153008461,2.28e-05,4.149529457092285,5.616546630859375,80530636800.0,2503.831967429853,28.01309447200653,9.39441537442269,wandb
825,1777612378.0422506,0.4306114614009857,2.28e-05,4.109619617462158,5.348324298858643,83047219200.0,2678.513279687731,29.967444510837996,10.04982229742968,wandb
850,1777612542.9945788,0.5377918481826782,2.28e-05,4.073236465454102,5.050932884216309,85563801600.0,2100.7648301472077,23.503543534828353,7.8821013850380535,wandb
875,1777612711.8539205,0.4609573781490326,2.28e-05,4.03485107421875,5.25794792175293,88080384000.0,2737.896924485286,30.631834004000975,10.272630629990454,wandb
900,1777612893.741759,0.44618672132492065,2.28e-05,4.003644943237305,5.214489936828613,90596966400.0,2647.5771801447254,29.621328681035255,9.933749584503259,wandb
925,1777613137.2312171,0.4728449583053589,2.28e-05,3.971281051635742,5.525513172149658,93113548800.0,2682.203271052409,30.008728462015327,10.063667200785316,wandb
950,1777613296.2662563,0.41570335626602173,2.28e-05,3.941962480545044,5.527706146240234,95630131200.0,2738.244546233455,30.635723226999424,10.27393491204211,wandb
975,1777613453.7825568,0.39508965611457825,2.28e-05,3.9080097675323486,5.031070709228516,98146713600.0,2519.6591445089553,28.190170335127316,9.453799181970387,wandb
1000,1777613616.5531697,0.45144662261009216,2.28e-05,3.8887996673583984,5.2957634925842285,100663296000.0,2076.546196988653,23.232583315660822,7.79123270748627,wandb
1025,1777613997.3843267,0.4138459861278534,2.28e-05,3.8555550575256348,4.977767467498779,103179878400.0,2478.168716086354,27.725971736257517,9.298126467612974,wandb
1050,1777614163.2436807,0.3937547504901886,2.28e-05,3.833639621734619,4.8705596923828125,105696460800.0,2491.001354910134,27.869544439366937,9.34627472237956,wandb
1075,1777614333.781085,0.37573450803756714,2.28e-05,3.8053131103515625,4.789948463439941,108213043200.0,2521.453341919294,28.210243975136333,9.460531037764104,wandb
1100,1777614505.270226,0.41123661398887634,2.28e-05,3.786790609359741,4.984107494354248,110729625600.0,2425.890857712889,27.141082412828478,9.101979153083038,wandb
1125,1777614781.5199783,0.375263512134552,2.28e-05,3.767693519592285,5.021485805511475,113246208000.0,2573.6607742374545,28.79434536560254,9.656414112670408,wandb
1150,1777614946.0368974,0.3743750751018524,2.28e-05,3.7426328659057617,5.153296947479248,115762790400.0,2782.1020865812275,31.12640528436333,10.438489066109568,wandb
1175,1777615141.4736702,0.42267701029777527,2.28e-05,3.7230255603790283,4.922863960266113,118279372800.0,1518.0066197713004,16.983592909565356,5.69558377429513,wandb
1200,1777615674.3299916,0.3839781880378723,2.28e-05,3.7060513496398926,5.193299293518066,120795955200.0,878.8107700813079,9.832212962188,3.2973112880792304,wandb
1225,1777616326.6571045,0.3933195173740387,2.28e-05,3.6893467903137207,5.47233772277832,123312537600.0,271.39531264410215,3.0363948664506273,1.0182793137940216,wandb
1250,1777616611.7294095,0.40668416023254395,2.28e-05,3.670816421508789,5.246143341064453,125829120000.0,2464.05277825368,27.56804136983857,9.245163255574512,wandb
1275,1777616867.7392192,0.3654688894748688,2.28e-05,3.6526594161987305,4.619966506958008,128345702400.0,680.005288940352,7.607959578894485,2.551390118909391,wandb
1300,1777617105.1426988,0.3596937656402588,2.28e-05,3.6377575397491455,4.993307113647461,130862284800.0,2779.7759750466103,31.10038054188089,10.429761460484395,wandb
1325,1777758084.7958503,0.3714406192302704,2.28e-05,3.6215660572052,4.533309459686279,133378867200.0,2387.3570757706834,26.70996303742616,8.957399820994672,wandb
1350,1777758305.3989346,0.3441571295261383,2.28e-05,3.604421615600586,4.417375564575195,135895449600.0,2384.4564602066066,26.677510692827788,8.946516667570274,wandb
1375,1777758568.4346821,0.3213171064853668,2.28e-05,3.591414213180542,4.909097671508789,138412032000.0,2034.58321165899,22.763097708136637,7.633786952473279,wandb
1400,1777758804.7839475,0.3375343382358551,2.28e-05,3.5745131969451904,5.067187309265137,140928614400.0,2242.336738766109,25.087462624572407,8.413281325312155,wandb
1425,1777759101.7373672,0.3538753390312195,2.28e-05,3.561923027038574,4.61964750289917,143445196800.0,1704.7503138344352,19.07289794755954,6.396248936096708,wandb
1450,1777759320.4057758,0.3814912736415863,2.28e-05,3.5538406372070312,4.925729751586914,145961779200.0,2677.8182604308945,29.959668573652557,10.047214574676365,wandb
1475,1777759544.041129,0.342157781124115,2.28e-05,3.5369362831115723,5.0730485916137695,148478361600.0,1618.1966051086922,18.104527365596876,6.071498113140692,wandb
1500,1777759755.033995,0.3988412916660309,2.28e-05,3.5300650596618652,4.801997184753418,150994944000.0,1906.0157274799835,21.32467327423516,7.151399809193088,wandb
1525,1777760024.5186656,0.419074684381485,2.28e-05,3.520331859588623,4.485658645629883,153511526400.0,2796.054266542979,31.282503513175453,10.490837856141965,wandb
1550,1777760220.1432354,0.33328089118003845,2.28e-05,3.501960515975952,5.204975605010986,156028108800.0,2078.5709677332648,23.255236630615972,7.798829677914116,wandb
1575,1777760387.0090895,0.35901814699172974,2.28e-05,3.4950015544891357,4.6589508056640625,158544691200.0,2417.433535478352,27.046461140387624,9.070247152269845,wandb
1600,1777760544.814413,0.3219269812107086,2.28e-05,3.4789538383483887,5.147241592407227,161061273600.0,2832.2479869967656,31.687442072772996,10.626637242167712,wandb
1625,1777760777.1916277,0.3104531466960907,2.28e-05,3.468689441680908,4.7143096923828125,163577856000.0,2886.257178463154,32.291701704643444,10.82928054462255,wandb
1650,1777760921.4527428,0.35573703050613403,2.28e-05,3.459846019744873,5.736045837402344,166094438400.0,2919.1250011388815,32.65942982445391,10.952601111931068,wandb
1675,1777761073.7397904,0.3808584213256836,2.28e-05,3.4530649185180664,4.543169975280762,168611020800.0,2594.582415031131,29.028418541313386,9.734912425051975,wandb
1700,1777761220.784817,0.35449686646461487,2.28e-05,3.4445338249206543,4.884293556213379,171127603200.0,2697.7209377930767,30.18234149597529,10.121889720866541,wandb
1725,1777761457.167503,0.35623228549957275,2.28e-05,3.4284067153930664,4.373615741729736,173644185600.0,2721.977723130475,30.453728565108854,10.212901545969821,wandb
1750,1777761618.8902652,0.31362101435661316,2.28e-05,3.4201207160949707,4.663815498352051,176160768000.0,2607.9238508591375,29.17768371050355,9.784969693866286,wandb
1775,1777761766.7747076,0.32383841276168823,2.28e-05,3.4101898670196533,4.15960693359375,178677350400.0,2491.0078571930244,27.869617187485527,9.346299119043213,wandb
1800,1777761921.6927865,0.40270546078681946,2.28e-05,3.406475305557251,5.166426658630371,181193932800.0,2546.5864064004095,28.491434933171433,9.554830675455092,wandb
1825,1777762152.1557832,0.2990361452102661,2.28e-05,3.393059492111206,4.684229850769043,183710515200.0,2863.15214899638,32.033200582503206,10.742590124948757,wandb
1850,1777762302.973681,0.346459299325943,2.28e-05,3.386974334716797,4.913998603820801,186227097600.0,2671.084628196188,29.884332098048645,10.021949884787304,wandb
1875,1777762452.7327874,0.33458811044692993,2.28e-05,3.3779921531677246,4.6364874839782715,188743680000.0,2800.9667497573932,31.337464811764033,10.509269567389529,wandb
1900,1777762599.2932832,0.35802966356277466,2.28e-05,3.3713138103485107,4.898090362548828,191260262400.0,2836.540010738251,31.73546161566179,10.642740980097772,wandb
1925,1777762832.4281478,0.32344767451286316,2.28e-05,3.36081600189209,5.154736042022705,193776844800.0,2882.708504846039,32.25199882897939,10.815965867591064,wandb
1950,1777762983.8158019,0.30832260847091675,2.28e-05,3.35610294342041,4.841823577880859,196293427200.0,2757.411987816826,30.850170266116347,10.345851442480855,wandb
1975,1777763136.6450522,0.30046194791793823,2.28e-05,3.3448901176452637,4.444248199462891,198810009600.0,2523.2032384370978,28.22982197282433,9.467096675939647,wandb
2000,1777763286.5241733,0.2896365821361542,2.28e-05,3.339365005493164,4.885502815246582,201326592000.0,2782.6939770937165,31.133027407995876,10.440709848255828,wandb
2025,1777763526.73818,0.3204779326915741,2.28e-05,3.3325846195220947,4.501162528991699,203843174400.0,2616.820820514909,29.27722379734793,9.818351258446974,wandb
2050,1777763674.8449206,0.2808244526386261,2.28e-05,3.320584535598755,4.28452205657959,206359756800.0,2576.872513843593,28.83027859362127,9.668464608201672,wandb
2075,1777763828.156128,0.2810918390750885,2.28e-05,3.317753791809082,5.022831439971924,208876339200.0,2736.415220750182,30.615256570989924,10.267071255187963,wandb
2100,1777763978.1983607,0.3056611716747284,2.28e-05,3.314223527908325,4.705943584442139,211392921600.0,2676.2090463599748,29.9416645436774,10.041176779167227,wandb
2125,1777764209.835383,0.30668261647224426,2.28e-05,3.3039770126342773,4.6261091232299805,213909504000.0,2872.040183866976,32.13264070617734,10.775938166080463,wandb
2150,1777764366.04907,0.295626699924469,2.28e-05,3.298647165298462,4.373320579528809,216426086400.0,2400.2867452773385,26.85462132843502,9.005912136349528,wandb
2175,1777764525.4597635,0.3003045916557312,2.28e-05,3.2937703132629395,4.637646675109863,218942668800.0,2633.166492455353,29.460100627036347,9.879680466548825,wandb
2200,1777764688.4017813,0.2838405668735504,2.28e-05,3.2877700328826904,4.468832015991211,221459251200.0,2510.293020321209,28.08538130570327,9.418657342496857,wandb
2225,1777764935.451079,0.2902727425098419,2.28e-05,3.2823803424835205,4.220649719238281,223975833600.0,2451.544637267883,27.428099177366292,9.198232521599166,wandb
2250,1777765100.7956307,0.30101242661476135,2.28e-05,3.2795300483703613,4.5099334716796875,226492416000.0,2406.201489876796,26.920796016432345,9.028104347457834,wandb
2275,1777765267.921602,0.3074095845222473,2.28e-05,3.2709743976593018,4.362897872924805,229008998400.0,2614.800161905846,29.254616489330587,9.810769716813839,wandb
2300,1777765438.860576,0.30648767948150635,2.28e-05,3.2667758464813232,4.619527816772461,231525580800.0,2380.594127226169,26.634298568343887,8.932025135868244,wandb
2325,1777765688.6476426,0.3091176748275757,2.28e-05,3.254498243331909,4.389101028442383,234042163200.0,2471.359979337626,27.649794984679048,9.272579984452483,wandb
2350,1777765853.66321,0.29555365443229675,2.28e-05,3.2555670738220215,4.396976470947266,236558745600.0,2729.223341550087,30.53479318763025,10.240087215760703,wandb
2375,1777766024.1586506,0.2765754759311676,2.28e-05,3.247279644012451,4.259217262268066,239075328000.0,2660.0597805605803,29.7609851233422,9.980584489874268,wandb
2400,1777766189.6922765,0.321083128452301,2.28e-05,3.245142698287964,4.534877300262451,241591910400.0,2507.8136331205114,28.057641701452937,9.409354644256572,wandb
2425,1777766446.238746,0.29577088356018066,2.28e-05,3.2406086921691895,4.581214904785156,244108492800.0,2452.2376890967626,27.435853102792976,9.200832862533058,wandb
2450,1777766612.932736,0.27901721000671387,2.28e-05,3.230926513671875,4.269909858703613,246625075200.0,2573.8860221641394,28.79686545941551,9.657259246294801,wandb
2475,1777766782.0922196,0.2771470546722412,2.28e-05,3.227257013320923,4.480494976043701,249141657600.0,2554.0305238840897,28.574720380854693,9.582761116733659,wandb
2500,1777766958.1630776,0.2858070731163025,2.28e-05,3.225224018096924,4.876017093658447,251658240000.0,2455.598825173154,27.473457791792086,9.213443895878076,wandb
2525,1777767216.134948,0.3132492005825043,2.28e-05,3.223627805709839,4.89945125579834,254174822400.0,2328.9400298856613,26.05638793876151,8.738218182158926,wandb
2550,1777767391.627337,0.30572178959846497,2.28e-05,3.212362051010132,4.538218975067139,256691404800.0,2334.5453723283244,26.119101007943808,8.759249511699906,wandb
2575,1777767555.4476166,0.2955920100212097,2.28e-05,3.2094616889953613,4.179767608642578,259207987200.0,2533.9830496861855,28.350427458671312,9.50754269062799,wandb
2600,1777767729.2805176,0.2596820592880249,2.28e-05,3.2073309421539307,4.68127965927124,261724569600.0,2542.7286415714557,28.448273917572134,9.540356283526455,wandb
2625,1777767970.3674073,0.27657145261764526,2.28e-05,3.202646255493164,4.737085342407227,264241152000.0,2324.390481718361,26.0054871897203,8.72114820869204,wandb
2650,1777768123.153376,0.3120773732662201,2.28e-05,3.1997570991516113,4.336208343505859,266757734400.0,2791.543075036766,31.232031901865778,10.473911797447046,wandb
2675,1777768277.8227556,0.27470889687538147,2.28e-05,3.190891981124878,4.416374683380127,269274316800.0,2745.0654663853584,30.712036287574897,10.299527107515406,wandb
2700,1777768432.7256598,0.26986223459243774,2.28e-05,3.187675952911377,4.572878360748291,271790899200.0,2623.7827617614703,29.35511461445762,9.844472567198238,wandb
2725,1777768693.6947138,0.2580762803554535,2.28e-05,3.182140350341797,3.955779790878296,274307481600.0,2854.2286999443713,31.9333642418215,10.709109209273286,wandb
2750,1777768852.318923,1.1039303541183472,2.28e-05,3.1810500621795654,5.299558639526367,276824064000.0,2383.1600369303046,26.66300619404865,8.941652467848776,wandb
2775,1777769004.7969992,0.26983916759490967,2.28e-05,3.177213430404663,5.098935127258301,279340646400.0,2646.324682501784,29.607315626144157,9.92905019442184,wandb
2800,1777769157.5178003,0.28380757570266724,2.28e-05,3.174994945526123,4.507028579711914,281857228800.0,2545.1151925198847,28.47497486158525,9.549310658745483,wandb
2825,1777769410.159139,0.2814643085002899,2.28e-05,3.1715166568756104,4.435667991638184,284373811200.0,2733.3605944661435,30.58108114077554,10.255610251215183,wandb
2850,1777769568.1862054,0.30172017216682434,2.28e-05,3.1639697551727295,4.606603622436523,286890393600.0,2280.4170842336744,25.513508912416775,8.556159356896293,wandb
2875,1777769720.9445987,0.2522001266479492,2.28e-05,3.162734270095825,4.832725524902344,289406976000.0,2754.570934012667,30.818384303778927,10.335191765679639,wandb
2900,1777769877.2351894,0.2812872529029846,2.28e-05,3.1578078269958496,4.43655252456665,291923558400.0,2501.562353913821,27.987701834374853,9.385899750216927,wandb
2925,1777770698.4834466,0.277681827545166,2.28e-05,3.1549463272094727,5.051602363586426,294440140800.0,1262.56382001826,14.125676174433552,4.737158529909089,wandb
2950,1777771023.945994,0.26164740324020386,2.28e-05,3.1491827964782715,4.459382057189941,296956723200.0,2536.918691610245,28.383271681296634,9.518557263484288,wandb
2975,1777771208.1915758,0.31192684173583984,2.28e-05,3.1478281021118164,4.7553815841674805,299473305600.0,2430.9171896766584,27.197317461338248,9.120838026558424,wandb
3000,1777771363.2592988,0.3183150887489319,2.28e-05,3.148177146911621,4.322476387023926,301989888000.0,2686.323816205372,30.054829487222946,10.07912754846022,wandb
3025,1777771605.1440518,0.2397499680519104,2.28e-05,3.1387767791748047,4.241805076599121,304506470400.0,2780.6446844503103,31.11009973985868,10.43302087129318,wandb
3050,1777771755.599738,0.3045279383659363,2.28e-05,3.140448570251465,4.604797840118408,307023052800.0,2634.957582417931,29.480139500643773,9.886400663151592,wandb
3075,1777771907.1740408,0.2584505081176758,2.28e-05,3.1300792694091797,4.229504585266113,309539635200.0,2747.704593726475,30.741563078706275,10.3094291531762,wandb
3100,1777772062.1917603,0.278852641582489,2.28e-05,3.131331205368042,4.68034553527832,312056217600.0,2587.5639112284152,28.949894897300872,9.708578892735364,wandb
3125,1777772319.1822438,0.2796240746974945,2.28e-05,3.128544807434082,4.736706256866455,314572800000.0,2407.1909094308544,26.931865730295264,9.03181666457468,wandb
3150,1777772490.6820533,0.2893435060977936,2.28e-05,3.1262316703796387,4.419342041015625,317089382400.0,2378.2228837538933,26.607768885733766,8.923128194531037,wandb
3175,1777772645.1363146,0.2946387827396393,2.28e-05,3.121518611907959,4.258738040924072,319605964800.0,2756.6374178807755,30.841504308865222,10.342945244377127,wandb
3200,1777772799.4566343,0.26562607288360596,2.28e-05,3.1157867908477783,4.062953948974609,322122547200.0,2732.3147397926314,30.569380025782927,10.251686188677416,wandb
3225,1777773040.2433236,0.26273488998413086,2.28e-05,3.1167984008789062,4.311849594116211,324639129600.0,2626.522997454126,29.38577261480767,9.854753972921744,wandb
3250,1777773229.485741,0.2945317327976227,2.28e-05,3.1139187812805176,4.358013153076172,327155712000.0,2459.4802192013112,27.516883172971102,9.228006944919159,wandb
3275,1777773384.0814545,0.27384695410728455,2.28e-05,3.114023447036743,4.334369659423828,329672294400.0,2495.923746388346,27.924616592491056,9.364743609582606,wandb
3300,1777773536.5689683,0.2517313063144684,2.28e-05,3.109355926513672,4.195705890655518,332188876800.0,2658.4477546013627,29.742949633710985,9.97453614411775,wandb
3325,1777773781.153828,0.2402908354997635,2.28e-05,3.107779026031494,4.776155471801758,334705459200.0,2440.492944370973,27.30445185549168,9.156766402860095,wandb
3350,1777773992.1665845,0.25933969020843506,2.28e-05,3.1040492057800293,4.173174858093262,337222041600.0,282.10344419084095,3.156198393420283,1.0584563851560767,wandb
3375,1777774151.771609,0.28186073899269104,2.28e-05,3.101609945297241,4.314117431640625,339738624000.0,2743.8089454915807,30.697978220196052,10.29481262213606,wandb
3400,1777774306.8195248,0.2913077771663666,2.28e-05,3.0951592922210693,4.337099075317383,342255206400.0,2682.7017556189453,30.014305551627114,10.065537522411008,wandb
3425,1777774571.7154915,0.28021079301834106,2.28e-05,3.0962610244750977,4.049105167388916,344771788800.0,2771.8858817562714,31.012105477255812,10.4001577112406,wandb
3450,1777774730.4459105,0.24023102223873138,2.28e-05,3.092653751373291,3.9566750526428223,347288371200.0,2712.8567228867605,30.351682004145484,10.178679415238092,wandb
3475,1777774886.2481506,0.2605344355106354,2.28e-05,3.084930181503296,4.354048728942871,349804953600.0,2660.995606373489,29.7714552256683,9.984095722464525,wandb
3500,1777775053.6042585,0.2884080708026886,2.28e-05,3.091987133026123,4.654712200164795,352321536000.0,2589.355140857769,28.969935333512595,9.715299613369984,wandb
3525,1777775298.3928776,0.263356477022171,2.28e-05,3.0854077339172363,4.5113606452941895,354838118400.0,2747.9043153197827,30.743797581633867,10.310178511612062,wandb
3550,1777775518.332127,0.2825997471809387,2.28e-05,3.081251859664917,4.302826404571533,357354700800.0,766.4130752302098,8.574697567681886,2.875593438681092,wandb
3575,1777776479.3156633,0.23691998422145844,2.28e-05,3.078726291656494,4.130087852478027,359871283200.0,1582.1868676139009,17.70164722368815,5.9363890339570595,wandb
3600,1777776763.8782556,0.26647183299064636,2.28e-05,3.077559471130371,4.435816764831543,362387865600.0,1299.937337211135,14.543814404751716,4.877384531126493,wandb
3625,1777777149.6215043,0.2808215320110321,2.28e-05,3.0766234397888184,4.175257682800293,364904448000.0,1278.1183044731486,14.299701128250808,4.795519190610381,wandb
3650,1777777475.9160311,0.25772660970687866,2.28e-05,3.0705039501190186,4.6515326499938965,367421030400.0,1465.9003771385226,16.400623638288092,5.5000803646173475,wandb
3675,1777777761.0480905,0.27951735258102417,2.28e-05,3.0681071281433105,4.675326347351074,369937612800.0,1466.063457048778,16.402448190810745,5.500692242904745,wandb
3700,1777778028.3098834,0.2732803225517273,2.28e-05,3.071605682373047,4.151352882385254,372454195200.0,1475.5152410546089,16.508195589888857,5.5361554793100405,wandb
3725,1777778342.6963923,0.24161437153816223,2.28e-05,3.062854290008545,4.384983062744141,374970777600.0,1831.2998083508596,20.488744933853994,6.871064551671288,wandb
3750,1777778554.7544224,0.23667721450328827,2.28e-05,3.060847282409668,4.287198543548584,377487360000.0,1639.8118524848726,18.346360673367233,6.152598847900134,wandb
3775,1777778743.6959984,0.24555480480194092,2.28e-05,3.0580077171325684,4.232973575592041,380003942400.0,2404.606048808714,26.902946080036422,9.02211822846345,wandb
3800,1777778942.4028063,0.28240346908569336,2.28e-05,3.0590648651123047,4.433047771453857,382520524800.0,1458.9427227524563,16.32278078295443,5.473975140231434,wandb
3825,1777779236.0428557,0.2602657973766327,2.28e-05,3.05592942237854,4.444354057312012,385037107200.0,2181.158217433128,24.402991893288604,8.183738588870073,wandb
3850,1777779409.2179203,0.24909871816635132,2.28e-05,3.0530807971954346,5.33156681060791,387553689600.0,2419.3288905819713,27.0676665416551,9.077358553257234,wandb
3875,1777779586.8578665,0.2616889178752899,2.28e-05,3.053438186645508,4.7538886070251465,390070272000.0,2676.3440025903633,29.943174445971422,10.041683136982819,wandb
3900,1777779789.4839625,0.2440982460975647,2.28e-05,3.048449754714966,4.1530351638793945,392586854400.0,2668.250993468811,29.85262914100131,10.011318044474276,wandb
3925,1777780052.7889638,0.26361367106437683,2.28e-05,3.045501708984375,4.058230400085449,395103436800.0,2363.9840462746565,26.448463507151658,8.869703861161671,wandb
3950,1777780228.5532708,0.22729942202568054,2.28e-05,3.044245719909668,3.982649803161621,397620019200.0,2746.2254024971626,30.72501375583321,10.303879205333402,wandb
3975,1777780417.3945763,0.27060624957084656,2.28e-05,3.0416152477264404,3.9941954612731934,400136601600.0,2732.5087869123267,30.571551042195672,10.252414256402544,wandb
4000,1777780606.572986,0.23943331837654114,2.28e-05,3.042238235473633,4.351500988006592,402653184000.0,2283.5348823115614,25.548391114272412,8.567857382394113,wandb
4025,1777780874.5899763,0.2569705545902252,2.28e-05,3.042550563812256,4.289437294006348,405169766400.0,2682.679006814863,30.01405103598622,10.065452168554359,wandb
4050,1777781028.3341877,0.24920590221881866,2.28e-05,3.038571357727051,4.4521684646606445,407686348800.0,2301.9051911363026,25.753919761274894,8.63678305867789,wandb
4075,1777781195.3923786,0.26340731978416443,2.28e-05,3.034850597381592,4.316677093505859,410202931200.0,2847.654280643866,31.859809054668634,10.684441888719036,wandb
4100,1777781361.4033403,0.25187259912490845,2.28e-05,3.032435894012451,4.156415939331055,412719513600.0,2733.885407661801,30.58695279742876,10.257579358255159,wandb
4125,1777781609.956072,0.2635405659675598,2.28e-05,3.0358834266662598,4.334270477294922,415236096000.0,2584.6048038935264,28.916788141574713,9.697476277303076,wandb
4150,1777781769.0584912,0.25219398736953735,2.28e-05,3.0286543369293213,4.437068939208984,417752678400.0,2616.9233022677977,29.278370372302906,9.818735771532301,wandb
4175,1777781929.3413644,0.258302241563797,2.28e-05,3.029522180557251,4.389010429382324,420269260800.0,2610.681481149138,29.20853632315389,9.795316364381858,wandb
4200,1777782090.7383754,0.258958101272583,2.28e-05,3.029317855834961,4.508951187133789,422785843200.0,2537.027096255691,28.384484522099687,9.518963999351982,wandb
4225,1777782377.1615124,0.2525850236415863,2.28e-05,3.0260009765625,4.571221351623535,425302425600.0,2416.3798388634254,27.034672289057852,9.0662936666494,wandb
4250,1777783253.3449905,0.23223477602005005,2.28e-05,3.022179126739502,4.092970371246338,427819008000.0,1300.0807901814335,14.54541936932663,4.877922768838611,wandb
4275,1777783897.405552,0.26137804985046387,2.28e-05,3.0247139930725098,4.612102031707764,430335590400.0,982.2800109154098,10.989836020019535,3.6855294430976393,wandb
4300,1777784148.8883193,0.2380571961402893,2.28e-05,3.0209808349609375,4.52595329284668,432852172800.0,2849.417965768871,31.879541320518864,10.691059261957145,wandb
4325,1777784450.2554722,0.24946117401123047,2.28e-05,3.0223910808563232,4.1973161697387695,435368755200.0,2648.738468897442,29.63432128276025,9.938106757450397,wandb
4350,1777784622.6109133,0.25155025720596313,2.28e-05,3.017840623855591,4.617255210876465,437885337600.0,2683.9696436308445,30.028490795333273,10.0702946573893,wandb
4375,1777784820.4262743,0.28523188829421997,2.28e-05,3.0162553787231445,4.605607509613037,440401920000.0,2611.62688229126,29.21911355511382,9.798863523752006,wandb
4400,1777784982.0756972,0.25040680170059204,2.28e-05,3.014263391494751,4.261135101318359,442918502400.0,2445.5789637214516,27.361354691786104,9.175849224312284,wandb
4425,1777785234.4247434,0.2254614382982254,2.28e-05,3.009580612182617,4.697368621826172,445435084800.0,2448.728284400834,27.39658957130749,9.187665523087215,wandb
4450,1777785401.279691,0.2553233504295349,2.28e-05,3.008937358856201,4.059258937835693,447951667200.0,2097.6157275179244,23.468311094870845,7.870285904390388,wandb
4475,1777786215.1555083,0.24023140966892242,2.28e-05,3.00874662399292,4.678668022155762,450468249600.0,1935.7008108209102,21.65679262363877,7.262778690426592,wandb
4500,1777786438.5852978,0.2781607210636139,2.28e-05,3.006157875061035,4.556881904602051,452984832000.0,1746.8542993128356,19.54396107727312,6.554223725798259,wandb
4525,1777786704.3479047,0.2686022222042084,2.28e-05,3.007097005844116,4.08204460144043,455501414400.0,2402.796890089214,26.882705051571463,9.015330237611696,wandb
4550,1777786881.579097,0.2902624011039734,2.28e-05,3.000671148300171,3.8623127937316895,458017996800.0,2700.473849771831,30.213141319740267,10.132218688207024,wandb
4575,1777787046.3149352,0.24778342247009277,2.28e-05,3.002626657485962,4.396322250366211,460534579200.0,2664.9054767139064,29.815199202358492,9.998765615059483,wandb
4600,1777787208.914915,0.2511255443096161,2.28e-05,3.0031425952911377,4.336660861968994,463051161600.0,2796.5451641684567,31.28799571941672,10.492679711450167,wandb
4625,1777787447.1378148,0.2495422065258026,2.28e-05,3.005587577819824,4.653543472290039,465567744000.0,2606.1953727900873,29.15834534432285,9.778484418034095,wandb
4650,1777787601.0901773,0.24457117915153503,2.28e-05,2.9987943172454834,4.98527717590332,468084326400.0,2884.808615969005,32.2754950587802,10.823845516256883,wandb
4675,1777787764.7946503,0.24710968136787415,2.28e-05,2.99770450592041,4.17276668548584,470600908800.0,2789.0483262123457,31.204120430404636,10.464551462162442,wandb
4700,1777787915.032491,0.27617406845092773,2.28e-05,2.999993085861206,4.503877639770508,473117491200.0,2818.170790621843,31.52994514922485,10.573819388664111,wandb
4725,1777788153.6872087,0.2792220413684845,2.28e-05,2.9941763877868652,4.102631092071533,475634073600.0,2626.4100338491735,29.38450876796068,9.854330131769094,wandb
4750,1777788308.2497156,0.2571166157722473,2.28e-05,2.989910125732422,4.519384384155273,478150656000.0,2658.8328797683,29.747258448290115,9.975981139563295,wandb
4775,1777788460.5674884,0.2588416635990143,2.28e-05,2.9890494346618652,4.463963508605957,480667238400.0,2777.530701059454,31.075260217060407,10.42133715855874,wandb
4800,1777788637.772339,0.27810224890708923,2.28e-05,2.993398666381836,4.298892021179199,483183820800.0,2582.940683615767,28.898169816080006,9.691232472876246,wandb
4825,1777788896.4893844,0.25074639916419983,2.28e-05,2.9868645668029785,4.720097541809082,485700403200.0,2753.3799910669322,30.805059928308204,10.330723329752226,wandb
4850,1777789045.842593,0.26677095890045166,2.28e-05,2.985259532928467,4.14882230758667,488216985600.0,2772.2983729632024,31.016720465521374,10.401705384481703,wandb
4875,1777789200.247623,0.2385697364807129,2.28e-05,2.982750415802002,4.577781677246094,490733568000.0,2783.705399018484,31.144343286336806,10.44450471860003,wandb
4900,1777789353.5224261,0.2722836434841156,2.28e-05,2.9868900775909424,4.571682929992676,493250150400.0,2820.979805318972,31.561372655186727,10.584358854251644,wandb
4925,1777789595.8489149,0.2607954740524292,2.28e-05,2.9805774688720703,4.159539222717285,495766732800.0,2674.180882518497,29.9189732664531,10.03356707778867,wandb
4950,1777789744.6384225,0.26522132754325867,2.28e-05,2.982581615447998,4.645257949829102,498283315200.0,2832.0144909545256,31.68482969831049,10.625761161489129,wandb
4975,1777789898.0235229,0.2641768753528595,2.28e-05,2.9782190322875977,3.8570187091827393,500799897600.0,2807.468980815766,31.410212350451292,10.533666036568542,wandb
5000,1777790050.6011133,0.2705632448196411,2.28e-05,2.97917103767395,4.512386322021484,503316480000.0,2720.886883450662,30.441524153869636,10.208808699008694,wandb
5025,1778113322.1429255,0.20974430441856384,2.28e-05,2.9757189750671387,3.8344974517822266,505833062400.0,1925.55551485294,21.54328615112219,7.2247133866604605,wandb
5050,1778113562.032894,0.23246780037879944,2.28e-05,2.9727725982666016,3.7312424182891846,508349644800.0,2128.9539470012396,23.81892587828689,7.98786737740884,wandb
5075,1778113905.690195,0.2618335485458374,2.28e-05,2.973903179168701,4.506505012512207,510866227200.0,1254.707365237549,14.037777460442367,4.707680992861693,wandb
5100,1778114251.1939886,0.2764574885368347,2.28e-05,2.9705381393432617,4.414895534515381,513382809600.0,1965.502569718264,21.990217349532212,7.3745953401107665,wandb
5125,1778114561.360995,0.27945592999458313,2.28e-05,2.971670627593994,4.050534725189209,515899392000.0,2133.9804943111453,23.875163336108365,8.006727058866183,wandb
5150,1778114763.1732304,0.25214409828186035,2.28e-05,2.9717507362365723,4.484068393707275,518415974400.0,2093.515168239544,23.422433673403443,7.854900544018905,wandb
5175,1778114961.479966,0.2588331401348114,2.28e-05,2.969362258911133,4.459547996520996,520932556800.0,2120.099817951842,23.719865095952233,7.9546465514305815,wandb
5200,1778115142.1287184,0.2380821704864502,2.28e-05,2.968981981277466,4.213987350463867,523449139200.0,2730.7598110816557,30.5519833452371,10.245852072659034,wandb
5225,1778115395.0801911,0.28764984011650085,2.28e-05,2.967588424682617,3.6735267639160156,525965721600.0,2565.9803150208604,28.70841570561673,9.627596913638852,wandb
5250,1778115552.54586,0.2801228165626526,2.28e-05,2.9656171798706055,4.702122688293457,528482304000.0,2704.469598393214,30.25784611026664,10.147210797409775,wandb
5275,1778115721.4543073,0.2701156735420227,2.28e-05,2.9670755863189697,4.069720268249512,530998886400.0,2376.0738974933224,26.583725836551753,8.91506516561043,wandb
5300,1778115892.9397366,0.2534004747867584,2.28e-05,2.961559772491455,4.616330146789551,533515468800.0,2579.0837712502976,28.855018337917897,9.676761279403484,wandb
5325,1778116150.8710835,0.29016393423080444,2.28e-05,2.965189218521118,4.124804496765137,536032051200.0,2194.8910467350684,24.55663600743341,8.235264371912496,wandb
5350,1778116379.6165814,0.2750471830368042,2.28e-05,2.963149070739746,5.1453399658203125,538548633600.0,2192.7118511981444,24.532254974184003,8.227087997330552,wandb
5375,1778116587.8905644,0.2538900375366211,2.28e-05,2.9596047401428223,4.051501274108887,541065216000.0,2139.0324354231425,23.931684902043422,8.02568201825267,wandb
5400,1778116788.34932,0.25660440325737,2.28e-05,2.961796283721924,4.586559295654297,543581798400.0,1682.850283343188,18.82787846099996,6.314079690786494,wandb
5425,1778117243.6190846,0.2578912675380707,2.28e-05,2.9560017585754395,3.922429084777832,546098380800.0,939.1679907861582,10.507494909086494,3.523772492154801,wandb
5450,1778117437.14372,0.2930183410644531,2.28e-05,2.957160711288452,4.170291423797607,548614963200.0,1947.55756265649,21.789447016434213,7.307265402467905,wandb
5475,1778117617.713028,0.25377005338668823,2.28e-05,2.9538097381591797,3.707554578781128,551131545600.0,2646.5026848880884,29.609307132654436,9.92971806206485,wandb
5500,1778117820.335744,0.2501814067363739,2.28e-05,2.95438814163208,4.48291015625,553648128000.0,985.0759446120966,11.021117174586449,3.6960198285738595,wandb
5525,1778118305.5115345,0.2621121406555176,2.28e-05,2.954415798187256,4.2527055740356445,556164710400.0,1432.2897590762134,16.024585057708553,5.373972817794818,wandb
5550,1778118580.1698837,0.280078262090683,2.28e-05,2.951885223388672,4.465620040893555,558681292800.0,2348.1947822224156,26.27181181834328,8.81046230386362,wandb
5575,1778118938.0849519,0.2557864487171173,2.28e-05,2.949434757232666,3.854259967803955,561197875200.0,1816.8291863288118,20.326846329217027,6.8167705591950565,wandb
5600,1778119254.6696985,0.27205467224121094,2.28e-05,2.951442241668701,4.5322794914245605,563714457600.0,1850.6200724325272,20.704901764657386,6.943554474432771,wandb
5625,1778119527.443244,0.24455967545509338,2.28e-05,2.9458446502685547,4.712861061096191,566231040000.0,2217.6335966389875,24.81108167602465,8.320594762789431,wandb
5650,1778119770.0945663,0.25104185938835144,2.28e-05,2.9490842819213867,4.410600662231445,568747622400.0,2040.9993670981496,22.834882225149876,7.657860464628408,wandb
5675,1778119983.2663682,0.2650294899940491,2.28e-05,2.9453063011169434,4.13165283203125,571264204800.0,1722.4809012652802,19.271269334779376,6.462774368044466,wandb
5700,1778120181.1747081,0.2490009218454361,2.28e-05,2.9451467990875244,4.438332557678223,573780787200.0,2356.8066914531387,26.36816262382973,8.842774317422295,wandb
5725,1778120471.3930106,0.251891553401947,2.28e-05,2.9433889389038086,4.067023277282715,576297369600.0,596.5253193143407,6.673978263026009,2.238172011499429,wandb
5750,1778120726.7036002,0.2637854814529419,2.28e-05,2.9401538372039795,3.8434674739837646,578813952000.0,2662.5172699705654,29.788479733164813,9.989805027272926,wandb
5775,1778120883.9640844,0.24813824892044067,2.28e-05,2.943333148956299,4.477713584899902,581330534400.0,2597.2579481518897,29.05835264354139,9.744951065748072,wandb
5800,1778121056.6986818,0.29060235619544983,2.28e-05,2.942566394805908,4.271781921386719,583847116800.0,2298.4043594164104,25.714752145006855,8.62364788516767,wandb
5825,1778121325.924083,0.2444450408220291,2.28e-05,2.938631057739258,4.210585594177246,586363699200.0,2553.6379908094186,28.570328685945775,9.58128832670636,wandb
5850,1778121478.659292,0.23373548686504364,2.28e-05,2.9365177154541016,4.084635257720947,588880281600.0,2787.7891497899373,31.19003265273557,10.459827013199547,wandb
5875,1778121630.9802995,0.26468268036842346,2.28e-05,2.938840389251709,4.329275131225586,591396864000.0,2837.9601218156945,31.75134994454753,10.648069258318062,wandb
5900,1778121802.1176353,0.24691137671470642,2.28e-05,2.939253568649292,4.072299003601074,593913446400.0,2244.090144403159,25.107079882598246,8.419860129756131,wandb
5925,1778122047.6618302,0.2883969247341156,2.28e-05,2.9367868900299072,3.8654417991638184,596430028800.0,2352.635037945351,26.321489793808276,8.82712221042785,wandb
5950,1778122209.2010767,0.2920539081096649,2.28e-05,2.9402294158935547,4.260964393615723,598946611200.0,2634.9372281771102,29.479911775589365,9.886324293732482,wandb
5975,1778122366.7960794,0.26590874791145325,2.28e-05,2.9347009658813477,4.01006555557251,601463193600.0,2626.5538174765625,29.386117431956496,9.854869610111612,wandb
6000,1778122520.5724995,0.24765099585056305,2.28e-05,2.935812473297119,4.258028984069824,603979776000.0,2702.6875376296207,30.23790825613954,10.140524478498032,wandb
6025,1778122766.6619785,0.23964224755764008,2.28e-05,2.9279468059539795,4.070777893066406,606496358400.0,2736.6234403024405,30.61758614983715,10.267852498094213,wandb
6050,1778123035.2621174,0.26244816184043884,2.28e-05,2.9329776763916016,4.1357927322387695,609012940800.0,2487.8101773274475,27.833841261093156,9.334301375870977,wandb
6075,1778123417.6654463,0.2800289988517761,2.28e-05,2.928223133087158,3.951079845428467,611529523200.0,1258.6814151140873,14.082239483483875,4.722591688045921,wandb
6100,1778123705.3217595,0.2679934799671173,2.28e-05,2.9308857917785645,4.2785444259643555,614046105600.0,644.3854420015648,7.2094415671610905,2.417743914983088,wandb
6125,1778124040.033809,0.26892533898353577,2.28e-05,2.9299652576446533,4.404562950134277,616562688000.0,2331.2943580756873,26.082728371691207,8.747051657101542,wandb
6150,1778124353.2808754,0.2543022632598877,2.28e-05,2.9249956607818604,3.961860179901123,619079270400.0,1963.9458815423022,21.972800983935826,7.36875462255317,wandb
6175,1778124539.7665486,0.27153414487838745,2.28e-05,2.924705743789673,4.244373321533203,621595852800.0,2485.54111065006,27.808454741540814,9.325787803412071,wandb
6200,1778124757.2494645,0.28124621510505676,2.28e-05,2.926274299621582,4.688804626464844,624112435200.0,1626.944405239173,18.202398530541274,6.104319991408555,wandb
6225,1778125000.5865483,0.2581033706665039,2.28e-05,2.9266879558563232,4.560062408447266,626629017600.0,2632.2425921857384,29.449763948747993,9.876213978777201,wandb
6250,1778125155.4596603,0.250788152217865,2.28e-05,2.9199025630950928,4.250441551208496,629145600000.0,2698.6180429524743,30.192378388190274,10.125255672979762,wandb
6275,1778125307.9688745,0.2561459243297577,2.28e-05,2.922978401184082,3.8738560676574707,631662182400.0,2702.9347916742704,30.240674556355152,10.141452179409539,wandb
6300,1778125458.670777,0.29843682050704956,2.28e-05,2.9244847297668457,4.501399993896484,634178764800.0,2708.8681204507857,30.307057165776264,10.16371411863097,wandb
6325,1778125718.305491,0.2358057051897049,2.28e-05,2.9239282608032227,4.553803443908691,636695347200.0,2731.5911126135848,30.5612840206225,10.248971128567707,wandb
6350,1778125873.12497,0.25800198316574097,2.28e-05,2.9221951961517334,4.006326675415039,639211929600.0,2629.7875866295803,29.422297128502642,9.867002760835632,wandb
6375,1778126028.3295975,0.2690507471561432,2.28e-05,2.9180893898010254,4.120018005371094,641728512000.0,2675.857338193597,29.93772960146903,10.039857164812705,wandb
6400,1778126192.9954016,0.27849891781806946,2.28e-05,2.918606758117676,4.336034297943115,644245094400.0,2735.1073779403278,30.600624309454986,10.262164209204029,wandb
6425,1778126444.5055451,0.2746211290359497,2.28e-05,2.9176363945007324,3.6538889408111572,646761676800.0,2680.908613108544,29.994243713932313,10.058809624617796,wandb
6450,1778126603.686604,0.27911415696144104,2.28e-05,2.9171738624572754,4.484981536865234,649278259200.0,2665.690538817136,29.82398254690806,10.001711179933002,wandb
6475,1778126891.4951065,0.26547738909721375,2.28e-05,2.9154880046844482,4.893492698669434,651794841600.0,2539.6143366943925,28.41343079795762,9.52867136457091,wandb
6500,1778127096.2287357,0.26649633049964905,2.28e-05,2.9154930114746094,4.325242519378662,654311424000.0,720.3244811577819,8.059054283057574,2.702668337327751,wandb
6525,1778127445.0444496,0.2596695125102997,2.28e-05,2.9150161743164062,4.158552169799805,656828006400.0,2097.4470396895817,23.46642380046247,7.8696529851095915,wandb
6550,1778127652.1693614,0.27627623081207275,2.28e-05,2.909852981567383,4.410640716552734,659344588800.0,1705.6333008959155,19.082776885240886,6.399561916893219,wandb
6575,1778127901.1488132,0.2837502956390381,2.28e-05,2.915816307067871,4.479209899902344,661861171200.0,2460.7168782199874,27.530719023926945,9.232646908243014,wandb
6600,1778128070.1693995,0.25828588008880615,2.28e-05,2.911153554916382,4.2086334228515625,664377753600.0,2026.04953594498,22.667622186184815,7.601768472251411,wandb
6625,1778128351.406885,0.28033629059791565,2.28e-05,2.9109466075897217,4.771662712097168,666894336000.0,1924.4485858359797,21.53090173094972,7.22056017226325,wandb
6650,1778128596.0662284,0.2810211777687073,2.28e-05,2.9096717834472656,4.181861877441406,669410918400.0,2530.003457529985,28.305903428112615,9.492611200726726,wandb
6675,1778128770.2895947,0.309710294008255,2.28e-05,2.909423828125,4.613659381866455,671927500800.0,2310.788549424662,25.853307562931544,8.67011355320238,wandb
6700,1778129307.6832826,0.28039222955703735,2.28e-05,2.9116358757019043,4.076754570007324,674444083200.0,82.29402672711159,0.9207128813659066,0.30876843173382323,wandb
6725,1778129713.2433674,0.29240962862968445,2.28e-05,2.9073433876037598,4.071621417999268,676960665600.0,2203.9697342674885,24.658209170024097,8.269327744712108,wandb
6750,1778129895.337611,0.273394376039505,2.28e-05,2.908656120300293,4.484052658081055,679477248000.0,2756.338093449241,30.838155440535626,10.34182217458725,wandb
6775,1778130056.0227437,0.2817680835723877,2.28e-05,2.904644012451172,3.928360939025879,681993830400.0,2396.670114756929,26.81415814490015,8.992342483990061,wandb
6800,1778130345.8651757,0.28111979365348816,2.28e-05,2.9058642387390137,4.420509338378906,684510412800.0,1125.4620159170456,12.591769011121706,4.2227504893281385,wandb
6825,1778130753.543907,0.267980694770813,2.28e-05,2.9044651985168457,4.6035051345825195,687026995200.0,2287.019428177431,25.58737652295894,8.580931451133962,wandb
6850,1778130929.80236,0.25658851861953735,2.28e-05,2.904191493988037,4.1559343338012695,689543577600.0,1629.8806835895537,18.23524987356081,6.115336952146026,wandb
6875,1778131179.963556,0.28606313467025757,2.28e-05,2.90360164642334,4.068472862243652,692060160000.0,1194.9230111091438,13.368904795690023,4.483369192836895,wandb
6900,1778131737.3516283,0.296762079000473,2.28e-05,2.899707794189453,3.8253636360168457,694576742400.0,2247.3739081456706,25.14381892305277,8.432180860935343,wandb
6925,1778132256.1885397,0.28635621070861816,2.28e-05,2.9041028022766113,4.133488178253174,697093324800.0,301.0335581942286,3.3679901904900706,1.1294824589287296,wandb
6950,1778132470.3677933,0.28247272968292236,2.28e-05,2.9020004272460938,4.076778411865234,699609907200.0,1074.9499322233096,12.026635331666768,4.033228388077207,wandb
6975,1778141341.2825446,0.2784643769264221,2.28e-05,2.905365228652954,4.127321243286133,702126489600.0,362.88852269234826,4.06002902799524,1.3615632203473906,wandb
7000,1778141684.1531284,0.2854169011116028,2.28e-05,2.902705430984497,3.9554924964904785,704643072000.0,1470.3195516540006,16.45006575533137,5.516661174172663,wandb
7025,1778141985.033393,0.2626951038837433,2.28e-05,2.902907133102417,4.244637489318848,707159654400.0,1883.6104050011006,21.07400053603181,7.067334700710359,wandb
7050,1778142174.5887911,0.25910645723342896,2.28e-05,2.900575637817383,3.961923122406006,709676236800.0,2275.7635382005096,25.461444626013925,8.53869918186529,wandb
7075,1778142344.5209444,0.26504701375961304,2.28e-05,2.898674964904785,4.061374664306641,712192819200.0,2407.4067223601014,26.934280264518772,9.032626397946125,wandb
7100,1778142503.56979,0.28444474935531616,2.28e-05,2.895376682281494,4.072141170501709,714709401600.0,2649.070177887326,29.638032472405445,9.939351334592528,wandb
7125,1778142751.5818481,0.29060444235801697,2.28e-05,2.8983733654022217,3.8395564556121826,717225984000.0,2674.5146031473782,29.922706962494093,10.034819202630715,wandb
7150,1778142915.229381,0.2888801395893097,2.28e-05,2.8978443145751953,3.7375259399414062,719742566400.0,2571.7268300472133,28.77270822620599,9.64915792484694,wandb
7175,1778143083.9322288,0.2638837397098541,2.28e-05,2.8908753395080566,4.162164688110352,722259148800.0,1421.1665545322278,15.900137657173937,5.332238386275386,wandb
7200,1778143244.107461,0.28472375869750977,2.28e-05,2.8989038467407227,4.526487350463867,724775731200.0,2773.01102235934,31.024693650271438,10.404379255784065,wandb
7225,1778143487.0622854,0.27092674374580383,2.28e-05,2.8956551551818848,4.372908592224121,727292313600.0,2676.5534206557213,29.945517433889673,10.042468876728327,wandb
7250,1778143641.2993224,0.28574153780937195,2.28e-05,2.8936927318573,4.082465171813965,729808896000.0,2693.033683922409,30.129900083292124,10.104303073519906,wandb
7275,1778143809.8780186,0.27094271779060364,2.28e-05,2.892045021057129,3.9703288078308105,732325478400.0,2632.037703479727,29.44747163570446,9.8754452332564,wandb
7300,1778143986.6629684,0.2758810818195343,2.28e-05,2.8917593955993652,4.219839096069336,734842060800.0,2167.068114868965,24.245350574148762,8.130872311149433,wandb
7325,1778144244.0614274,0.27545320987701416,2.28e-05,2.892395257949829,3.951364517211914,737358643200.0,1204.8776728432017,13.480278435463173,4.5207192340769256,wandb
7350,1778144746.4317687,0.264222115278244,2.28e-05,2.887904167175293,4.418408393859863,739875225600.0,1165.527051663559,13.040020190110951,4.373075108827344,wandb
7375,1778145157.4315796,0.29853129386901855,2.28e-05,2.8886311054229736,4.581594467163086,742391808000.0,795.2441080072086,8.897261723509253,2.983767909294129,wandb
7400,1778145397.11392,0.3009084463119507,2.28e-05,2.8916914463043213,3.9918928146362305,744908390400.0,2639.1849200601846,29.527435329708165,9.902261697859934,wandb
7425,1778145648.9210427,0.26729506254196167,2.28e-05,2.8866662979125977,4.211024284362793,747424972800.0,2735.042367014909,30.599896961446348,10.261920287229549,wandb
7450,1778145806.416157,0.2894507050514221,2.28e-05,2.8862907886505127,3.913032054901123,749941555200.0,2775.7034103017772,31.05481632574163,10.414481136025776,wandb
7475,1778145969.1266096,0.2745695412158966,2.28e-05,2.8840725421905518,4.048495292663574,752458137600.0,2553.126850435413,28.564610002035778,9.579370520299817,wandb
7500,1778146126.1598883,0.28338706493377686,2.28e-05,2.8851406574249268,4.260259628295898,754974720000.0,2500.8450429679265,27.97967649579202,9.383208388709441,wandb
7525,1778146369.8854713,0.2477419674396515,2.28e-05,2.8843705654144287,4.290645599365234,757491302400.0,2843.3152173725584,31.811263229341574,10.668161657762322,wandb
7550,1778146522.8228602,0.2881714403629303,2.28e-05,2.883965253829956,5.105475425720215,760007884800.0,2591.9294774800333,28.99873724032596,9.724958563274662,wandb
7575,1778146706.4949315,0.26567694544792175,2.28e-05,2.88645601272583,4.623936653137207,762524467200.0,2628.214407704291,29.404696262937872,9.861100169737384,wandb
7600,1778146864.4891713,0.27255499362945557,2.28e-05,2.8832037448883057,3.9469900131225586,765041049600.0,2475.301967149235,27.693898294489987,9.287370382284642,wandb
7625,1778147136.4265177,0.2651538550853729,2.28e-05,2.8810806274414062,3.8492517471313477,767557632000.0,2238.6911303341776,25.04667523358927,8.399602947390804,wandb
7650,1778147320.626547,0.28676992654800415,2.28e-05,2.882584571838379,3.8108010292053223,770074214400.0,2795.482288081573,31.276104167339255,10.48869178431224,wandb
7675,1778147477.78548,0.2758150100708008,2.28e-05,2.8779349327087402,3.7854504585266113,772590796800.0,2636.0236108039353,29.492066320923826,9.890400417763452,wandb
7700,1778147635.804169,0.2900015413761139,2.28e-05,2.8821215629577637,4.140781402587891,775107379200.0,2494.516973610369,27.90887749368461,9.359465376863454,wandb
7725,1778147909.2598708,0.2908843457698822,2.28e-05,2.8817355632781982,3.942193031311035,777623961600.0,2648.3009093049254,29.629425827169882,9.936465027247797,wandb
7750,1778148102.077674,0.30991044640541077,2.28e-05,2.88087797164917,4.330551624298096,780140544000.0,2394.9977322317113,26.795447380646937,8.986067679485927,wandb
7775,1778148323.5532598,0.2646218240261078,2.28e-05,2.876124620437622,4.166983604431152,782657126400.0,2644.2011438138475,29.583557286665332,9.921082645178268,wandb
7800,1778148596.357176,0.3185505270957947,2.28e-05,2.8784379959106445,3.7816450595855713,785173708800.0,1217.344279959771,13.619755943316996,4.567494132347357,wandb
7825,1778148871.855428,0.2837151288986206,2.28e-05,2.8801844120025635,4.154121398925781,787690291200.0,2641.738334155175,29.556003153427795,9.911842146126144,wandb
7850,1778149024.976021,0.28267475962638855,2.28e-05,2.875209331512451,4.30790901184082,790206873600.0,2761.5866753248365,30.89687704080181,10.36151493308998,wandb
7875,1778149177.7355168,0.3231433928012848,2.28e-05,2.8773653507232666,4.244344711303711,792723456000.0,2654.126033427208,29.6945978333074,9.958320980971587,wandb
7900,1778149335.5581214,0.30408695340156555,2.28e-05,2.879678964614868,4.329298973083496,795240038400.0,2846.597118206274,31.847981427406996,10.680475399279583,wandb
7925,1778149579.9576528,0.2593156695365906,2.28e-05,2.8766696453094482,4.420143127441406,797756620800.0,2776.3095788086257,31.06159819284341,10.416755489422611,wandb
7950,1778149738.7707891,0.2808680236339569,2.28e-05,2.873903274536133,3.9479191303253174,800273203200.0,2679.6540324856787,29.98020735447679,10.054102419164229,wandb
7975,1778149896.7334437,0.31033632159233093,2.28e-05,2.878838539123535,4.5364179611206055,802789785600.0,2782.664729834919,31.132700187066355,10.440600112098897,wandb
8000,1778150120.9623263,0.29760295152664185,2.28e-05,2.8753764629364014,4.353644371032715,805306368000.0,1839.1392935518625,20.57645379067996,6.90047841859921,wandb
8025,1778150358.7119992,0.3054185211658478,2.28e-05,2.8779311180114746,4.053157806396484,807822950400.0,2769.929482638598,30.990217110136438,10.392817272190115,wandb
8050,1778150512.2650173,0.305392861366272,2.28e-05,2.873861312866211,4.53138542175293,810339532800.0,2636.938152088401,29.502298290054952,9.893831790481384,wandb
8075,1778150664.926739,0.3059042692184448,2.28e-05,2.873002052307129,4.519587516784668,812856115200.0,2676.013006147853,29.93947122836954,10.040441233329199,wandb
8100,1778150818.6339912,0.29325002431869507,2.28e-05,2.872429370880127,4.112893104553223,815372697600.0,2812.3925461195713,31.46529763644042,10.55213932798295,wandb
8125,1778151066.0413382,0.26668500900268555,2.28e-05,2.869471311569214,4.62358283996582,817889280000.0,1834.5599533532065,20.525219725745448,6.883296664980525,wandb
8150,1778151227.9768062,0.27131831645965576,2.28e-05,2.8689026832580566,3.93032169342041,820405862400.0,2491.3823689728383,27.873807258546716,9.347704292899905,wandb
8175,1778151378.9447153,0.27239790558815,2.28e-05,2.8709750175476074,4.590664863586426,822922444800.0,2565.115643761987,28.698741686761977,9.624352654010472,wandb
8200,1778151536.455481,0.26306602358818054,2.28e-05,2.867297649383545,4.387032508850098,825439027200.0,2532.982403100226,28.33923213577816,9.50378824951781,wandb
8225,1778482153.6892202,0.30024781823158264,2.28e-05,2.8692688941955566,3.7288920879364014,827955609600.0,2366.394479095958,26.475431643679947,8.87874784152857,wandb
8250,1778482338.1794207,0.3363248109817505,2.28e-05,2.867338180541992,3.615675687789917,830472192000.0,2159.936227454261,24.165558384213227,8.104113361807428,wandb
8275,1778482568.2682323,0.25725188851356506,2.28e-05,2.865535259246826,4.437726974487305,832988774400.0,2027.124497862708,22.67964895561137,7.6058017456092815,wandb
8300,1778482812.9488132,0.2894896864891052,2.28e-05,2.8643686771392822,4.30165958404541,835505356800.0,2119.2988863123164,23.710904201620863,7.951641443817094,wandb
8325,1778483087.607297,0.2995152771472931,2.28e-05,2.8640224933624268,3.9166409969329834,838021939200.0,2386.861369267553,26.704417029034538,8.955539922704856,wandb
8350,1778483258.7784617,0.29588523507118225,2.28e-05,2.868208408355713,4.4167070388793945,840538521600.0,2585.2453495466298,28.923954623242587,9.699879614272094,wandb
8375,1778483413.0465124,0.27675753831863403,2.28e-05,2.864992141723633,4.330599784851074,843055104000.0,2697.572691502805,30.18068290331071,10.121333498545457,wandb
8400,1778483563.6231496,0.296398401260376,2.28e-05,2.8663625717163086,4.090076446533203,845571686400.0,2789.605138530001,31.210350096077317,10.466640630391657,wandb
8425,1778484278.5623918,0.3134482204914093,2.28e-05,2.8648295402526855,3.561615228652954,848088268800.0,2622.948885975328,29.345785138087408,9.84134385264886,wandb
8450,1778485299.8604348,0.3163653016090393,2.28e-05,2.864715337753296,4.61055850982666,850604851200.0,769.5195862705793,8.60945348915913,2.8872491150435993,wandb
8475,1778485660.697922,0.30425509810447693,2.28e-05,2.8670592308044434,3.951145648956299,853121433600.0,2549.1907797824133,28.52057289392099,9.564602323736166,wandb
8500,1778486073.3175406,0.3368273079395294,2.28e-05,2.8626720905303955,4.508315563201904,855638016000.0,2782.595750377906,31.131928438773706,10.440341300133912,wandb
8525,1778486537.6113615,0.2867356538772583,2.28e-05,2.862534999847412,3.9946954250335693,858154598400.0,2932.571672934195,32.80987238299462,11.003053227684816,wandb
8550,1778486685.856717,0.33198392391204834,2.28e-05,2.8615403175354004,4.984281539916992,860671180800.0,2614.520870905767,29.251491756811728,9.809721812761486,wandb
8575,1778486837.1021588,0.31169992685317993,2.28e-05,2.862922430038452,3.9614224433898926,863187763200.0,2752.5386751393708,30.79564721097487,10.327566699679824,wandb
8600,1778486992.0735445,0.2979527413845062,2.28e-05,2.8626651763916016,4.530138969421387,865704345600.0,2596.443582394934,29.04924144711083,9.741895553122998,wandb
8625,1778487253.0823572,0.3210805654525757,2.28e-05,2.859168529510498,3.8518919944763184,868220928000.0,2632.4798246405576,29.45241812652634,9.87710407853224,wandb
8650,1778487415.1810787,0.31547215580940247,2.28e-05,2.8598787784576416,4.053337097167969,870737510400.0,2406.876309853886,26.928345962281636,9.03063628220833,wandb
8675,1778487565.8906898,0.2517548203468323,2.28e-05,2.8567636013031006,3.6118507385253906,873254092800.0,2920.8225768842212,32.67842245269182,10.958970441777765,wandb
8700,1778487714.5539198,0.2705079913139343,2.28e-05,2.8578615188598633,4.323542594909668,875770675200.0,2728.4801235491746,30.5264779986145,10.237298650591336,wandb
8725,1778488032.8320537,0.3107805550098419,2.28e-05,2.8593387603759766,4.181865215301514,878287257600.0,1829.2480226793543,20.465789373496968,6.863366220829544,wandb
8750,1778488317.133115,0.3252699375152588,2.28e-05,2.856980323791504,4.360877990722656,880803840000.0,2734.427287468695,30.59301539684456,10.25961249947837,wandb
8775,1778488482.4223282,0.308438777923584,2.28e-05,2.856553554534912,3.7458081245422363,883320422400.0,2567.830893890869,28.72912014640501,9.63454031352117,wandb
8800,1778488655.1874294,0.2841329872608185,2.28e-05,2.8573243618011475,4.46088981628418,885837004800.0,2160.5758081015806,24.17271406931067,8.106513078060166,wandb
8825,1778488915.4287539,0.2927306592464447,2.28e-05,2.8529539108276367,4.58824348449707,888353587200.0,2559.957238702991,28.641028992730494,9.604998240286186,wandb
8850,1778489085.4592745,0.2843664884567261,2.28e-05,2.85831356048584,4.310349464416504,890870169600.0,2186.221214159443,24.459637150418747,8.202735029088533,wandb
8875,1778489258.516123,0.2899458706378937,2.28e-05,2.853666067123413,4.060603141784668,893386752000.0,2666.938132247302,29.837940733030976,10.006392169333983,wandb
8900,1778489423.672021,0.27399149537086487,2.28e-05,2.854052782058716,4.341371536254883,895903334400.0,2509.6611165417066,28.07831151008492,9.416286429968167,wandb
8925,1778489680.7631426,0.3006334602832794,2.28e-05,2.8540751934051514,3.973764181137085,898419916800.0,2637.4223460945936,29.50771549560816,9.895648493708737,wandb
8950,1778489848.0094917,0.30437469482421875,2.28e-05,2.850342273712158,3.7700161933898926,900936499200.0,2637.7898645368755,29.51182732458781,9.897027428457344,wandb
8975,1778490011.8401093,0.2832481861114502,2.28e-05,2.8533997535705566,4.335476875305176,903453081600.0,2533.7878643573263,28.348243707873333,9.506810352324882,wandb
9000,1778490174.4764357,0.3056831657886505,2.28e-05,2.8539371490478516,4.153782844543457,905969664000.0,2993.524946550496,33.491823022815005,11.231750831290446,wandb
9025,1778490445.498286,0.2982383966445923,2.28e-05,2.849499225616455,4.11898136138916,908486246400.0,3082.739289107269,34.48996101242866,11.56648439258237,wandb
9050,1778490588.055104,0.2735711634159088,2.28e-05,2.8485445976257324,4.021258354187012,911002828800.0,2962.5046669906883,33.144765379506396,11.115362273669032,wandb
9075,1778490730.2184732,0.3011223077774048,2.28e-05,2.851337432861328,4.253388404846191,913519411200.0,2442.316074226308,27.32484919426544,9.163606813624602,wandb
9100,1778490873.414693,0.28935447335243225,2.28e-05,2.8529934883117676,3.9646031856536865,916035993600.0,2907.3995604835436,32.52824455280764,10.90860708142212,wandb
9125,1778491114.3084505,0.315842866897583,2.28e-05,2.8502566814422607,3.7793679237365723,918552576000.0,2530.512977640779,28.311603984373864,9.494522927881217,wandb
9150,1778491273.9125843,0.31011566519737244,2.28e-05,2.8527865409851074,4.196343898773193,921069158400.0,2781.749997516996,31.12246608063593,10.437168022620545,wandb
9175,1778491429.467142,0.30116158723831177,2.28e-05,2.8501319885253906,3.934715509414673,923585740800.0,2517.4037158785195,28.164936399255765,9.445336779669715,wandb
9200,1778491581.764133,0.29067981243133545,2.28e-05,2.8505969047546387,4.171619892120361,926102323200.0,2595.523903527829,29.03895199824875,9.738444904117374,wandb
9225,1778491818.7623732,0.32491159439086914,2.28e-05,2.8450205326080322,3.9817306995391846,928618905600.0,2504.8341197075106,28.024306640712147,9.398175464910873,wandb
9250,1778491966.3312113,0.3485413193702698,2.28e-05,2.8507351875305176,4.065301418304443,931135488000.0,3051.0503879832954,34.135422771665176,11.447587156749407,wandb
9275,1778492179.5463786,0.31476977467536926,2.28e-05,2.846021890640259,3.8720903396606445,933652070400.0,2970.263511860294,33.231572025141254,11.144473576855084,wandb
9300,1778492337.3138502,0.2972467541694641,2.2792020030692187e-05,2.847557306289673,4.221534729003906,936168652800.0,2264.3693007184843,25.333964884892126,8.495947830667056,wandb
9325,1778492572.8486612,0.31375887989997864,2.2776673935869476e-05,2.848459243774414,4.361474514007568,938685235200.0,2920.485251301839,32.67464842411082,10.957704791095715,wandb
9350,1778492722.454211,0.3246176838874817,2.2761327841046764e-05,2.8444342613220215,3.873049736022949,941201817600.0,2873.0998510130157,32.14449635633959,10.779914053223859,wandb
9375,1778492876.5883615,0.32475244998931885,2.2745981746224053e-05,2.844954013824463,4.188032627105713,943718400000.0,2758.3166777212186,30.86029201713211,10.349245852671901,wandb
9400,1778493133.6680074,0.32175561785697937,2.273063565140134e-05,2.846392869949341,4.635715484619141,946234982400.0,2012.115895721655,22.511731381613124,7.549489243597722,wandb
9425,1778493481.6074448,0.28532904386520386,2.2715289556578627e-05,2.846710205078125,4.472729682922363,948751564800.0,2022.1665732937408,22.62417925511141,7.587199537712822,wandb
9450,1778493688.7217288,0.3279101848602295,2.2699943461755915e-05,2.840823173522949,4.164020538330078,951268147200.0,2755.2403618720577,30.825873922136406,10.337703469123056,wandb
9475,1778493842.4344294,0.31085285544395447,2.26845973669332e-05,2.844311237335205,3.788763999938965,953784729600.0,2670.240499340646,29.874887909427184,10.018782700566614,wandb
9500,1778493984.7110424,0.3113042712211609,2.266925127211049e-05,2.8453149795532227,4.45422887802124,956301312000.0,2896.9891271087004,32.411771699430275,10.869546978099205,wandb
9525,1778494211.5773966,0.3102013170719147,2.265390517728778e-05,2.8456318378448486,4.504206657409668,958817894400.0,2974.1808983366836,33.27540009302838,11.15917167010578,wandb
9550,1778494385.5190368,0.3046896457672119,2.2638559082465066e-05,2.8445394039154053,3.90218448638916,961334476800.0,2758.6187454794867,30.863671578044894,10.350379215465134,wandb
9575,1778494531.9372077,0.30513954162597656,2.2623212987642355e-05,2.841123580932617,4.041620254516602,963851059200.0,2907.8045869615235,32.53277602502259,10.910126746887407,wandb
9600,1778494676.505735,0.3021567463874817,2.260786689281964e-05,2.841348648071289,4.25822639465332,966367641600.0,2721.0423253856343,30.443263252046325,10.20939191949742,wandb
9625,1778494942.573046,0.3418908417224884,2.2592520797996928e-05,2.8414113521575928,3.576063394546509,968884224000.0,1253.2902125444855,14.021922230223865,4.702363814544297,wandb
9650,1778495129.383301,0.2978575825691223,2.2577174703174217e-05,2.8395068645477295,4.436614990234375,971400806400.0,2751.8971962098162,30.788470287727158,10.32515986104346,wandb
9675,1778495288.4730039,0.32146891951560974,2.2561828608351505e-05,2.8394908905029297,4.833813667297363,973917388800.0,2843.212698136669,31.810116235023457,10.667777004040211,wandb
9700,1778495445.7686713,0.25592944025993347,2.2546482513528794e-05,2.8377861976623535,4.273761749267578,976433971200.0,2815.9186743217915,31.50474827199988,10.56536941427709,wandb
9725,1778495682.1716194,0.32087498903274536,2.253113641870608e-05,2.8404979705810547,4.067009925842285,978950553600.0,2613.555383509884,29.24068979806041,9.806099289463726,wandb
9750,1778495833.8228157,0.3332662284374237,2.2515790323883367e-05,2.8358771800994873,4.3641557693481445,981467136000.0,2791.805340820976,31.234966154757117,10.474895822632211,wandb
9775,1778495984.497859,0.3036305606365204,2.2500444229060656e-05,2.839840888977051,4.369350433349609,983983718400.0,2779.0578432253033,31.092346019271023,10.427067019039956,wandb
9800,1778496193.5129037,0.3036327064037323,2.2485098134237945e-05,2.836951732635498,4.129507541656494,986500300800.0,2478.498559487061,27.729662053525274,9.299364045036324,wandb
9825,1778496435.525793,0.2958102226257324,2.2469752039415233e-05,2.8363468647003174,4.681402206420898,989016883200.0,2709.3561294726255,30.312517054063427,10.165545135854677,wandb
9850,1778496583.466033,0.30632761120796204,2.2454405944592518e-05,2.834832191467285,4.091672897338867,991533465600.0,2674.91314393899,29.92716587227382,10.036314533702749,wandb
9875,1778496730.0449915,0.33970925211906433,2.2439059849769807e-05,2.8364315032958984,4.574666500091553,994050048000.0,2856.0662312637687,31.9539227054545,10.716003654548562,wandb
9900,1778496877.4366553,0.31670933961868286,2.2423713754947095e-05,2.8389744758605957,3.99981951713562,996566630400.0,2674.2325624115533,29.91955146568744,10.033760981528296,wandb
9925,1778497108.922174,0.3160466253757477,2.2408367660124384e-05,2.835671901702881,4.024679660797119,999083212800.0,2706.7771715064155,30.283663443243476,10.155868846597684,wandb
9950,1778497255.0801024,0.3523615598678589,2.2393021565301672e-05,2.8363564014434814,4.446066856384277,1001599795200.0,2210.4206333291363,24.73038240177208,8.293531615463785,wandb
9975,1778497400.500561,0.31506404280662537,2.2377675470478958e-05,2.831439256668091,3.8362934589385986,1004116377600.0,2687.989424830464,30.073464464479816,10.085376937188727,wandb
10000,1778497547.462649,0.28686678409576416,2.2362329375656246e-05,2.8332266807556152,4.337832927703857,1006632960000.0,2664.012723708716,29.80521100243139,9.995415992294609,wandb
10025,1778497777.7631354,0.29095450043678284,2.234698328083353e-05,2.8328120708465576,4.561258316040039,1009149542400.0,2505.9906900352084,28.03724645227889,9.402514934256045,wandb
10050,1778497923.6965816,0.2945336103439331,2.2331637186010823e-05,2.833101272583008,4.063511848449707,1011666124800.0,2467.844308475986,27.61046134677494,9.25938913425821,wandb
10075,1778498068.8665535,0.3170783221721649,2.231629109118811e-05,2.8317902088165283,4.007660865783691,1014182707200.0,2867.0809850267397,32.07715674901723,10.757331177098948,wandb
10100,1778498210.409147,0.32159775495529175,2.2300944996365397e-05,2.8293545246124268,3.746453285217285,1016699289600.0,2837.9316043964213,31.751030889127446,10.647962260530056,wandb
10125,1778498438.6294901,0.3195387125015259,2.2285598901542685e-05,2.8340251445770264,4.07219123840332,1019215872000.0,3007.606282175644,33.64936625666236,11.284584215323434,wandb
10150,1778498585.2670944,0.3176432251930237,2.227025280671997e-05,2.8316428661346436,3.9789061546325684,1021732454400.0,2935.9999349313725,32.84822808275841,11.01591611849889,wandb
10175,1778498728.9457638,0.329589307308197,2.2254906711897262e-05,2.836160898208618,4.054802894592285,1024249036800.0,2718.7674231680785,30.417811443952196,10.20085645200363,wandb
10200,1778499551.1448128,0.33640801906585693,2.2239560617074548e-05,2.833202362060547,3.866997241973877,1026765619200.0,1512.273834612212,16.919453999950704,5.6740742777564765,wandb
10225,1778499830.3041763,0.2960866093635559,2.2224214522251836e-05,2.8332064151763916,4.141898155212402,1029282201600.0,2564.5319594008574,28.692211374279808,9.622162661468106,wandb
10250,1778499978.3456109,0.30514055490493774,2.2208868427429125e-05,2.8321871757507324,3.901993989944458,1031798784000.0,2847.2548049183997,31.855339684765887,10.682943049761052,wandb
10275,1778500128.450852,0.30484044551849365,2.219352233260641e-05,2.83064866065979,3.974430799484253,1034315366400.0,2421.6439326491436,27.093567437952444,9.086044626073296,wandb
10300,1778500283.8976367,0.3022299110889435,2.21781762377837e-05,2.8276162147521973,3.993009090423584,1036831948800.0,2662.4727478485347,29.787981615708542,9.989637979598344,wandb
10325,1778500515.093852,0.31452131271362305,2.2162830142960987e-05,2.8305115699768066,3.7661046981811523,1039348531200.0,2888.6070790783615,32.31799260147276,10.838097407237548,wandb
10350,1778500703.46378,0.31585147976875305,2.2147484048138275e-05,2.8299612998962402,3.655423164367676,1041865113600.0,2788.0746638036107,31.193227008883333,10.460898266092935,wandb
10375,1778500851.906125,0.33199119567871094,2.2132137953315564e-05,2.8255066871643066,4.098863124847412,1044381696000.0,2875.137923839388,32.16729849616712,10.787560933263462,wandb
10400,1778501001.1229167,0.33115237951278687,2.211679185849285e-05,2.8334922790527344,4.491336822509766,1046898278400.0,2755.691066002439,30.830916439984062,10.339394517830335,wandb
10425,1778501234.389223,0.2932382822036743,2.2101445763670138e-05,2.8287482261657715,4.328582763671875,1049414860800.0,2548.2112136595406,28.509613421121472,9.56092697684201,wandb
10450,1778501389.2097545,0.33784157037734985,2.2086099668847426e-05,2.8287854194641113,3.9938225746154785,1051931443200.0,2715.643883039247,30.382864999520514,10.189136882243906,wandb
10475,1778501541.6089237,0.3155149817466736,2.2070753574024715e-05,2.826873540878296,3.913217067718506,1054448025600.0,2659.845479859293,29.75858750805944,9.979780430404977,wandb
10500,1778501687.481107,0.3028843104839325,2.2055407479202003e-05,2.825840950012207,4.142454147338867,1056964608000.0,2815.70254092826,31.502330152393487,10.564558478518807,wandb
10525,1778502137.4366026,0.3041682243347168,2.204006138437929e-05,2.826937675476074,3.872572660446167,1059481190400.0,2829.3877431224278,31.65544141022572,10.615905563933227,wandb
10550,1778502284.7643664,0.31094667315483093,2.2024715289556577e-05,2.8242475986480713,4.342735290527344,1061997772800.0,2904.677219067433,32.49778675521316,10.898392815294594,wandb
10575,1778502434.3519785,0.29912638664245605,2.2009369194733866e-05,2.822232484817505,4.54841947555542,1064514355200.0,2622.9332896134697,29.34561064460548,9.841285334863509,wandb
10600,1778502582.4485571,0.29888102412223816,2.1994023099911154e-05,2.8272476196289062,3.934103488922119,1067030937600.0,2641.634926823332,29.554846223013257,9.911454160254596,wandb
10625,1778502820.846268,0.32412588596343994,2.197867700508844e-05,2.8230817317962646,4.146929740905762,1069547520000.0,2713.6601584812847,30.360670912947814,10.18169391772857,wandb
10650,1778502976.095593,0.3214486837387085,2.1963330910265728e-05,2.8227884769439697,3.7354660034179688,1072064102400.0,2408.2045501623447,26.943206432842914,9.035619859915233,wandb
10675,1778503134.5650065,0.31062304973602295,2.1947984815443016e-05,2.8209590911865234,3.977429151535034,1074580684800.0,2746.20405387767,30.724774905581885,10.30379910499049,wandb
10700,1778503290.3053484,0.28802981972694397,2.19326387206203e-05,2.821431875228882,4.186581611633301,1077097267200.0,2578.842295063274,28.852316680886663,9.675855257101093,wandb
10725,1778503532.1855316,0.3040509819984436,2.1917292625797593e-05,2.822268009185791,4.238293170928955,1079613849600.0,2496.690019602068,27.933189725275756,9.367618678258793,wandb
10750,1778503685.2671342,0.3246728479862213,2.190194653097488e-05,2.8214759826660156,5.005927085876465,1082130432000.0,2426.868300219688,27.152018126422714,9.105646532137596,wandb
10775,1778503834.5163505,0.307762086391449,2.1886600436152167e-05,2.823443651199341,4.578464508056641,1084647014400.0,2726.9910595994083,30.509818218867988,10.231711660152222,wandb
10800,1778503988.4333832,0.33346447348594666,2.1871254341329456e-05,2.821242332458496,3.8643972873687744,1087163596800.0,2548.2046738572567,28.509540253232576,9.560902439405027,wandb
10825,1778504280.1308827,0.29438382387161255,2.185590824650674e-05,2.819434642791748,3.7972419261932373,1089680179200.0,2602.448276929248,29.116422502969765,9.764425257746021,wandb
10850,1778504431.265887,0.2999758720397949,2.1840562151684033e-05,2.820014238357544,3.743217945098877,1092196761600.0,2764.4527900106386,30.928943386509264,10.372268638697786,wandb
10875,1778504577.7949386,0.3215881586074829,2.1825216056861318e-05,2.8179352283477783,3.735483169555664,1094713344000.0,2738.9270992349766,30.643359690612996,10.27649586121712,wandb
10900,1778504727.7720344,0.30868303775787354,2.1809869962038606e-05,2.821870803833008,4.0556793212890625,1097229926400.0,2933.265922133438,32.8176397047073,11.005658061170406,wandb
10925,1778504962.8457935,0.33281242847442627,2.1794523867215895e-05,2.8208060264587402,3.8315606117248535,1099746508800.0,2983.096272615834,33.375146092434036,11.192622289111476,wandb
10950,1778505109.2224145,0.2917577028274536,2.177917777239318e-05,2.8197524547576904,4.284903526306152,1102263091200.0,2964.2806579732837,33.164635324384506,11.122025818670757,wandb
10975,1778505255.9360247,0.336998850107193,2.1763831677570472e-05,2.817068576812744,4.112066268920898,1104779673600.0,2980.3346256216682,33.34424854054069,11.182260547861182,wandb
11000,1778505401.3052282,0.3000486493110657,2.1748485582747757e-05,2.8164422512054443,3.582740306854248,1107296256000.0,2751.8753243319707,30.7882255832149,10.325077797427301,wandb
11025,1778505632.4656734,0.32491979002952576,2.1733139487925046e-05,2.8209309577941895,4.077805995941162,1109812838400.0,2984.672514740679,33.39278122934755,11.19853637338074,wandb
11050,1778505773.803905,0.3134841322898865,2.1717793393102334e-05,2.8152899742126465,4.252481460571289,1112329420800.0,2810.9723157199933,31.449407972568036,10.546810602064207,wandb
11075,1778505963.5524132,0.32320109009742737,2.170244729827962e-05,2.8178930282592773,4.181990146636963,1114846003200.0,2725.8542928277875,30.497099971245827,10.227446494048678,wandb
11100,1778506107.8286462,0.3338068127632141,2.168710120345691e-05,2.820791244506836,4.258440971374512,1117362585600.0,2913.192536638425,32.593056884630116,10.930342415486466,wandb
11125,1778506389.45675,0.313151478767395,2.1671755108634196e-05,2.8192524909973145,4.375380516052246,1119879168000.0,2893.1287717335267,32.36858170056975,10.855062866402008,wandb
11150,1778506543.046167,0.3120208978652954,2.1656409013811485e-05,2.815646171569824,3.8909919261932373,1122395750400.0,2638.7960961074014,29.523085132784413,9.900802824514004,wandb
11175,1778506697.3331313,0.30702856183052063,2.164106291898877e-05,2.8187925815582275,4.502941131591797,1124912332800.0,2791.2059013393573,31.228259572587355,10.47264671663971,wandb
11200,1778506850.1529796,0.3167317807674408,2.162571682416606e-05,2.8170714378356934,4.269023895263672,1127428915200.0,2814.0089985980608,31.48338265036247,10.55820428210666,wandb
11225,1778507091.9075546,0.32004135847091675,2.1610370729343347e-05,2.819899082183838,4.006975173950195,1129945497600.0,2542.020668083184,28.44035304729465,9.537699956301058,wandb
11250,1778507249.0928533,0.34441298246383667,2.1595024634520636e-05,2.8163809776306152,4.49178409576416,1132462080000.0,2701.1480988376297,30.220684878183317,10.13474848088973,wandb
11275,1778507405.2435496,0.34633973240852356,2.1579678539697924e-05,2.815156936645508,4.48390007019043,1134978662400.0,2739.655569700618,30.651509882894082,10.279229093411315,wandb
11300,1778507558.676138,0.32681500911712646,2.156433244487521e-05,2.816692352294922,4.0495147705078125,1137495244800.0,2466.6811983643943,27.597448367525054,9.25502512754505,wandb
11325,1778507798.3031645,0.33162957429885864,2.1548986350052498e-05,2.8133134841918945,4.587080955505371,1140011827200.0,2750.866559155629,30.776939428811364,10.321292895243335,wandb
11350,1778507949.9805539,0.32250604033470154,2.1533640255229786e-05,2.812929153442383,3.887643814086914,1142528409600.0,2877.2391655658826,32.19080737526065,10.795444823970803,wandb
11375,1778508104.5422351,0.29950180649757385,2.1518294160407075e-05,2.8146371841430664,4.556049346923828,1145044992000.0,2840.9912792135187,31.785262802778163,10.659442206675156,wandb
11400,1778508263.1724608,0.3177970349788666,2.1502948065584364e-05,2.8117058277130127,4.314452648162842,1147561574400.0,2638.924099866038,29.52451725020687,9.90128309655053,wandb
11425,1778508498.5507793,0.2989753186702728,2.148760197076165e-05,2.8149795532226562,3.878589630126953,1150078156800.0,2656.557012974245,29.721795848428428,9.967442052963904,wandb
11450,1778508647.0350518,0.3162826597690582,2.1472255875938937e-05,2.809830904006958,3.658806800842285,1152594739200.0,2852.1098256904725,31.909658088445042,10.7011591610567,wandb
11475,1778508793.0335171,0.3114102780818939,2.1456909781116226e-05,2.815713882446289,4.229838848114014,1155111321600.0,2977.186892167447,33.3090314190354,11.170450204379037,wandb
11500,1778508946.8060892,0.31675729155540466,2.144156368629351e-05,2.8155159950256348,4.2025299072265625,1157627904000.0,2873.9607452271043,32.154128117281765,10.783144141323136,wandb
11525,1778509177.4797425,0.3473678231239319,2.1426217591470803e-05,2.8198037147521973,4.321037292480469,1160144486400.0,2909.795521222184,32.555050774389535,10.917596762316203,wandb
11550,1778509324.3161063,0.29607632756233215,2.1410871496648088e-05,2.8126864433288574,4.825234413146973,1162661068800.0,2987.6524568542723,33.426121086428644,11.209717161217538,wandb
11575,1778509464.9528198,0.31029900908470154,2.1395525401825377e-05,2.8129701614379883,4.027468681335449,1165177651200.0,2777.2457404248366,31.07207205216669,10.420267981951932,wandb
11600,1778509608.0440621,0.30809763073921204,2.138017930700266e-05,2.814554214477539,4.3719587326049805,1167694233600.0,2971.6026331982994,33.246554233627684,11.149497980349256,wandb
11625,1778509831.3248615,0.3076470196247101,2.1364833212179954e-05,2.810271739959717,3.912719249725342,1170210816000.0,3052.464146271605,34.15124002498176,11.452891599208877,wandb
11650,1778509969.4112706,0.3429144322872162,2.1349487117357242e-05,2.8096563816070557,4.414947509765625,1172727398400.0,3062.5049172224517,34.263577062321595,11.4905647235314,wandb
11675,1778510118.6846426,0.32974812388420105,2.1334141022534527e-05,2.810176372528076,4.362701416015625,1175243980800.0,2970.8756965873167,33.23842120224878,11.14677050320092,wandb
11700,1778510264.4337208,0.30672529339790344,2.1318794927711816e-05,2.8122103214263916,4.031020164489746,1177760563200.0,2913.925849273967,32.60126125153818,10.933093815575296,wandb
11725,1778510509.3535814,0.3392466604709625,2.13034488328891e-05,2.8099825382232666,4.510879993438721,1180277145600.0,2648.1986695409646,29.628281959608522,9.936081422108586,wandb
11750,1778510656.8928635,0.3103984594345093,2.128810273806639e-05,2.808565139770508,3.9146947860717773,1182793728000.0,2973.00249236794,33.262215982369916,11.154750273105465,wandb
11775,1778510805.8605247,0.32171136140823364,2.1272756643243678e-05,2.807694911956787,4.397872447967529,1185310310400.0,2634.7699415628877,29.478040158089033,9.885696631828235,wandb
11800,1778510957.00139,0.31252750754356384,2.1257410548420967e-05,2.8114805221557617,4.462840557098389,1187826892800.0,2821.5395256899824,31.567634856418668,10.586458933540989,wandb
11825,1778511196.306563,0.31295183300971985,2.1242064453598255e-05,2.8074374198913574,4.013322830200195,1190343475200.0,2679.0550505490105,29.973505891360578,10.0518550298873,wandb
11850,1778511340.9291537,0.3159586489200592,2.122671835877554e-05,2.8101806640625,4.38316535949707,1192860057600.0,2774.4220639726877,31.04048050918722,10.409673505238029,wandb
11875,1778511486.3285522,0.3046872019767761,2.121137226395283e-05,2.8052682876586914,3.6848368644714355,1195376640000.0,2819.313259791775,31.542727195785876,10.578105950252281,wandb
11900,1778511673.3923426,0.28116917610168457,2.1196026169130117e-05,2.8077659606933594,4.3001708984375,1197893222400.0,1459.538104184449,16.329441963304486,5.476209020360417,wandb
11925,1778511921.2217805,0.32987672090530396,2.1180680074307406e-05,2.8069114685058594,3.7695765495300293,1200409804800.0,2787.4349900969614,31.186070282629842,10.458498200680188,wandb
11950,1778512089.503465,0.32050907611846924,2.1165333979484694e-05,2.808171033859253,3.886550188064575,1202926387200.0,2679.72356090686,29.98098524462931,10.054363290851068,wandb
11975,1778512257.4584582,0.37445512413978577,2.114998788466198e-05,2.8090052604675293,3.9833240509033203,1205442969600.0,2621.645813813782,29.331206250989524,9.836454706209464,wandb
12000,1778512559.6268878,0.32273757457733154,2.1134641789839268e-05,2.8057961463928223,4.488317966461182,1207959552000.0,2294.3663459726718,25.669574491893496,8.608497197712824,wandb
12025,1778512841.1554503,0.34996095299720764,2.1119295695016557e-05,2.8054592609405518,3.8671281337738037,1210476134400.0,2890.894315341604,32.343582403965684,10.846679152257122,wandb
12050,1778512995.4825594,0.33332359790802,2.1103949600193845e-05,2.80670428276062,3.959883213043213,1212992716800.0,1534.969352035624,17.173373464972045,5.759228202055893,wandb
12075,1778513174.5598996,0.361598938703537,2.1088603505371134e-05,2.809009075164795,3.793003559112549,1215509299200.0,2658.4491391714964,29.742965124404634,9.97454133904581,wandb
12100,1778513324.5333679,0.3386046886444092,2.107325741054842e-05,2.807461738586426,3.8049235343933105,1218025881600.0,2880.602816750204,32.2284402035107,10.808065294038776,wandb
12125,1778513555.143868,0.32792699337005615,2.1057911315725707e-05,2.803036689758301,4.729160308837891,1220542464000.0,3038.2173423012932,33.99184551658982,11.399437375444624,wandb
12150,1778513713.6786194,0.3254794478416443,2.1042565220902993e-05,2.8039968013763428,4.19979190826416,1223059046400.0,2889.9296674256643,32.33278983739055,10.843059778700793,wandb
12175,1778513855.603891,0.27988773584365845,2.1027219126080284e-05,2.8050966262817383,4.275661468505859,1225575628800.0,2912.7398310123476,32.587991973870814,10.928643857137095,wandb
12200,1778513997.4982789,0.3340936303138733,2.101187303125757e-05,2.808262348175049,4.463184356689453,1228092211200.0,2995.3237893387154,33.5119486357244,11.238500116612162,wandb
12225,1778514228.3524358,0.32024073600769043,2.0996526936434858e-05,2.8003039360046387,3.802518367767334,1230608793600.0,3039.2465242614344,34.003360095784174,11.4032988817099,wandb
12250,1778514368.7121491,0.3331449031829834,2.0981180841612147e-05,2.804920196533203,3.9359772205352783,1233125376000.0,2979.753134470159,33.33774276588258,11.180078784274453,wandb
12275,1778514511.8633578,0.3145342767238617,2.0965834746789432e-05,2.803154468536377,4.884208679199219,1235641958400.0,2799.488510694154,31.320926141809576,10.503723192088225,wandb
12300,1778514679.2197182,0.35178419947624207,2.095048865196672e-05,2.8013486862182617,3.6064367294311523,1238158540800.0,2891.608462572931,32.3515723466289,10.849358643459748,wandb
12325,1778514931.3758852,0.3391634225845337,2.093514255714401e-05,2.804388999938965,4.0777716636657715,1240675123200.0,2733.294452628235,30.58034114001751,10.255362086039955,wandb
12350,1778515089.7764351,0.31667059659957886,2.0919796462321297e-05,2.799323081970215,3.964570999145508,1243191705600.0,1760.3264378080278,19.69468855951434,6.604771392994753,wandb
12375,1778515248.694325,0.3199707567691803,2.0904450367498586e-05,2.8005995750427246,3.907560348510742,1245708288000.0,2317.888457232859,25.932741962188658,8.696752514577563,wandb
12400,1778515457.4582264,0.33813974261283875,2.088910427267587e-05,2.8024799823760986,3.937321186065674,1248224870400.0,2341.9109379831734,26.201507610788187,8.786885225329787,wandb
12425,1778515715.0667226,0.32447052001953125,2.0873758177853163e-05,2.800675868988037,4.265151023864746,1250741452800.0,2637.4334648634267,29.507839893381572,9.895690211497403,wandb
12450,1778515898.2638147,0.3316291570663452,2.0858412083030448e-05,2.8038220405578613,3.893784523010254,1253258035200.0,2541.9761315850865,28.43985476899767,9.537532854687255,wandb
12475,1778516057.3085928,0.3250988721847534,2.0843065988207737e-05,2.8019003868103027,3.752474069595337,1255774617600.0,2721.719664282082,30.45084137978915,10.211933305271408,wandb
12500,1778516221.4568973,0.2981775104999542,2.0827719893385025e-05,2.798403024673462,3.8456878662109375,1258291200000.0,2752.6998820331223,30.797450808022493,10.328171550380999,wandb
12525,1778516471.1208806,0.3236410915851593,2.081237379856231e-05,2.8003501892089844,4.2135210037231445,1260807782400.0,2733.5805711811176,30.583542259803643,10.256435607173591,wandb
12550,1778516644.4129186,0.3216627836227417,2.07970277037396e-05,2.799485683441162,4.208432674407959,1263324364800.0,2877.424592047776,32.19288194321188,10.79614054693264,wandb
12575,1778516946.943021,0.34265366196632385,2.0781681608916888e-05,2.799879550933838,3.8002545833587646,1265840947200.0,2590.7489179107947,28.98552903499385,9.720529085932753,wandb
12600,1778517102.7307827,0.35039231181144714,2.0766335514094176e-05,2.79978609085083,4.015304088592529,1268357529600.0,2620.5298920563264,29.31872121923755,9.832267750914035,wandb
12625,1778517364.7084177,0.35916152596473694,2.0750989419271465e-05,2.7956361770629883,3.887341260910034,1270874112000.0,2633.4032644096897,29.46274965269439,9.880568838499094,wandb
12650,1778517732.9506123,0.3451991081237793,2.073564332444875e-05,2.7984676361083984,3.731748104095459,1273390694400.0,1379.7011316346018,15.43621882233885,5.176659493025509,wandb
12675,1778517912.0490394,0.33612197637557983,2.0720297229626038e-05,2.797131299972534,4.539191246032715,1275907276800.0,3016.053091080074,33.74386990503206,11.31627676996321,wandb
12700,1778518058.912505,0.33368760347366333,2.0704951134803327e-05,2.79825496673584,4.487400054931641,1278423859200.0,2885.38959352112,32.28199508724266,10.826025352810923,wandb
12725,1778518292.2259417,0.31943070888519287,2.0689605039980615e-05,2.801356554031372,4.126399040222168,1280940441600.0,1869.80007911053,20.91948938316924,7.015518149296431,wandb
12750,1778518469.5285714,0.31301671266555786,2.06742589451579e-05,2.7975003719329834,3.8674259185791016,1283457024000.0,1644.8512204071676,18.402741569339003,6.171506632488881,wandb
12775,1778518634.3605275,0.32304027676582336,2.065891285033519e-05,2.7976183891296387,3.9234373569488525,1285973606400.0,2692.5350858252573,30.12432172348972,10.10243232592563,wandb
12800,1778518783.2344244,0.3130073845386505,2.0643566755512478e-05,2.7972304821014404,3.7451906204223633,1288490188800.0,2938.342974582849,32.87444221851603,11.0247072386743,wandb
12825,1778519072.8711684,0.33177411556243896,2.0628220660689763e-05,2.8014144897460938,4.5106306076049805,1291006771200.0,1134.63241299342,12.694368228236895,4.257157957722388,wandb
12850,1778519225.199397,0.3320187032222748,2.0612874565867055e-05,2.7928578853607178,4.061958312988281,1293523353600.0,2754.657449038948,30.81935224157826,10.335516371365479,wandb
12875,1778519384.746038,0.3136875629425049,2.059752847104434e-05,2.7971606254577637,4.157752990722656,1296039936000.0,2459.236843575227,27.514160264846925,9.227093795892712,wandb
12900,1778519543.002453,0.3340202271938324,2.058218237622163e-05,2.799441337585449,4.403348922729492,1298556518400.0,2718.419372390616,30.4139174209359,10.19955056022758,wandb
12925,1778519800.6696222,0.32680433988571167,2.0566836281398917e-05,2.7945613861083984,4.151151657104492,1301073100800.0,1680.8008086765778,18.804948756370987,6.306390030870036,wandb
12950,1778519966.8238633,0.3344160318374634,2.0551490186576202e-05,2.797560691833496,4.2011003494262695,1303589683200.0,2617.8547114116245,29.28879106054298,9.822230432713429,wandb
12975,1778520196.764104,0.32990071177482605,2.0536144091753494e-05,2.796865463256836,4.195001602172852,1306106265600.0,2592.7757523833725,29.008205439120808,9.72813379949911,wandb
13000,1778520364.7973132,0.3334490656852722,2.052079799693078e-05,2.7962164878845215,4.043889045715332,1308622848000.0,2719.486992967189,30.42586205478547,10.203556288762512,wandb
13025,1778520611.6695094,0.33875930309295654,2.0505451902108068e-05,2.7940313816070557,3.839773654937744,1311139430400.0,2700.172177764043,30.209766186519012,10.131086810275574,wandb
13050,1778520773.553438,0.33224594593048096,2.0490105807285356e-05,2.7988829612731934,4.525179862976074,1313656012800.0,2528.9989531121737,28.294664943454006,9.488842284973144,wandb
13075,1778520958.5407119,0.3423691391944885,2.047475971246264e-05,2.7951478958129883,3.640451431274414,1316172595200.0,2550.1506110373953,28.53131157126546,9.568203625107804,wandb
13100,1778521120.6184664,0.33988675475120544,2.045941361763993e-05,2.793924570083618,3.9061882495880127,1318689177600.0,2230.6040054173445,24.95619576162426,8.369259932507278,wandb
13125,1778521367.8159258,0.3367176353931427,2.044406752281722e-05,2.7939209938049316,4.7836103439331055,1321205760000.0,2607.612299256642,29.17419804349908,9.783800747546213,wandb
13150,1778521534.261633,0.290768563747406,2.0428721427994507e-05,2.792335033416748,3.9532856941223145,1323722342400.0,2388.628227226853,26.724184792836716,8.96216920046518,wandb
13175,1778521692.7987976,0.30443352460861206,2.0413375333171796e-05,2.7938098907470703,4.2721967697143555,1326238924800.0,2663.501701745278,29.79949364330934,9.993498630166304,wandb
13200,1778521851.419222,0.358784556388855,2.039802923834908e-05,2.7963218688964844,3.859402656555176,1328755507200.0,2608.5895980233313,29.185132148916203,9.787467587285706,wandb
13225,1779687072.1761472,0.3130960762500763,2.0382683143526373e-05,2.792863607406616,3.6528635025024414,1331272089600.0,2011.1734749065022,22.50118749381607,7.545953266459394,wandb
13250,1779687261.6728935,0.33704641461372375,2.0367337048703658e-05,2.7908365726470947,3.5533554553985596,1333788672000.0,2313.864764780775,25.887724533602096,8.681655559699795,wandb
13275,1779687447.7860332,0.3072320818901062,2.0351990953880946e-05,2.7911572456359863,4.388455390930176,1336305254400.0,2316.906556923058,25.921756374298436,8.693068409778784,wandb
13300,1779687627.8213043,0.31153571605682373,2.033664485905823e-05,2.788087844848633,4.222206115722656,1338821836800.0,2352.8935701859755,26.32438227548232,8.828092227301065,wandb
13325,1779687889.0352747,0.31248414516448975,2.032129876423552e-05,2.7894744873046875,3.8400092124938965,1341338419200.0,2209.764505186081,24.723041581822397,8.291069812757017,wandb
13350,1779688064.4400144,0.35623711347579956,2.030595266941281e-05,2.7922322750091553,4.371469974517822,1343855001600.0,2301.850170636182,25.753304187031965,8.636576620930084,wandb
13375,1779688233.4217646,0.35140395164489746,2.0290606574590097e-05,2.7910070419311523,4.228590488433838,1346371584000.0,2378.770099432314,26.613891183354202,8.92518135602484,wandb
13400,1779688407.9310672,0.3306809365749359,2.0275260479767386e-05,2.792019844055176,4.005215644836426,1348888166400.0,2562.0408885514225,28.664341052329526,9.612816126001219,wandb
13425,1779688668.10432,0.34351786971092224,2.025991438494467e-05,2.7905502319335938,3.463984489440918,1351404748800.0,2207.0493197397723,24.69266384585374,8.280882395936315,wandb
13450,1779688839.0874016,0.3580942153930664,2.024456829012196e-05,2.791687488555908,4.536931991577148,1353921331200.0,2249.467650960537,25.16724390365686,8.440036615612946,wandb
13475,1779689008.6077993,0.35044750571250916,2.0229222195299248e-05,2.793332099914551,3.8733949661254883,1356437913600.0,2601.3900810596942,29.10458331357954,9.76045489085423,wandb
13500,1779689173.830926,0.30187198519706726,2.0213876100476536e-05,2.7882471084594727,4.433270454406738,1358954496000.0,2656.054019383794,29.71616831145654,9.965554813412355,wandb
13525,1779689422.4263752,0.35257190465927124,2.0198530005653825e-05,2.7902417182922363,3.893876552581787,1361471078400.0,2569.6859848492045,28.749875068838303,9.641500642827063,wandb
13550,1779689577.9488528,0.3354218900203705,2.018318391083111e-05,2.788426399230957,4.872540473937988,1363987660800.0,2521.993407631223,28.216286278296508,9.462557372475596,wandb
13575,1779689735.8140163,0.33342182636260986,2.01678378160084e-05,2.7891151905059814,3.896672487258911,1366504243200.0,2648.5228042835365,29.631908407901957,9.937297580560355,wandb
13600,1779689888.0399215,0.3365780711174011,2.0152491721185687e-05,2.7909770011901855,4.481261730194092,1369020825600.0,2791.0427523436015,31.226434247129987,10.472034579142473,wandb
13625,1779690124.9564476,0.33962103724479675,2.0137145626362972e-05,2.7863550186157227,3.799417734146118,1371537408000.0,2864.563574920584,32.04899174112298,10.74788581634286,wandb
13650,1779690291.4734902,0.3208851218223572,2.0121799531540264e-05,2.7873849868774414,3.9636311531066895,1374053990400.0,2601.7427592382187,29.108529108369982,9.761778144708982,wandb
13675,1779690443.6742601,0.31476494669914246,2.010645343671755e-05,2.7869138717651367,3.540921449661255,1376570572800.0,2706.9259377022227,30.285327852657364,10.156427019612194,wandb
13700,1779690592.3151066,0.36408254504203796,2.0091107341894838e-05,2.7886171340942383,4.2595109939575195,1379087155200.0,2818.3191392959743,31.53160488736914,10.574375995130985,wandb
13725,1779690860.4840808,0.32027778029441833,2.0075761247072123e-05,2.788483142852783,4.124510288238525,1381603737600.0,2152.369333881306,24.08089930673672,8.07572226278677,wandb
13750,1779691061.2622588,0.3462088108062744,2.0060415152249415e-05,2.7858622074127197,4.283381938934326,1384120320000.0,2667.409822061624,29.84321804057476,10.008161956644502,wandb
13775,1779691222.1131637,0.3236856460571289,2.0045069057426703e-05,2.7856531143188477,3.667611837387085,1386636902400.0,2672.8751753415754,29.90436489856912,10.028668044731766,wandb
13800,1779691378.9835684,0.36228933930397034,2.002972296260399e-05,2.787980556488037,4.3991618156433105,1389153484800.0,2652.2741892751214,29.67387923643084,9.951372833731797,wandb
13825,1779691619.4195921,0.38191747665405273,2.0014376867781277e-05,2.7845568656921387,4.511280059814453,1391670067200.0,2730.894598514168,30.553491359005488,10.246357797142444,wandb
13850,1779691775.1524062,0.33333465456962585,1.9999030772958562e-05,2.789170742034912,4.225020408630371,1394186649600.0,2450.3248227713457,27.41445178442047,9.193655759176893,wandb
13875,1779691936.3533747,0.32100170850753784,1.998368467813585e-05,2.7849667072296143,4.004642486572266,1396703232000.0,2789.3988846320003,31.20804250914454,10.465866762649885,wandb
13900,1779692091.207681,0.33235692977905273,1.996833858331314e-05,2.786123037338257,4.25273323059082,1399219814400.0,2309.7769910675975,25.84199015817395,8.666318170962139,wandb
13925,1779692327.5347753,0.3773941695690155,1.9952992488490428e-05,2.785778284072876,3.9150917530059814,1401736396800.0,2757.020687382776,30.845792362100198,10.344383277339793,wandb
13950,1779692481.0740216,0.3216666281223297,1.9937646393667716e-05,2.7815237045288086,3.7152700424194336,1404252979200.0,2576.101142133961,28.82164841841141,9.66557040989179,wandb
13975,1779692640.2875135,0.3542880415916443,1.9922300298845e-05,2.786754846572876,4.219788074493408,1406769561600.0,1382.688063869634,15.469636885519556,5.187866507903568,wandb
14000,1779692816.3102548,0.3333932161331177,1.990695420402229e-05,2.7857158184051514,4.056641578674316,1409286144000.0,2463.081265552183,27.557171999432803,9.241518125239045,wandb
14025,1779693052.047098,0.3502601087093353,1.989160810919958e-05,2.782374382019043,4.052193641662598,1411802726400.0,2886.5188539055594,32.29462935273823,10.830262354836343,wandb
14050,1779693210.9230113,0.36907759308815,1.9876262014376867e-05,2.7827892303466797,3.972414493560791,1414319308800.0,2496.6059203212444,27.932248815051196,9.367303136486413,wandb
14075,1779693364.0603576,0.34355679154396057,1.9860915919554156e-05,2.7837839126586914,4.197271823883057,1416835891200.0,2798.5658572136167,31.310603412708172,10.500261382288057,wandb
14100,1779693520.1887808,0.3374423086643219,1.984556982473144e-05,2.786703586578369,3.878645420074463,1419352473600.0,2775.5720924268826,31.053347129692078,10.413988429374971,wandb
14125,1779693761.8557668,0.36090317368507385,1.983022372990873e-05,2.783480167388916,3.702280044555664,1421869056000.0,2677.6865365573763,29.95819483525434,10.046720344712591,wandb
14150,1779693925.759753,0.3655698001384735,1.9814877635086018e-05,2.7868947982788086,4.149878025054932,1424385638400.0,2570.157690479671,28.75515255333452,9.643270489479994,wandb
14175,1779694098.60801,0.3228302001953125,1.9799531540263307e-05,2.7836523056030273,3.8728115558624268,1426902220800.0,2699.5395258536446,30.202688020745736,10.128713090748457,wandb
14200,1779694272.4043815,0.34155353903770447,1.9784185445440595e-05,2.7859370708465576,4.101343154907227,1429418803200.0,2466.795032748247,27.59872195672374,9.255452235873292,wandb
14225,1779694520.869322,0.3331509232521057,1.976883935061788e-05,2.7797293663024902,3.924943685531616,1431935385600.0,2445.4491093038073,27.359901869026274,9.175362008575195,wandb
14250,1779694696.284831,0.3290860950946808,1.975349325579517e-05,2.7842700481414795,4.013648986816406,1434451968000.0,2417.23567693431,27.044247481420715,9.06950478402298,wandb
14275,1779694879.0451303,0.3325859010219574,1.9738147160972457e-05,2.780661106109619,3.8124794960021973,1436968550400.0,2016.067649905813,22.55594395846771,7.564316285007254,wandb
14300,1779695049.8919518,0.3290594816207886,1.9722801066149746e-05,2.782816171646118,4.163508415222168,1439485132800.0,2702.1911813573834,30.232354978073428,10.138662142264709,wandb
14325,1779695291.8169816,0.32579007744789124,1.970745497132703e-05,2.7828259468078613,4.318066596984863,1442001715200.0,2668.106059084843,29.851007602238663,10.010774248475684,wandb
14350,1779695470.2237198,0.35351431369781494,1.969210887650432e-05,2.7792165279388428,3.8021750450134277,1444518297600.0,2128.4126862581224,23.81287020501162,7.985836558922274,wandb
14375,1779695641.9489741,0.4025966227054596,1.9676762781681608e-05,2.7808375358581543,4.133925914764404,1447034880000.0,2504.105776725642,28.01615787473084,9.395442711037719,wandb
14400,1779695802.6815805,0.3413104712963104,1.9661416686858893e-05,2.781632900238037,4.600283622741699,1449551462400.0,2878.2304263916208,32.201897689434695,10.799164049566814,wandb
14425,1779696046.6431339,0.35983654856681824,1.9646070592036182e-05,2.7838661670684814,4.406359672546387,1452068044800.0,2604.5201130491746,29.139602389524846,9.772198818173202,wandb
14450,1779696206.6279516,0.3650573194026947,1.963072449721347e-05,2.7773077487945557,4.09235954284668,1454584627200.0,2774.8963796676826,31.04578719531723,10.411453144892509,wandb
14475,1779696367.0202408,0.38480180501937866,1.961537840239076e-05,2.781198740005493,3.720330238342285,1457101209600.0,2514.1328539484516,28.12834170542496,9.433064456285736,wandb
14500,1779696532.9829054,0.3407498002052307,1.9600032307568047e-05,2.7819621562957764,4.417208671569824,1459617792000.0,2132.270123474578,23.856027555253192,8.000309721643868,wandb
14525,1779696771.9295838,0.3572257459163666,1.9584686212745332e-05,2.782651424407959,4.465965270996094,1462134374400.0,2664.198325957354,29.807287536876565,9.99611237473593,wandb
14550,1779696925.870726,0.36752957105636597,1.9569340117922624e-05,2.7823996543884277,3.832575559616089,1464650956800.0,2776.3903319707615,31.062501666394848,10.417058476507115,wandb
14575,1779697088.5991666,0.3349872827529907,1.955399402309991e-05,2.778329610824585,3.9694712162017822,1467167539200.0,2503.310982483656,28.00726564614834,9.392460631032534,wandb
14600,1779697247.5976524,0.3497633635997772,1.9538647928277198e-05,2.779129981994629,4.2081427574157715,1469684121600.0,2794.4876359361856,31.264975910779718,10.484959834433662,wandb
14625,1779697485.3271065,0.33990615606307983,1.9523301833454487e-05,2.7786386013031006,3.51808500289917,1472200704000.0,2317.7378054677565,25.931056456857995,8.696187266878567,wandb
14650,1779697639.3150883,0.32859793305397034,1.9507955738631772e-05,2.7778987884521484,4.403382301330566,1474717286400.0,2770.0286341245424,30.991326425769007,10.393189290063546,wandb
14675,1779697796.497366,0.35559698939323425,1.949260964380906e-05,2.7781283855438232,4.78217887878418,1477233868800.0,2329.3955424913124,26.061484254257632,8.739927272338074,wandb
14700,1779697967.597049,0.3601257801055908,1.947726354898635e-05,2.7781736850738525,4.242499351501465,1479750451200.0,2371.833388039794,26.536282640092743,8.899154710067158,wandb
14725,1779698242.182697,0.35694950819015503,1.9461917454163637e-05,2.778921365737915,3.9872899055480957,1482267033600.0,2700.5382560802327,30.21386190324001,10.13246034164932,wandb
14750,1779698414.950559,0.35807859897613525,1.9446571359340926e-05,2.774308681488037,4.319823265075684,1484783616000.0,1951.25551332444,21.830820017003592,7.321140169249682,wandb
14775,1779698572.3434806,0.3447236120700836,1.943122526451821e-05,2.7792978286743164,4.268385887145996,1487300198400.0,2059.3729056681314,23.040447006829012,7.726798258965129,wandb
14800,1779698740.7910256,0.347515732049942,1.94158791696955e-05,2.7769060134887695,4.06566047668457,1489816780800.0,2719.1830287597104,30.42246127623045,10.202415810463187,wandb
14825,1779698981.2254589,0.324780136346817,1.9400533074872788e-05,2.7759976387023926,4.607663154602051,1492333363200.0,2568.75590471828,28.739469249712645,9.638010968122426,wandb
14850,1779699136.4472845,0.3312818706035614,1.9385186980050077e-05,2.775186061859131,4.02056884765625,1494849945600.0,2414.715998777585,27.016057098375224,9.060050913506887,wandb
14875,1779699290.6835532,0.3547438085079193,1.9369840885227362e-05,2.776266098022461,4.54779052734375,1497366528000.0,2511.4648743087846,28.098492112214398,9.423054156364826,wandb
14900,1779699473.3982022,0.354265958070755,1.935449479040465e-05,2.7792203426361084,3.937689781188965,1499883110400.0,1923.0057276691566,21.514758905607323,7.215146546619901,wandb
14925,1779699721.9295344,0.3572186231613159,1.933914869558194e-05,2.775834560394287,3.9716053009033203,1502399692800.0,2656.968439538218,29.726398925374,9.968985731648539,wandb
14950,1779699875.073279,0.3412603735923767,1.9323802600759224e-05,2.7760560512542725,4.4119110107421875,1504916275200.0,2801.406426312546,31.342383952120425,10.510919240467926,wandb
14975,1779700028.5018337,0.336386501789093,1.9308456505936516e-05,2.772799491882324,3.762937545776367,1507432857600.0,2788.6121921734493,31.199240924034804,10.462915080658565,wandb
15000,1779700180.242751,0.35176941752433777,1.92931104111138e-05,2.7753641605377197,4.280133247375488,1509949440000.0,2783.801837949562,31.14542225366457,10.444866558926616,wandb
15025,1779700424.5644832,0.353879451751709,1.927776431629109e-05,2.776137351989746,4.530720233917236,1512466022400.0,2581.2152830509926,28.87886588129053,9.6847587438866,wandb
15050,1779700591.4696178,0.34548529982566833,1.9262418221468378e-05,2.775956392288208,3.9918365478515625,1514982604800.0,2638.8272173265136,29.523433319748403,9.900919591798353,wandb
15075,1779700749.5987005,0.3525998294353485,1.9247072126645667e-05,2.774120330810547,3.955490827560425,1517499187200.0,2721.209014927681,30.44512818945011,10.21001734117784,wandb
15100,1779700903.745688,0.3654181659221649,1.9231726031822955e-05,2.7714290618896484,3.683210849761963,1520015769600.0,2742.457878941076,30.68286236761106,10.289743400024099,wandb
15125,1779701136.7857964,0.32641005516052246,1.921637993700024e-05,2.7758779525756836,4.028600215911865,1522532352000.0,2757.921468440896,30.855870380596635,10.347763021480562,wandb
15150,1779701290.907322,0.36248841881752014,1.920103384217753e-05,2.774665117263794,3.9430596828460693,1525048934400.0,2276.668175935764,25.47156579335673,8.542093396316941,wandb
15175,1779701447.3037302,0.31476566195487976,1.9185687747354818e-05,2.777588129043579,3.99605655670166,1527565516800.0,2468.646360900141,27.619434780544314,9.262398447072563,wandb
15200,1779701638.4754329,0.32910239696502686,1.9170341652532103e-05,2.776092767715454,3.7921979427337646,1530082099200.0,2384.9180336157956,26.682674817132284,8.948248497975875,wandb
15225,1779701878.7424014,0.3382793664932251,1.915499555770939e-05,2.777418851852417,4.054377555847168,1532598681600.0,2521.2562980394205,28.208039430704503,9.459791726149508,wandb
15250,1779702035.0551548,0.36694666743278503,1.913964946288668e-05,2.776703357696533,3.842975616455078,1535115264000.0,2754.257221748036,30.81487446309455,10.334014712522587,wandb
15275,1779702190.7482147,0.3260349631309509,1.9124303368063968e-05,2.773960590362549,3.8970189094543457,1537631846400.0,2702.974199544922,30.241115455112684,10.141600038335673,wandb
15300,1779702343.0096133,0.3461838662624359,1.9108957273241257e-05,2.772091865539551,3.936084508895874,1540148428800.0,2782.2677294072946,31.12825851101575,10.439110560495816,wandb
15325,1779702579.3749712,0.3315175175666809,1.9093611178418542e-05,2.7746572494506836,3.709202766418457,1542665011200.0,2104.7949043163285,23.548632362632024,7.897222284214573,wandb
15350,1779702753.5869422,0.3474751114845276,1.9078265083595834e-05,2.774697780609131,3.5910708904266357,1545181593600.0,2662.783323111289,29.79145635933726,9.990803262676955,wandb
15375,1779702932.7599165,0.3711602985858917,1.906291898877312e-05,2.7704591751098633,4.055405616760254,1547698176000.0,2417.877539055914,27.051428691855115,9.071913060401704,wandb
15400,1779703111.1440668,0.3516422212123871,1.9047572893950408e-05,2.777925491333008,4.458639621734619,1550214758400.0,2834.2512458389892,31.709854710653282,10.634153499612756,wandb
15425,1779703350.4815106,0.33728301525115967,1.9032226799127693e-05,2.7741212844848633,4.297428131103516,1552731340800.0,2656.149999567281,29.717242146275503,9.965914932511048,wandb
15450,1779703543.1189916,0.36135315895080566,1.901688070430498e-05,2.7734808921813965,3.9059677124023438,1555247923200.0,2325.586662092246,26.01887016200242,8.725636295529013,wandb
15475,1779703709.2037704,0.3368757367134094,1.900153460948227e-05,2.7717294692993164,3.8636255264282227,1557764505600.0,2891.6878418952447,32.35246044953837,10.84965647587648,wandb
15500,1779703865.2151268,0.410267174243927,1.898618851465956e-05,2.7725024223327637,4.0739850997924805,1560281088000.0,2600.1825099183106,29.09107290037878,9.755924065685491,wandb
15525,1779704136.8806133,0.33572494983673096,1.8970842419836847e-05,2.7732319831848145,3.801248073577881,1562797670400.0,2785.057865987077,31.159474806923768,10.449579195101817,wandb
15550,1779704290.9462616,0.3357296884059906,1.8955496325014132e-05,2.7705445289611816,4.276481628417969,1565314252800.0,2498.596718977425,27.954522047263172,9.374772643125151,wandb
15575,1779704441.4304883,0.33299946784973145,1.894015023019142e-05,2.7688252925872803,4.51750373840332,1567830835200.0,2860.5237369039037,32.003793674525475,10.732728283062768,wandb
15600,1779704602.0659916,0.3330700397491455,1.892480413536871e-05,2.773789882659912,3.875521183013916,1570347417600.0,2895.223354182182,32.39201607507125,10.862921771398272,wandb
15625,1779704836.4737935,0.3548233211040497,1.8909458040545998e-05,2.7694334983825684,4.098017692565918,1572864000000.0,2782.5350822771475,31.131249678673157,10.440113672503177,wandb
15650,1779704990.7429364,0.36582013964653015,1.8894111945723286e-05,2.7699875831604004,3.617866039276123,1575380582400.0,2665.1325623107764,29.81773985618874,9.999617643650177,wandb
15675,1779705144.830183,0.2978018522262573,1.887876585090057e-05,2.767092227935791,3.916522264480591,1577897164800.0,2383.5489046858747,26.66735688104187,8.943111505543424,wandb
15700,1779705303.3529224,0.3566056191921234,1.886341975607786e-05,2.769376754760742,4.1339006423950195,1580413747200.0,2502.241206479426,27.995296897182676,9.388446815300465,wandb
15725,1779705542.2061121,0.3940286934375763,1.884807366125515e-05,2.7711968421936035,4.174468517303467,1582930329600.0,2707.885303441474,30.296061321770487,10.160026574361776,wandb
15750,1779705717.9860756,0.3496864140033722,1.8832727566432434e-05,2.7682948112487793,4.93304443359375,1585446912000.0,2553.7142944329917,28.571182377664517,9.581574619054946,wandb
15775,1779705883.3184667,0.36302608251571655,1.8817381471609725e-05,2.772057056427002,4.536294460296631,1587963494400.0,2685.765158887332,30.04857917952206,10.07703145776168,wandb
15800,1779706052.0478058,0.35231298208236694,1.880203537678701e-05,2.769066572189331,3.8067378997802734,1590480076800.0,2773.497743324148,31.030139127662103,10.406205440198324,wandb
15825,1779706306.4046102,0.329924076795578,1.87866892819643e-05,2.7673134803771973,3.758984327316284,1592996659200.0,1976.5973868676526,22.114347149374368,7.416223261696739,wandb
15850,1779706470.765391,0.3676873445510864,1.8771343187141588e-05,2.769399642944336,3.6886439323425293,1595513241600.0,1756.7082871180457,19.65420836818726,6.591196036936081,wandb
15875,1779706622.9505048,0.32229679822921753,1.8755997092318876e-05,2.765738010406494,3.698657512664795,1598029824000.0,2883.06437764657,32.25598036548462,10.817301107715856,wandb
15900,1779706795.6628337,0.3541392385959625,1.8740650997496165e-05,2.7707314491271973,3.9797472953796387,1600546406400.0,1565.14554593994,17.510987402985183,5.87244973754386,wandb
15925,1779707043.9958978,0.3123841881752014,1.872530490267345e-05,2.769299030303955,3.757641315460205,1603062988800.0,2187.0142948755606,24.468510207921614,8.205710679918768,wandb
15950,1779707226.7564976,0.3327219486236572,1.870995880785074e-05,2.7693674564361572,4.245841979980469,1605579571200.0,2530.4178762285082,28.31053998132533,9.494166105945405,wandb
15975,1779707454.9549258,0.3529367744922638,1.8694612713028024e-05,2.7659108638763428,4.072823524475098,1608096153600.0,2617.864229084158,29.288897545108757,9.822266143164585,wandb
16000,1779707615.0545397,0.3883886933326721,1.8679266618205312e-05,2.76700496673584,3.423182487487793,1610612736000.0,1991.2438733189422,22.278213340868078,7.471177100168779,wandb
16025,1779707871.8894107,0.3599160313606262,1.86639205233826e-05,2.7701406478881836,4.034304618835449,1613129318400.0,2522.893363632656,28.226355065985434,9.46593402099121,wandb
16050,1779708038.6129565,0.3707335591316223,1.864857442855989e-05,2.766227960586548,4.208345413208008,1615645900800.0,2408.5913202306383,26.947533650724537,9.037071027055523,wandb
16075,1779708196.9273431,0.34068194031715393,1.8633228333737178e-05,2.767035961151123,4.1198015213012695,1618162483200.0,2751.6106099850713,30.785263935586684,10.32408458519793,wandb
16100,1779708343.5277371,0.33249431848526,1.8617882238914463e-05,2.7704732418060303,4.199639320373535,1620679065600.0,2864.2528869403313,32.04551573640088,10.746720110346493,wandb
16125,1779708577.415759,0.3519570529460907,1.860253614409175e-05,2.7691538333892822,4.321287155151367,1623195648000.0,2648.88262787836,29.63593414624469,9.938647644125027,wandb
16150,1779708728.8533177,0.3391382694244385,1.858719004926904e-05,2.765507221221924,3.8365349769592285,1625712230400.0,2778.9760052669308,31.09143040892292,10.426759961783581,wandb
16175,1779708887.1164103,0.35936975479125977,1.857184395444633e-05,2.770827054977417,4.4747724533081055,1628228812800.0,2872.0222004592792,32.132439506214524,10.775870692063057,wandb
16200,1779709049.528723,0.3683580756187439,1.8556497859623617e-05,2.767915725708008,4.204469680786133,1630745395200.0,2708.2734462462254,30.300403897949547,10.161482892029998,wandb
16225,1779709299.2523725,0.3592231571674347,1.8541151764800902e-05,2.7707126140594482,3.9680256843566895,1633261977600.0,2456.8921322816136,27.48792742660859,9.218296403690745,wandb
16250,1779709453.6687582,0.3350374698638916,1.852580566997819e-05,2.7661452293395996,4.460048675537109,1635778560000.0,2793.5922491978336,31.254958244412045,10.48160032986217,wandb
16275,1779709608.274355,0.34999895095825195,1.851045957515548e-05,2.7661256790161133,4.456666946411133,1638295142400.0,2566.5859011341463,28.715191056847598,9.629869081886241,wandb
16300,1779709767.0172567,0.3385846018791199,1.8495113480332768e-05,2.767258405685425,3.9952175617218018,1640811724800.0,1781.3775230748145,19.930209971489152,6.683755382995322,wandb
16325,1779710037.7982855,0.3462238907814026,1.8479767385510056e-05,2.765040397644043,4.555728435516357,1643328307200.0,2720.8379565482887,30.44097675533961,10.208625124531709,wandb
16350,1779710203.8448367,0.32989051938056946,1.846442129068734e-05,2.7644591331481934,3.847296714782715,1645844889600.0,2710.1989496835376,30.321946601452517,10.168707410020938,wandb
16375,1779712535.8293777,0.3724469244480133,1.844907519586463e-05,2.767727851867676,4.531919479370117,1648361472000.0,261.53742011134796,2.926103889097864,0.9812923520594551,wandb
16400,1779712734.930579,0.36610350012779236,1.843372910104192e-05,2.76406192779541,4.258584976196289,1650878054400.0,1987.5465279135428,22.236847112029885,7.457304604341238,wandb
16425,1779713022.870532,0.3230280876159668,1.8418383006219207e-05,2.7660510540008545,3.8201143741607666,1653394636800.0,2335.531628256665,26.130135326881167,8.762949958845258,wandb
16450,1779713210.6785557,0.33573538064956665,1.8403036911396492e-05,2.7610063552856445,3.589425802230835,1655911219200.0,2243.503137258125,25.100512394514595,8.417657670078352,wandb
16475,1779713375.7207952,0.3481718897819519,1.838769081657378e-05,2.7676925659179688,4.184844970703125,1658427801600.0,2503.1056446098055,28.004968307775126,9.391690200227213,wandb
16500,1779713541.361128,0.32355520129203796,1.837234472175107e-05,2.7675094604492188,4.154439449310303,1660944384000.0,2387.2692118917257,26.708980008543257,8.95707015439321,wandb
16525,1779716481.3887358,0.3406107425689697,1.8356998626928355e-05,2.7717347145080566,4.206376075744629,1663460966400.0,435.3596774328068,4.870842744989108,1.6334760879647754,wandb
16550,1779716791.444233,0.3307429850101471,1.8341652532105643e-05,2.7651278972625732,4.7801899909973145,1665977548800.0,2009.303183131416,22.48026250329465,7.538935903459368,wandb
16575,1779716962.5083685,0.3517213463783264,1.832630643728293e-05,2.7658889293670654,3.995882987976074,1668494131200.0,2665.9223705789286,29.826576301253077,10.0025810162062,wandb
16600,1779717124.6727395,0.34108129143714905,1.831096034246022e-05,2.7674310207366943,4.331437110900879,1671010713600.0,2706.3101526714677,30.278438395031863,10.154116584872357,wandb
16625,1779762897.4208016,0.3343183100223541,1.829561424763751e-05,2.764364004135132,3.6293601989746094,1673527296000.0,2198.789780838292,24.600255390912622,8.249892481177234,wandb
16650,1779763096.8555074,0.346445769071579,1.8280268152814794e-05,2.7623448371887207,3.53049373626709,1676043878400.0,2168.997255972675,24.26693397618653,8.138110477719662,wandb
16675,1779763289.0505674,0.32944026589393616,1.8264922057992086e-05,2.7622339725494385,4.365342617034912,1678560460800.0,2230.981654498194,24.96042093308813,8.370676877564861,wandb
16700,1779763475.3845742,0.35212182998657227,1.824957596316937e-05,2.7605907917022705,4.188551902770996,1681077043200.0,2334.0815019487177,26.113911184930235,8.75750906302659,wandb
16725,1779763784.8152497,0.3670373857021332,1.823422986834666e-05,2.7613158226013184,3.8039560317993164,1683593625600.0,2145.197118345604,24.000655922201034,8.048812001725429,wandb
16750,1779764021.7873807,0.3588404953479767,1.8218883773523948e-05,2.7639856338500977,4.349041938781738,1686110208000.0,1384.0000059670208,15.484315010247558,5.192788934476264,wandb
16775,1779764286.249297,0.3559389114379883,1.8203537678701233e-05,2.7621829509735107,4.190532684326172,1688626790400.0,537.371953808991,6.012165155040392,2.0162276903225043,wandb
16800,1779764546.873066,0.362484335899353,1.818819158387852e-05,2.7640326023101807,3.9742119312286377,1691143372800.0,1238.3708624005046,13.855003215497295,4.64638618737434,wandb
16825,1779764857.6837745,0.3403715491294861,1.817284548905581e-05,2.7620632648468018,3.436476230621338,1693659955200.0,2285.856021543031,25.57436022618554,8.576566331862747,wandb
16850,1779765255.9512548,0.36680129170417786,1.81574993942331e-05,2.7629871368408203,4.5077128410339355,1696176537600.0,1460.0069630166427,16.334687597568735,5.477968185783214,wandb
16875,1779765526.572164,0.35796913504600525,1.8142153299410387e-05,2.7646644115448,3.8296258449554443,1698693120000.0,1304.9930316084867,14.600377962776733,4.896353572896344,wandb
16900,1779765737.515288,0.3561028242111206,1.8126807204587672e-05,2.7603816986083984,4.404399871826172,1701209702400.0,2332.825841565641,26.09986274502155,8.752797806296396,wandb
16925,1779765985.1401298,0.3686036169528961,1.811146110976496e-05,2.7622029781341553,3.857774019241333,1703726284800.0,2666.5772742542913,29.833903421749437,10.005038224691685,wandb
16950,1779766149.7505538,0.3745744824409485,1.809611501494225e-05,2.7612595558166504,4.829739570617676,1706242867200.0,2283.6057966095805,25.549184509738108,8.568123453911786,wandb
16975,1779766322.510065,0.34738945960998535,1.8080768920119538e-05,2.761395215988159,3.86669921875,1708759449600.0,2423.3516693208985,27.112673747537702,9.092452079869432,wandb
17000,1779766499.4648464,0.33324843645095825,1.8065422825296823e-05,2.763251304626465,4.4654011726379395,1711276032000.0,2512.1784578317347,28.106475748058216,9.425731532525104,wandb
17025,1779766749.692703,0.3690483272075653,1.8050076730474112e-05,2.7592363357543945,3.7789483070373535,1713792614400.0,2476.0266106000427,27.70200566978915,9.290089255461355,wandb
17050,1779766917.83778,0.38059425354003906,1.80347306356514e-05,2.760390281677246,3.91742205619812,1716309196800.0,2491.194852859925,27.871709311618012,9.347000729610908,wandb
17075,1779767085.9471831,0.35911300778388977,1.8019384540828685e-05,2.7598116397857666,3.514812469482422,1718825779200.0,2516.187060292709,28.151324348483765,9.44077186952822,wandb
17100,1779767252.3203256,0.3442733883857727,1.8004038446005977e-05,2.7607192993164062,4.174374580383301,1721342361600.0,1847.8429093592322,20.673830617492413,6.93313451661914,wandb
17125,1779767499.6959167,0.3408770263195038,1.7988692351183262e-05,2.760922908782959,4.102048397064209,1723858944000.0,1981.430426118634,22.16841962184289,7.434356897993114,wandb
17150,1779767673.941321,0.37214767932891846,1.797334625636055e-05,2.7596006393432617,4.255151748657227,1726375526400.0,2741.649551175248,30.673818724761603,10.286710542032967,wandb
17175,1779767832.803957,0.3907177150249481,1.795800016153784e-05,2.7588090896606445,3.6321048736572266,1728892108800.0,2357.0798911750876,26.371219206587774,8.843799366907065,wandb
17200,1779767999.9311218,0.30751532316207886,1.7942654066715128e-05,2.759317398071289,4.375736713409424,1731408691200.0,2310.252923336954,25.847314930681527,8.66810387602805,wandb
17225,1779768245.0726933,0.3637497127056122,1.7927307971892417e-05,2.7565300464630127,4.476734161376953,1733925273600.0,2467.1945710808045,27.60319202708018,9.256951309734028,wandb
17250,1779768404.210028,0.3646376132965088,1.7911961877069702e-05,2.762308120727539,4.190546989440918,1736441856000.0,2717.5321652015637,30.403991268092394,10.196221745448653,wandb
17275,1779768565.3012645,0.3418227732181549,1.789661578224699e-05,2.7579102516174316,3.982595920562744,1738958438400.0,2732.275470996411,30.568940683002488,10.251538851560651,wandb
17300,1779768738.812854,0.3271636366844177,1.788126968742428e-05,2.758810043334961,4.220946311950684,1741475020800.0,2686.318957227243,30.054775124544005,10.07910931750086,wandb
17325,1779768985.8328233,0.37547531723976135,1.7865923592601564e-05,2.758849620819092,3.8966641426086426,1743991603200.0,2624.0653463056246,29.358276195440173,9.845532828677728,wandb
17350,1779769154.207064,0.3923264443874359,1.7850577497778853e-05,2.7557058334350586,3.693667411804199,1746508185600.0,2641.070017005784,29.54852596179246,9.90933461008343,wandb
17375,1779769322.9344068,0.3538333773612976,1.783523140295614e-05,2.759605646133423,4.177231788635254,1749024768000.0,2502.8872803711897,28.00252522927576,9.390870894304468,wandb
17400,1779769486.7446043,0.34452593326568604,1.781988530813343e-05,2.7589635848999023,4.018701553344727,1751541350400.0,2598.732426160056,29.07484923447759,9.750483329513916,wandb
17425,1779769749.1253726,0.384035587310791,1.7804539213310718e-05,2.7559752464294434,4.026213645935059,1754057932800.0,2229.642638224836,24.945439900074305,8.365652868274832,wandb
17450,1779769925.4615252,0.38188445568084717,1.7789193118488003e-05,2.756300926208496,3.9517014026641846,1756574515200.0,2593.5087530843443,29.016406316077198,9.730884029204718,wandb
17475,1779770100.3070781,0.37802496552467346,1.7773847023665295e-05,2.7584383487701416,4.1779985427856445,1759091097600.0,2312.4876580760697,25.87231734145871,8.676488634535808,wandb
17500,1779770270.8457534,0.3240938186645508,1.775850092884258e-05,2.759939670562744,3.8414218425750732,1761607680000.0,2634.4570054774003,29.474539001365866,9.884522490907058,wandb
17525,1779770517.491852,0.3602787256240845,1.774315483401987e-05,2.756908655166626,3.6771039962768555,1764124262400.0,2462.7358088235364,27.553306998865093,9.24022196637335,wandb
17550,1779770679.5406427,0.3415520489215851,1.7727808739197154e-05,2.7603302001953125,4.137723922729492,1766640844800.0,2460.8539193314655,27.532252252055798,9.233161088563957,wandb
17575,1779770841.645187,0.3619585335254669,1.7712462644374443e-05,2.7580554485321045,3.847285747528076,1769157427200.0,2610.261233434763,29.20383455439402,9.793739588607627,wandb
17600,1779771022.9993773,0.3603878617286682,1.769711654955173e-05,2.7598888874053955,4.077465057373047,1771674009600.0,2600.4316300355654,29.093860078380466,9.756858768129609,wandb
17625,1779771271.820415,0.32746338844299316,1.768177045472902e-05,2.752938985824585,3.897608757019043,1774190592000.0,2497.1570711031823,27.938415138959343,9.369371062548073,wandb
17650,1779771432.707261,0.36646902561187744,1.7666424359906308e-05,2.758693218231201,3.9892096519470215,1776707174400.0,2656.906877743166,29.72571016654231,9.968754750863313,wandb
17675,1779771596.1208177,0.35319775342941284,1.7651078265083593e-05,2.755220413208008,3.7859983444213867,1779223756800.0,2594.0467636726994,29.022425626332268,9.732902653061506,wandb
17700,1779771763.0536225,0.32585787773132324,1.7635732170260882e-05,2.756862163543701,4.145301818847656,1781740339200.0,2265.922800486778,25.35134557830029,8.501776585270905,wandb
17725,1779772015.3882997,0.36757752299308777,1.762038607543817e-05,2.7571868896484375,4.304584503173828,1784256921600.0,1293.8096438109856,14.475257226655586,4.854393332900359,wandb
17750,1779772191.4323645,0.3590397834777832,1.760503998061546e-05,2.7533528804779053,3.7751412391662598,1786773504000.0,2711.209608553477,30.33325394266825,10.172499417371897,wandb
17775,1779772352.5012338,0.35160475969314575,1.7589693885792748e-05,2.754213333129883,4.112715721130371,1789290086400.0,2673.764745723323,29.91431749102243,10.032005726245396,wandb
17800,1779772513.6919785,0.3531513512134552,1.7574347790970033e-05,2.7565999031066895,4.585461616516113,1791806668800.0,2498.785273758346,27.956631614901816,9.37548010351221,wandb
17825,1779772756.6731162,0.37031975388526917,1.755900169614732e-05,2.7583799362182617,4.368579864501953,1794323251200.0,2624.742178898127,29.36584865860948,9.848072314791661,wandb
17850,1779772923.540332,0.36465713381767273,1.754365560132461e-05,2.7524261474609375,4.064786434173584,1796839833600.0,2571.2538893341616,28.767416923496096,9.647383444145486,wandb
17875,1779773083.756814,0.34907522797584534,1.7528309506501895e-05,2.7559361457824707,3.692302703857422,1799356416000.0,2549.2191534346935,28.520890340863186,9.564708782108244,wandb
17900,1779773250.9815443,0.3806847333908081,1.7512963411679187e-05,2.7574663162231445,4.402716159820557,1801872998400.0,2590.5993069612,28.983855174399544,9.719967743389269,wandb
17925,1779773507.9655316,0.3249485194683075,1.7497617316856472e-05,2.7569663524627686,4.451801776885986,1804389580800.0,2297.6532555284152,25.706348727985905,8.620829732030815,wandb
17950,1779773714.2906215,0.36138370633125305,1.748227122203376e-05,2.7568957805633545,3.8075270652770996,1806906163200.0,807.7164218552653,9.036803078781894,3.030564219307329,wandb
17975,1779773894.6284714,0.34624919295310974,1.746692512721105e-05,2.753373622894287,3.937316417694092,1809422745600.0,2554.0575525286695,28.575022779731263,9.582862528616522,wandb
18000,1779774062.3091044,0.3400713801383972,1.7451579032388338e-05,2.7541580200195312,4.180239677429199,1811939328000.0,1615.515427841527,18.074530116157494,6.061438295521995,wandb
18025,1779774328.0089252,0.3377266526222229,1.7436232937565626e-05,2.7536792755126953,3.4909491539001465,1814455910400.0,2691.829568777014,30.116428336081487,10.099785215300336,wandb
18050,1779774495.2059095,0.3564169406890869,1.742088684274291e-05,2.7539587020874023,4.387175559997559,1816972492800.0,2455.677672047301,27.474339937624165,9.213739730541242,wandb
18075,1779774669.4601743,0.3546367287635803,1.74055407479202e-05,2.753545045852661,4.766666412353516,1819489075200.0,2155.6217535572355,24.11728766698996,8.087925390554563,wandb
18100,1779774833.7758179,0.3390062153339386,1.7390194653097485e-05,2.7535922527313232,4.228917121887207,1822005657600.0,2648.517705979465,29.631851367623113,9.937278451646446,wandb
18125,1779775098.3891075,0.35088005661964417,1.7374848558274773e-05,2.7541487216949463,3.9545960426330566,1824522240000.0,2603.307301524813,29.126033346453816,9.767648331008346,wandb
18150,1779775288.0906096,0.3795904517173767,1.7359502463452062e-05,2.7498016357421875,4.302058219909668,1827038822400.0,2662.6961827588734,29.79048142533358,9.99047631075801,wandb
18175,1779775449.7065,0.331059068441391,1.734415636862935e-05,2.755063056945801,4.220528602600098,1829555404800.0,2355.8794448499375,26.357788506463944,8.83929527415649,wandb
18200,1779775609.5297744,0.33892571926116943,1.732881027380664e-05,2.7525534629821777,4.042065620422363,1832071987200.0,2512.9128258841456,28.11469192306397,9.42848689255397,wandb
18225,1779775892.9397385,0.3633647859096527,1.7313464178983924e-05,2.7523605823516846,4.571364402770996,1834588569600.0,1273.2119604535774,14.244808515519495,4.777110513714631,wandb
18250,1779776095.1907883,0.35669511556625366,1.7298118084161213e-05,2.751596450805664,3.996605157852173,1837105152000.0,2083.530261057387,23.3107216448702,7.817437021400602,wandb
18275,1779776289.6897526,0.3586942255496979,1.72827719893385e-05,2.7516956329345703,4.527163982391357,1839621734400.0,2368.5079209620203,26.499077019018717,8.886677507343911,wandb
18300,1779776483.3253248,0.35886627435684204,1.726742589451579e-05,2.75529146194458,3.916747570037842,1842138316800.0,2247.865964213653,25.149324090051685,8.434027062737329,wandb
18325,1779776798.1164296,0.3297743499279022,1.725207979969308e-05,2.751662254333496,3.953970432281494,1844654899200.0,1583.5166478876172,17.71652492351753,5.941378389636876,wandb
18350,1779777075.291017,0.33108749985694885,1.7236733704870364e-05,2.7523303031921387,4.398743629455566,1847171481600.0,2710.8273824964986,30.328977563588868,10.171065299430719,wandb
18375,1779777314.3359869,0.3480525016784668,1.7221387610047652e-05,2.7488317489624023,3.729572296142578,1849688064000.0,2593.249492619443,29.013505686965257,9.729911280023012,wandb
18400,1779777475.381835,0.3609103262424469,1.720604151522494e-05,2.7514472007751465,4.256235122680664,1852204646400.0,2492.9222951533666,27.891036089449187,9.353482119197364,wandb
18425,1779777716.75051,0.35727253556251526,1.719069542040223e-05,2.752122163772583,4.51805305480957,1854721228800.0,2569.383498534923,28.74649082508366,9.640365709605344,wandb
18450,1779777878.7539082,0.3544284701347351,1.7175349325579518e-05,2.75235915184021,3.9607064723968506,1857237811200.0,2682.738670652638,30.014718560303308,10.065676028175204,wandb
18475,1779778039.3842628,0.30636048316955566,1.7160003230756803e-05,2.7495384216308594,3.933210849761963,1859754393600.0,2556.4535601976745,28.601829526374242,9.59185238559404,wandb
18500,1779778203.5583236,0.35726627707481384,1.714465713593409e-05,2.747694969177246,3.648864269256592,1862270976000.0,2605.450765922507,29.150014616543444,9.775690641816006,wandb
18525,1779778465.1651962,0.3240967392921448,1.712931104111138e-05,2.752303123474121,4.007211685180664,1864787558400.0,2634.488116775141,29.474887077328667,9.88463922096627,wandb
18550,1779778627.5338173,0.3550540804862976,1.711396494628867e-05,2.750767946243286,3.925506591796875,1867304140800.0,2667.5898181589487,29.845231852901044,10.008837304721386,wandb
18575,1779778811.9494338,0.3318488299846649,1.7098618851465957e-05,2.7548277378082275,3.972635507583618,1869820723200.0,2616.207633288657,29.270363404189972,9.816050570708883,wandb
18600,1779779041.033498,0.3764495253562927,1.7083272756643242e-05,2.7533621788024902,3.7608561515808105,1872337305600.0,849.3677801800786,9.502802175693368,3.1868407450894765,wandb
18625,1779779308.7616622,0.3563845455646515,1.706792666182053e-05,2.7547976970672607,4.015552997589111,1874853888000.0,2602.201512022085,29.1136616752678,9.763499392085752,wandb
18650,1779779476.259222,0.3408914804458618,1.7052580566997816e-05,2.75309419631958,3.821568489074707,1877370470400.0,2650.8236305013957,29.65765025601436,9.945930315294994,wandb
18675,1779779821.152793,0.38693735003471375,1.7037234472175104e-05,2.751988649368286,3.86635422706604,1879887052800.0,2683.1978125772007,30.019855480941807,10.067398735613748,wandb
18700,1779780004.5352445,0.3977962136268616,1.7021888377352393e-05,2.750093936920166,3.9148800373077393,1882403635200.0,2314.863955581745,25.898903569043465,8.685404538682695,wandb
18725,1779780244.5632656,0.36239534616470337,1.700654228252968e-05,2.7523279190063477,3.677581787109375,1884920217600.0,2584.6887947026808,28.917727838208602,9.697791412088115,wandb
18750,1779780404.1790693,0.33838510513305664,1.699119618770697e-05,2.7515296936035156,3.570626735687256,1887436800000.0,2567.0333050480494,28.72019665158013,9.631547748131428,wandb
18775,1779780564.7306528,0.3149106204509735,1.697585009288426e-05,2.746159553527832,4.03215217590332,1889953382400.0,2595.2718202672136,29.036131668335923,9.737499083914596,wandb
18800,1779780722.7709806,0.3684022128582001,1.6960503998061547e-05,2.754746913909912,4.446314811706543,1892469964800.0,2640.2995362483307,29.539905754634727,9.906443754639588,wandb
18825,1779780968.6890075,0.36342573165893555,1.6945157903238832e-05,2.751877784729004,4.287701606750488,1894986547200.0,2458.1392361159665,27.501880135090055,9.222975556120838,wandb
18850,1779781142.0883965,0.39207392930984497,1.692981180841612e-05,2.7511515617370605,3.869776725769043,1897503129600.0,2695.5721520350685,30.158300690033755,10.113827444234577,wandb
18875,1779781310.55043,0.3530442714691162,1.691446571359341e-05,2.7493386268615723,3.8476717472076416,1900019712000.0,2147.085454529762,24.021782795174076,8.055897067620942,wandb
18900,1779781470.1308813,0.3332812488079071,1.6899119618770694e-05,2.7489657402038574,4.049986839294434,1902536294400.0,2691.036985379033,30.107560842618106,10.096811430415261,wandb
18925,1779781711.48477,0.31378209590911865,1.6883773523947983e-05,2.7504773139953613,3.775609016418457,1905052876800.0,2624.780922352235,29.3662821238157,9.848217680816886,wandb
18950,1779781871.1125572,0.357865571975708,1.686842742912527e-05,2.747915506362915,4.240940093994141,1907569459200.0,2368.0545606799406,26.49400478390991,8.884976492715323,wandb
18975,1779782036.4094489,0.36888670921325684,1.685308133430256e-05,2.746910572052002,4.504238605499268,1910086041600.0,2663.4310301512965,29.798702963237975,9.993233469277845,wandb
19000,1779782196.0046394,0.37905988097190857,1.683773523947985e-05,2.7521209716796875,3.8480539321899414,1912602624000.0,2737.558212146478,30.628044460265897,10.271359776177341,wandb
19025,1779782434.5833392,0.3481173515319824,1.6822389144657134e-05,2.7472004890441895,4.0717926025390625,1915119206400.0,2288.8688799557676,25.608068353745473,8.587870622151291,wandb
19050,1779782593.561558,0.3446909785270691,1.6807043049834426e-05,2.74735164642334,3.5983352661132812,1917635788800.0,2700.091171747513,30.208859884010142,10.130782874477559,wandb
19075,1779782752.3726075,0.3378882110118866,1.679169695501171e-05,2.745351791381836,3.8917975425720215,1920152371200.0,2674.248007853847,29.919724270667874,10.03381893306116,wandb
19100,1779782905.3550248,0.3306128978729248,1.6776350860189e-05,2.746846914291382,4.113880157470703,1922668953600.0,2844.0591154224876,31.81958602680613,10.670952774485873,wandb
19125,1779783246.461744,0.377094030380249,1.6761004765366285e-05,2.748253345489502,4.154363632202148,1925185536000.0,1334.5130652513028,14.930650721496187,5.007113185168654,wandb
19150,1779783567.8019946,0.34216317534446716,1.6745658670543573e-05,2.7465288639068604,4.908989906311035,1927702118400.0,2529.913239628557,28.304894062217198,9.492272701797384,wandb
19175,1779783747.936643,0.3409188389778137,1.673031257572086e-05,2.7500147819519043,4.517902374267578,1930218700800.0,2511.6244214427406,28.10027713972199,9.423652779622168,wandb
19200,1779783918.0735364,0.33331555128097534,1.6714966480898147e-05,2.7473537921905518,3.781459093093872,1932735283200.0,2618.271490582734,29.293454022932675,9.823794194460916,wandb
19225,1779784170.5436995,0.3547963798046112,1.6699620386075435e-05,2.745879650115967,3.747816324234009,1935251865600.0,2621.681738354509,29.331608177942428,9.836589495629088,wandb
19250,1779784392.9941287,0.3792169988155365,1.6684274291252724e-05,2.7474608421325684,3.6597068309783936,1937768448000.0,2240.937736469685,25.071810462603842,8.4080322475572,wandb
19275,1779784583.187604,0.3153017461299896,1.6668928196430012e-05,2.7441062927246094,3.6843323707580566,1940285030400.0,2300.772634291203,25.741248614684626,8.632533688282264,wandb
19300,1779784749.0074072,0.3680124282836914,1.66535821016073e-05,2.749176502227783,3.9486637115478516,1942801612800.0,2589.8062705723214,28.97498261283376,9.716992258875504,wandb
19325,1779785000.0300376,0.3445734977722168,1.663823600678459e-05,2.7478411197662354,3.7247443199157715,1945318195200.0,1594.213840102808,17.83620606027406,5.981514416461671,wandb
19350,1779785162.6087945,0.3640512228012085,1.6622889911961878e-05,2.747901439666748,4.230816841125488,1947834777600.0,2687.0691135960014,30.063167940635562,10.081923915531222,wandb
19375,1779785364.1008012,0.37904655933380127,1.6607543817139163e-05,2.74464750289917,4.053333759307861,1950351360000.0,1586.3056045036026,17.747728017885766,5.951842597000882,wandb
19400,1779785534.8722389,0.3986210823059082,1.659219772231645e-05,2.7454488277435303,3.398627281188965,1952867942400.0,2616.305226384707,29.27145528441797,9.816416741479886,wandb
19425,1779785819.7934957,0.32536664605140686,1.657685162749374e-05,2.7484588623046875,4.009308338165283,1955384524800.0,2680.3938649788915,29.98848466613165,10.056878281857552,wandb
19450,1779786053.2587059,0.34111642837524414,1.6561505532671025e-05,2.7440366744995117,4.190581321716309,1957901107200.0,1261.9778767318646,14.119120588894848,4.734960061844995,wandb
19475,1779786263.866352,0.3340781033039093,1.6546159437848314e-05,2.745816230773926,4.097921848297119,1960417689600.0,2619.9495102933547,29.312227856516948,9.83009014976986,wandb
19500,1779786476.07445,0.33335885405540466,1.6530813343025602e-05,2.7486844062805176,4.187081336975098,1962934272000.0,1723.3581063696727,19.281083583411203,6.466065654850619,wandb
19525,1779786781.9088964,0.3523813486099243,1.651546724820289e-05,2.747790575027466,4.3048906326293945,1965450854400.0,1411.8547791798064,15.795956687347418,5.297300464453198,wandb
19550,1779787002.817035,0.32461464405059814,1.650012115338018e-05,2.7441959381103516,3.812587022781372,1967967436800.0,1789.1526897191322,20.017199226589383,6.712927925726715,wandb
19575,1779787243.5737293,0.37092819809913635,1.6484775058557468e-05,2.749325752258301,4.465461730957031,1970484019200.0,1689.783750301627,18.905450705244707,6.340094163578481,wandb
19600,1779787450.9011307,0.36751770973205566,1.6469428963734757e-05,2.746567726135254,4.186642169952393,1973000601600.0,2465.9641725704964,27.589426219248093,9.252334835932164,wandb
19625,1779787762.5768533,0.36089199781417847,1.6454082868912042e-05,2.749235153198242,3.951651096343994,1975517184000.0,959.4528142614693,10.734443316069715,3.599881456335622,wandb
19650,1779787974.7507746,0.35687151551246643,1.643873677408933e-05,2.74560284614563,4.447608470916748,1978033766400.0,2544.178695611197,28.46449725097996,9.545796908193722,wandb
19675,1779788213.4681652,0.37636318802833557,1.6423390679266615e-05,2.7455315589904785,4.446285247802734,1980550348800.0,1554.3342448838955,17.390029606380665,5.83188557262401,wandb
19700,1779788448.1200724,0.3513607382774353,1.6408044584443904e-05,2.746732711791992,3.974891424179077,1983066931200.0,2455.1819982982443,27.46879429568803,9.211879955145207,wandb
19725,1779788760.4666617,0.3602912127971649,1.6392698489621192e-05,2.7437856197357178,4.544547080993652,1985583513600.0,2244.370943349067,25.110221486149005,8.42091369164402,wandb
19750,1779788958.2225757,0.3457928001880646,1.6377352394798478e-05,2.743690013885498,3.830594062805176,1988100096000.0,1447.3650982614581,16.1932492916856,5.430535718204575,wandb
19775,1779789180.1806262,0.3508679270744324,1.636200629997577e-05,2.746100664138794,4.51943302154541,1990616678400.0,2606.280211689976,29.159294529471218,9.778802734868385,wandb
19800,1779789403.5539856,0.34151920676231384,1.6346660205153055e-05,2.7428689002990723,4.232641220092773,1993133260800.0,1809.0127455799886,20.23939529576913,6.78744315539991,wandb
19825,1779789736.8218238,0.3915501832962036,1.6331314110330343e-05,2.746563673019409,3.7937099933624268,1995649843200.0,2758.2905010261434,30.859999149942276,10.349147637316452,wandb
19850,1779789957.5923207,0.38240846991539,1.6315968015507632e-05,2.7412030696868896,3.5627031326293945,1998166425600.0,1504.0947422846211,16.827945588424488,5.64338619975817,wandb
19875,1779790183.5610056,0.3367185592651367,1.630062192068492e-05,2.7465145587921143,4.167278289794922,2000683008000.0,2594.0618844481846,29.02259479891161,9.732959386439601,wandb
19900,1779790430.674501,0.34954434633255005,1.628527582586221e-05,2.747027635574341,4.141792297363281,2003199590400.0,1414.633054686139,15.827040280512037,5.307724596132396,wandb
19925,1779790741.5910416,0.3641003370285034,1.6269929731039494e-05,2.7512102127075195,4.174037933349609,2005716172800.0,1741.5170420227294,19.48424736859217,6.53419825580041,wandb
19950,1779791008.5344837,0.37202486395835876,1.6254583636216783e-05,2.745190382003784,4.765100479125977,2008232755200.0,1666.8439022758091,18.648797647739283,6.254023507167029,wandb
19975,1779791237.9057913,0.35095953941345215,1.623923754139407e-05,2.745359420776367,3.9753851890563965,2010749337600.0,2460.7441454537693,27.5310240921607,9.232749215316169,wandb
20000,1779791486.7537525,0.37761062383651733,1.6223891446571356e-05,2.747884750366211,4.314085960388184,2013265920000.0,1685.6281838005339,18.858957858083194,6.324502415276226,wandb
20025,1779791804.133662,0.36943623423576355,1.6208545351748645e-05,2.744447708129883,3.848093032836914,2015782502400.0,2440.7525587671607,27.307356444418293,9.157740479997335,wandb
20050,1779792006.818808,0.3534014821052551,1.6193199256925933e-05,2.743577003479004,4.379027366638184,2018299084800.0,1620.5063824596184,18.130369359781177,6.080164432661849,wandb
20075,1779792260.6171815,0.3439989387989044,1.6177853162103222e-05,2.7446229457855225,4.326629638671875,2020815667200.0,1487.6467650906611,16.643924158471755,5.581673140799303,wandb
20100,1779792515.7305593,0.35392627120018005,1.616250706728051e-05,2.7462151050567627,3.9107484817504883,2023332249600.0,1160.3060458892166,12.981607113715224,4.353485816273189,wandb
20125,1779792850.677894,0.36282849311828613,1.61471609724578e-05,2.7436652183532715,4.436882019042969,2025848832000.0,1424.92452949647,15.942182214902312,5.346338365123811,wandb
20150,1779793098.015604,0.3447117805480957,1.6131814877635087e-05,2.743197202682495,3.839601993560791,2028365414400.0,1401.5372996566296,15.680523809919775,5.258589125386257,wandb
20175,1779793329.673347,0.36574724316596985,1.6116468782812373e-05,2.7428507804870605,4.328786373138428,2030881996800.0,1278.3876041677295,14.30271407715621,4.796529607133538,wandb
20200,1779793546.4095335,0.3294786810874939,1.610112268798966e-05,2.7464866638183594,4.421772003173828,2033398579200.0,2254.087207591975,25.218927913613843,8.457369261895096,wandb
20225,1779793858.6536062,0.3609698414802551,1.6085776593166946e-05,2.7428202629089355,3.967355489730835,2035915161600.0,2574.7031650737495,28.80600772687667,9.660325178838598,wandb
20250,1779794081.659158,0.3468530476093292,1.6070430498344235e-05,2.7459487915039062,4.272612571716309,2038431744000.0,1321.1515904774903,14.781161354800249,4.956980729926895,wandb
20275,1779794288.8217046,0.3375342786312103,1.6055084403521523e-05,2.741555690765381,3.617408275604248,2040948326400.0,2557.541078903976,28.613996782266806,9.595932772212372,wandb
20300,1779794600.0754867,0.3265431821346283,1.6039738308698812e-05,2.7438416481018066,4.221363067626953,2043464908800.0,436.88324640456545,4.887888569986823,1.6391925417677737,wandb
20325,1779794853.4554503,0.39010563492774963,1.60243922138761e-05,2.7433438301086426,3.7128090858459473,2045981491200.0,2360.60681214847,26.41067871174142,8.857032427690584,wandb
20350,1779795071.7835128,0.37561532855033875,1.6009046119053386e-05,2.7441697120666504,3.831238269805908,2048498073600.0,2458.253177545152,27.50315492192143,9.223403066084785,wandb
20375,1779795345.4076421,0.33270779252052307,1.5993700024230678e-05,2.743258476257324,3.9268040657043457,2051014656000.0,2204.2405914647234,24.661239544407547,8.270344005008754,wandb
20400,1779795533.1586552,0.3681706190109253,1.5978353929407963e-05,2.7416903972625732,4.410133361816406,2053531238400.0,1982.37408189388,22.17897732648317,7.437897508720372,wandb
20425,1779795873.3687122,0.37550732493400574,1.596300783458525e-05,2.74229097366333,3.824383020401001,2056047820800.0,2271.544051337031,25.41423663215987,8.522867603397536,wandb
20450,1779796098.6792226,0.37593820691108704,1.594766173976254e-05,2.7431800365448,3.91231107711792,2058564403200.0,2511.325756122187,28.096935645584598,9.422532182826652,wandb
20475,1779796261.0746303,0.35822126269340515,1.5932315644939825e-05,2.7448995113372803,3.7241785526275635,2061080985600.0,2532.67848939475,28.335831922244036,9.502647960702761,wandb
20500,1779796477.8352828,0.3551974594593048,1.5916969550117113e-05,2.743661880493164,3.7401437759399414,2063597568000.0,2479.32741222365,27.73893533157088,9.302473913027878,wandb
20525,1779796788.6953983,0.31188806891441345,1.5901623455294402e-05,2.739255428314209,4.623739242553711,2066114150400.0,2703.171973752875,30.24332817051994,10.14234209015226,wandb
20550,1779797003.9495418,0.3502592146396637,1.5886277360471687e-05,2.7408993244171143,4.143263816833496,2068630732800.0,1479.8720809847664,16.556940302054265,5.552502408559364,wandb
20575,1779797224.257195,0.32437434792518616,1.587093126564898e-05,2.742339611053467,4.206177711486816,2071147315200.0,1522.5171484656175,17.034057105276663,5.712507346109801,wandb
20600,1779797452.6057963,0.35399627685546875,1.5855585170826264e-05,2.7457103729248047,4.429488658905029,2073663897600.0,2552.304605796713,28.555410655976367,9.576285445991388,wandb
20625,1779797729.27956,0.3416244387626648,1.5840239076003553e-05,2.737651824951172,3.704352378845215,2076180480000.0,2575.4800257061825,28.814699312642414,9.663239971669766,wandb
20650,1779797923.2269337,0.33529722690582275,1.582489298118084e-05,2.7424263954162598,3.899961233139038,2078697062400.0,2675.0926564567058,29.92917427426848,10.036988067381632,wandb
20675,1779798156.3714116,0.348648339509964,1.580954688635813e-05,2.7408525943756104,4.822412490844727,2081213644800.0,1704.478638629631,19.069858421234738,6.3952296066233,wandb
20700,1779798387.6099927,0.3340040147304535,1.579420079153542e-05,2.738729476928711,3.53641414642334,2083730227200.0,1146.4469962800065,12.826550835560285,4.301486452730715,wandb
20725,1779798703.003624,0.3525717258453369,1.5778854696712703e-05,2.742664337158203,4.031683444976807,2086246809600.0,2390.6497451246278,26.746801714652495,8.969753966162545,wandb
20750,1779798932.4586473,0.336862713098526,1.5763508601889992e-05,2.7376961708068848,3.8763394355773926,2088763392000.0,1567.7844343750453,17.54051152121488,5.882350886825689,wandb
20775,1779799129.2026803,0.3535405099391937,1.5748162507067277e-05,2.7395524978637695,3.84438157081604,2091279974400.0,2717.177097865517,30.400018743195364,10.194889527438779,wandb
20800,1779799357.8519468,0.3878669738769531,1.5732816412244566e-05,2.741694688796997,3.871725082397461,2093796556800.0,1470.6764212039375,16.4540584435575,5.518000154116285,wandb
20825,1779799622.288287,0.3544190227985382,1.5717470317421854e-05,2.739485740661621,4.190561771392822,2096313139200.0,2621.5897007358667,29.33057845288917,9.836244169093263,wandb
20850,1779799927.60615,0.37308958172798157,1.5702124222599143e-05,2.742666006088257,3.8207430839538574,2098829721600.0,1556.8565078440536,17.418248908436578,5.841349141361639,wandb
20875,1779800156.27485,0.3421958088874817,1.568677812777643e-05,2.7421998977661133,3.710019588470459,2101346304000.0,1745.6660161518587,19.53066645971054,6.549765269423447,wandb
20900,1779800395.3831084,0.3803929090499878,1.567143203295372e-05,2.738619089126587,3.7906136512756348,2103862886400.0,2510.609746157133,28.088924862490977,9.419845702618936,wandb
20925,1779806881.1416006,0.3346729576587677,1.565608593813101e-05,2.7400712966918945,3.6123440265655518,2106379468800.0,2100.2335438446275,23.49759945647986,7.880107990803095,wandb
20950,1779807084.4110909,0.34417983889579773,1.5640739843308294e-05,2.7377614974975586,3.511692523956299,2108896051200.0,1232.2697950972404,13.786743932538363,4.623494890666035,wandb
20975,1779807292.2979128,0.3829367756843567,1.5625393748485582e-05,2.7386605739593506,4.354475975036621,2111412633600.0,2028.5709298393926,22.695831765055964,7.611228780241231,wandb
21000,1779807473.9808955,0.336565226316452,1.561004765366287e-05,2.736302375793457,4.162300109863281,2113929216000.0,1923.750600222546,21.523092605903162,7.217941319695161,wandb
21025,1779807738.5453,0.3419393002986908,1.5594701558840156e-05,2.7369821071624756,3.779496431350708,2116445798400.0,2224.869465930587,24.892037224435803,8.347743853704701,wandb
21050,1779807917.4237456,0.3499526083469391,1.5579355464017444e-05,2.7397303581237793,4.336729526519775,2118962380800.0,2223.195921901017,24.87331346516871,8.341464691218688,wandb
21075,1779808106.477955,0.3529207706451416,1.5564009369194733e-05,2.737839937210083,4.159377098083496,2121478963200.0,1977.3942359906741,22.123262368148435,7.419213051646619,wandb
21100,1779808333.4376469,0.35126110911369324,1.554866327437202e-05,2.740431547164917,3.9494571685791016,2123995545600.0,2212.5864134992007,24.75461334270534,8.301657655386567,wandb
21125,1779808620.7512,0.3216274082660675,1.553331717954931e-05,2.737969160079956,3.416860342025757,2126512128000.0,2383.3685365368883,26.665338906168543,8.942434761523083,wandb
21150,1779808786.2422397,0.3651980459690094,1.5517971084726595e-05,2.739013910293579,4.488726615905762,2129028710400.0,2251.4674294765873,25.189617603338753,8.447539814821601,wandb
21175,1779808943.156385,0.33766236901283264,1.5502624989903887e-05,2.740734577178955,3.8058242797851562,2131545292800.0,2671.502958380234,29.889012413308855,10.023519465958767,wandb
21200,1779809101.5965679,0.34423747658729553,1.5487278895081172e-05,2.7368335723876953,4.384303092956543,2134061875200.0,2536.3929180337755,28.377389279817574,9.516584553080992,wandb
21225,1779809343.14408,0.30881795287132263,1.547193280025846e-05,2.737450361251831,3.8255374431610107,2136578457600.0,2492.886752142557,27.89063843108689,9.353348761283753,wandb
21250,1779809522.9394238,0.3383483588695526,1.5456586705435746e-05,2.73704195022583,4.799591064453125,2139095040000.0,2193.223058263346,24.537974404241027,8.22900605396347,wandb
21275,1779809693.8670382,0.3885757029056549,1.5441240610613034e-05,2.7380223274230957,3.8458871841430664,2141611622400.0,2125.786406853005,23.78348715772951,7.975982718911478,wandb
21300,1779809866.2174695,0.36083847284317017,1.5425894515790323e-05,2.740629196166992,4.451526641845703,2144128204800.0,2607.700936246143,29.175189722011417,9.784133314870116,wandb
21325,1779810110.4125237,0.3693999648094177,1.5410548420967608e-05,2.736051559448242,3.7643818855285645,2146644787200.0,2196.6832045481497,24.576686828247126,8.241988575106484,wandb
21350,1779810265.9206536,0.29920250177383423,1.5395202326144897e-05,2.736187696456909,3.885707378387451,2149161369600.0,2597.775522304507,29.064143309138018,9.746893011789181,wandb
21375,1779810421.5505981,0.3171185255050659,1.5379856231322185e-05,2.7362489700317383,3.4868223667144775,2151677952000.0,2685.861226392365,30.049653991302243,10.077391904492135,wandb
21400,1779810728.8112626,0.3747141361236572,1.5364510136499474e-05,2.7373714447021484,4.136736869812012,2154194534400.0,2501.9230972093633,27.991737862410925,9.387253264512594,wandb
21425,1779810975.3821032,0.3252048194408417,1.5349164041676762e-05,2.737687587738037,4.079776763916016,2156711116800.0,2273.8741374225665,25.44030584227105,8.53161012159781,wandb
21450,1779811136.7063801,0.37505361437797546,1.533381794685405e-05,2.7363264560699463,4.229404449462891,2159227699200.0,2659.2624455354376,29.75206446825204,9.977592876812286,wandb
21475,1779811294.5003572,0.3439890444278717,1.531847185203134e-05,2.735351085662842,3.607140064239502,2161744281600.0,2743.9433118405364,30.6994815228442,10.295316766707602,wandb
21500,1779811456.211571,0.3583934009075165,1.5303125757208624e-05,2.7372965812683105,4.358284950256348,2164260864000.0,2358.5159651493545,26.387286129781195,8.849187538157434,wandb
21525,1779811699.5890706,0.37556198239326477,1.5287779662385913e-05,2.7340030670166016,4.455227375030518,2166777446400.0,2530.808726817275,28.314912852432492,9.495632583260166,wandb
21550,1779811861.5073178,0.3544486463069916,1.52724335675632e-05,2.7392637729644775,4.162191390991211,2169294028800.0,2585.2187535860294,28.923657065272817,9.69977982582606,wandb
21575,1779812023.2196274,0.32843220233917236,1.5257087472740487e-05,2.7351207733154297,3.963611125946045,2171810611200.0,2628.554799694359,29.40850459876046,9.862377325627406,wandb
21600,1779812180.634231,0.3532184064388275,1.5241741377917775e-05,2.7370967864990234,4.1923675537109375,2174327193600.0,2601.0324380790234,29.10058197214165,9.759113008986809,wandb
21625,1779812425.406932,0.36336860060691833,1.5226395283095065e-05,2.7359626293182373,3.8826985359191895,2176843776000.0,2785.5150148806256,31.16458942935424,10.451294424657881,wandb
21650,1779812581.0144598,0.3479313254356384,1.5211049188272352e-05,2.732564926147461,3.6677465438842773,2179360358400.0,2366.4812002650633,26.476401887823513,8.8790732206654,wandb
21675,1779812732.7043948,0.3090115487575531,1.5195703093449639e-05,2.7366740703582764,4.134600639343262,2181876940800.0,2733.120780459886,30.578398080370373,10.254710465440143,wandb
21700,1779812885.9742093,0.3757447898387909,1.518035699862693e-05,2.737757682800293,3.9874210357666016,2184393523200.0,2826.2071573091416,31.619856733608874,10.603971957903473,wandb
21725,1779813120.9456356,0.3532980680465698,1.5165010903804216e-05,2.733217239379883,4.001587867736816,2186910105600.0,2711.952219783343,30.34156234307563,10.175285705927127,wandb
21750,1779813279.4809504,0.33712178468704224,1.5149664808981503e-05,2.7332615852355957,3.93449068069458,2189426688000.0,2762.887891662203,30.911435164773916,10.366397116449015,wandb
21775,1779813433.0349133,0.36823877692222595,1.5134318714158792e-05,2.7353932857513428,4.160386085510254,2191943270400.0,2668.452958793876,29.85488874699912,10.012075821425594,wandb
21800,1779813614.4136577,0.35162025690078735,1.5118972619336078e-05,2.738132953643799,3.809274673461914,2194459852800.0,2326.2686845966805,26.026500690367453,8.728195254270934,wandb
21825,1779813878.7281823,0.3589974641799927,1.5103626524513365e-05,2.7355079650878906,3.6545419692993164,2196976435200.0,2711.8852693025783,30.340813295149488,10.175034506711684,wandb
21850,1779814079.8574135,0.3508998453617096,1.5088280429690652e-05,2.738178253173828,4.123705863952637,2199493017600.0,1466.7747560020348,16.41040626668589,5.503361047325013,wandb
21875,1779814274.2222514,0.3482850193977356,1.507293433486794e-05,2.7357840538024902,3.823789596557617,2202009600000.0,2434.244640517186,27.234545276926184,9.1333226723895,wandb
21900,1779814478.5537171,0.36323028802871704,1.5057588240045231e-05,2.7378296852111816,4.056798934936523,2204526182400.0,1467.6725510736292,16.42045087769982,5.506729587999221,wandb
21925,1779814751.8830512,0.3436506986618042,1.5042242145222518e-05,2.731285572052002,3.8776021003723145,2207042764800.0,2504.5734935292858,28.021390731878228,9.397197591552139,wandb
21950,1779814948.6760368,0.3498947024345398,1.5026896050399805e-05,2.7367348670959473,3.9673800468444824,2209559347200.0,2331.8287616255448,26.08870732607915,8.749056747295386,wandb
21975,1779815139.9544702,0.36027616262435913,1.5011549955577095e-05,2.733492612838745,3.7671332359313965,2212075929600.0,2357.2562363882116,26.3731921724973,8.844461016811263,wandb
22000,1779815339.475279,0.3788691759109497,1.4996203860754382e-05,2.736052989959717,4.13080358505249,2214592512000.0,1990.0394261021343,22.264737878412976,7.46665799601225,wandb
22025,1779815608.367732,0.29708006978034973,1.4980857765931668e-05,2.7347068786621094,4.293872833251953,2217109094400.0,2535.3628594106185,28.36586489243953,9.512719757562834,wandb
22050,1779815816.03102,0.3531056344509125,1.4965511671108957e-05,2.7318856716156006,3.7510435581207275,2219625676800.0,2674.2887500115835,29.920180097547835,10.033971798252596,wandb
22075,1779815988.6904528,0.3490803837776184,1.4950165576286244e-05,2.7321646213531494,4.100411891937256,2222142259200.0,2353.4327479176327,26.330414643840335,8.83011523029716,wandb
22100,1779816212.8972487,0.3548096716403961,1.493481948146353e-05,2.734548568725586,4.572085380554199,2224658841600.0,2647.4907459837223,29.620361647963833,9.933425282225164,wandb
22125,1779816560.8693452,0.350099116563797,1.4919473386640818e-05,2.7367231845855713,4.3444108963012695,2227175424000.0,2319.2122064226464,25.94755218571529,8.701719241539351,wandb
22150,1779816806.6364799,0.3442825376987457,1.4904127291818106e-05,2.730123281478882,4.041032791137695,2229692006400.0,2588.0432493170756,28.955257774417362,9.710377376486765,wandb
22175,1779817011.9395287,0.341276615858078,1.4888781196995395e-05,2.7339165210723877,3.6694672107696533,2232208588800.0,2183.5826212508955,24.430116338566428,8.192834988626814,wandb
22200,1779817269.2052581,0.36004289984703064,1.4873435102172683e-05,2.735257148742676,4.388576984405518,2234725171200.0,1554.107922591438,17.38749749246799,5.831036407963005,wandb
22225,1779817592.9472327,0.3674916625022888,1.4858089007349973e-05,2.7356367111206055,4.439563751220703,2237241753600.0,1327.0063992184464,14.846665475088434,4.978948060788478,wandb
22250,1779817792.575239,0.3569662868976593,1.484274291252726e-05,2.7356135845184326,3.7843987941741943,2239758336000.0,1496.1873574116885,16.739477064037306,5.61371757223521,wandb
22275,1779817992.100095,0.3595922589302063,1.4827396817704547e-05,2.732271194458008,3.9105584621429443,2242274918400.0,1476.0424233084395,16.51409375177537,5.53813347509208,wandb
22300,1779818192.048829,0.4116162061691284,1.4812050722881834e-05,2.7337889671325684,4.157612323760986,2244791500800.0,2333.059386293876,26.102475664187285,8.753674069645568,wandb
22325,1779818462.0068455,0.3827857971191406,1.4796704628059122e-05,2.7331910133361816,3.4698476791381836,2247308083200.0,2447.5900236643874,27.38385460907415,9.183394751605073,wandb
22350,1779818636.281593,0.35720697045326233,1.478135853323641e-05,2.7321393489837646,4.373541831970215,2249824665600.0,2583.8027971929746,28.907815219365077,9.694467136044372,wandb
22375,1779818798.4586196,0.34827688336372375,1.4766012438413696e-05,2.732076644897461,4.745456695556641,2252341248000.0,2618.3291547454446,29.294099174707508,9.824010551270709,wandb
22400,1779818961.0802631,0.368657648563385,1.4750666343590983e-05,2.73244047164917,4.215879440307617,2254857830400.0,1603.5616874621273,17.940790606918103,6.016587680998784,wandb
22425,1779819240.1565187,0.3486504554748535,1.4735320248768273e-05,2.733013391494751,3.931981086730957,2257374412800.0,2514.2077308749163,28.12917943512971,9.433345395645212,wandb
22450,1779819430.4519346,0.36443349719047546,1.471997415394556e-05,2.7286787033081055,4.283560276031494,2259890995200.0,2700.0696026024357,30.208618566498988,10.130701946719324,wandb
22475,1779819623.4771686,0.35175594687461853,1.4704628059122849e-05,2.7343480587005615,4.185361862182617,2262407577600.0,2677.425539502462,29.95527477701907,10.045741079818917,wandb
22500,1779819819.7051625,0.35999444127082825,1.4689281964300137e-05,2.7318830490112305,4.020150184631348,2264924160000.0,2701.0682086283978,30.219791059425624,10.13444873161756,wandb
22525,1779820094.181819,0.39742523431777954,1.4673935869477426e-05,2.7315895557403564,4.546278953552246,2267440742400.0,1645.4724113847653,18.409691509178003,6.1738373504229545,wandb
22550,1779820389.7695327,0.35017284750938416,1.4658589774654713e-05,2.7306761741638184,3.9742562770843506,2269957324800.0,2609.3123686651347,29.19321857106186,9.790179433654739,wandb
22575,1779820569.9510639,0.3477480411529541,1.4643243679832e-05,2.7308526039123535,4.514500617980957,2272473907200.0,2664.661841268197,29.812473387349268,9.997851491185877,wandb
22600,1779820732.0889802,0.3449499011039734,1.4627897585009288e-05,2.7345147132873535,3.9049901962280273,2274990489600.0,2555.6681995001018,28.593042841124635,9.588905700390033,wandb
22625,1779820988.956561,0.3449595272541046,1.4612551490186575e-05,2.7309653759002686,3.9343886375427246,2277507072000.0,2486.5904418357736,27.820194752060765,9.329724909876147,wandb
22650,1779821155.9475226,0.37613382935523987,1.4597205395363862e-05,2.732304811477661,4.389070510864258,2280023654400.0,2623.348043712946,29.35025095031386,9.842841498511634,wandb
22675,1779821330.0577815,0.3554052710533142,1.4581859300541148e-05,2.7279610633850098,3.698157548904419,2282540236800.0,1348.7041526889725,15.089421868371515,5.060358359660563,wandb
22700,1779821496.8956516,0.3650277256965637,1.4566513205718439e-05,2.731060743331909,4.234927177429199,2285056819200.0,2123.153595021238,23.75403102507776,7.966104369137191,wandb
22725,1779821746.5333989,0.34086740016937256,1.4551167110895726e-05,2.7316203117370605,4.501763343811035,2287573401600.0,2620.595922824005,29.319459977331984,9.832515499352084,wandb
22750,1779821912.1588144,0.36599740386009216,1.4535821016073014e-05,2.732062339782715,3.9362740516662598,2290089984000.0,2690.927080232544,30.106331214076093,10.09639906464498,wandb
22775,1779822063.224055,0.33391809463500977,1.4520474921250303e-05,2.729261875152588,3.9134130477905273,2292606566400.0,2196.402334273338,24.573544426662266,8.240934745591472,wandb
22800,1779822217.840908,0.33687806129455566,1.4505128826427591e-05,2.727278232574463,3.627599000930786,2295123148800.0,2562.3420126388887,28.667710055369554,9.613945948127347,wandb
22825,1779822458.635317,0.3600829243659973,1.4489782731604878e-05,2.7322490215301514,3.9891092777252197,2297639731200.0,2668.518784619411,29.855625212182645,10.012322800917621,wandb
22850,1779822616.6892138,0.3606134057044983,1.4474436636782165e-05,2.730484962463379,3.9096903800964355,2300156313600.0,1760.1475159125882,19.692686765454173,6.6041000753395736,wandb
22875,1779822780.4149668,0.3346719443798065,1.4459090541959453e-05,2.734609603881836,3.9507408142089844,2302672896000.0,2736.854537851139,30.620171689740847,10.268719579588787,wandb
22900,1779822940.5426385,0.35798582434654236,1.444374444713674e-05,2.7326033115386963,3.733370304107666,2305189478400.0,2765.9942471422496,30.94618934582845,10.378052209146839,wandb
22925,1779823187.525766,0.34843355417251587,1.4428398352314027e-05,2.7343409061431885,3.989579200744629,2307706060800.0,1767.7012118467483,19.77719818657547,6.632441656620058,wandb
22950,1779823345.2386868,0.3475574254989624,1.4413052257491314e-05,2.7330479621887207,3.803821563720703,2310222643200.0,2635.4543998382874,29.485697938076004,9.888264729619625,wandb
22975,1779823651.8496938,0.32999640703201294,1.4397706162668604e-05,2.7314748764038086,3.8463892936706543,2312739225600.0,552.0948997179644,6.176886781738717,2.071468405835067,wandb
23000,1779823950.8925617,0.3356419801712036,1.4382360067845891e-05,2.7285642623901367,3.893099308013916,2315255808000.0,2712.883063488423,30.351976705136774,10.178778245573533,wandb
23025,1779824192.7760632,0.37471503019332886,1.4367013973023181e-05,2.732050895690918,3.659573793411255,2317772390400.0,1559.6336086355905,17.449319358787708,5.851768865493173,wandb
23050,1779824351.2429469,0.3299849033355713,1.4351667878200468e-05,2.731304883956909,3.5471715927124023,2320288972800.0,2534.5413597225493,28.35667388095395,9.50963747832043,wandb
23075,1779824514.1837049,0.39511680603027344,1.4336321783377757e-05,2.7274997234344482,4.017897605895996,2322805555200.0,2752.5672824477538,30.795967272082304,10.32767403473313,wandb
23100,1779824706.1617975,0.3573016822338104,1.4320975688555043e-05,2.734577178955078,4.4364094734191895,2325322137600.0,2131.773261966181,23.85046862456004,7.998445489756839,wandb
23125,1779824967.1387746,0.39106523990631104,1.430562959373233e-05,2.731593608856201,4.27470588684082,2327838720000.0,2578.8619664697503,28.852536766329774,9.675929064515424,wandb
23150,1779825126.5684025,0.3436584174633026,1.4290283498909619e-05,2.730294942855835,3.8351478576660156,2330355302400.0,2588.6600042010427,28.96215808284676,9.712691450130508,wandb
23175,1779825289.382595,0.3315083384513855,1.4274937404086906e-05,2.729241371154785,3.827364921569824,2332871884800.0,2452.8362539926684,27.44254990002009,9.203078687066748,wandb
23200,1779825472.5546396,0.3522927761077881,1.4259591309264192e-05,2.728864908218384,4.022785186767578,2335388467200.0,2302.9379376597135,25.765474221119753,8.640657939238414,wandb
23225,1779825940.499467,0.3678164780139923,1.4244245214441483e-05,2.7313413619995117,3.7474937438964844,2337905049600.0,1014.3509376365922,11.348648397100686,3.805860044743694,wandb
23250,1779826242.6565082,0.4051499366760254,1.422889911961877e-05,2.728470802307129,4.212069511413574,2340421632000.0,2682.3132310355663,30.009958704074855,10.064079772303606,wandb
23275,1779826471.0576644,0.3471755087375641,1.4213553024796056e-05,2.7270312309265137,4.495901107788086,2342938214400.0,2518.677668242254,28.179189491468964,9.450116668187727,wandb
23300,1779826787.1922882,0.3765110671520233,1.4198206929973347e-05,2.7320940494537354,3.832632064819336,2345454796800.0,2198.5779456984537,24.59788536055037,8.249097672531757,wandb
23325,1779827151.0852852,0.350553423166275,1.4182860835150633e-05,2.727480888366699,4.050494194030762,2347971379200.0,2587.1055932138584,28.944767194640704,9.706859276619614,wandb
23350,1779827344.8434741,0.34725216031074524,1.4167514740327922e-05,2.727733850479126,3.5862765312194824,2350487961600.0,2557.9844361707455,28.618957102751736,9.59759625537637,wandb
23375,1779827540.9557433,0.330879271030426,1.4152168645505209e-05,2.7257182598114014,3.8657703399658203,2353004544000.0,2356.872506285931,26.368898966025476,8.843021255669386,wandb
23400,1779827712.19175,0.3469570577144623,1.4136822550682496e-05,2.72714900970459,4.092554569244385,2355521126400.0,2849.1159335881334,31.876162157650647,10.689926032651345,wandb
23425,1779827951.4332998,0.3380175530910492,1.4121476455859784e-05,2.7280843257904053,4.129337310791016,2358037708800.0,2719.538140731191,30.426434300512682,10.203748195945886,wandb
23450,1779828118.02865,0.33260419964790344,1.4106130361037071e-05,2.726797103881836,4.894828796386719,2360554291200.0,1759.7555392919933,19.688301296202887,6.602629373136378,wandb
23475,1779828297.614651,0.3311521112918854,1.4090784266214358e-05,2.730370044708252,4.501105308532715,2363070873600.0,1864.337954267213,20.858378645210735,6.9950241743522,wandb
23500,1779828472.0783992,0.34408876299858093,1.4075438171391648e-05,2.728292226791382,3.7613329887390137,2365587456000.0,2691.218028949084,30.109586374162298,10.097490708625642,wandb
23525,1779828725.8725908,0.3518511652946472,1.4060092076568935e-05,2.7267532348632812,3.7275187969207764,2368104038400.0,2616.643119587775,29.275235663589626,9.817684521883326,wandb
23550,1779828878.6192932,0.3534243702888489,1.4044745981746225e-05,2.72749662399292,3.6392550468444824,2370620620800.0,2508.445700435834,28.064713326724576,9.41172617037413,wandb
23575,1779829036.342717,0.3612055480480194,1.4029399886923512e-05,2.725123882293701,3.6733667850494385,2373137203200.0,1543.164624491888,17.265062901215167,5.789976988141461,wandb
23600,1779829212.364238,0.3557925522327423,1.4014053792100799e-05,2.729264974594116,3.926577568054199,2375653785600.0,2574.2254251076247,28.800662729697066,9.6585326912671,wandb
23625,1779829494.8469489,0.36034780740737915,1.3998707697278087e-05,2.728842258453369,3.698523759841919,2378170368000.0,2366.9409123481814,26.481545187446578,8.88079806734746,wandb
23650,1779829667.0833867,0.36295804381370544,1.3983361602455374e-05,2.7285399436950684,4.216930389404297,2380686950400.0,2386.859773916551,26.704399180105813,8.955533936923791,wandb
23675,1779829823.4764965,0.30607619881629944,1.3968015507632661e-05,2.7245163917541504,4.038120269775391,2383203532800.0,2061.8451128720717,23.068106280637803,7.736074017749092,wandb
23700,1779830070.9137542,0.3160080909729004,1.3952669412809948e-05,2.725299596786499,3.377924680709839,2385720115200.0,2675.801345951998,29.937103155296118,10.03964708107619,wandb
23725,1779830422.925133,0.3351900279521942,1.3937323317987237e-05,2.729593276977539,3.9952874183654785,2388236697600.0,2477.4482362145027,27.717910943449574,9.295423216247416,wandb
23750,1779830622.8153386,0.3533276915550232,1.3921977223164527e-05,2.725341558456421,4.172874450683594,2390753280000.0,2169.781242927803,24.27570529188363,8.141052008621259,wandb
23775,1779830794.8964038,0.34510114789009094,1.3906631128341814e-05,2.7269554138183594,4.077879905700684,2393269862400.0,2493.999426566562,27.903087131383753,9.35752353253501,wandb
23800,1779830956.9439607,0.35658398270606995,1.38912850335191e-05,2.729933738708496,4.173194885253906,2395786444800.0,2583.7774269343963,28.907531374658415,9.694371946450845,wandb
23825,1779831212.8896997,0.36225607991218567,1.387593893869639e-05,2.72951602935791,4.288599014282227,2398303027200.0,2718.5328347196337,30.415186847552036,10.199976272600459,wandb
23850,1779831368.6957483,0.39598503708839417,1.3860592843873678e-05,2.726346492767334,3.7906322479248047,2400819609600.0,2741.5339844613195,30.67252575410015,10.286276933976108,wandb
23875,1779831525.0144114,0.3409208059310913,1.3845246749050964e-05,2.730240821838379,4.456028461456299,2403336192000.0,2367.5910144531417,26.488818587546746,8.883237260268242,wandb
23900,1779831677.6426692,0.34120839834213257,1.3829900654228253e-05,2.727879285812378,4.17039680480957,2405852774400.0,2870.9379392548612,32.120308695542406,10.771802527641015,wandb
23925,1779831916.9722667,0.35684141516685486,1.381455455940554e-05,2.7304136753082275,3.939239025115967,2408369356800.0,2586.9134835351824,28.94261785449019,9.706138478202464,wandb
23950,1779832077.6818576,0.3318463861942291,1.3799208464582827e-05,2.7263450622558594,4.434880256652832,2410885939200.0,2001.3829336201734,22.39165004819126,7.509219007619086,wandb
23975,1779832232.0368102,0.3541209101676941,1.3783862369760113e-05,2.726811170578003,4.433742523193359,2413402521600.0,2697.182685969396,30.176319486757965,10.119870191891167,wandb
24000,1779832439.814515,0.3480772078037262,1.3768516274937402e-05,2.727898120880127,3.9532876014709473,2415919104000.0,2726.706892001569,30.506638926540184,10.230645459031388,wandb
24025,1779832689.0692587,0.35156601667404175,1.3753170180114692e-05,2.725353717803955,4.533529281616211,2418435686400.0,2744.616825298096,30.707016851236922,10.29784379937708,wandb
24050,1779832941.236043,0.3832297623157501,1.3737824085291979e-05,2.7260830402374268,3.8171632289886475,2420952268800.0,459.54409300474083,5.14142013475791,1.7242163806145334,wandb
24075,1779833161.7148054,0.34208738803863525,1.3722477990469266e-05,2.7275657653808594,4.5100250244140625,2423468851200.0,2415.4564700841524,27.024341557130647,9.062829173037569,wandb
24100,1779833334.3059733,0.33762654662132263,1.3707131895646556e-05,2.7243080139160156,4.209039688110352,2425985433600.0,2300.1387881751484,25.73415708803239,8.630155488077483,wandb
24125,1779833569.404205,0.3560968041419983,1.3691785800823843e-05,2.727475166320801,3.773765802383423,2428502016000.0,2781.9459523010787,31.124658440167305,10.43790324793128,wandb
24150,1779833724.5636752,0.3617776334285736,1.367643970600113e-05,2.722743511199951,3.533663272857666,2431018598400.0,2759.769166618072,30.8765425919376,10.354695612959842,wandb
24175,1779833906.1399152,0.3661286234855652,1.3661093611178418e-05,2.7286033630371094,4.144647598266602,2433535180800.0,2490.0052577348533,27.858400015684595,9.342537350726987,wandb
24200,1779834062.859306,0.36281687021255493,1.3645747516355705e-05,2.7287492752075195,4.12155818939209,2436051763200.0,2635.476747344184,29.48594796395715,9.888348577799418,wandb
24225,1779834297.8801625,0.3588204085826874,1.3630401421532992e-05,2.7327747344970703,4.158867359161377,2438568345600.0,2819.326481844156,31.542875125282453,10.578155559592599,wandb
24250,1779834468.1965358,0.36530834436416626,1.3615055326710279e-05,2.726750612258911,4.74776554107666,2441084928000.0,2557.3509580218742,28.611869692949032,9.59521943579002,wandb
24275,1779834621.899295,0.3230469524860382,1.3599709231887567e-05,2.7267754077911377,3.958617925643921,2443601510400.0,2812.2308579733694,31.46348865509763,10.55153267161531,wandb
24300,1779834776.2532136,0.3388836979866028,1.3584363137064856e-05,2.7291908264160156,4.297293186187744,2446118092800.0,2750.265223490587,30.77021163197302,10.319036674741982,wandb
24325,1779835007.9227438,0.3587002754211426,1.3569017042242144e-05,2.725292444229126,3.826282501220703,2448634675200.0,2731.4206097605474,30.55937641955661,10.248331399286831,wandb
24350,1779835161.5732107,0.34719809889793396,1.3553670947419435e-05,2.7241969108581543,4.3709869384765625,2451151257600.0,2827.5698482592647,31.635102641009414,10.609084794938447,wandb
24375,1779835320.7718668,0.2980080246925354,1.3538324852596722e-05,2.7252471446990967,4.313111305236816,2453667840000.0,2836.7052162435625,31.737309949530747,10.643360833649938,wandb
24400,1779835474.8074782,0.3313039243221283,1.3522978757774008e-05,2.7271571159362793,3.8745381832122803,2456184422400.0,2821.0238698425524,31.561865652990882,10.584524185009927,wandb
24425,1779835713.6532953,0.3493478298187256,1.3507632662951295e-05,2.7244906425476074,4.412396430969238,2458701004800.0,2660.114614724528,29.761598612839478,9.980790228485937,wandb
24450,1779835867.9047694,0.35206082463264465,1.3492286568128584e-05,2.7245426177978516,3.8191604614257812,2461217587200.0,2458.3639480231864,27.50439423186964,9.2238186785921,wandb
24475,1779836034.3419728,0.36474332213401794,1.347694047330587e-05,2.724118232727051,4.311598777770996,2463734169600.0,1833.5778307174771,20.51423165045299,6.879611726011504,wandb
24500,1779836203.503351,0.4109657406806946,1.3461594378483157e-05,2.728745222091675,4.4119720458984375,2466250752000.0,2835.8189166926018,31.727393951422837,10.640035424342845,wandb
24525,1779836438.615835,0.3459024131298065,1.3446248283660444e-05,2.7238030433654785,3.951977491378784,2468767334400.0,2123.000635341332,23.752319698591258,7.9655304621069805,wandb
24550,1779836779.4228115,0.34184959530830383,1.3430902188837735e-05,2.72725510597229,4.223073959350586,2471283916800.0,2313.066840654989,25.878797287601607,8.678661736323297,wandb
24575,1779836945.7941914,0.3639955520629883,1.3415556094015021e-05,2.7237002849578857,3.606158494949341,2473800499200.0,2754.192253920868,30.814147597272974,10.333770952253396,wandb
24600,1779837099.181038,0.3306906819343567,1.340020999919231e-05,2.7260608673095703,4.200778961181641,2476317081600.0,2700.9672129236255,30.21866111050898,10.134069794207221,wandb
24625,1779837336.8663955,0.353922039270401,1.33848639043696e-05,2.7246620655059814,3.6949758529663086,2478833664000.0,2792.6713221775553,31.24465483110138,10.478144997766979,wandb
24650,1779837500.8969028,0.38443684577941895,1.3369517809546887e-05,2.7259178161621094,3.8131494522094727,2481350246400.0,2447.632845231262,27.384333700568266,9.183555418771014,wandb
24675,1779837657.7482066,0.34468862414360046,1.3354171714724174e-05,2.7254409790039062,3.914367198944092,2483866828800.0,2669.3472395830345,29.864894039908975,10.015431176459,wandb
24700,1779837834.1862261,0.3208211362361908,1.333882561990146e-05,2.723130702972412,4.3796796798706055,2486383411200.0,2701.62877797738,30.226062759098536,10.136551996285084,wandb
24725,1779838069.43639,0.3288484811782837,1.332347952507875e-05,2.72337007522583,3.8126485347747803,2488899993600.0,2804.789609250512,31.380235303365296,10.5236129939707,wandb
24750,1779838233.9309852,0.36184847354888916,1.3308133430256036e-05,2.7248687744140625,3.8889808654785156,2491416576000.0,2797.093274045713,31.294128021413155,10.494736227991513,wandb
24775,1779838404.239168,0.3666848838329315,1.3292787335433323e-05,2.726982593536377,3.698582410812378,2493933158400.0,2730.4592464181405,30.548620601081932,10.244724349500027,wandb
24800,1779838649.6674185,0.3270043730735779,1.327744124061061e-05,2.7257308959960938,3.723337173461914,2496449740800.0,2754.910297394314,30.822181131439127,10.336465062215323,wandb
24825,1779838881.2906458,0.3613511025905609,1.32620951457879e-05,2.7218825817108154,4.59464168548584,2498966323200.0,2758.274224631526,30.859817048193438,10.349086568037913,wandb
24850,1779839036.9061928,0.31018590927124023,1.3246749050965187e-05,2.722397565841675,4.127782821655273,2501482905600.0,2682.47142988603,30.01172864686696,10.064673336780912,wandb
24875,1779839209.1900363,0.3378419876098633,1.3231402956142475e-05,2.724945545196533,4.187973499298096,2503999488000.0,2739.502588914723,30.649798320271902,10.278655107191115,wandb
24900,1779839356.953338,0.3534975051879883,1.3216056861319764e-05,2.727781057357788,4.419683456420898,2506516070400.0,2865.8631212743117,32.063531181169786,10.752761733898051,wandb
24925,1779839609.408391,0.370897114276886,1.3200710766497052e-05,2.720797538757324,3.674166679382324,2509032652800.0,2533.9921569060566,28.35052935105624,9.507576861054556,wandb
24950,1779839762.4956791,0.35471224784851074,1.318536467167434e-05,2.7248427867889404,3.887317657470703,2511549235200.0,2587.3715480866927,28.94774272138328,9.707857143321036,wandb
24975,1779839944.4115832,0.35837075114250183,1.3170018576851626e-05,2.723072052001953,4.804512023925781,2514065817600.0,2679.1738210426392,29.974834706193917,10.052300658574005,wandb
25000,1779840099.9108243,0.3356265425682068,1.3154672482028915e-05,2.7207558155059814,3.520699977874756,2516582400000.0,2903.3932802365275,32.48342193351814,10.893575457400862,wandb
25025,1779840332.3493745,0.3501192331314087,1.3139326387206202e-05,2.725023031234741,4.018661022186279,2519098982400.0,2718.872703942701,30.418989334610973,10.201251467060793,wandb
25050,1779840487.509984,0.3248528838157654,1.3123980292383488e-05,2.720254898071289,3.849529981613159,2521615564800.0,2651.6779882105443,29.66720888595862,9.949135878328972,wandb
25075,1779840651.6798503,0.3280980587005615,1.3108634197560779e-05,2.7218329906463623,3.8254995346069336,2524132147200.0,2790.950689412835,31.225404238882437,10.471689157635176,wandb
25100,1779840844.266072,0.39464184641838074,1.3093288102738065e-05,2.724369764328003,3.8610033988952637,2526648729600.0,2767.2418809721557,30.96014798394725,10.382733350128257,wandb
25125,1779841080.4714644,0.3402447998523712,1.3077942007915352e-05,2.721712350845337,4.169569969177246,2529165312000.0,2860.68713793341,32.00562181975883,10.733341366194448,wandb
25150,1779841244.8800101,0.36705106496810913,1.3062595913092643e-05,2.725264549255371,3.805629014968872,2531681894400.0,2884.5727429761664,32.27285609078326,10.822960517223738,wandb
25175,1779841396.7332077,0.3433135449886322,1.304724981826993e-05,2.7242417335510254,3.6924867630004883,2534198476800.0,2839.988171661693,31.774039946380285,10.65567853198386,wandb
25200,1779841551.0897064,0.3506091833114624,1.3031903723447218e-05,2.7208805084228516,3.77433443069458,2536715059200.0,2320.687503213805,25.964057937268336,8.70725457739135,wandb
25225,1779841819.1773374,0.3526930510997772,1.3016557628624505e-05,2.7239410877227783,4.160265922546387,2539231641600.0,2560.9249460824744,28.651855788855535,9.60862909299596,wandb
25250,1779842005.315538,0.3673900067806244,1.3001211533801792e-05,2.7231175899505615,4.014646530151367,2541748224000.0,2651.7286887041787,29.667776127585228,9.949326107347165,wandb
25275,1779842178.697509,0.35773542523384094,1.298586543897908e-05,2.7241005897521973,3.72418212890625,2544264806400.0,1194.2261097137862,13.361107800971617,4.48075440827141,wandb
25300,1779842339.1086264,0.33783861994743347,1.2970519344156367e-05,2.72285795211792,3.8654379844665527,2546781388800.0,2629.2430532201965,29.41620484034646,9.864959663255785,wandb
25325,1779842585.4918866,0.34509962797164917,1.2955173249333654e-05,2.7192862033843994,3.8285536766052246,2549297971200.0,2049.232950208127,22.92700028438996,7.688752992865581,wandb
25350,1779842783.8359115,0.37622204422950745,1.2939827154510944e-05,2.722836494445801,3.663038492202759,2551814553600.0,2104.040471765282,23.54019170423316,7.894391641883653,wandb
25375,1779842968.3753357,0.35341137647628784,1.2924481059688231e-05,2.72128963470459,4.487539291381836,2554331136000.0,2287.0283609189846,25.587476463264956,8.580964966915241,wandb
25400,1779843122.2670357,0.34555354714393616,1.2909134964865518e-05,2.722900390625,4.429028511047363,2556847718400.0,2922.675782736052,32.699156284386085,10.96592369813557,wandb
25425,1779843357.4233472,0.39080774784088135,1.2893788870042808e-05,2.726314067840576,4.049814224243164,2559364300800.0,2815.1703370580185,31.49637580821649,10.562561641556119,wandb
25450,1779843506.5479968,0.3188864290714264,1.2878442775220095e-05,2.7223281860351562,3.8078675270080566,2561880883200.0,2829.0223131707,31.651352947463913,10.614534465232737,wandb
25475,1779843654.108014,0.35389140248298645,1.2863096680397383e-05,2.7226531505584717,3.8325700759887695,2564397465600.0,2503.769798390407,28.012398919270602,9.39418211524732,wandb
25500,1779843872.9275079,0.34334883093833923,1.284775058557467e-05,2.7229185104370117,3.6907761096954346,2566914048000.0,2964.934507700877,33.171950653219604,11.124479072728285,wandb
25525,1779844121.98071,0.3492647111415863,1.2832404490751957e-05,2.726670980453491,4.461581707000732,2569430630400.0,2821.1155492320554,31.56289137014471,10.584868167464608,wandb
25550,1779844281.4882946,0.34983646869659424,1.2817058395929246e-05,2.7181053161621094,4.0159831047058105,2571947212800.0,2785.6016836653907,31.165559087417158,10.451619607247876,wandb
25575,1779844443.9266005,0.3409828841686249,1.2801712301106532e-05,2.7232697010040283,4.111564636230469,2574463795200.0,2603.0608233265566,29.123275726476574,9.76672354108423,wandb
25600,1779844609.7781918,0.3178434669971466,1.278636620628382e-05,2.724900484085083,4.364632606506348,2576980377600.0,2787.9394048266327,31.191713719433576,10.460390772367566,wandb
25625,1779845383.7200222,0.36114344000816345,1.277102011146111e-05,2.721237897872925,4.083926200866699,2579496960000.0,392.3460640445983,4.389602617416527,1.4720883606012456,wandb
25650,1779845693.694836,0.3470444679260254,1.2755674016638396e-05,2.7244889736175537,4.141199111938477,2582013542400.0,2659.075135266891,29.74996882432839,9.976890085854462,wandb
25675,1779845946.4675593,0.3713427782058716,1.2740327921815687e-05,2.7237367630004883,4.118443489074707,2584530124800.0,2099.6057291891543,23.490575410344395,7.87775242072955,wandb
25700,1779846215.352043,0.34104833006858826,1.2724981826992973e-05,2.7232322692871094,3.970189332962036,2587046707200.0,1247.969851107528,13.962397553848838,4.682401738042756,wandb
25725,1779846482.9299436,0.33289408683776855,1.270963573217026e-05,2.7207181453704834,3.747556686401367,2589563289600.0,2299.7490684398285,25.729796869014052,8.628693253741941,wandb
25750,1779846636.9772522,0.3455589711666107,1.2694289637347549e-05,2.7256619930267334,4.484558582305908,2592079872000.0,2931.3724836736783,32.79645574702158,10.99855385145974,wandb
25775,1779846804.621297,0.3840433955192566,1.2678943542524836e-05,2.7229270935058594,3.5726659297943115,2594596454400.0,2586.6395815863793,28.93955341515572,9.705110793951928,wandb
25800,1779847006.296484,0.3614516258239746,1.2663597447702122e-05,2.7220396995544434,3.819958448410034,2597113036800.0,2736.4216427942633,30.61532842138959,10.267095350794392,wandb
25825,1779847513.8120573,0.3678506314754486,1.2648251352879411e-05,2.7216336727142334,4.692110061645508,2599629619200.0,2684.401217937368,30.033319287012265,10.07191393070842,wandb
25850,1779847667.700072,0.33208179473876953,1.2632905258056698e-05,2.7210240364074707,3.8916828632354736,2602146201600.0,2691.526315159619,30.113035507671444,10.09864740314574,wandb
25875,1779847885.093528,0.34993109107017517,1.2617559163233988e-05,2.7232179641723633,4.205046653747559,2604662784000.0,591.632493958582,6.619236898306319,2.219814056834569,wandb
25900,1779848048.5025377,0.3643260896205902,1.2602213068411275e-05,2.7240192890167236,3.7942895889282227,2607179366400.0,2836.31491932301,31.73294327291275,10.641896433706682,wandb
25925,1779893079.0454154,0.3500432074069977,1.2586866973588562e-05,2.7209572792053223,3.595411777496338,2609695948800.0,2398.646214039617,26.836266919215717,8.99975683835735,wandb
25950,1779893260.1048107,0.35706332325935364,1.2571520878765852e-05,2.7188210487365723,3.4977500438690186,2612212531200.0,2387.074129150725,26.706797405507356,8.956338201001296,wandb
25975,1779893440.5413368,0.3488669991493225,1.2556174783943139e-05,2.7185966968536377,4.338722229003906,2614729113600.0,2235.545491471173,25.01148154655658,8.387800462846554,wandb
26000,1779893645.740688,0.35677942633628845,1.2540828689120426e-05,2.717381000518799,4.139785289764404,2617245696000.0,2258.0001712425114,25.26270649853243,8.472050760636359,wandb
26025,1779893908.566714,0.3121703267097473,1.2525482594297714e-05,2.717592716217041,3.749814033508301,2619762278400.0,2261.0871200282763,25.297243555767402,8.483633039124005,wandb
26050,1779894094.0298707,0.36849862337112427,1.2510136499475001e-05,2.7209982872009277,4.329455375671387,2622278860800.0,2130.9974906576144,23.84178922624648,7.995534784085278,wandb
26075,1779894427.7414823,0.3576193153858185,1.2494790404652288e-05,2.7197682857513428,4.128774642944336,2624795443200.0,2328.0199581939773,26.046094094943143,8.734766059269544,wandb
26100,1779894622.4068458,0.32019227743148804,1.2479444309829575e-05,2.7208285331726074,3.92197322845459,2627312025600.0,2123.6333666661726,23.759398752860367,7.967904479598283,wandb
26125,1779894910.5261378,0.3652423024177551,1.2464098215006863e-05,2.71920108795166,3.3980860710144043,2629828608000.0,2013.2113383854012,22.52398729144548,7.5535993610241166,wandb
26150,1779895105.74307,0.3440237045288086,1.2448752120184154e-05,2.7200262546539307,4.470185279846191,2632345190400.0,2508.6473267953347,28.066969140345538,9.41248267552153,wandb
26175,1779895270.144439,0.36559730768203735,1.243340602536144e-05,2.7224478721618652,3.790923595428467,2634861772800.0,2541.0433567931304,28.429418801765017,9.534033069573711,wandb
26200,1779895435.7873828,0.3305412232875824,1.2418059930538727e-05,2.717884063720703,4.363775253295898,2637378355200.0,2116.631684748999,23.68106331359762,7.941634063250404,wandb
26225,1779895760.522314,0.35622647404670715,1.2402713835716017e-05,2.7195661067962646,3.800264835357666,2639894937600.0,933.7661791099288,10.447058960199106,3.5035048131248074,wandb
26250,1779896065.2536864,0.3666587173938751,1.2387367740893304e-05,2.718801498413086,4.780017852783203,2642411520000.0,2498.3215945570014,27.95144393080762,9.373740372142622,wandb
26275,1779896352.3263662,0.3549867272377014,1.2372021646070591e-05,2.718919277191162,3.835965871810913,2644928102400.0,2652.192793297626,29.672968571004056,9.95106743479435,wandb
26300,1779896584.2609677,0.33019065856933594,1.235667555124788e-05,2.721480369567871,4.438663959503174,2647444684800.0,2588.799302928924,28.96371656938848,9.713214101062308,wandb
26325,1779896922.878295,0.3632670044898987,1.2341329456425167e-05,2.7171287536621094,3.752056360244751,2649961267200.0,2510.0628736868525,28.082806404713704,9.41779382884726,wandb
26350,1779897092.8965063,0.338324636220932,1.2325983361602453e-05,2.7178902626037598,3.871352434158325,2652477849600.0,2565.061596367436,28.698136999710602,9.624149867369466,wandb
26375,1779897267.2849886,0.3605431318283081,1.231063726677974e-05,2.7178592681884766,3.4717612266540527,2654994432000.0,2462.4516848402154,27.5501281945004,9.239155928894847,wandb
26400,1779897426.7410126,0.34500372409820557,1.2295291171957029e-05,2.7189207077026367,4.088229656219482,2657511014400.0,2704.2238513499024,30.255096670515872,10.14628875079006,wandb
26425,1779897671.9376867,0.3159216046333313,1.2279945077134317e-05,2.719092607498169,4.06123161315918,2660027596800.0,2541.9318266163705,28.439359081071977,9.537366621775188,wandb
26450,1779897842.4143882,0.3324936628341675,1.2264598982311606e-05,2.7174198627471924,4.208895683288574,2662544179200.0,2338.372602387513,26.161920397826506,8.773609336711006,wandb
26475,1779898004.8148797,0.34235134720802307,1.2249252887488896e-05,2.7168846130371094,3.5800352096557617,2665060761600.0,2507.4944439384367,28.054070584529672,9.408157041622514,wandb
26500,1779898163.4336898,0.33165377378463745,1.2233906792666183e-05,2.7184619903564453,4.348278045654297,2667577344000.0,2673.7238389020604,29.913859821872308,10.03185224323392,wandb
26525,1779898421.5331566,0.34582313895225525,1.221856069784347e-05,2.7148683071136475,4.435335159301758,2670093926400.0,2651.9043559320116,29.669741508135093,9.949985213440307,wandb
26550,1779898578.8255696,0.35629507899284363,1.2203214603020757e-05,2.7208847999572754,4.143161773681641,2672610508800.0,2682.36595473797,30.0105485815409,10.064277592431672,wandb
26575,1779898732.8496864,0.360758513212204,1.2187868508198045e-05,2.7172012329101562,3.9494967460632324,2675127091200.0,2730.118253244396,30.544805539162972,10.243444937959767,wandb
26600,1779898891.84791,0.35820505023002625,1.2172522413375332e-05,2.718562126159668,4.170411109924316,2677643673600.0,2237.7951655677493,25.036651100192127,8.396241274049235,wandb
26625,1779899134.989688,0.3302048146724701,1.2157176318552619e-05,2.7174620628356934,3.8722105026245117,2680160256000.0,2591.7263754597893,28.996464916881507,9.724196521425858,wandb
26650,1779899292.634249,0.32770952582359314,1.2141830223729906e-05,2.7139062881469727,3.648449420928955,2682676838400.0,2648.1588555303274,29.62783651692076,9.935932039339088,wandb
26675,1779899490.9896939,0.3200601041316986,1.2126484128907196e-05,2.7186031341552734,4.106052398681641,2685193420800.0,2679.3626797783963,29.97694767450627,10.053009259404199,wandb
26700,1779899660.57222,0.3505343794822693,1.2111138034084483e-05,2.718595027923584,3.956573486328125,2687710003200.0,2333.401639687562,26.106304825558897,8.754958209550091,wandb
26725,1779899898.893584,0.3107145130634308,1.2095791939261771e-05,2.7146987915039062,3.9836483001708984,2690226585600.0,2713.0750738521015,30.354124934142273,10.17949867135931,wandb
26750,1779900068.4851735,0.38301321864128113,1.2080445844439061e-05,2.715820789337158,3.9197778701782227,2692743168000.0,2564.156644579686,28.688012318720578,9.620754474588107,wandb
26775,1779900228.329386,0.29853442311286926,1.2065099749616348e-05,2.7170777320861816,4.1449995040893555,2695259750400.0,2715.624862192275,30.38265219259493,10.189065515738664,wandb
26800,1779900456.5061321,0.33699914813041687,1.2049753654793635e-05,2.72044038772583,3.7866897583007812,2697776332800.0,780.4930652848369,8.73222574716673,2.9284217741131564,wandb
26825,1779900794.6874993,0.36378228664398193,1.2034407559970922e-05,2.717039108276367,3.6375467777252197,2700292915200.0,2393.4131643934857,26.777719094912534,8.98012235701426,wandb
26850,1779901038.7532046,0.3295169472694397,1.201906146514821e-05,2.7198824882507324,4.109043598175049,2702809497600.0,2186.573762912837,24.463581497189328,8.20405779733824,wandb
26875,1779901436.1940296,0.36392179131507874,1.2003715370325497e-05,2.7177042961120605,3.812030553817749,2705326080000.0,2695.0194424048477,30.152116925592544,10.111753669350607,wandb
26900,1779901647.5968764,0.33890363574028015,1.1988369275502784e-05,2.7198359966278076,4.03801155090332,2707842662400.0,2649.0659855249382,29.637985567882637,9.939335604785503,wandb
26925,1779901954.5492706,0.3581141531467438,1.1973023180680071e-05,2.7134885787963867,3.8596408367156982,2710359244800.0,1387.0702208111284,15.51866484665676,5.204308426961965,wandb
26950,1779902176.0115469,0.3469688892364502,1.1957677085857361e-05,2.7188384532928467,3.947523593902588,2712875827200.0,2635.067665597667,29.48137112103757,9.886813696905307,wandb
26975,1779902383.0687654,0.33542367815971375,1.1942330991034648e-05,2.715414047241211,3.7486939430236816,2715392409600.0,2597.2955229091212,29.05877303326314,9.745092046804958,wandb
27000,1779902560.0236688,0.36121106147766113,1.1926984896211938e-05,2.7179179191589355,4.11560583114624,2717908992000.0,2644.277253107263,29.584408804201004,9.921368208397165,wandb
27025,1779902802.166423,0.32610633969306946,1.1911638801389225e-05,2.7173984050750732,4.2830963134765625,2720425574400.0,2531.4995431178927,28.3226417665704,9.498224536458244,wandb
27050,1779902960.8106606,0.3677879571914673,1.1896292706566514e-05,2.7141330242156982,3.728567361831665,2722942156800.0,2372.2651392231182,26.541113110685092,8.900774647030705,wandb
27075,1779903130.8757985,0.3776929974555969,1.18809466117438e-05,2.715276002883911,4.0871381759643555,2725458739200.0,1658.3322137646587,18.553568120566215,6.222087523262515,wandb
27100,1779903301.6896245,0.34787848591804504,1.1865600516921087e-05,2.716895580291748,4.561613082885742,2727975321600.0,2784.043902400818,31.14813049224829,10.445774788405295,wandb
27125,1779903542.9883056,0.32758650183677673,1.1850254422098376e-05,2.718764066696167,4.323103904724121,2730491904000.0,2607.6082171343064,29.174152372351767,9.783785431361528,wandb
27150,1779903699.1070418,0.3418560028076172,1.1834908327275663e-05,2.7125096321105957,4.024554252624512,2733008486400.0,2516.4099247214926,28.153817775510493,9.441608060232475,wandb
27175,1779903872.283963,0.32480037212371826,1.181956223245295e-05,2.7164697647094727,3.651179552078247,2735525068800.0,2627.7090689109546,29.39904248762777,9.859204130949173,wandb
27200,1779904029.25115,0.34174466133117676,1.180421613763024e-05,2.7175488471984863,4.378728866577148,2738041651200.0,2684.085264317777,30.029784369849487,10.070728467953687,wandb
27225,1779904269.3837237,0.33221086859703064,1.1788870042807527e-05,2.7178096771240234,4.426251411437988,2740558233600.0,2408.0155803009134,26.94109222124665,9.034910842139828,wandb
27250,1779904442.800365,0.32697346806526184,1.1773523947984814e-05,2.717900276184082,3.7644853591918945,2743074816000.0,2678.0133810191955,29.96185160012742,10.047946670071921,wandb
27275,1779904611.1725118,0.3457487225532532,1.1758177853162104e-05,2.7147979736328125,3.8826727867126465,2745591398400.0,2401.427722796129,26.867386686270564,9.010193101240073,wandb
27300,1779904770.7941709,0.34317100048065186,1.174283175833939e-05,2.7155630588531494,4.141108512878418,2748107980800.0,2225.974887478572,24.904404778911466,8.351891412055538,wandb
27325,1779906506.1212876,0.3887176513671875,1.172748566351668e-05,2.7158234119415283,3.4528121948242188,2750624563200.0,202.11383924200416,2.2612675876161097,0.7583341787539002,wandb
27350,1779907673.857592,0.31266021728515625,1.1712139568693966e-05,2.7147350311279297,4.362870216369629,2753141145600.0,1754.3637038085442,19.627976961846528,6.582399124932436,wandb
27375,1779907914.3214192,0.36171776056289673,1.1696793473871253e-05,2.7149555683135986,4.734565734863281,2755657728000.0,2339.3330568319525,26.17266604746999,8.777212976298905,wandb
27400,1779908301.6039574,0.33307644724845886,1.1681447379048541e-05,2.7149691581726074,4.205390453338623,2758174310400.0,1271.1238758407476,14.221446839382422,4.769275988696565,wandb
27425,1779908626.8299673,0.32453835010528564,1.1666101284225828e-05,2.7156729698181152,3.908907890319824,2760690892800.0,1633.7079637684797,18.27806982418759,6.12969696520714,wandb
27450,1779908818.5645564,0.3483676314353943,1.1650755189403115e-05,2.711353302001953,4.272631645202637,2763207475200.0,2102.05588206942,23.517987938420788,7.886945431357846,wandb
27475,1779909002.3187048,0.33504417538642883,1.1635409094580405e-05,2.716928482055664,4.162261962890625,2765724057600.0,1913.3884098109238,21.407159499083836,7.179062224699195,wandb
27500,1779909220.2244139,0.3587642014026642,1.1620062999757692e-05,2.714669704437256,4.000638961791992,2768240640000.0,2567.4493688985717,28.72485161089956,9.633108825985268,wandb
27525,1779909487.5406585,0.3480532467365265,1.1604716904934979e-05,2.714378833770752,4.526471138000488,2770757222400.0,2321.620579074848,25.97449727288868,8.710755492120656,wandb
27550,1779909646.5631018,0.3489758372306824,1.158937081011227e-05,2.7135586738586426,3.9536309242248535,2773273804800.0,2800.5510403770404,31.332813818288347,10.507709819513122,wandb
27575,1779909814.9570773,0.3537810742855072,1.1574024715289556e-05,2.713895082473755,4.5040483474731445,2775790387200.0,1877.6916499771864,21.007780979049414,7.045127442428895,wandb
27600,1779910015.716306,0.33366668224334717,1.1558678620466845e-05,2.7172939777374268,3.8958098888397217,2778306969600.0,2181.494214916965,24.406751062985105,8.184999256506316,wandb
27625,1779910275.5024655,0.3243952989578247,1.1543332525644132e-05,2.7139031887054443,3.9173951148986816,2780823552000.0,2760.2364760499454,30.88177089137343,10.356448965009225,wandb
27650,1779910437.3275158,0.3552382290363312,1.1527986430821418e-05,2.7148547172546387,4.378480911254883,2783340134400.0,2383.9370751860793,26.671699767080117,8.944567927125405,wandb
27675,1779910591.160525,0.3494179844856262,1.1512640335998707e-05,2.711244821548462,3.6783299446105957,2785856716800.0,2675.3136972371512,29.931647298155603,10.037817415729766,wandb
27700,1779910747.558197,0.3623284101486206,1.1497294241175994e-05,2.7138633728027344,4.218199729919434,2788373299200.0,2629.431477532923,29.418312948295355,9.865666634124205,wandb
27725,1779910981.1949747,0.346004456281662,1.148194814635328e-05,2.7150440216064453,4.489604473114014,2790889881600.0,2721.7141644848107,30.45077984756872,10.211912669948946,wandb
27750,1779911132.5423508,0.34447818994522095,1.146660205153057e-05,2.7148385047912598,3.911956787109375,2793406464000.0,2781.7135588416786,31.122058401499558,10.43703130416017,wandb
27775,1779911300.7095516,0.2942472994327545,1.1451255956707858e-05,2.71234130859375,3.9000487327575684,2795923046400.0,2622.638826654205,29.342316166859494,9.840180505391046,wandb
27800,1779911482.0428123,0.3249661326408386,1.1435909861885148e-05,2.710641384124756,3.6136608123779297,2798439628800.0,1705.4908023433525,19.081182598776383,6.399027260170865,wandb
27825,1779911736.9255178,0.3343793451786041,1.1420563767062435e-05,2.715224266052246,3.973294973373413,2800956211200.0,2493.190962193648,27.894041960162085,9.354490161992029,wandb
27850,1779911900.6759334,0.34223854541778564,1.1405217672239722e-05,2.7135398387908936,3.898698091506958,2803472793600.0,2618.0559227164435,29.291042230495297,9.822985380569389,wandb
27875,1779912063.2388518,0.32121574878692627,1.138987157741701e-05,2.71791672706604,3.9302144050598145,2805989376000.0,2265.480603353686,25.346398237493997,8.500117454945991,wandb
27900,1779912227.551876,0.34455975890159607,1.1374525482594297e-05,2.715639591217041,3.717963218688965,2808505958400.0,2667.720860151712,29.8466979623568,10.009328976258264,wandb
27925,1779912481.7460873,0.35129478573799133,1.1359179387771584e-05,2.7173829078674316,3.9623687267303467,2811022540800.0,2675.9081934494934,29.938298574589574,10.040047974501247,wandb
27950,1779912649.5183873,0.32989609241485596,1.1343833292948872e-05,2.7161245346069336,3.7887773513793945,2813539123200.0,2682.5425419819103,30.0125242553127,10.064940150439151,wandb
27975,1779912801.0710707,0.3267054855823517,1.1328487198126161e-05,2.7145869731903076,3.822258710861206,2816055705600.0,2839.0722390583974,31.76379241105049,10.652241939016653,wandb
28000,1779913125.4841676,0.3613256812095642,1.131314110330345e-05,2.712198257446289,3.870494842529297,2818572288000.0,2569.7771568392645,28.75089510916209,9.641842721511368,wandb
28025,1779913530.8663259,0.31939753890037537,1.1297795008480736e-05,2.7151761054992676,3.6395480632781982,2821088870400.0,2243.2801173759744,25.09801722826179,8.416820896110716,wandb
28050,1779913740.2489665,0.3598061203956604,1.1282448913658023e-05,2.715463876724243,3.52812123298645,2823605452800.0,2470.534974040775,27.640564752131002,9.269484552112958,wandb
28075,1779914040.7480474,0.3456975817680359,1.126710281883531e-05,2.7107338905334473,4.0035858154296875,2826122035200.0,360.711040077076,4.035667159065438,1.3533932726733662,wandb
28100,1779914296.9651217,0.31887102127075195,1.12517567240126e-05,2.717776298522949,4.426244258880615,2828638617600.0,629.3481107454965,7.041202569271988,2.3613236208978967,wandb
28125,1779914615.3628864,0.3350784182548523,1.1236410629189887e-05,2.714776039123535,4.266913414001465,2831155200000.0,2264.9334799402004,25.34027697214185,8.49806463963162,wandb
28150,1779914801.8498821,0.34724557399749756,1.1221064534367176e-05,2.7141566276550293,3.8075215816497803,2833671782400.0,2534.956170634047,28.361314822280267,9.511193855128115,wandb
28175,1779915138.886545,0.31891554594039917,1.1205718439544462e-05,2.7126624584198,3.8118982315063477,2836188364800.0,2464.685268840053,27.575117730704317,9.247536369811447,wandb
28200,1779915318.4405482,0.34984055161476135,1.119037234472175e-05,2.7124996185302734,4.005129814147949,2838704947200.0,1477.252277004524,16.527629702400887,5.5426728644405445,wandb
28225,1779915601.9887908,0.3094279170036316,1.1175026249899036e-05,2.7143425941467285,3.7253952026367188,2841221529600.0,2456.530496763869,27.483881416311252,9.216939541763894,wandb
28250,1779915776.738792,0.34055185317993164,1.1159680155076326e-05,2.711677074432373,4.192593097686768,2843738112000.0,1883.342078967952,21.070998480537003,7.066327937379608,wandb
28275,1779915992.2250352,0.35440585017204285,1.1144334060253615e-05,2.710705041885376,4.487488746643066,2846254694400.0,2751.311169462143,30.781913768416263,10.322961079831389,wandb
28300,1779916156.9395952,0.32934433221817017,1.1128987965430902e-05,2.715482234954834,3.8143935203552246,2848771276800.0,2508.3905929434277,28.064096779204224,9.411519406229953,wandb
28325,1779916409.1034873,0.3233111500740051,1.1113641870608189e-05,2.711082935333252,4.0366010665893555,2851287859200.0,2379.3733742816994,26.620640675959237,8.927444852375151,wandb
28350,1779916616.911982,0.3376508951187134,1.1098295775785475e-05,2.7115061283111572,3.574212074279785,2853804441600.0,2500.2965775755997,27.97354021626139,9.38115053827018,wandb
28375,1779916781.2004845,0.3544957637786865,1.1082949680962766e-05,2.709693431854248,3.8455629348754883,2856321024000.0,2552.5950338647926,28.55865999100135,9.57737513649116,wandb
28400,1779916946.1761096,0.33605581521987915,1.1067603586140052e-05,2.7110323905944824,4.074021816253662,2858837606400.0,2631.302637998644,29.43924765780477,9.87268725646462,wandb
28425,1779917232.4019296,0.3222283124923706,1.1052257491317341e-05,2.712151050567627,4.106127738952637,2861354188800.0,2537.589765260477,28.390779712908245,9.521075141959807,wandb
28450,1779917410.043891,0.3245602548122406,1.1036911396494628e-05,2.7110180854797363,4.857377529144287,2863870771200.0,2483.857180010082,27.78961477595381,9.319469670206868,wandb
28475,1779917593.316744,0.35907235741615295,1.1021565301671915e-05,2.7147979736328125,4.487983703613281,2866387353600.0,2478.1574777781793,27.725846001067335,9.298084301310892,wandb
28500,1779917755.7455149,0.37349364161491394,1.1006219206849205e-05,2.712449312210083,3.7429983615875244,2868903936000.0,2576.7766657269804,28.829206236378226,9.668104984619887,wandb
28525,1779918036.7939858,0.3433378338813782,1.0990873112026492e-05,2.7106692790985107,3.717169761657715,2871420518400.0,1054.5292310899515,11.798166713375034,3.956609608870297,wandb
28550,1779918261.7548041,0.3892636001110077,1.097552701720378e-05,2.711961030960083,3.6212806701660156,2873937100800.0,2509.8873549457116,28.080842685446136,9.417135279878432,wandb
28575,1779918457.099952,0.3562059700489044,1.0960180922381067e-05,2.7093756198883057,3.6634604930877686,2876453683200.0,2297.454217477322,25.704121872589326,8.62008293825567,wandb
28600,1779918711.261701,0.3057243227958679,1.0944834827558354e-05,2.713151454925537,3.9034061431884766,2878970265600.0,2526.060603581496,28.261790427885312,9.477817553135903,wandb
28625,1779918956.1109931,0.32801932096481323,1.092948873273564e-05,2.7124476432800293,3.677018165588379,2881486848000.0,2513.3913742418613,28.1200459646005,9.430282413222931,wandb
28650,1779919152.1782985,0.3185290992259979,1.0914142637912931e-05,2.712435245513916,4.204489231109619,2884003430400.0,2683.2333560021334,30.020253143937346,10.067532095081154,wandb
28675,1779919360.839571,0.3465877175331116,1.0898796543090218e-05,2.7094902992248535,4.024355888366699,2886520012800.0,2376.2502351925978,26.585698718395676,8.915726787322553,wandb
28700,1779919527.5717132,0.3285624086856842,1.0883450448267506e-05,2.7095866203308105,3.3654022216796875,2889036595200.0,2588.5359352351743,28.960769988235327,9.712225941495902,wandb
28725,1779919777.8498983,0.36447933316230774,1.0868104353444793e-05,2.7143571376800537,3.9779934883117676,2891553177600.0,2576.7526417354907,28.82893745382734,9.668014846240817,wandb
28750,1779919944.45629,0.34181782603263855,1.085275825862208e-05,2.7091405391693115,4.155379295349121,2894069760000.0,2732.6475865749912,30.573103945151413,10.25293503483411,wandb
28775,1779920105.6243384,0.34875109791755676,1.083741216379937e-05,2.7116446495056152,4.060258865356445,2896586342400.0,2357.583934795298,26.376858491385885,8.845690546186137,wandb
28800,1779920359.378406,0.31086668372154236,1.0822066068976657e-05,2.7138609886169434,4.165020942687988,2899102924800.0,2423.0073376189284,27.108821333868388,9.091160142120826,wandb
28825,1779920627.9312794,0.3614771366119385,1.0806719974153944e-05,2.7134532928466797,4.265913963317871,2901619507200.0,2337.0893947228574,26.14756375648444,8.768794722164092,wandb
28850,1779920789.9566078,0.32018741965293884,1.0791373879331233e-05,2.709801197052002,3.7763752937316895,2904136089600.0,2541.408376689934,28.4335026767959,9.53540262974193,wandb
28875,1779920957.2245028,0.3724428713321686,1.077602778450852e-05,2.714738130569458,4.451552391052246,2906652672000.0,2153.200193505475,24.090195038018845,8.078839660650852,wandb
28900,1779921133.2566195,0.31125378608703613,1.076068168968581e-05,2.712012767791748,4.156502723693848,2909169254400.0,2564.656518629108,28.693604953990324,9.62263000957458,wandb
28925,1779921387.1117291,0.30767542123794556,1.0745335594863097e-05,2.714460611343384,3.922311782836914,2911685836800.0,2527.421711454743,28.27701862368114,9.482924450442518,wandb
28950,1779921556.188839,0.38884666562080383,1.0729989500040383e-05,2.711543321609497,4.4243879318237305,2914202419200.0,2491.050208062692,27.87009101277748,9.346458020146121,wandb
28975,1779921716.615722,0.2726917266845703,1.0714643405217672e-05,2.7105135917663574,4.422843933105469,2916719001600.0,2598.542710999552,29.072726684409094,9.74977151536513,wandb
29000,1779921876.2225206,0.34699222445487976,1.0699297310394959e-05,2.7123260498046875,3.942331552505493,2919235584000.0,2787.2603614537998,31.18411652185754,10.457842991372425,wandb
29025,1779922125.4872208,0.3430706858634949,1.0683951215572249e-05,2.7098042964935303,4.5251383781433105,2921752166400.0,2556.3027291161234,28.60014201483522,9.591286465097019,wandb
29050,1779922297.9904077,0.3305477499961853,1.0668605120749536e-05,2.709728956222534,3.8019704818725586,2924268748800.0,1981.2205746415461,22.166071784875705,7.433569532080248,wandb
29075,1779922484.6703522,0.3102127015590668,1.0653259025926823e-05,2.7120351791381836,4.500665187835693,2926785331200.0,2055.796866337228,23.000437961128135,7.713380905362019,wandb
29100,1779922662.292148,0.35784968733787537,1.063791293110411e-05,2.709151029586792,4.187690734863281,2929301913600.0,2409.5924501462805,26.958734381153118,9.040827281625976,wandb
29125,1779922910.2438803,0.3516811430454254,1.0622566836281398e-05,2.7121729850769043,3.7626450061798096,2931818496000.0,2797.8688635372964,31.302805385542158,10.497646251483006,wandb
29150,1779923069.9370964,0.3663284182548523,1.0607220741458685e-05,2.7072792053222656,3.5003814697265625,2934335078400.0,2674.6206484935133,29.923893407246876,10.035217086371746,wandb
29175,1779923226.881889,0.3902808725833893,1.0591874646635975e-05,2.7133288383483887,4.135984420776367,2936851660800.0,2449.7012958312475,27.40747570962551,9.191316276676224,wandb
29200,1779923402.8770995,0.3053453266620636,1.0576528551813262e-05,2.7129247188568115,4.1177167892456055,2939368243200.0,2466.7335094342993,27.59803362842205,9.255221399469749,wandb
29225,1779923645.359324,0.32784292101860046,1.0561182456990549e-05,2.717573404312134,4.146986484527588,2941884825600.0,2719.241721771384,30.423117938858876,10.202636027529831,wandb
29250,1779923815.1280832,0.32580211758613586,1.0545836362167837e-05,2.710960865020752,4.739335536956787,2944401408000.0,2450.5931658916074,27.417454031087416,9.194662586618751,wandb
29275,1779924001.015538,0.32550325989723206,1.0530490267345124e-05,2.7115535736083984,3.9424996376037598,2946917990400.0,629.5366296515165,7.043311735539052,2.362030946681784,wandb
29300,1779924252.1311283,0.318700909614563,1.0515144172522414e-05,2.713500738143921,4.283385276794434,2949434572800.0,2477.4241331182748,27.71764127586785,9.295332781066174,wandb
29325,1779924560.8345091,0.32064300775527954,1.0499798077699701e-05,2.7095909118652344,3.812858819961548,2951951155200.0,2273.791116404678,25.439376995747992,8.531298625484254,wandb
29350,1779924751.352598,0.35308632254600525,1.0484451982876988e-05,2.709231376647949,4.360960006713867,2954467737600.0,2595.550822831993,29.039253173815034,9.738545905753346,wandb
29375,1779924946.307914,0.3407815396785736,1.0469105888054275e-05,2.7106435298919678,4.304112911224365,2956984320000.0,2481.8555898904892,27.767220807890556,9.311959673834348,wandb
29400,1779925146.0470614,0.3203814625740051,1.0453759793231563e-05,2.7120370864868164,3.8629496097564697,2959500902400.0,2529.2689077323967,28.297685219725665,9.489855158787206,wandb
29425,1779925433.8458598,0.3563658595085144,1.0438413698408852e-05,2.7091622352600098,4.3924880027771,2962017484800.0,2707.507647103709,30.291836069115604,10.158609602076137,wandb
29450,1779925627.7323897,0.3244166374206543,1.042306760358614e-05,2.7091732025146484,3.802375316619873,2964534067200.0,2724.8869974438344,30.486277784563374,10.22381718715236,wandb
29475,1779925828.2439191,0.33172211050987244,1.0407721508763427e-05,2.708667755126953,4.29595422744751,2967050649600.0,2569.1057485498804,28.743383333577917,9.639323587464693,wandb
29500,1779926025.8698492,0.3547890782356262,1.0392375413940714e-05,2.7128403186798096,4.403116226196289,2969567232000.0,2751.5243456219882,30.784298802229475,10.323760920004197,wandb
29525,1779926302.3146431,0.32862600684165955,1.0377029319118003e-05,2.7085351943969727,3.9370129108428955,2972083814400.0,865.4617603732346,9.682863055754845,3.24722560195247,wandb
29550,1779926488.1459444,0.3652595579624176,1.036168322429529e-05,2.7125229835510254,4.203124046325684,2974600396800.0,2741.2277505156294,30.669099581512395,10.285127939584719,wandb
29575,1779926684.3796582,0.32680389285087585,1.034633712947258e-05,2.7083137035369873,3.597761392593384,2977116979200.0,2704.5358085972935,30.25858687591147,10.147459219095913,wandb
29600,1779926878.1304858,0.3104616403579712,1.0330991034649867e-05,2.7105016708374023,4.179356575012207,2979633561600.0,2664.420394217032,29.809772056292612,9.996945578201668,wandb
29625,1779927172.1805227,0.3200647532939911,1.0315644939827154e-05,2.709167003631592,3.680014133453369,2982150144000.0,864.273224314543,9.66956560875017,3.2427661967016093,wandb
29650,1779927352.5667336,0.3403477370738983,1.030029884500444e-05,2.710386276245117,3.7990500926971436,2984666726400.0,1042.085966367023,11.658950362294819,3.909922291613507,wandb
29675,1779927551.2118707,0.3384179174900055,1.0284952750181729e-05,2.7102203369140625,3.9026992321014404,2987183308800.0,825.6782735065268,9.237761870643414,3.0979573581044675,wandb
29700,1779927740.1223276,0.3160434365272522,1.0269606655359017e-05,2.7081634998321533,4.359179973602295,2989699891200.0,1820.6072386796388,20.369115514530026,6.830945868701314,wandb
29725,1779928023.9635317,0.3040928840637207,1.0254260560536306e-05,2.7083163261413574,3.80246901512146,2992216473600.0,2632.4220828923503,29.45177210671808,9.876887430620494,wandb
29750,1779928219.88992,0.32408607006073,1.0238914465713593e-05,2.7096571922302246,3.8766627311706543,2994733056000.0,2594.279416220619,29.02502856370539,9.733775568936657,wandb
29775,1779928417.9681008,0.3459182679653168,1.022356837089088e-05,2.7116966247558594,3.6783642768859863,2997249638400.0,2701.3343963959114,30.22276919181456,10.13544747214334,wandb
29800,1779928618.3422096,0.3348308801651001,1.0208222276068168e-05,2.7108283042907715,3.712153911590576,2999766220800.0,2372.31459716885,26.54166645057539,8.900960213990395,wandb
29825,1779928922.5566676,0.3216095268726349,1.0192876181245457e-05,2.706296443939209,4.584853649139404,3002282803200.0,2678.6699952772883,29.96919785877532,10.050410296689654,wandb
29850,1779929122.166284,0.33737727999687195,1.0177530086422745e-05,2.7078614234924316,4.117351531982422,3004799385600.0,2758.7535206040293,30.86517945411062,10.350884893768853,wandb
29875,1779929323.1714847,0.32390403747558594,1.0162183991600032e-05,2.709794521331787,4.1769304275512695,3007315968000.0,2610.6399180023636,29.20807131097564,9.795160418827146,wandb
29900,1779929522.3141418,0.33938440680503845,1.0146837896777319e-05,2.7129297256469727,4.412192344665527,3009832550400.0,2495.988787672704,27.9253442801582,9.364987645464282,wandb
29925,1779929812.3236725,0.3178885281085968,1.0131491801954606e-05,2.7054800987243652,3.655604124069214,3012349132800.0,2547.7921789301163,28.50492522334498,9.559354752205643,wandb
29950,1779930011.3525488,0.35369810461997986,1.0116145707131894e-05,2.7099995613098145,3.873767137527466,3014865715200.0,1170.1864863186224,13.092150358938701,4.3905573780566876,wandb
29975,1779930209.0373616,0.3169174790382385,1.0100799612309183e-05,2.708070755004883,4.785698890686035,3017382297600.0,2624.04254049198,29.35802104197123,9.84544726092034,wandb
30000,1779930388.7137222,0.34192728996276855,1.0085453517486471e-05,2.7064332962036133,3.5060806274414062,3019898880000.0,2560.905799213116,28.651641571980296,9.60855725365282,wandb
30025,1779930672.4822311,0.3542717397212982,1.0070107422663758e-05,2.7102808952331543,4.009950637817383,3022415462400.0,2633.199616684349,29.46047122385285,9.879804749156524,wandb
30050,1779930872.9525254,0.34110793471336365,1.0054761327841045e-05,2.705627679824829,3.8313775062561035,3024932044800.0,2497.5087442104696,27.9423496889235,9.370690545360356,wandb
30075,1779931074.704527,0.31452763080596924,1.0039415233018334e-05,2.707017660140991,3.8091092109680176,3027448627200.0,2700.6295465209973,30.214883268800794,10.132802864762457,wandb
30100,1779931275.5633018,0.35664767026901245,1.0024069138195622e-05,2.708888530731201,3.84822678565979,3029965209600.0,2786.074770935909,31.170852029825,10.453394637835157,wandb
30125,1779931555.6736042,0.2959586977958679,1.000872304337291e-05,2.7068119049072266,4.1513566970825195,3032481792000.0,2728.658814008557,30.5284772033475,10.237969099894933,wandb
30150,1779931755.816372,0.3346763253211975,9.993376948550198e-06,2.7103350162506104,3.793800115585327,3034998374400.0,2048.3442603476788,22.917057543287164,7.685418615081172,wandb
30175,1779931953.319794,0.3293784260749817,9.978030853727484e-06,2.7098169326782227,3.6818065643310547,3037514956800.0,2794.929295592892,31.26991723825246,10.486616948139051,wandb
30200,1779932155.149017,0.34341180324554443,9.962684758904771e-06,2.706705093383789,3.7591373920440674,3040031539200.0,2633.037183624157,29.458653908346164,9.879195297860337,wandb
30225,1779932442.630357,0.3336890935897827,9.947338664082062e-06,2.7086243629455566,4.146717071533203,3042548121600.0,2718.439631278104,30.414144079168754,10.199626571879545,wandb
30250,1779932642.8136835,0.3356963098049164,9.931992569259348e-06,2.707662582397461,3.9748077392578125,3045064704000.0,2842.4988270638655,31.80212938204633,10.665098548988539,wandb
30275,1779932825.086804,0.36560577154159546,9.916646474436637e-06,2.70944881439209,3.708946466445923,3047581286400.0,2655.3657670947605,29.708468083708002,9.962972480424485,wandb
30300,1779933008.241849,0.3033161461353302,9.901300379613924e-06,2.707712173461914,3.830920696258545,3050097868800.0,2648.1535809892393,29.627777504886517,9.935912249181229,wandb
30325,1779933323.202287,0.287443608045578,9.88595428479121e-06,2.704129457473755,3.8194313049316406,3052614451200.0,566.5145828790523,6.338215477874264,2.125571274935297,wandb
30350,1779933518.369706,0.3374830484390259,9.870608189968497e-06,2.7076776027679443,3.64263653755188,3055131033600.0,656.01821705779,7.339590087852812,2.461390262763998,wandb
30375,1779933700.0769856,0.3298952877521515,9.855262095145788e-06,2.7062199115753174,4.470395088195801,3057647616000.0,2521.1697433326303,28.20707104895611,9.4594669715818,wandb
30400,1779933927.2247584,0.3098088204860687,9.839916000323076e-06,2.7080609798431396,4.418156623840332,3060164198400.0,581.5036727075446,6.505914746386264,2.181810566455301,wandb
30425,1783700096.8319683,3.238837957382202,9.824569905500363e-06,3.6126914024353027,4.5639801025390625,3062680780800.0,1923.1633483573492,21.516522379868583,7.2157379418236305,wandb
30450,1783700352.7153196,1.7714242935180664,9.80922381067765e-06,3.066610336303711,3.8411872386932373,3065197363200.0,1986.7597171458542,22.22804420326701,7.454352478452246,wandb
30475,1783700572.4886796,1.1526871919631958,9.793877715854937e-06,2.929107189178467,4.492605209350586,3067713945600.0,1911.5236913648396,21.386296863462373,7.172065772913798,wandb
30500,1783700984.3662024,0.807721734046936,9.778531621032227e-06,2.867175340652466,4.314785003662109,3070230528000.0,2015.6791154989373,22.551597001009302,7.562858498041945,wandb
30525,1783701182.1616986,0.8132712244987488,9.763185526209514e-06,2.837742805480957,3.913822889328003,3072747110400.0,1791.2239106442487,20.040372230290284,6.720699177933673,wandb
30550,1783701405.5817478,0.9304466843605042,9.747839431386802e-06,2.8232884407043457,4.395177364349365,3075263692800.0,2063.7778309735304,23.089729702444142,7.743325605268923,wandb
30575,1783701596.2093108,0.6922447681427002,9.73249333656409e-06,2.80625057220459,4.314845561981201,3077780275200.0,2126.904876322409,23.796000693509086,7.980179233260634,wandb
30600,1783701881.357121,0.7147160172462463,9.717147241741376e-06,2.798928737640381,4.070746421813965,3080296857600.0,2392.0602730704277,26.76258282661012,8.975046288328107,wandb
30625,1783702066.4562018,0.602074921131134,9.701801146918666e-06,2.786694049835205,3.4760665893554688,3082813440000.0,2425.8337811153915,27.140443834785444,9.101765000826807,wandb
30650,1783702250.9327567,0.6399825811386108,9.686455052095953e-06,2.782498836517334,4.527320861816406,3085330022400.0,2628.603946306746,29.409054455425633,9.862561724459681,wandb
30675,1783702428.0977685,0.6186659932136536,9.671108957273242e-06,2.7794578075408936,3.8857011795043945,3087846604800.0,2406.1333556567065,26.92003372472548,9.027848706834556,wandb
30700,1783702702.1465697,0.6314494013786316,9.655762862450528e-06,2.7723658084869385,4.430622100830078,3090363187200.0,2042.414192743502,22.85071142015187,7.663168911827631,wandb
30725,1783702902.2309825,0.5426257252693176,9.640416767627815e-06,2.769181251525879,3.8969907760620117,3092879769600.0,2332.283851475334,26.09379891174513,8.750764251288153,wandb
30750,1783703084.4522178,0.5361039042472839,9.625070672805102e-06,2.764828681945801,4.826926231384277,3095396352000.0,2468.028078323122,27.612517380149338,9.260078641501405,wandb
30775,1783703274.2986782,0.5282095670700073,9.609724577982392e-06,2.7625038623809814,3.885443687438965,3097912934400.0,2522.099246953973,28.217470418041355,9.462954483213775,wandb
30800,1783703549.1739252,0.5075631141662598,9.59437848315968e-06,2.7626113891601562,4.4595232009887695,3100429516800.0,2142.535880355093,23.970881755160107,8.038826996574018,wandb
30825,1783703761.259111,0.5366119742393494,9.579032388336968e-06,2.7563576698303223,3.789168119430542,3102946099200.0,2333.572489275008,26.10821630592016,8.755599239783708,wandb
30850,1783703959.5741396,0.49384963512420654,9.563686293514255e-06,2.754742383956909,3.9131088256835938,3105462681600.0,1251.742837504359,14.004610060818509,4.696558040013076,wandb
30875,1783704162.6582956,0.4957983195781708,9.548340198691541e-06,2.753119707107544,3.5102438926696777,3107979264000.0,2377.3582631353997,26.598095433448083,8.919884124906128,wandb
30900,1783704446.5881314,0.5316576361656189,9.532994103868832e-06,2.753023147583008,4.23898983001709,3110495846400.0,2060.718009428734,23.05549614719089,7.73184510859928,wandb
30925,1783704643.9655156,0.5058349967002869,9.517648009046119e-06,2.751784086227417,4.098482131958008,3113012428800.0,1755.3509117030537,19.639021931465955,6.586103143869237,wandb
30950,1783704832.5321972,0.4830774664878845,9.502301914223405e-06,2.7482190132141113,4.256767272949219,3115529011200.0,2210.9569604858057,24.736382877643905,8.295543923059455,wandb
30975,1783705027.8261294,0.4849705994129181,9.486955819400694e-06,2.746736526489258,3.6204206943511963,3118045593600.0,1991.6666576225712,22.282943489213856,7.472763393264219,wandb
31000,1783705346.5368257,0.4784230887889862,9.47160972457798e-06,2.7468624114990234,4.376305103302002,3120562176000.0,1965.0687017600821,21.985363196274715,7.37296746097597,wandb
31025,1783705534.656606,0.48148292303085327,9.456263629755271e-06,2.7427608966827393,4.473488807678223,3123078758400.0,2448.4354360023935,27.39331315741143,9.186566751471359,wandb
31050,1783705715.757899,0.48314031958580017,9.440917534932558e-06,2.7474992275238037,4.188324928283691,3125595340800.0,2349.4938893752455,26.28634634457143,8.815336573530404,wandb
31075,1783705900.0393586,0.4429682195186615,9.425571440109845e-06,2.7422878742218018,3.9670019149780273,3128111923200.0,2143.1773680847136,23.978058776863737,8.041233868228364,wandb
31100,1783706200.3778803,0.45780476927757263,9.410225345287133e-06,2.7429094314575195,4.217336177825928,3130628505600.0,2147.016739281088,24.021014002867798,8.055639246969639,wandb
31125,1783706430.4181314,0.45440244674682617,9.39487925046442e-06,2.7412776947021484,3.8911943435668945,3133145088000.0,2459.621130325692,27.51845969914809,9.228535645586987,wandb
31150,1783706619.2947397,0.4457090497016907,9.37953315564171e-06,2.737200975418091,3.6812331676483154,3135661670400.0,1970.1158537162398,22.041831180708808,7.391904451377385,wandb
31175,1783706814.8006523,0.45203372836112976,9.364187060818997e-06,2.741541624069214,4.141353130340576,3138178252800.0,1981.9107111902288,22.173793093888573,7.436158934838792,wandb
31200,1783707123.588084,0.44274184107780457,9.348840965996284e-06,2.7403793334960938,3.9999260902404785,3140694835200.0,2518.1720805166005,28.173532931081983,9.4482196954017,wandb
31225,1783707339.7842183,0.5152456164360046,9.33349487117357e-06,2.7371602058410645,4.002314567565918,3143211417600.0,2244.9274783655114,25.116448049351103,8.423001819434901,wandb
31250,1783707537.2710798,0.39972859621047974,9.31814877635086e-06,2.735318660736084,3.934901475906372,3145728000000.0,2226.8090952812017,24.913737969911637,8.355021372335793,wandb
31275,1783707737.6935813,0.452871710062027,9.302802681528146e-06,2.7372143268585205,4.168073654174805,3148244582400.0,2174.5436312370175,24.328987315339603,8.158920561516597,wandb
31300,1783708037.2034214,0.4279700815677643,9.287456586705436e-06,2.7393345832824707,3.8294806480407715,3150761164800.0,1619.1300344819774,18.114970656343587,6.075000354253274,wandb
31325,1783708223.1509073,0.40673506259918213,9.272110491882723e-06,2.7352406978607178,3.6633875370025635,3153277747200.0,2360.7139209630527,26.41187705467366,8.8574343015813,wandb
31350,1783708412.2839806,0.44336727261543274,9.25676439706001e-06,2.7382564544677734,4.1227617263793945,3155794329600.0,2059.9693714386913,23.04712031885528,7.729036207548801,wandb
31375,1783708607.7199428,0.4305860698223114,9.241418302237299e-06,2.73530912399292,3.8269078731536865,3158310912000.0,2193.9286334999147,24.54586844266542,8.23165338291224,wandb
31400,1783708952.1263926,0.4172286093235016,9.226072207414586e-06,2.7372307777404785,4.055681228637695,3160827494400.0,1754.4063269226242,19.628453833033152,6.582559047500494,wandb
31425,1783709169.643566,0.40844252705574036,9.210726112591876e-06,2.730112314224243,3.8829853534698486,3163344076800.0,1612.23198977289,18.03779471937121,6.049118786276081,wandb
31450,1783709446.2345214,0.4264273941516876,9.195380017769163e-06,2.735180377960205,3.96346378326416,3165860659200.0,2327.2781616750203,26.037794809593784,8.731982827521954,wandb
31475,1783709634.7653244,0.41489529609680176,9.18003392294645e-06,2.7313098907470703,3.763261556625366,3168377241600.0,1394.628238877394,15.603224624176002,5.232666224947416,wandb
31500,1783710212.2011552,0.41903096437454224,9.164687828123736e-06,2.733281373977661,4.130946159362793,3170893824000.0,2527.135077413959,28.273811736570572,9.481848995190486,wandb
31525,1783710534.7167323,0.4061611592769623,9.149341733301025e-06,2.7329349517822266,4.289889335632324,3173410406400.0,343.49361167993567,3.843037040699633,1.2887932211738446,wandb
31550,1783710787.4984932,0.43128541111946106,9.133995638478313e-06,2.7292163372039795,3.7448651790618896,3175926988800.0,2243.0524363009968,25.095469912169573,8.415966633277163,wandb
31575,1783711015.1362624,0.4187658429145813,9.118649543655602e-06,2.7292726039886475,4.097367763519287,3178443571200.0,2412.3718918924587,26.989831022312732,9.051255789054697,wandb
31600,1783711391.1859512,0.39356911182403564,9.103303448832889e-06,2.731034994125366,4.571852684020996,3180960153600.0,2054.7770404681264,22.989028058711458,7.709554503291692,wandb
31625,1783711611.8930643,0.4041375517845154,9.087957354010176e-06,2.7328882217407227,4.356758117675781,3183476736000.0,2056.973389300177,23.0136010045505,7.717795237296136,wandb
31650,1783711990.5227377,0.39559581875801086,9.072611259187464e-06,2.7263097763061523,4.064268589019775,3185993318400.0,328.3564286775079,3.6736808926022304,1.2319982818275639,wandb
31675,1783712218.0279176,0.400203675031662,9.057265164364751e-06,2.7299423217773438,3.662846565246582,3188509900800.0,2462.9469700771347,27.55566948972823,9.241014246587474,wandb
31700,1783712563.574715,0.40603402256965637,9.041919069542041e-06,2.730642795562744,4.388580322265625,3191026483200.0,1994.125054670637,22.31044825377194,7.481987336134671,wandb
31725,1783712763.6669767,0.3837628662586212,9.026572974719328e-06,2.730605125427246,4.443492889404297,3193543065600.0,2092.5272688555037,23.411380967337724,7.8511939306029355,wandb
31750,1783712957.8632152,0.395385205745697,9.011226879896615e-06,2.7305116653442383,3.7823102474212646,3196059648000.0,2389.7792920505635,26.737063008335777,8.966488013076203,wandb
31775,1783713162.6015947,0.39354947209358215,8.995880785073902e-06,2.726883888244629,3.8972997665405273,3198576230400.0,2014.9368981731382,22.543293007635608,7.560073687420725,wandb
31800,1783713514.9222603,0.41153571009635925,8.98053469025119e-06,2.7277393341064453,4.157655715942383,3201092812800.0,2642.4480398741907,29.563943404056722,9.914504972707467,wandb
31825,1783713825.963128,0.4081202745437622,8.965188595428479e-06,2.7273523807525635,3.458291530609131,3203609395200.0,2151.768820877991,24.07418071391086,8.073469128924648,wandb
31850,1783714046.2526357,0.3883126378059387,8.949842500605767e-06,2.7263731956481934,4.371361255645752,3206125977600.0,2391.722999259878,26.758809377256988,8.973780831894754,wandb
31875,1783714277.5256674,0.381813645362854,8.934496405783054e-06,2.726206064224243,4.74531364440918,3208642560000.0,1833.7365681888466,20.51600761938364,6.880207311402588,wandb
31900,1783714578.115681,0.387442409992218,8.919150310960341e-06,2.726125717163086,4.21236515045166,3211159142400.0,2099.3754983660883,23.487999567444067,7.8768885912026425,wandb
31925,1783714794.5988562,0.3855924606323242,8.90380421613763e-06,2.726541042327881,3.92486572265625,3213675724800.0,2184.3241481796385,24.438412607716526,8.195617208867846,wandb
31950,1783715010.1369364,0.42234718799591064,8.888458121314918e-06,2.7224278450012207,4.283946514129639,3216192307200.0,2092.416453527637,23.4101411556056,7.85077814981837,wandb
31975,1783715210.1474214,0.3848559558391571,8.873112026492207e-06,2.727316379547119,4.164889812469482,3218708889600.0,2015.0046080867044,22.544050552163394,7.560327736039514,wandb
32000,1783715509.9201298,0.3571654260158539,8.857765931669493e-06,2.7244105339050293,4.019492149353027,3221225472000.0,1639.3244270166251,18.340907313929502,6.150770020178324,wandb
32025,1783715714.1697,0.3744429647922516,8.84241983684678e-06,2.724062204360962,4.536750793457031,3223742054400.0,2250.50884617598,25.178892888218687,8.443943195793635,wandb
32050,1783715906.6018815,0.3785320520401001,8.827073742024067e-06,2.723257064819336,3.990640640258789,3226258636800.0,2434.1747804702172,27.23376367651489,9.133060556437696,wandb
32075,1783716093.5607455,0.3836565315723419,8.811727647201356e-06,2.723698139190674,4.51627254486084,3228775219200.0,1655.7368754354957,18.524531244790445,6.212349774636219,wandb
32100,1783716386.977749,0.40771058201789856,8.796381552378644e-06,2.727079391479492,3.9011192321777344,3231291801600.0,2450.342378587651,27.414648200452817,9.193721628864939,wandb
32125,1783716587.0754406,0.33669528365135193,8.781035457555933e-06,2.723156690597534,3.936896324157715,3233808384000.0,2202.222818787122,24.63866452444776,8.26277329143407,wandb
32150,1783716786.2575998,0.3679138123989105,8.76568936273322e-06,2.7238566875457764,4.382061004638672,3236324966400.0,2351.630496732672,26.310250897485417,8.82335315661937,wandb
32175,1783716976.9342964,0.3708430528640747,8.750343267910506e-06,2.720156192779541,3.6816067695617676,3238841548800.0,2214.5950969949213,24.777086672090835,8.309194266213497,wandb
32200,1783717253.8889987,0.3740156292915344,8.734997173087795e-06,2.7226204872131348,4.221850395202637,3241358131200.0,2637.0435049852867,29.503476987624023,9.894227076142371,wandb
32225,1783717452.5535638,0.39682966470718384,8.719651078265084e-06,2.723841667175293,4.506099224090576,3243874713600.0,2076.504563589266,23.232117517490103,7.791076498342695,wandb
32250,1783717643.8308437,0.39630943536758423,8.704304983442372e-06,2.723869562149048,3.938084125518799,3246391296000.0,2122.193393634891,23.7432882066707,7.962501679027081,wandb
32275,1783717850.3869703,0.37698766589164734,8.688958888619659e-06,2.721342086791992,3.920992612838745,3248907878400.0,2141.4337176477347,23.958550660882864,8.034691665442452,wandb
32300,1783718153.5457213,0.36723119020462036,8.673612793796946e-06,2.718944549560547,3.65290904045105,3251424460800.0,2279.497919357642,25.50322521413247,8.55271063639294,wandb
32325,1783718346.2654877,0.3446106016635895,8.658266698974233e-06,2.7233357429504395,3.982783555984497,3253941043200.0,2124.231215817492,23.76608754227346,7.970147618647467,wandb
32350,1783718528.4878104,0.4326602518558502,8.642920604151523e-06,2.7220120429992676,3.9040627479553223,3256457625600.0,2129.5893640942413,23.82603498116876,7.990251471942865,wandb
32375,1783718970.8567748,0.39542070031166077,8.62757450932881e-06,2.72617506980896,3.9596033096313477,3258974208000.0,2123.823939022442,23.761530893311235,7.968619509958534,wandb
32400,1783719305.6621008,0.4058443009853363,8.612228414506098e-06,2.723649501800537,3.7270846366882324,3261490790400.0,2113.606369438344,23.6472158171572,7.930283034492644,wandb
32425,1783719504.8907316,0.3523038923740387,8.596882319683385e-06,2.7250113487243652,3.9997525215148926,3264007372800.0,2033.727387881418,22.753522675688625,7.6305758887284245,wandb
32450,1783719686.8330994,0.3653876781463623,8.581536224860672e-06,2.7238006591796875,3.789764881134033,3266523955200.0,2375.0789165434235,26.572593901298138,8.911331982052356,wandb
32475,1783719897.742232,0.3667796552181244,8.56619013003796e-06,2.7221267223358154,3.829214096069336,3269040537600.0,1935.126957650008,21.65037230338619,7.260625584658509,wandb
32500,1783720204.8660295,0.38414719700813293,8.550844035215249e-06,2.719813585281372,3.875612497329712,3271557120000.0,2116.165664664402,23.675849439493653,7.939885548851483,wandb
32525,1783720390.6014853,0.37738150358200073,8.535497940392538e-06,2.722750425338745,3.6483514308929443,3274073702400.0,1788.702746578258,20.012165222759933,6.711239732263564,wandb
32550,1783720577.4855525,0.4089273512363434,8.520151845569824e-06,2.7226104736328125,3.538888692855835,3276590284800.0,2223.7478411826105,24.879488387119274,8.343535500702668,wandb
32575,1783720773.8371196,0.3818281292915344,8.504805750747111e-06,2.7176218032836914,4.022900104522705,3279106867200.0,2318.785911550827,25.94278276082075,8.700119776739015,wandb
32600,1783721152.4953852,0.391995370388031,8.489459655924398e-06,2.725010395050049,4.430576801300049,3281623449600.0,2332.4215577998875,26.095339582336965,8.751280927498607,wandb
32625,1783721376.1468577,0.3712954521179199,8.474113561101688e-06,2.7215769290924072,4.2703447341918945,3284140032000.0,2097.0508001649687,23.461990637462353,7.868166288426108,wandb
32650,1783721564.715091,0.3832187354564667,8.458767466278975e-06,2.7208540439605713,3.820845365524292,3286656614400.0,1918.4734508201454,21.46405138960937,7.198141375400207,wandb
32675,1783721756.497565,0.36177465319633484,8.443421371456264e-06,2.7194528579711914,3.816800594329834,3289173196800.0,1970.1977373040563,22.042747301563182,7.392211679836125,wandb
32700,1783722067.473796,0.35446634888648987,8.42807527663355e-06,2.7186996936798096,4.008549690246582,3291689779200.0,2032.2346866668133,22.736822201899994,7.624975251216677,wandb
32725,1783722249.098681,0.3664473295211792,8.412729181810837e-06,2.7210586071014404,3.7368621826171875,3294206361600.0,2544.2195900972124,28.464954782122238,9.545950344923163,wandb
32750,1783722554.1608746,0.37725865840911865,8.397383086988128e-06,2.717979907989502,4.19951057434082,3296722944000.0,246.01662418678762,2.7524558455505397,0.9230580912329839,wandb
32775,1783722905.312247,0.348622590303421,8.382036992165414e-06,2.716708183288574,4.488393783569336,3299239526400.0,1834.6316850986505,20.52602226688555,6.8835658035732905,wandb
32800,1783723196.3189743,0.36057817935943604,8.366690897342703e-06,2.721679210662842,3.8197009563446045,3301756108800.0,2564.358615505385,28.69027198737878,9.621512272553087,wandb
32825,1783723637.8531985,0.36608293652534485,8.35134480251999e-06,2.7172412872314453,4.042787551879883,3304272691200.0,2315.2602461461915,25.903337303081777,8.686891426868405,wandb
32850,1783723825.1030717,0.3352413773536682,8.335998707697277e-06,2.717068672180176,3.5836658477783203,3306789273600.0,2562.226622173898,28.666419056596872,9.613513001359163,wandb
32875,1783724005.504578,0.40224489569664,8.320652612874567e-06,2.715831756591797,3.8533194065093994,3309305856000.0,2560.0409502474045,28.641965564925652,9.605312327265697,wandb
32900,1783724291.5561254,0.3179567754268646,8.305306518051854e-06,2.716186046600342,4.103936195373535,3311822438400.0,1985.0318280121035,22.208712426146757,7.447869412314199,wandb
32925,1783724485.00843,0.3774656355381012,8.28996042322914e-06,2.717939853668213,4.111717224121094,3314339020800.0,2040.6487234161157,22.8309591924869,7.6565448442352295,wandb
32950,1783724658.7750962,0.3390685021877289,8.274614328406429e-06,2.7163352966308594,4.867496490478516,3316855603200.0,2613.3607875774833,29.238512641482362,9.805369162585036,wandb
32975,1783724830.6587398,0.36522749066352844,8.259268233583716e-06,2.7201738357543945,4.495613098144531,3319372185600.0,2344.314715084294,26.228401282527855,8.795904233334,wandb
33000,1783725144.2942739,0.35062551498413086,8.243922138761003e-06,2.7174232006073,3.7538113594055176,3321888768000.0,2459.5029944395687,27.5171379843599,9.228092397957232,wandb
33025,1783725326.6220906,0.3544861376285553,8.228576043938293e-06,2.7156858444213867,3.722388982772827,3324405350400.0,2537.489090936778,28.389653359631602,9.52069741037611,wandb
33050,1783725513.3966324,0.3746187090873718,8.21322994911558e-06,2.71673583984375,3.6240835189819336,3326921932800.0,1557.3506569544127,17.42377749257953,5.843203196290245,wandb
33075,1783725700.4955912,0.3733564019203186,8.197883854292868e-06,2.714219093322754,3.665755033493042,3329438515200.0,2303.7592358596867,25.774662978338615,8.643739462494437,wandb
33100,1783725991.228052,0.35924914479255676,8.182537759470155e-06,2.718484878540039,3.9048023223876953,3331955097600.0,2184.387226077889,24.43911832884549,8.195853878095184,wandb
33125,1783726192.523395,0.3767913579940796,8.167191664647442e-06,2.7177298069000244,3.69809627532959,3334471680000.0,2319.7556657869764,25.953632457359998,8.703758309285927,wandb
33150,1783726366.182411,0.3715929388999939,8.151845569824732e-06,2.7178497314453125,4.205649375915527,3336988262400.0,2659.691273481963,29.756862233411407,9.979201845747195,wandb
33175,1783726547.9028766,0.39452120661735535,8.13649947500202e-06,2.714315891265869,4.026766300201416,3339504844800.0,1772.3005400744503,19.82865587935453,6.649698405625739,wandb
33200,1783726928.1413722,0.35554105043411255,8.121153380179306e-06,2.714503765106201,3.370762348175049,3342021427200.0,1913.6508156887612,21.410095319355122,7.1800467755177655,wandb
33225,1783727105.2252717,0.37326252460479736,8.105807285356595e-06,2.7189879417419434,4.009126663208008,3344538009600.0,2018.5276108233759,22.583466219736653,7.57354609553969,wandb
33250,1783727274.999378,0.3732278048992157,8.090461190533881e-06,2.7140283584594727,4.165035247802734,3347054592000.0,2616.197038983357,29.270244874161165,9.81601082071532,wandb
33275,1783727476.5408156,0.329307496547699,8.075115095711172e-06,2.7159411907196045,4.065704345703125,3349571174400.0,1784.054668455289,19.960162111822083,6.693800072914234,wandb
33300,1783727767.707564,0.3320334553718567,8.059769000888458e-06,2.71860671043396,4.168691635131836,3352087756800.0,2416.021181841917,27.03065960244099,9.064947980085433,wandb
33325,1783727942.244922,0.3369347155094147,8.044422906065745e-06,2.7177553176879883,4.275076866149902,3354604339200.0,2805.082123210712,31.383507975536613,10.524710510769223,wandb
33350,1783728107.7167745,0.3544490933418274,8.029076811243032e-06,2.714613676071167,3.7882447242736816,3357120921600.0,2474.9105149672764,27.689518692704755,9.285901647783135,wandb
33375,1783728283.8534274,0.34883639216423035,8.01373071642032e-06,2.7190563678741455,4.4514241218566895,3359637504000.0,2743.815367864004,30.69805007426924,10.294836718974434,wandb
33400,1783728571.2179565,0.33838987350463867,7.998384621597608e-06,2.7165517807006836,4.162306785583496,3362154086400.0,2471.476753014499,27.651101458949142,9.273018121052548,wandb
33425,1783728741.8782187,0.3507637083530426,7.983038526774898e-06,2.7190537452697754,3.9271016120910645,3364670668800.0,2320.750420733133,25.964761864063668,8.707490644874545,wandb
33450,1783728910.6496408,0.3682236671447754,7.967692431952185e-06,2.715378999710083,4.425786018371582,3367187251200.0,1817.9259948113736,20.339117519951618,6.820885801194283,wandb
33475,1783729088.2594657,0.3656379282474518,7.952346337129471e-06,2.715360641479492,4.428056716918945,3369703833600.0,2182.8995648587274,24.42247424297359,8.190272150722492,wandb
33500,1783729374.4826565,0.35920098423957825,7.93700024230676e-06,2.716393232345581,3.9580113887786865,3372220416000.0,2497.427924747978,27.94144547359779,9.370387309515914,wandb
33525,1783729554.2041202,0.3891795575618744,7.921654147484047e-06,2.714202404022217,4.524261474609375,3374736998400.0,2541.4809908663156,28.43431509065172,9.535675079228904,wandb
33550,1783729761.6651511,0.31196504831314087,7.906308052661337e-06,2.7135977745056152,3.806759834289551,3377253580800.0,2074.715726700913,23.212103851477245,7.784364755308466,wandb
33575,1783729961.6509438,0.36618879437446594,7.890961957838624e-06,2.7162551879882812,4.503766059875488,3379770163200.0,2737.525214894535,30.62767528407995,10.271235969989466,wandb
33600,1783730241.356514,0.36953645944595337,7.87561586301591e-06,2.7131853103637695,4.208835601806641,3382286745600.0,2530.2508054504615,28.308670778619312,9.493539253861753,wandb
33625,1783730407.7785428,0.3503485918045044,7.860269768193198e-06,2.7156975269317627,3.7662301063537598,3384803328000.0,2514.619005947096,28.133780817171644,9.434888505930353,wandb
33650,1783730576.3092418,0.3661796748638153,7.844923673370486e-06,2.7109577655792236,3.5213794708251953,3387319910400.0,2650.6811622648524,29.656056308728175,9.945395772318804,wandb
33675,1783730743.5654392,0.33013761043548584,7.829577578547775e-06,2.7164206504821777,4.137578010559082,3389836492800.0,2689.0182202949377,30.084974719526308,10.089236993316419,wandb
33700,1783731022.7838051,0.3423236012458801,7.814231483725063e-06,2.717003583908081,4.1680006980896,3392353075200.0,2295.4631864072294,25.681846040109857,8.612612559596421,wandb
33725,1783731195.4107394,0.34216782450675964,7.79888538890235e-06,2.7212255001068115,4.150517463684082,3394869657600.0,1897.9140120787642,21.234030562634736,7.121002050591684,wandb
33750,1783731378.7720377,0.3303658962249756,7.783539294079637e-06,2.714656352996826,4.753022193908691,3397386240000.0,1958.794045230631,21.915161781632925,7.349424854868099,wandb
33775,1783731551.631681,0.3678816556930542,7.768193199256925e-06,2.7154293060302734,3.950275421142578,3399902822400.0,2771.6716806155982,31.009708975866047,10.39935402532424,wandb
33800,1783731835.6167831,0.3519423007965088,7.752847104434212e-06,2.7172913551330566,4.285160064697266,3402419404800.0,2635.3033666959523,29.484008165862985,9.88769805098749,wandb
33825,1783732001.5747538,0.3220309317111969,7.737501009611503e-06,2.712832450866699,3.820688009262085,3404935987200.0,2269.340760395549,25.389586017383827,8.51460082249361,wandb
33850,1783732174.2741423,0.3685975670814514,7.72215491478879e-06,2.712625026702881,4.362780570983887,3407452569600.0,2603.3595078514536,29.126617435473865,9.767844209934735,wandb
33875,1783732339.6715777,0.3384841978549957,7.706808819966076e-06,2.7138113975524902,4.304144382476807,3409969152000.0,2056.6377949315447,23.009846344942723,7.716536082154232,wandb
33900,1783732631.6997094,0.3726036250591278,7.691462725143363e-06,2.7156014442443848,3.868290424346924,3412485734400.0,2155.679438731288,24.11793305384155,8.088141826199223,wandb
33925,1783732813.99771,0.3452396094799042,7.676116630320652e-06,2.712348699569702,4.409195899963379,3415002316800.0,2464.5162796199033,27.57322706429763,9.246902319704036,wandb
33950,1783732980.752291,0.34298333525657654,7.66077053549794e-06,2.7123606204986572,3.8085646629333496,3417518899200.0,2408.405816815963,26.945458222042515,9.036375015440726,wandb
33975,1783733143.4731867,0.34104275703430176,7.645424440675229e-06,2.7117156982421875,4.303153991699219,3420035481600.0,2259.221257211954,25.27636811683006,8.476632293644181,wandb
34000,1783733417.0137799,0.3480004668235779,7.630078345852515e-06,2.715543508529663,4.4035749435424805,3422552064000.0,2593.8413528607166,29.020127471920755,9.732131948591213,wandb
34025,1783733613.2894983,0.3445899486541748,7.614732251029803e-06,2.7117462158203125,3.933877944946289,3425068646400.0,2583.8806945193196,28.908686741572005,9.694759407989839,wandb
34050,1783733770.1179373,0.360070139169693,7.59938615620709e-06,2.7148549556732178,4.21386194229126,3427585228800.0,2579.331636015865,28.85779147093339,9.677691271749103,wandb
34075,1783733946.0717216,0.35900986194610596,7.58404006138438e-06,2.711483955383301,3.599306344985962,3430101811200.0,2439.021973521143,27.2879945029545,9.151247298005325,wandb
34100,1783734221.7717822,0.35134443640708923,7.568693966561667e-06,2.713653564453125,4.188168525695801,3432618393600.0,1946.8940340993965,21.782023399994888,7.304775833295847,wandb
34125,1783734412.0337265,0.33903637528419495,7.553347871738955e-06,2.7120795249938965,3.6848316192626953,3435134976000.0,2682.603288426571,30.01320389193179,10.065168072017391,wandb
34150,1783734610.334286,0.31335383653640747,7.538001776916242e-06,2.7131481170654297,3.8020098209381104,3437651558400.0,941.5477195886639,10.534119526324998,3.532701270579243,wandb
34175,1783734800.936705,0.34290313720703125,7.522655682093529e-06,2.713068723678589,3.9048972129821777,3440168140800.0,2313.156679765878,25.87980241555482,8.678998814024812,wandb
34200,1783735069.6706603,0.3263043761253357,7.507309587270816e-06,2.7109155654907227,4.360963821411133,3442684723200.0,2629.1999296135373,29.415722369604403,9.864797862832006,wandb
34225,1783735237.0187345,0.3479463458061218,7.491963492448106e-06,2.7112581729888916,3.808872699737549,3445201305600.0,2569.189029334587,28.74431508639521,9.639636058227275,wandb
34250,1783735424.265817,0.3421051502227783,7.476617397625393e-06,2.712449073791504,3.8776094913482666,3447717888000.0,2190.086988620616,24.502887778494824,8.21723947327828,wandb
34275,1783735598.4177523,0.33873236179351807,7.461271302802681e-06,2.714130401611328,3.6936728954315186,3450234470400.0,2536.9519021775072,28.383643244073323,9.518681870034463,wandb
34300,1783735880.8717947,0.3417600989341736,7.445925207979969e-06,2.713453769683838,3.722137928009033,3452751052800.0,2097.8561954737584,23.471001471721966,7.871188143794122,wandb
34325,1783736040.9013915,0.3519030809402466,7.4305791131572555e-06,2.7092819213867188,4.586966037750244,3455267635200.0,2744.7926703413223,30.708984221201206,10.298503572636264,wandb
34350,1783736219.899419,0.3513060510158539,7.415233018334546e-06,2.710341453552246,4.120632648468018,3457784217600.0,2310.2746563850537,25.847558081954258,8.668185418752902,wandb
34375,1783736400.2079043,0.35911527276039124,7.3998869235118325e-06,2.712568759918213,4.178892135620117,3460300800000.0,2626.223699677852,29.382424044699498,9.853631003142807,wandb
34400,1783736679.254912,0.34290236234664917,7.38454082868912e-06,2.715294361114502,4.41526460647583,3462817382400.0,2677.822947341806,29.959721011228183,10.047232160036925,wandb
34425,1783736846.295207,0.34038013219833374,7.369194733866407e-06,2.7080209255218506,3.676184892654419,3465333964800.0,2724.336277217021,30.48011627774421,10.221750876540034,wandb
34450,1783737018.5331614,0.3156919777393341,7.353848639043695e-06,2.7121963500976562,3.8778934478759766,3467850547200.0,2221.331322177676,24.85245215782785,8.334468684882818,wandb
34475,1783737200.1207175,0.3500736951828003,7.338502544220984e-06,2.710635185241699,4.796247482299805,3470367129600.0,2418.42883109802,27.057596596194575,9.073981516473648,wandb
34500,1783737470.698004,0.328945130109787,7.323156449398272e-06,2.708536148071289,3.5100624561309814,3472883712000.0,2752.6660221413185,30.79707198054515,10.328044507555331,wandb
34525,1783737634.4839196,0.3212943375110626,7.307810354575559e-06,2.712131977081299,4.012934684753418,3475400294400.0,2148.8624101552805,24.041663532562897,8.06256423197749,wandb
34550,1783737821.3752584,0.33077701926231384,7.292464259752846e-06,2.707967519760132,3.832622528076172,3477916876800.0,2266.4459807414532,25.35719896546474,8.503739565491642,wandb
34575,1783738008.6813838,0.31650999188423157,7.277118164930133e-06,2.70933198928833,3.8116278648376465,3480433459200.0,1919.6128666423915,21.476799275045245,7.2024164807817215,wandb
34600,1783738303.435218,0.32243481278419495,7.261772070107421e-06,2.7107088565826416,3.849435329437256,3482950041600.0,2159.920795967554,24.165385735369146,8.104055462636136,wandb
34625,1783738503.9114585,0.3008079528808594,7.246425975284711e-06,2.709073781967163,4.1600341796875,3485466624000.0,2187.4800614719193,24.47372124597665,8.207458243225988,wandb
34650,1783738694.332703,0.34913361072540283,7.231079880461998e-06,2.7127702236175537,3.7953200340270996,3487983206400.0,2053.8852556942543,22.979050691442353,7.706208513345354,wandb
34675,1783738883.1298535,0.32620683312416077,7.215733785639286e-06,2.71195125579834,3.6902647018432617,3490499788800.0,2472.2291193893975,27.659519000785714,9.27584101105934,wandb
34700,1783739161.7300756,0.3034090995788574,7.2003876908165725e-06,2.7083990573883057,3.758328437805176,3493016371200.0,2215.7971546036124,24.790535399398056,8.313704404524266,wandb
34725,1783739322.6778882,0.33016103506088257,7.18504159599386e-06,2.7106704711914062,4.14858865737915,3495532953600.0,2544.1799211234556,28.464510962119977,9.545801506334234,wandb
34750,1783739488.662825,0.2930857539176941,7.16969550117115e-06,2.7091970443725586,3.9976537227630615,3498049536000.0,2070.011247251675,23.159469717490854,7.7667134773307565,wandb
34775,1783739690.7491388,0.3332478702068329,7.154349406348437e-06,2.7108354568481445,3.709989309310913,3500566118400.0,1476.0479041280469,16.514155071672008,5.53815403921006,wandb
34800,1783739982.5068643,0.33777233958244324,7.139003311525724e-06,2.709704875946045,3.826385736465454,3503082700800.0,2737.8171368542066,30.630941332896764,10.272331265593062,wandb
34825,1783740147.6460268,0.3274874985218048,7.123657216703012e-06,2.70615816116333,3.8193154335021973,3505599283200.0,2643.4658664098038,29.57533093775273,9.918323873248335,wandb
34850,1783740309.1082249,0.33764272928237915,7.108311121880299e-06,2.709386110305786,3.643704414367676,3508115865600.0,2863.54999533845,32.037651722719765,10.744082850435618,wandb
34875,1783740484.3223972,0.3170875608921051,7.092965027057589e-06,2.707885265350342,4.471146583557129,3510632448000.0,1967.0071971477828,22.00705125487273,7.380240724961075,wandb
34900,1783740760.9102743,0.31751304864883423,7.077618932234877e-06,2.710402250289917,4.426702976226807,3513149030400.0,2431.7018780893923,27.206096625005355,9.123782189339558,wandb
34925,1783740927.8970575,0.3270365595817566,7.0622728374121634e-06,2.7134175300598145,4.035999298095703,3515665612800.0,2366.929598848546,26.481418611007655,8.88075561892588,wandb
34950,1783741089.4726236,0.30816513299942017,7.046926742589451e-06,2.710000514984131,3.7895336151123047,3518182195200.0,2440.787989519053,27.307752846817852,9.15787341671379,wandb
34975,1783741275.668454,0.3040598928928375,7.031580647766738e-06,2.710123062133789,3.819159984588623,3520698777600.0,2320.224674038202,25.95887976333765,8.70551803533119,wandb
35000,1783741553.5078344,0.34475040435791016,7.016234552944028e-06,2.7109875679016113,3.680041790008545,3523215360000.0,2910.6009419940874,32.56406189353273,10.920618713222204,wandb
35025,1784296153.2613199,0.32483696937561035,7.000888458121315e-06,2.710865020751953,3.58563232421875,3525731942400.0,2038.5243895153048,22.8071919560958,7.648574311340935,wandb
35050,1784296373.013133,0.32252851128578186,6.985542363298603e-06,2.7085413932800293,3.49560284614563,3528248524800.0,1823.334739571335,20.39963103679568,6.8411794932591965,wandb
35075,1784296591.3947318,0.3226800560951233,6.97019626847589e-06,2.70823335647583,4.329421043395996,3530765107200.0,2106.8506161301843,23.571631849018434,7.904935346001739,wandb
35100,1784297018.784855,0.30953142046928406,6.954850173653177e-06,2.7068445682525635,4.132722854614258,3533281689600.0,2086.5397017769264,23.344391534975042,7.828728488452631,wandb
35125,1784297213.9821799,0.31772276759147644,6.939504078830464e-06,2.707730770111084,3.7419605255126953,3535798272000.0,2152.7121736136323,24.084735028117127,8.07700860264273,wandb
35150,1784297411.5854113,0.28627270460128784,6.924157984007754e-06,2.7099180221557617,4.3235015869140625,3538314854400.0,2229.937766668059,24.94874182331393,8.366760194653162,wandb
35175,1784297617.4086561,0.3342199921607971,6.908811889185041e-06,2.709118366241455,4.126884460449219,3540831436800.0,2123.062728504032,23.753014402411406,7.965763436591651,wandb
35200,1784297918.0220134,0.32786110043525696,6.893465794362329e-06,2.7108380794525146,3.934476613998413,3543348019200.0,1479.5757401091362,16.553624814013162,5.551390533116321,wandb
35225,1784298105.4370584,0.33616766333580017,6.8781196995396166e-06,2.708510398864746,3.3919711112976074,3545864601600.0,2270.568031498379,25.403316835503233,8.51920556221536,wandb
35250,1784298282.6978152,0.30795377492904663,6.862773604716903e-06,2.709407329559326,4.457247734069824,3548381184000.0,2394.302122933087,26.787664842021563,8.983457742886909,wandb
35275,1784298455.806465,0.31599676609039307,6.847427509894194e-06,2.711434841156006,3.786807060241699,3550897766400.0,2346.22694696302,26.249795502654422,8.803078956236593,wandb
35300,1784298738.4227228,0.3106991648674011,6.8320814150714805e-06,2.7071340084075928,4.352810382843018,3553414348800.0,2381.4105514615676,26.643432795214125,8.93508837193554,wandb
35325,1784298924.4494157,0.31014829874038696,6.816735320248768e-06,2.7083702087402344,3.800307512283325,3555930931200.0,2177.2633563595195,24.359415841608776,8.169125011270971,wandb
35350,1784299100.0344584,0.3105337619781494,6.801389225426055e-06,2.7076642513275146,4.767518997192383,3558447513600.0,2264.6927498215127,25.337583662189438,8.497161416588897,wandb
35375,1784299274.616793,0.33996737003326416,6.786043130603343e-06,2.708120107650757,3.8266067504882812,3560964096000.0,2356.0577500435465,26.35978340080925,8.839964277937082,wandb
35400,1784299556.8257465,0.3059712052345276,6.770697035780632e-06,2.7107536792755127,4.4315080642700195,3563480678400.0,2484.924726182901,27.80155857736757,9.323475119577788,wandb
35425,1784299737.1430674,0.32093650102615356,6.75535094095792e-06,2.7065629959106445,3.750993490219116,3565997260800.0,2443.3610068409916,27.336539993181972,9.167527416583713,wandb
35450,1784299946.9690642,0.33798784017562866,6.740004846135207e-06,2.7072391510009766,3.860572099685669,3568513843200.0,2149.888538263592,24.0531439449917,8.06641428014456,wandb
35475,1784300140.1645486,0.33660706877708435,6.724658751312494e-06,2.7071313858032227,3.4651947021484375,3571030425600.0,2302.705090780894,25.762869109555265,8.639784294230791,wandb
35500,1784300426.1433175,0.2968612313270569,6.709312656489782e-06,2.707900285720825,4.03920841217041,3573547008000.0,2452.580443162281,27.439687865725528,9.202118880965859,wandb
35525,1784300601.718189,0.30120569467544556,6.693966561667069e-06,2.708488702774048,4.058050632476807,3576063590400.0,2390.138149347765,26.74107793565488,8.9678344510776,wandb
35550,1784300776.8127258,0.28233957290649414,6.678620466844359e-06,2.7060742378234863,4.198873996734619,3578580172800.0,2345.483719877227,26.24148021199622,8.800290356980618,wandb
35575,1784300951.8781629,0.29794082045555115,6.663274372021646e-06,2.70584774017334,3.5645647048950195,3581096755200.0,2397.2653415548766,26.820817595190782,8.994575783929772,wandb
35600,1784301257.7559147,0.3245854377746582,6.647928277198934e-06,2.707749366760254,4.331653594970703,3583613337600.0,1980.394377056537,22.15682821290184,7.430469626257538,wandb
35625,1784301438.9859328,0.3113309442996979,6.6325821823762205e-06,2.704169273376465,4.429526329040527,3586129920000.0,2414.5983325676743,27.01474063836622,9.059609428109379,wandb
35650,1784301619.448776,0.32200610637664795,6.617236087553508e-06,2.7099688053131104,4.138272285461426,3588646502400.0,2209.962488880285,24.72525664098044,8.291812650569183,wandb
35675,1784301791.7354388,0.3097834587097168,6.6018899927307975e-06,2.7060556411743164,3.9427428245544434,3591163084800.0,2511.261247474606,28.09621391710503,9.422290145406208,wandb
35700,1784302071.8991702,0.31981223821640015,6.586543897908085e-06,2.7075068950653076,4.163199424743652,3593679667200.0,2411.410450907379,26.979074335164935,9.047648447951408,wandb
35725,1784302244.673757,0.2945243716239929,6.571197803085372e-06,2.7065563201904297,3.867037296295166,3596196249600.0,2351.6055019033947,26.309971253115126,8.823259375642252,wandb
35750,1784302425.7048893,0.31383928656578064,6.55585170826266e-06,2.7032976150512695,3.6417040824890137,3598712832000.0,2469.75253268606,27.631810728748626,9.266548820327465,wandb
35775,1784302594.1898954,0.29677847027778625,6.540505613439947e-06,2.708191394805908,4.089087009429932,3601229414400.0,2565.5096464334065,28.703149823649863,9.625830957986976,wandb
35800,1784302874.129575,0.30483347177505493,6.525159518617237e-06,2.707458257675171,3.9398610591888428,3603745996800.0,2451.088193982368,27.42299244934118,9.196519939495104,wandb
35825,1784303049.7624497,0.3228195011615753,6.5098134237945245e-06,2.704129934310913,3.973099708557129,3606262579200.0,2409.3073821742432,26.955545015358805,9.039757702287545,wandb
35850,1784303225.966238,0.307219535112381,6.494467328971811e-06,2.7046310901641846,3.912271499633789,3608779161600.0,2475.4851896299106,27.695948203879805,9.28805783580061,wandb
35875,1784303415.7380033,0.3526046574115753,6.479121234149099e-06,2.70672345161438,4.137017726898193,3611295744000.0,2448.940892517493,27.398968249803076,9.188463231953405,wandb
35900,1784303707.7050576,0.3233385384082794,6.463775139326386e-06,2.709559440612793,3.7795567512512207,3613812326400.0,2111.3959255324953,23.622485174380415,7.921989415558336,wandb
35925,1784303885.4771342,0.3254201114177704,6.448429044503674e-06,2.706019401550293,3.628995418548584,3616328908800.0,2302.2816202127897,25.758131283221577,8.63819542626067,wandb
35950,1784304056.6951132,0.31660938262939453,6.433082949680963e-06,2.708869457244873,4.101020812988281,3618845491200.0,2058.4266149652412,23.02985982238418,7.723247761949537,wandb
35975,1784304235.0455596,0.3105623126029968,6.417736854858251e-06,2.706666946411133,3.798804759979248,3621362073600.0,2059.604391958033,23.04303689600382,7.727666799022573,wandb
36000,1784304514.7269285,0.332418292760849,6.4023907600355375e-06,2.7093682289123535,4.025532245635986,3623878656000.0,2494.8212819116884,27.912282121992085,9.360607146208068,wandb
36025,1784304687.1494453,0.3130685091018677,6.387044665212825e-06,2.7024106979370117,3.8480329513549805,3626395238400.0,2326.3604909326423,26.027527827809532,8.728539713030647,wandb
36050,1784304860.2292063,0.3224659562110901,6.371698570390112e-06,2.708002805709839,3.9348201751708984,3628911820800.0,2480.3242732448894,27.750088301229663,9.306214150642031,wandb
36075,1784305031.7916987,0.3176538646221161,6.356352475567402e-06,2.7046756744384766,3.738654613494873,3631428403200.0,2516.289007358806,28.152464941315422,9.441154376460627,wandb
36100,1784305315.5119755,0.2917362153530121,6.34100638074469e-06,2.706645965576172,4.106861114501953,3633944985600.0,2384.402604524996,26.67690815067782,8.946314600239116,wandb
36125,1784305499.9914718,0.3158295750617981,6.325660285921977e-06,2.706876277923584,4.278146743774414,3636461568000.0,2119.8227396974744,23.716765119828956,7.953606949633572,wandb
36150,1784305686.2861605,0.322419136762619,6.3103141910992645e-06,2.703228235244751,3.714637041091919,3638978150400.0,2350.092849567092,26.293047564404638,8.817583881220433,wandb
36175,1784305865.684482,0.29770925641059875,6.294968096276551e-06,2.703813314437866,4.0783538818359375,3641494732800.0,2217.2939603908562,24.80728179550999,8.319320442454575,wandb
36200,1784306157.6682863,0.3096489906311035,6.279622001453842e-06,2.705915689468384,4.553746223449707,3644011315200.0,2471.5328483656976,27.65172905872141,9.273228591657839,wandb
36225,1784306350.5240207,0.27528756856918335,6.2642759066311284e-06,2.708120822906494,4.323873519897461,3646527897600.0,1610.2120513181596,18.015195468504512,6.041539946672884,wandb
36250,1784306531.1111317,0.29328107833862305,6.248929811808416e-06,2.701587677001953,4.0277204513549805,3649044480000.0,2522.8293785430865,28.225639195119406,9.465693947968337,wandb
36275,1784306703.3054783,0.2982051968574524,6.233583716985703e-06,2.705789804458618,3.6384005546569824,3651561062400.0,2518.501105647412,28.17721409347346,9.449454202664038,wandb
36300,1784306984.117516,0.30414023995399475,6.218237622162991e-06,2.7066845893859863,4.372247695922852,3654077644800.0,2523.780543210257,28.236280909909567,9.469262732171554,wandb
36325,1784307161.5307672,0.2983512580394745,6.2028915273402775e-06,2.707120180130005,4.422748565673828,3656594227200.0,2237.6014113870724,25.03448336120714,8.39551430543573,wandb
36350,1784307338.544054,0.2571810781955719,6.187545432517568e-06,2.706942319869995,3.7517848014831543,3659110809600.0,2484.1377562304724,27.792753887631687,9.320522396425247,wandb
36375,1784307505.6100457,0.3157944977283478,6.1721993376948546e-06,2.7038323879241943,3.8666889667510986,3661627392000.0,2258.516952337641,25.26848829133144,8.473989731113791,wandb
36400,1784307794.090135,0.28229379653930664,6.156853242872142e-06,2.7047252655029297,4.133745193481445,3664143974400.0,2589.6463916600615,28.97319387336103,9.716392390780952,wandb
36425,1784307971.2672024,0.2794124484062195,6.14150714804943e-06,2.7044119834899902,3.438723564147949,3666660556800.0,2434.765152181498,27.2403688076646,9.135275640018872,wandb
36450,1784308139.854815,0.2896721065044403,6.126161053226717e-06,2.704218626022339,4.354172706604004,3669177139200.0,2486.2556497794412,27.81644906879427,9.328468765022118,wandb
36475,1784308329.0085022,0.30928608775138855,6.110814958404007e-06,2.7041187286376953,4.726347923278809,3671693721600.0,2500.147943491351,27.971877284923348,9.380592860940233,wandb
36500,1784308604.90341,0.289928138256073,6.095468863581294e-06,2.7041006088256836,4.19912052154541,3674210304000.0,2572.885683662409,28.785673583396083,9.653505961121304,wandb
36525,1784308778.3705423,0.3113440275192261,6.0801227687585816e-06,2.704963445663452,3.89990234375,3676726886400.0,2337.877738534012,26.156383817073795,8.771752600055335,wandb
36550,1784308951.7526767,0.28630322217941284,6.064776673935868e-06,2.7004714012145996,4.267366886138916,3679243468800.0,2465.852170946257,27.588173135126773,9.251914604145687,wandb
36575,1784309118.1728272,0.3134803771972656,6.049430579113156e-06,2.7063798904418945,4.138686180114746,3681760051200.0,2598.588006663489,29.07323345632092,9.749941465380633,wandb
36600,1784309393.214895,0.3160880506038666,6.0340844842904455e-06,2.7037508487701416,3.9914979934692383,3684276633600.0,2333.712954259126,26.109787840640255,8.756126266526527,wandb
36625,1784309574.2952352,0.29549553990364075,6.018738389467733e-06,2.7033638954162598,4.509050369262695,3686793216000.0,2409.4339605704713,26.95696118570002,9.04023262634278,wandb
36650,1784309742.3850484,0.27178895473480225,6.00339229464502e-06,2.7026190757751465,3.954633951187134,3689309798400.0,2577.113143456962,28.83297077911125,9.66936745414692,wandb
36675,1784309909.182194,0.25268566608428955,5.988046199822308e-06,2.7028841972351074,4.503289699554443,3691826380800.0,2386.2603006212175,26.697692219625207,8.953284704061724,wandb
36700,1784310187.5534925,0.2723407447338104,5.972700104999595e-06,2.70644474029541,3.887293815612793,3694342963200.0,2626.940221450123,29.390440553937726,9.856319403658931,wandb
36725,1784310358.3169055,0.2914338707923889,5.957354010176885e-06,2.7034835815429688,3.9130635261535645,3696859545600.0,2357.455144097008,26.375417569612686,8.84520732154014,wandb
36750,1784310527.1900792,0.2669138014316559,5.9420079153541725e-06,2.703667402267456,4.3675537109375,3699376128000.0,2528.395410178959,28.28791245150327,9.486577782768256,wandb
36775,1784310696.461959,0.26789262890815735,5.926661820531459e-06,2.7002387046813965,3.666934013366699,3701892710400.0,2278.2861169157486,25.489667460765734,8.548163935320755,wandb
36800,1784310979.3934448,0.28905898332595825,5.911315725708747e-06,2.7029824256896973,4.206594467163086,3704409292800.0,2585.517175996119,28.926995841706358,9.700899511217846,wandb
36825,1784311154.1453006,0.30384454131126404,5.895969630886034e-06,2.7042953968048096,4.487921714782715,3706925875200.0,2299.5809652227445,25.727916115288366,8.628062527931421,wandb
36850,1784311335.8099785,0.2878636121749878,5.8806235360633215e-06,2.704235315322876,3.906796455383301,3709442457600.0,2524.32078536809,28.242325187162198,9.471289728910744,wandb
36875,1784311499.7467346,0.2807757258415222,5.865277441240611e-06,2.7018070220947266,3.897770881652832,3711959040000.0,2628.419349544871,29.40698917045567,9.861869114619891,wandb
36900,1784311775.6816225,0.2901284396648407,5.849931346417899e-06,2.6998982429504395,3.6160590648651123,3714475622400.0,2561.718283749385,28.660731721146703,9.611605707909453,wandb
36925,1784311950.58466,0.29366886615753174,5.8345852515951855e-06,2.704711437225342,3.9667389392852783,3716992204800.0,2376.012781273211,26.583042062852073,8.914835856629114,wandb
36950,1784312117.4221509,0.2771906852722168,5.819239156772473e-06,2.7027957439422607,3.89111065864563,3719508787200.0,2310.381664434358,25.84875529751561,8.668586914570772,wandb
36975,1784312282.4259336,0.29555895924568176,5.80389306194976e-06,2.707519054412842,3.934985876083374,3722025369600.0,2522.1802682701314,28.21837689172382,9.463258476416224,wandb
37000,1784312576.9097676,0.29620811343193054,5.78854696712705e-06,2.7049999237060547,3.7076518535614014,3724541952000.0,2579.17736366526,28.8560654581705,9.677112439558595,wandb
37025,1784312764.630766,0.29986047744750977,5.773200872304338e-06,2.7069811820983887,3.9634737968444824,3727058534400.0,2488.8150738135837,27.845084132247013,9.338071762670834,wandb
37050,1784312931.278996,0.24481523036956787,5.757854777481625e-06,2.705221176147461,3.7727766036987305,3729575116800.0,2427.179460781217,27.155499418426118,9.106814011266055,wandb
37075,1784313101.6182323,0.26626768708229065,5.7425086826589125e-06,2.7038307189941406,3.8079872131347656,3732091699200.0,2422.8735028606657,27.107323978704134,9.090657992085596,wandb
37100,1784313378.36926,0.307623952627182,5.727162587836199e-06,2.7016921043395996,3.8576037883758545,3734608281600.0,2660.9382214561056,29.770813198114997,9.983880413387423,wandb
37125,1784313546.8070233,0.2840222716331482,5.7118164930134895e-06,2.704836368560791,3.626530647277832,3737124864000.0,2534.8025191009697,28.359595755279027,9.510617352254352,wandb
37150,1784313720.357868,0.29147636890411377,5.696470398190776e-06,2.704496383666992,3.5171642303466797,3739641446400.0,2548.0130834459856,28.507396722691915,9.560183589287027,wandb
37175,1784313887.7828803,0.29422929883003235,5.681124303368064e-06,2.699986696243286,3.998812675476074,3742158028800.0,2540.7682289493528,28.426340647008672,9.533000785746706,wandb
37200,1784314163.244812,0.24510526657104492,5.665778208545351e-06,2.707119941711426,4.418854713439941,3744674611200.0,2555.9195766310163,28.595855270795642,9.589848871183506,wandb
37225,1784314418.234638,0.2735067307949066,5.650432113722639e-06,2.704030752182007,4.259679794311523,3747191193600.0,1724.6389044864118,19.295413266517137,6.470871228737343,wandb
37250,1784314694.0926187,0.27322351932525635,5.6350860188999254e-06,2.7033846378326416,3.7940049171447754,3749707776000.0,2109.8157471253944,23.60480599799136,7.91606056229857,wandb
37275,1784314870.1068141,0.266847163438797,5.619739924077216e-06,2.702172040939331,3.7989211082458496,3752224358400.0,2432.83952129481,27.218824678246687,9.128050643835948,wandb
37300,1784315166.160174,0.27852901816368103,5.6043938292545025e-06,2.701724052429199,3.988431215286255,3754740940800.0,2351.085802695992,26.30415681221678,8.821309456363478,wandb
37325,1784315352.2960014,0.2856343388557434,5.58904773443179e-06,2.7041053771972656,3.716291904449463,3757257523200.0,2315.2309241488488,25.90300924597077,8.686781410291324,wandb
37350,1784315554.9080963,0.2769915461540222,5.573701639609078e-06,2.700932025909424,4.176562309265137,3759774105600.0,2241.2522307786153,25.075329052869314,8.409212234956279,wandb
37375,1784315753.1157243,0.25869327783584595,5.558355544786365e-06,2.700002670288086,4.479040145874023,3762290688000.0,2270.230855202815,25.39954447715642,8.517940471659706,wandb
37400,1784316060.1497705,0.2826318144798279,5.543009449963655e-06,2.7051103115081787,3.8025591373443604,3764807270400.0,2500.654639906133,27.97754624942279,9.382493993544623,wandb
37425,1784316257.3584356,0.26474401354789734,5.527663355140942e-06,2.7006101608276367,4.025966644287109,3767323852800.0,2456.0542190199367,27.478552778603436,9.215152540472156,wandb
37450,1784316449.4755545,0.2733442485332489,5.5123172603182295e-06,2.7007997035980225,3.5698041915893555,3769840435200.0,2454.7387790792873,27.46383551969429,9.210216989938687,wandb
37475,1784316626.597252,0.2693723142147064,5.496971165495516e-06,2.6991519927978516,3.831864595413208,3772357017600.0,2572.2229171459335,28.778258492734878,9.651019251137159,wandb
37500,1784316919.4853868,0.2644352912902832,5.481625070672804e-06,2.7003352642059326,4.081667900085449,3774873600000.0,2680.2989200182315,29.98742241347764,10.056522046930548,wandb
37525,1784317103.4709573,0.2957002520561218,5.4662789758500934e-06,2.701876401901245,4.092074871063232,3777390182400.0,2395.327918864217,26.799141538022546,8.987306544720171,wandb
37550,1784317289.037302,0.2625826895236969,5.450932881027381e-06,2.7005128860473633,4.854564666748047,3779906764800.0,2136.3347562655968,23.901503027988568,8.015560285291924,wandb
37575,1784317476.2570138,0.2856574058532715,5.435586786204668e-06,2.7040557861328125,4.481971263885498,3782423347200.0,2299.7943805630975,25.730303825074348,8.628863265513107,wandb
37600,1784317778.1421099,0.250363826751709,5.420240691381956e-06,2.701455593109131,3.7325382232666016,3784939929600.0,2473.1976331637857,27.670354818928583,9.279474889374981,wandb
37625,1784317958.46361,0.27048879861831665,5.404894596559243e-06,2.699883222579956,3.7093300819396973,3787456512000.0,2166.0189249924288,24.233612144608436,8.126935734879526,wandb
37650,1784318139.6118536,0.2653403878211975,5.38954850173653e-06,2.701059103012085,3.610063076019287,3789973094400.0,2484.9287697491604,27.80160381714608,9.32349029109949,wandb
37675,1784318319.7537658,0.2637270987033844,5.37420240691382e-06,2.698418140411377,3.655742883682251,3792489676800.0,2058.4142693670474,23.029721698734903,7.723201441078573,wandb
37700,1784318613.2675345,0.27484798431396484,5.358856312091107e-06,2.702972650527954,3.884073257446289,3795006259200.0,2586.757727514099,28.940875242290186,9.705554079257903,wandb
37725,1784318800.625001,0.25274407863616943,5.343510217268395e-06,2.701946496963501,3.6707520484924316,3797522841600.0,2050.3869271839835,22.939911081305922,7.693082731915459,wandb
37750,1784318973.5344594,0.27566400170326233,5.328164122445682e-06,2.7022876739501953,4.195674896240234,3800039424000.0,2095.4724556889355,23.444331979256994,7.86224431610342,wandb
37775,1784319148.791883,0.26155006885528564,5.3128180276229695e-06,2.698564291000366,4.013618469238281,3802556006400.0,2329.571192740837,26.063449444852676,8.740586314728347,wandb
37800,1784319447.643394,0.2592998147010803,5.297471932800259e-06,2.6993935108184814,3.354830741882324,3805072588800.0,2331.620875637298,26.086381479175714,8.748276755926351,wandb
37825,1784319621.4933853,0.2765580713748932,5.2821258379775466e-06,2.703608512878418,3.9901976585388184,3807589171200.0,2474.7083017796804,27.687256313598926,9.285142940847855,wandb
37850,1784319799.7581506,0.2856702208518982,5.266779743154833e-06,2.6989474296569824,4.150710105895996,3810105753600.0,2198.598950740275,24.59812036682419,8.249176483766053,wandb
37875,1784319971.344869,0.26083120703697205,5.251433648332121e-06,2.70108962059021,4.048089027404785,3812622336000.0,1846.5695046327307,20.659583652293225,6.928356682844301,wandb
37900,1784320251.2425299,0.2508993446826935,5.236087553509408e-06,2.7036285400390625,4.156224250793457,3815138918400.0,2418.920576713916,27.063098289827966,9.075826553454712,wandb
37925,1784320434.2949197,0.2698613405227661,5.220741458686698e-06,2.7029671669006348,4.2602996826171875,3817655500800.0,2489.351642990115,27.85108731585856,9.340084978328683,wandb
37950,1784320604.6051142,0.27599233388900757,5.205395363863986e-06,2.699826955795288,3.7727818489074707,3820172083200.0,2529.859877538544,28.30429704241387,9.49207248642936,wandb
37975,1784320767.7847276,0.2762092351913452,5.190049269041273e-06,2.7044105529785156,4.442516326904297,3822688665600.0,2663.680321618591,29.801492058319123,9.9941688146299,wandb
38000,1784321045.5248232,0.2642197608947754,5.17470317421856e-06,2.7020020484924316,4.150857925415039,3825205248000.0,2414.9490058964175,27.018664002719213,9.060925159737458,wandb
38025,1784321216.7380104,0.26113444566726685,5.159357079395847e-06,2.704319953918457,3.9142649173736572,3827721830400.0,2094.391783852175,23.43224132674908,7.8581896190430625,wandb
38050,1784321379.8821597,0.2596883177757263,5.144010984573135e-06,2.7006237506866455,4.4163594245910645,3830238412800.0,2254.5605934923065,25.224224197118566,8.459145412945947,wandb
38075,1784321551.7870288,0.28342339396476746,5.128664889750424e-06,2.7009644508361816,4.419124603271484,3832754995200.0,2655.7103163408215,29.712322931279935,9.964265234401806,wandb
38100,1784321831.0926998,0.26937136054039,5.113318794927712e-06,2.7019548416137695,3.9386236667633057,3835271577600.0,2361.8173185464907,26.42422196485418,8.861574265986576,wandb
38125,1784322005.2458322,0.24103373289108276,5.097972700104999e-06,2.699282646179199,4.514109134674072,3837788160000.0,2570.981539491924,28.764369849267766,9.646361583422236,wandb
38150,1784322179.5492244,0.2681102752685547,5.0826266052822865e-06,2.6997194290161133,3.794100761413574,3840304742400.0,2616.8509423816167,29.277560803468443,9.818464276145999,wandb
38175,1784322334.1401474,0.24580654501914978,5.067280510459573e-06,2.7018699645996094,4.496788024902344,3842821324800.0,2727.492085904951,30.51542374568157,10.23359151842107,wandb
38200,1784322601.7930484,0.2858094274997711,5.051934415636864e-06,2.6988542079925537,4.187480926513672,3845337907200.0,2723.490236755156,30.470650701901395,10.218576519943538,wandb
38225,1784322773.9303067,0.26837727427482605,5.036588320814151e-06,2.701663017272949,3.745563268661499,3847854489600.0,2675.6435732241284,29.935337980001446,10.039055115417295,wandb
38250,1784322934.850007,0.2638033926486969,5.021242225991438e-06,2.6968770027160645,3.4845714569091797,3850371072000.0,2746.4413781964076,30.727430111141917,10.304689549420338,wandb
38275,1784323093.3350773,0.2604829967021942,5.005896131168726e-06,2.702690601348877,4.122777938842773,3852887654400.0,2383.7517401136115,26.669626221825663,8.943872547133113,wandb
38300,1784323358.4310791,0.25747907161712646,4.990550036346013e-06,2.703016757965088,4.142591953277588,3855404236800.0,2604.4614218070274,29.13894574669404,9.771978607745845,wandb
38325,1784323525.968016,0.22827871143817902,4.975203941523303e-06,2.7072792053222656,4.137540817260742,3857920819200.0,2624.764855574558,29.366102367279808,9.848157398024274,wandb
38350,1784323686.8298151,0.26630309224128723,4.95985784670059e-06,2.7010910511016846,4.738519191741943,3860437401600.0,2672.5721380522873,29.900974490457155,10.0275310442435,wandb
38375,1784323845.8140476,0.271489679813385,4.9445117518778774e-06,2.7015604972839355,3.935656785964966,3862953984000.0,2289.1369267332643,25.61106728490324,8.588876337710616,wandb
38400,1784324117.0088801,0.2654290795326233,4.929165657055164e-06,2.7037246227264404,4.2761335372924805,3865470566400.0,2500.3094899789958,27.973684681377616,9.381198985802827,wandb
38425,1784324280.5509517,0.2693224251270294,4.913819562232452e-06,2.6993560791015625,3.804702043533325,3867987148800.0,2519.750310921734,28.19119031305198,9.45414123972865,wandb
38450,1784324441.0688171,0.2612641453742981,4.898473467409739e-06,2.6988868713378906,4.3546271324157715,3870503731200.0,2685.5140848786564,30.045770141209594,10.07608942428743,wandb
38475,1784324599.6664279,0.24139843881130219,4.883127372587029e-06,2.7002525329589844,4.294310569763184,3873020313600.0,2393.903938124468,26.78320991501118,8.981963747468443,wandb
38500,1784324867.895675,0.2514568567276001,4.867781277764316e-06,2.701723575592041,3.8347978591918945,3875536896000.0,2569.2530085437857,28.745030891471128,9.639876109186908,wandb
38525,1784325035.8090558,0.25209805369377136,4.852435182941604e-06,2.6987740993499756,4.391654014587402,3878053478400.0,2640.135012310206,29.5380650462,9.905826458337804,wandb
38550,1784325203.6815135,0.2613050639629364,4.837089088118891e-06,2.699007511138916,3.793800115585327,3880570060800.0,2616.846717181493,29.277513531554124,9.818448423131294,wandb
38575,1784325361.5793436,0.27736765146255493,4.821742993296178e-06,2.6984801292419434,4.290782928466797,3883086643200.0,2653.2562609369643,29.68486674142293,9.955057581446027,wandb
38600,1784325626.982381,0.23462419211864471,4.806396898473468e-06,2.702195167541504,4.3943281173706055,3885603225600.0,2581.400569406378,28.880938881493936,9.685453941091664,wandb
38625,1784325790.0306828,0.2595510482788086,4.791050803650755e-06,2.698399066925049,3.924659252166748,3888119808000.0,2603.1335371183186,29.12408925483812,9.76699636432962,wandb
38650,1784325951.0323377,0.25470253825187683,4.775704708828043e-06,2.701693058013916,4.188732147216797,3890636390400.0,2649.481978199507,29.64263973087917,9.940896415586089,wandb
38675,1784326108.345335,0.25717219710350037,4.76035861400533e-06,2.6982288360595703,3.587317943572998,3893152972800.0,2730.3123390092323,30.546976987940994,10.244173150682048,wandb
38700,1784326375.2143266,0.23283132910728455,4.7450125191826174e-06,2.7003283500671387,4.167702674865723,3895669555200.0,2695.5283006301256,30.157810076619846,10.113662913100642,wandb
38725,1784326536.884859,0.23711702227592468,4.729666424359907e-06,2.699009418487549,3.674086332321167,3898186137600.0,2664.6367503906617,29.812192668382536,9.997757349834245,wandb
38750,1784326696.9748232,0.21097025275230408,4.7143203295371945e-06,2.700191020965576,3.7906343936920166,3900702720000.0,2252.002787975666,25.19560724178341,8.449548487999351,wandb
38775,1784326853.130875,0.22502289712429047,4.698974234714481e-06,2.700040817260742,3.894449472427368,3903219302400.0,2668.089590456726,29.85082334976435,10.01071245793415,wandb
38800,1784327123.5900967,0.2360001802444458,4.683628139891769e-06,2.6980531215667725,4.339788436889648,3905735884800.0,2430.05373753954,27.187657082125988,9.11759834109329,wandb
38825,1784327288.4874349,0.233211487531662,4.668282045069057e-06,2.698410987854004,3.7979214191436768,3908252467200.0,2576.9278377548444,28.830897562454883,9.668672184352626,wandb
38850,1784327449.1734233,0.2472722977399826,4.652935950246346e-06,2.699674129486084,3.8650379180908203,3910769049600.0,2286.2644691304845,25.578929974077184,8.578098833382468,wandb
38875,1784327611.1760128,0.2552862763404846,4.637589855423634e-06,2.7014899253845215,3.6776938438415527,3913285632000.0,2627.1802176854153,29.393125653137524,9.857219873160068,wandb
38900,1784327891.4511843,0.24661856889724731,4.622243760600921e-06,2.7007293701171875,3.7126059532165527,3915802214400.0,2375.2139804632993,26.574105008431708,8.911838743920532,wandb
38925,1784328069.3626764,0.2589799761772156,4.606897665778208e-06,2.6964809894561768,4.579108238220215,3918318796800.0,2421.5557095361023,27.092580389926702,9.085713611620122,wandb
38950,1784328237.6769426,0.2622939944267273,4.591551570955495e-06,2.6978116035461426,4.111572265625,3920835379200.0,2614.177987547398,29.24765554733928,9.808435309219957,wandb
38975,1784328402.307953,0.23283356428146362,4.576205476132783e-06,2.699838876724243,4.165972709655762,3923351961600.0,2574.4649980428544,28.80334309297816,9.65943157254,wandb
39000,1784328682.2395978,0.22342248260974884,4.560859381310072e-06,2.7026684284210205,4.4072442054748535,3925868544000.0,2393.911293982286,26.783292213001886,8.981991346758123,wandb
39025,1784328851.492866,0.22389721870422363,4.54551328648736e-06,2.69553279876709,3.6465768814086914,3928385126400.0,2701.6497198769366,30.22629705893108,10.13663057060865,wandb
39050,1784329010.4272957,0.2356530725955963,4.530167191664647e-06,2.6998705863952637,3.8688504695892334,3930901708800.0,2618.926938477479,29.30078723220383,9.826253444865745,wandb
39075,1784329171.0651295,0.23424015939235687,4.5148210968419345e-06,2.6982691287994385,4.781152725219727,3933418291200.0,2426.5486342523045,27.14844167518306,9.104447140597856,wandb
39100,1784329443.2820826,0.24900978803634644,4.499475002019221e-06,2.6962907314300537,3.4976258277893066,3935934873600.0,2697.1995099182286,30.17650771459201,10.119933315601392,wandb
39125,1784329667.7739258,0.22306400537490845,4.4841289071965116e-06,2.699965000152588,4.005451202392578,3938451456000.0,2673.3708843090917,29.909910934532512,10.030527952267997,wandb
39150,1784329829.2110925,0.23013032972812653,4.468782812373799e-06,2.6957221031188965,3.8189141750335693,3940968038400.0,2085.971518942141,23.33803465494664,7.8265966578713355,wandb
39175,1784329988.1944335,0.24193935096263885,4.453436717551086e-06,2.697373390197754,3.8020806312561035,3943484620800.0,2611.4915804866205,29.217599786504387,9.798355869336605,wandb
39200,1784330258.4750457,0.235356405377388,4.438090622728374e-06,2.6987075805664062,3.8401074409484863,3946001203200.0,2548.049059867182,28.50779923008812,9.560318573362956,wandb
39225,1784330420.474872,0.24106983840465546,4.422744527905661e-06,2.697193145751953,4.145023345947266,3948517785600.0,2610.9306041022714,29.211323532883636,9.796251077466234,wandb
39250,1784330578.4409895,0.22128050029277802,4.407398433082951e-06,2.7005820274353027,3.7861275672912598,3951034368000.0,2416.320880343584,27.03401265590046,9.066072453392099,wandb
39275,1784330736.8474069,0.24998126924037933,4.392052338260238e-06,2.699946880340576,3.68153715133667,3953550950400.0,2544.7066177992288,28.470403691316044,9.547777680220063,wandb
39300,1784331002.5684447,0.22057956457138062,4.376706243437525e-06,2.696597099304199,3.748892068862915,3956067532800.0,2735.4182687406883,30.604102583346467,10.263330676184507,wandb
39325,1784331165.8365436,0.23138152062892914,4.361360148614812e-06,2.698605537414551,4.13862419128418,3958584115200.0,2732.9318066493292,30.576283824590945,10.25400143284756,wandb
39350,1784331325.4422674,0.24554413557052612,4.3460140537921e-06,2.697624683380127,3.9546725749969482,3961100697600.0,2517.529688375274,28.166345790739843,9.445809430380969,wandb
39375,1784331493.9356537,0.2448836714029312,4.330667958969387e-06,2.6990139484405518,3.6991989612579346,3963617280000.0,2353.3468726282367,26.3294538634741,8.82979302491378,wandb
39400,1784331765.133822,0.2354663908481598,4.315321864146677e-06,2.6979291439056396,3.801870346069336,3966133862400.0,2574.5450369984774,28.80423857592369,9.65973187991088,wandb
39425,1784331927.040668,0.2500755786895752,4.299975769323965e-06,2.6944589614868164,3.8099234104156494,3968650444800.0,2705.5088987723957,30.269473895232057,10.151110268136181,wandb
39450,1784332103.1772902,0.21930241584777832,4.2846296745012515e-06,2.697533369064331,3.630228042602539,3971167027200.0,2552.2842544616233,28.555182963431534,9.576209087474625,wandb
39475,1784332265.4544978,0.18795877695083618,4.269283579678539e-06,2.6959660053253174,4.462775230407715,3973683609600.0,2106.596118076083,23.568784502181575,7.9039804654573125,wandb
39500,1784332539.703441,0.22818249464035034,4.253937484855826e-06,2.698626756668091,4.41344690322876,3976200192000.0,2653.380787877465,29.686259959895228,9.955524808408374,wandb
39525,1784332699.4457264,0.23141905665397644,4.238591390033116e-06,2.701164722442627,4.023234844207764,3978716774400.0,2536.393430068646,28.37739500850919,9.516586474243564,wandb
39550,1784332858.4659061,0.2579120695590973,4.223245295210403e-06,2.6984729766845703,3.777682304382324,3981233356800.0,2283.4579524244145,25.54753041586118,8.567568740295135,wandb
39575,1784333043.4030678,0.23360666632652283,4.207899200387691e-06,2.6984474658966064,3.801011562347412,3983749939200.0,2028.3810994255668,22.693707925523068,7.61051653366024,wandb
39600,1784333671.775699,0.24289506673812866,4.192553105564978e-06,2.69895601272583,3.672461986541748,3986266521600.0,797.8983546676801,8.926957670928646,2.993726682869594,wandb
39625,1785905057.9200923,0.2362746149301529,4.177207010742265e-06,2.699162006378174,3.573565721511841,3988783104000.0,1780.9097603511686,19.924976600584706,6.68200033018836,wandb
39650,1785905316.1203508,0.24281275272369385,4.161860915919555e-06,2.697002410888672,3.483760356903076,3991299686400.0,2020.6165307685362,22.606837241646044,7.581383754737282,wandb
39675,1785905562.755646,0.22705496847629547,4.1465148210968424e-06,2.696667432785034,4.3203301429748535,3993816268800.0,1795.3526785952176,20.08656525289244,6.736190377670939,wandb
39700,1785905989.6079738,0.21385155618190765,4.131168726274129e-06,2.695417642593384,4.120150089263916,3996332851200.0,1724.7260231289129,19.29638795762836,6.47119809920036,wandb
39725,1785906208.7216532,0.22980432212352753,4.115822631451417e-06,2.6964147090911865,3.7301158905029297,3998849433600.0,1596.49752530797,17.861756133213735,5.990082837857671,wandb
39750,1785906427.8475468,0.19649282097816467,4.100476536628705e-06,2.698653221130371,4.315385818481445,4001366016000.0,2025.8652241114382,22.66556008901836,7.601076931467031,wandb
39775,1785906702.4952044,0.23514045774936676,4.0851304418059915e-06,2.697788715362549,4.10556697845459,4003882598400.0,2100.155030830702,23.49672104590559,7.8798134087885225,wandb
39800,1785907034.7288725,0.2385537475347519,4.069784346983282e-06,2.699558734893799,3.915343761444092,4006399180800.0,1450.4405738027187,16.22765798524187,5.442074948905482,wandb
39825,1785907240.0024405,0.21532319486141205,4.054438252160569e-06,2.697171926498413,3.382736921310425,4008915763200.0,2183.354983341947,24.427569505419584,8.191980887752855,wandb
39850,1785907428.1700816,0.2037106156349182,4.039092157337856e-06,2.6981637477874756,4.44621467590332,4011432345600.0,2040.7674131460337,22.83228710372867,7.656990169895271,wandb
39875,1785907629.140589,0.2056863158941269,4.023746062515143e-06,2.7003133296966553,3.7724318504333496,4013948928000.0,2221.0752980792195,24.849587737471186,8.33350807859691,wandb
39900,1785907935.318505,0.22955270111560822,4.008399967692431e-06,2.6960697174072266,4.3418169021606445,4016465510400.0,2076.764377918027,23.235024343280106,7.792051325629972,wandb
39925,1785908116.0284286,0.188626229763031,3.99305387286972e-06,2.6972708702087402,3.7795071601867676,4018982092800.0,2527.857137631733,28.281890210429083,9.484558176037826,wandb
39950,1785908303.7344546,0.22300490736961365,3.977707778047008e-06,2.6967334747314453,4.756617546081543,4021498675200.0,2423.4895051789276,27.114215867361565,9.092969242091442,wandb
39975,1785908503.7287686,0.19630613923072815,3.962361683224295e-06,2.696908473968506,3.818164587020874,4024015257600.0,2098.148997702236,23.47427736906438,7.872286742179579,wandb
40000,1785908819.494515,0.215108722448349,3.947015588401582e-06,2.6998414993286133,4.423769474029541,4026531840000.0,2013.5658738262666,22.527953865451977,7.554929583355235,wandb
40025,1785909001.2726355,0.21356791257858276,3.93166949357887e-06,2.695573329925537,3.740689516067505,4029048422400.0,2199.408187798275,24.607174182915237,8.252212753435153,wandb
40050,1785909192.778639,0.21497245132923126,3.9163233987561595e-06,2.6961097717285156,3.8519434928894043,4031565004800.0,2326.8470306106547,26.032971276947425,8.73036521725411,wandb
40075,1785909435.6936185,0.23455029726028442,3.900977303933447e-06,2.6962900161743164,3.455873966217041,4034081587200.0,1564.2716155968224,17.501209792673404,5.8691707376914914,wandb
40100,1785909775.5517814,0.21864527463912964,3.885631209110734e-06,2.6972434520721436,3.9958341121673584,4036598169600.0,2210.741299742349,24.73397004608854,8.294734760691394,wandb
40125,1785909989.9368794,0.2092539668083191,3.870285114288022e-06,2.697751998901367,4.045880317687988,4039114752000.0,2078.0589420623346,23.24950804192534,7.796908549860135,wandb
40150,1785910199.618533,0.21201936900615692,3.8549390194653086e-06,2.6956117153167725,4.185537815093994,4041631334400.0,2399.348803733006,26.844127555117808,9.002392965502999,wandb
40175,1785910439.2875059,0.21784743666648865,3.839592924642596e-06,2.695266008377075,3.553921699523926,4044147916800.0,1185.9944824598736,13.269011624022932,4.4498692184357465,wandb
40200,1785910910.7907872,0.20760922133922577,3.824246829819886e-06,2.6968746185302734,4.325043678283691,4046664499200.0,2341.2386447945655,26.193985934872895,8.784362771127855,wandb
40225,1785911225.5949628,0.20544281601905823,3.8089007349971733e-06,2.6934423446655273,4.417313098907471,4049181081600.0,1053.9603359716325,11.79180186425519,3.954475105790422,wandb
40250,1785911500.6947622,0.24850565195083618,3.7935546401744606e-06,2.699429988861084,4.125965118408203,4051697664000.0,1128.4787518285789,12.625520520482622,4.234069328050759,wandb
40275,1785911809.974703,0.2247793823480606,3.778208545351748e-06,2.6955738067626953,3.935441493988037,4054214246400.0,1719.1842809395007,19.23438645372918,6.45040539877057,wandb
40300,1785912135.2724874,0.20710058510303497,3.762862450529035e-06,2.696986198425293,4.148921966552734,4056730828800.0,1732.9539503811218,19.388442738629312,6.502069406573725,wandb
40325,1785912325.4599483,0.21052052080631256,3.747516355706325e-06,2.6960973739624023,3.8601558208465576,4059247411200.0,1857.4928244505604,20.781794724755454,6.9693411438509605,wandb
40350,1785912511.5503962,0.2194364368915558,3.732170260883612e-06,2.6928458213806152,3.630404472351074,4061763993600.0,2385.569294824495,26.689961185388047,8.9506920398714,wandb
40375,1785912713.7702968,0.19571177661418915,3.7168241660608995e-06,2.697741746902466,4.074960708618164,4064280576000.0,851.3437277435975,9.524909252561391,3.1942545302041494,wandb
40400,1785913056.5216208,0.2215442955493927,3.7014780712381867e-06,2.6971616744995117,3.9191243648529053,4066797158400.0,2422.2530174181165,27.10038193245393,9.088329921329684,wandb
40425,1785913289.4582183,0.20459820330142975,3.686131976415474e-06,2.6936850547790527,3.963489532470703,4069313740800.0,2368.0754113430885,26.494238062981413,8.885054724718506,wandb
40450,1785913528.286771,0.19681379199028015,3.670785881592764e-06,2.694230318069458,3.9053635597229004,4071830323200.0,1921.389841095476,21.496680223078553,7.209083715779583,wandb
40475,1785913814.3020546,0.19654794037342072,3.655439786770051e-06,2.6960325241088867,4.124883651733398,4074346905600.0,1486.8473959866672,16.63498074592671,5.578673895842739,wandb
40500,1785914175.407547,0.20264361798763275,3.6400936919473388e-06,2.699213981628418,3.761713743209839,4076863488000.0,2205.914188370645,24.67996389525996,8.27662336588764,wandb
40525,1785914366.5485442,0.20671974122524261,3.624747597124626e-06,2.695713520050049,3.6138386726379395,4079380070400.0,1958.3961716741164,21.910710336938738,7.347932027272231,wandb
40550,1785914644.77811,0.1991649866104126,3.6094015023019133e-06,2.6985795497894287,4.094564437866211,4081896652800.0,1243.1226391972002,13.90816651640856,4.664214925714366,wandb
40575,1785914890.0541136,0.1829250007867813,3.594055407479203e-06,2.696512222290039,3.7895286083221436,4084413235200.0,2093.825876188711,23.42590990153953,7.856066324938942,wandb
40600,1785915218.1316078,0.1983586996793747,3.5787093126564904e-06,2.6989691257476807,4.0196709632873535,4086929817600.0,2124.290520397982,23.766751047188134,7.970370130329553,wandb
40625,1785915430.7483766,0.18299396336078644,3.5633632178337777e-06,2.692288398742676,3.8392117023468018,4089446400000.0,1961.464925508581,21.945043827442266,7.3594460380276745,wandb
40650,1785915615.612506,0.2060876190662384,3.548017123011065e-06,2.6979103088378906,3.9242098331451416,4091962982400.0,2175.3415347078576,24.337914330250722,8.161914307395422,wandb
40675,1785915793.6085625,0.18368712067604065,3.532671028188352e-06,2.69453763961792,3.7270452976226807,4094479564800.0,2214.328541325256,24.77410442357995,8.308194145313289,wandb
40700,1785916160.2695243,0.18756546080112457,3.5173249333656395e-06,2.696682929992676,4.099595069885254,4096996147200.0,2113.077579931282,23.64129967317876,7.928299008272195,wandb
40725,1785916357.5114563,0.1946343630552292,3.5019788385429293e-06,2.696837902069092,4.271745681762695,4099512729600.0,1924.980383314892,21.53685152838442,7.22255548443953,wandb
40750,1785916535.046262,0.17004315555095673,3.4866327437202165e-06,2.693049669265747,3.7022695541381836,4102029312000.0,2256.799952827381,25.249278348286143,8.46754752300762,wandb
40775,1785916704.9762793,0.16353975236415863,3.471286648897504e-06,2.6938867568969727,4.070504665374756,4104545894400.0,2506.7319135482794,28.045539326787495,9.405296016076893,wandb
40800,1785916986.12647,0.17999714612960815,3.4559405540747915e-06,2.6958885192871094,4.546965599060059,4107062476800.0,2304.6565524351236,25.78470223589503,8.647106207843832,wandb
40825,1785917160.243136,0.1894831359386444,3.4405944592520788e-06,2.698462963104248,4.309520244598389,4109579059200.0,2365.666167557183,26.46728322948676,8.87601520563038,wandb
40850,1785917392.7874084,0.17991676926612854,3.4252483644293686e-06,2.69181489944458,4.015509605407715,4112095641600.0,1213.2750222336626,13.574228726396992,4.552226215872961,wandb
40875,1785917640.8047245,0.18738463521003723,3.409902269606656e-06,2.696141242980957,3.62868070602417,4114612224000.0,2084.72890578857,23.32413218860068,7.82193435454339,wandb
40900,1785917951.8528204,0.1898031085729599,3.394556174783943e-06,2.6969432830810547,4.365468978881836,4117128806400.0,2048.773900521,22.921864395712078,7.687030631503289,wandb
40925,1785918358.7732546,0.18845194578170776,3.3792100799612304e-06,2.697327136993408,4.414703369140625,4119645388800.0,306.6092257462817,3.430371254360141,1.1504024478317567,wandb
40950,1785918694.8498724,0.16794730722904205,3.3638639851385176e-06,2.697389602661133,3.7406554222106934,4122161971200.0,1992.2718662875252,22.28971461751926,7.475034145319763,wandb
40975,1785918956.14415,0.15791632235050201,3.3485178903158074e-06,2.6939992904663086,3.851787567138672,4124678553600.0,2056.32424937644,23.006338369419332,7.715359654493841,wandb
41000,1785919312.0956528,0.1828206330537796,3.3331717954930947e-06,2.6951406002044678,4.127452850341797,4127195136000.0,2290.199133983444,25.62295135397624,8.592861755363126,wandb
41025,1785919519.0258036,0.2118922770023346,3.317825700670382e-06,2.6949281692504883,3.429373264312744,4129711718400.0,1727.4682591213902,19.327068337510507,6.48148701007902,wandb
41050,1785919741.5679615,0.15939724445343018,3.3024796058476692e-06,2.6945266723632812,4.348073959350586,4132228300800.0,2164.536679409805,24.217028649359204,8.121374327056953,wandb
41075,1785919928.5850635,0.18938550353050232,3.2871335110249565e-06,2.694535732269287,4.718081474304199,4134744883200.0,2360.8174169615463,26.41303497709856,8.857822620131461,wandb
41100,1785920214.568288,0.18493147194385529,3.271787416202244e-06,2.694580554962158,4.194252014160156,4137261465600.0,2382.6821693303864,26.657659768890827,8.939859501393356,wandb
41125,1785920403.1866894,0.18914419412612915,3.256441321379534e-06,2.695424795150757,3.889016628265381,4139778048000.0,2233.9252304417755,24.993353922228657,8.381721218982287,wandb
41150,1785920600.3762357,0.18393225967884064,3.2410952265568213e-06,2.691131591796875,4.261195182800293,4142294630400.0,1778.8126757853522,19.901514232174137,6.674132037210699,wandb
41175,1785920813.0959914,0.17433303594589233,3.2257491317341085e-06,2.696666717529297,4.124930381774902,4144811212800.0,1949.559616627362,21.81184617410679,7.314777139217432,wandb
41200,1785921112.1013236,0.15950095653533936,3.210403036911396e-06,2.6941680908203125,3.980725049972534,4147327795200.0,2134.1357105591755,23.876899909279498,8.007309432574091,wandb
41225,1785921307.2891743,0.17746341228485107,3.195056942088683e-06,2.693934440612793,4.498688220977783,4149844377600.0,2098.5280165742747,23.478517865873755,7.873708826714402,wandb
41250,1785921559.3885362,0.19980235397815704,3.179710847265973e-06,2.693439483642578,3.9440066814422607,4152360960000.0,1235.1023048724935,13.818434303521403,4.634122510141697,wandb
41275,1785921745.3188653,0.20805703103542328,3.16436475244326e-06,2.693878650665283,4.497807502746582,4154877542400.0,2227.137681344767,24.91741421997976,8.35625423221119,wandb
41325,1786133584.7449567,0.1829315572977066,3.1336725627978347e-06,2.6952953338623047,3.570918560028076,4159910707200.0,54.17490520050172,0.6061136518483919,0.20326506288914675,wandb
41350,1786148019.7343357,0.1564725786447525,3.118326467975122e-06,2.6929948329925537,3.479447364807129,4162427289600.0,12.760227361219464,0.1427625572338403,0.04787656586492863,wandb
41375,1786163314.2105286,0.1764080822467804,3.1029803731524118e-06,2.692847728729248,4.318500518798828,4164943872000.0,44.06132548992008,0.4929620236368918,0.1653187589999664,wandb
41400,1786165661.271501,0.16692188382148743,3.0876342783296995e-06,2.691579580307007,4.117486476898193,4167460454400.0,1776.6981207793715,19.877856402927073,6.666198194877565,wandb
41425,1786165869.0456445,0.1852477788925171,3.0722881835069867e-06,2.692593574523926,3.7241153717041016,4169977036800.0,2072.61834277534,23.188638133803128,7.776495339128475,wandb
41450,1786166078.0696974,0.1569252610206604,3.056942088684274e-06,2.6949234008789062,4.314872741699219,4172493619200.0,1984.0215662920614,22.19740952827936,7.4440788950756565,wandb
41475,1786166281.1045635,0.15017615258693695,3.0415959938615613e-06,2.6938934326171875,4.096110820770264,4175010201600.0,2122.9625842836194,23.75189397997742,7.965387693963495,wandb
41500,1786166591.1542864,0.15365266799926758,3.0262498990388485e-06,2.695746421813965,3.9078562259674072,4177526784000.0,1972.9347624194218,22.073369381689304,7.402481039425124,wandb
41525,1786166791.9731257,0.1559448391199112,3.0109038042161383e-06,2.6933867931365967,3.3798365592956543,4180043366400.0,2051.321288124988,22.950364794515032,7.696588468284197,wandb
41550,1786166981.708011,0.17272010445594788,2.9955577093934256e-06,2.694551467895508,4.441460609436035,4182559948800.0,2238.265591070809,25.0419142625092,8.398006317644793,wandb
41575,1786167169.925637,0.16590450704097748,2.980211614570713e-06,2.6966781616210938,3.7662606239318848,4185076531200.0,2354.6902624162235,26.344483827758097,8.834833443696779,wandb
41600,1786167468.2001514,0.15643620491027832,2.964865519748e-06,2.692293882369995,4.338925361633301,4187593113600.0,2121.9305473991203,23.740347459635746,7.961515475978891,wandb
41625,1786167658.2431493,0.16417746245861053,2.9495194249252874e-06,2.6936681270599365,3.773439407348633,4190109696000.0,2071.6071879669503,23.17732524398396,7.772701471008958,wandb
41650,1786167850.047728,0.15870511531829834,2.934173330102577e-06,2.6930322647094727,4.751770973205566,4192626278400.0,1943.519190022528,21.74426534466873,7.292113367325912,wandb
41675,1786168035.6839678,0.16368815302848816,2.9188272352798645e-06,2.693293571472168,3.8134098052978516,4195142860800.0,2316.1414396905197,25.913196174733905,8.690197678361463,wandb
41700,1786168323.5385623,0.16965419054031372,2.903481140457152e-06,2.6962099075317383,4.42189359664917,4197659443200.0,2326.2789161035503,26.026615161375194,8.728233643039308,wandb
41725,1786168510.0737116,0.15182183682918549,2.8881350456344394e-06,2.6919913291931152,3.73922061920166,4200176025600.0,2127.7883427368924,23.805884994234415,7.983494012596856,wandb
41750,1786168695.0245411,0.15541625022888184,2.8727889508117267e-06,2.69246244430542,3.8483684062957764,4202692608000.0,2355.4840373690827,26.353364652443304,8.83781169931376,wandb
41775,1786168877.6441486,0.17995142936706543,2.8574428559890165e-06,2.6926655769348145,3.4528822898864746,4205209190400.0,2329.861356488111,26.066695822633008,8.74167501349246,wandb
41800,1786169160.057536,0.14493097364902496,2.8420967611663038e-06,2.6936140060424805,3.963387966156006,4207725772800.0,1958.87520603583,21.916069815931166,7.349729371435536,wandb
41825,1786169342.5559256,0.17386004328727722,2.826750666343591e-06,2.6942219734191895,4.0441741943359375,4210242355200.0,2332.1704567967845,26.09253024200844,8.750338792740855,wandb
41850,1786169542.1008942,0.13639496266841888,2.8114045715208783e-06,2.692009687423706,4.180797576904297,4212758937600.0,1969.898267355704,22.039396805178505,7.391088064064949,wandb
41875,1786169768.119415,0.134364053606987,2.7960584766981656e-06,2.691640615463257,3.551178216934204,4215275520000.0,2009.772872145975,22.485517425712946,7.540698183738942,wandb
41900,1786170072.769119,0.13659441471099854,2.780712381875453e-06,2.693291425704956,4.321673393249512,4217792102400.0,2136.579943620625,23.904246205897103,8.016480231952743,wandb
41925,1786170258.2871757,0.15761543810367584,2.7653662870527426e-06,2.6899256706237793,4.412359714508057,4220308684800.0,2251.7542296770152,25.192826349458176,8.448615893507124,wandb
41950,1786170445.087661,0.143569216132164,2.75002019223003e-06,2.695774555206299,4.121858596801758,4222825267200.0,2253.5398834606194,25.212804402612335,8.455315693484243,wandb
41975,1786170635.8887029,0.12858428061008453,2.734674097407317e-06,2.6919820308685303,3.931535482406616,4225341849600.0,2056.5009951827747,23.008315817201286,7.716022807429818,wandb
42000,1786170923.9530962,0.13750877976417542,2.719328002584605e-06,2.6934990882873535,4.144720554351807,4227858432000.0,2347.6105156870462,26.265274992444002,8.808270126994712,wandb
42025,1786171100.347599,0.13807135820388794,2.703981907761892e-06,2.692591905593872,3.857754707336426,4230375014400.0,2352.65094951826,26.32166781389944,8.827181910889825,wandb
42050,1786171280.3804367,0.15102176368236542,2.688635812939182e-06,2.689375877380371,3.6273245811462402,4232891596800.0,2190.5195278613005,24.50772706594293,8.218862367044949,wandb
42075,1786171485.1448555,0.1570877730846405,2.6732897181164692e-06,2.6943817138671875,4.070436477661133,4235408179200.0,2309.7109031382647,25.84125076054985,8.666070208052702,wandb
42100,1786171778.7934873,0.15998323261737823,2.6579436232937565e-06,2.6936912536621094,3.9133071899414062,4237924761600.0,1574.2460393782032,17.612804531987507,5.906594926431679,wandb
42125,1786171954.2977362,0.13107071816921234,2.6425975284710437e-06,2.6902382373809814,3.9605605602264404,4240441344000.0,2425.5484671265026,27.13725171653274,9.100694498429434,wandb
42150,1786172145.7712643,0.15539461374282837,2.627251433648331e-06,2.6908788681030273,3.902841567993164,4242957926400.0,2356.311621808772,26.362623740670532,8.840916808636182,wandb
42175,1786172324.0626886,0.14673711359500885,2.611905338825621e-06,2.6926803588867188,4.121138572692871,4245474508800.0,2337.8731792814974,26.156332807751657,8.771735493671008,wandb
42200,1786172647.3389273,0.11298136413097382,2.596559244002908e-06,2.695794105529785,3.7568812370300293,4247991091200.0,2050.564641986881,22.9418993703075,7.69374952054118,wandb
42225,1786172853.8687541,0.12449276447296143,2.5812131491801954e-06,2.6923046112060547,3.609616756439209,4250507673600.0,2173.1526724351984,24.3134251447032,8.153701663074935,wandb
42250,1786173045.5508444,0.14486472308635712,2.5658670543574826e-06,2.6952457427978516,4.091398239135742,4253024256000.0,1750.6550218199877,19.586483898308924,6.568484094073594,wandb
42275,1786173268.4008894,0.1252710372209549,2.55052095953477e-06,2.693182945251465,3.786505937576294,4255540838400.0,1927.7840362322322,21.56821904627772,7.2330748325482785,wandb
42300,1786173600.2780366,0.15867631137371063,2.5351748647120576e-06,2.695683002471924,4.015308380126953,4258057420800.0,2132.9948804034134,23.864136200154604,8.003029020591855,wandb
42325,1786173786.4426003,0.13226372003555298,2.5198287698893474e-06,2.6890087127685547,3.8362061977386475,4260574003200.0,2314.054035432726,25.889842110469413,8.682365706045772,wandb
42350,1786173985.4026494,0.14084753394126892,2.5044826750666347e-06,2.694605588912964,3.920753002166748,4263090585600.0,1842.6491506700706,20.615722383906103,6.913647455540283,wandb
42375,1786174183.3706098,0.12780095636844635,2.489136580243922e-06,2.691272020339966,3.7244374752044678,4265607168000.0,2365.377087083341,26.464048971465818,8.87493057132455,wandb
42400,1786174477.265869,0.13293395936489105,2.473790485421209e-06,2.6934409141540527,4.097982406616211,4268123750400.0,2230.536409025575,24.955439487188418,8.369006309823984,wandb
42425,1786174688.7226746,0.12515296041965485,2.4584443905984965e-06,2.693606376647949,4.269253730773926,4270640332800.0,2234.7245872511394,25.00229719722028,8.384720417809213,wandb
42450,1786174871.5531337,0.1466377079486847,2.4430982957757863e-06,2.6899168491363525,3.6976089477539062,4273156915200.0,2454.756013392491,27.464028338721366,9.210281653342236,wandb
42475,1786175050.6202397,0.1326265037059784,2.4277522009530735e-06,2.690782070159912,4.068622589111328,4275673497600.0,2309.829766622845,25.842580615774217,8.66651618564286,wandb
42500,1786175344.1323843,0.137423574924469,2.412406106130361e-06,2.692720890045166,4.545000076293945,4278190080000.0,2112.7281934466264,23.637390706151734,7.926988104902577,wandb
42525,1786175532.5005078,0.14226177334785461,2.397060011307648e-06,2.6953036785125732,4.3033857345581055,4280706662400.0,2350.8168461810365,26.301147702835515,8.820300327455463,wandb
42550,1786175716.0622587,0.12494908273220062,2.3817139164849353e-06,2.6886725425720215,4.012174129486084,4283223244800.0,2214.131181225586,24.771896341252944,8.307453647237235,wandb
42575,1786175919.228406,0.12688177824020386,2.366367821662225e-06,2.6929712295532227,3.6259026527404785,4285739827200.0,2367.2517743848894,26.485023139527765,8.88196442640628,wandb
42600,1786176203.938841,0.13973161578178406,2.351021726839513e-06,2.693795919418335,4.363478660583496,4288256409600.0,2479.1360376961184,27.73679421635667,9.301755872908934,wandb
42625,1786176386.890325,0.1275399774312973,2.3356756320168e-06,2.6941328048706055,4.412954330444336,4290772992000.0,2405.465039323104,26.912556542217263,9.025341173852693,wandb
42650,1786176572.6843853,0.11445651948451996,2.3203295371940874e-06,2.6942858695983887,3.7361721992492676,4293289574400.0,2276.871566137924,25.473841341006057,8.54285651942865,wandb
42675,1786176756.7467718,0.1105552688241005,2.3049834423713746e-06,2.6909351348876953,3.846522331237793,4295806156800.0,2180.3895550426555,24.394392030182182,8.180854555966617,wandb
42700,1786177050.7333784,0.13149744272232056,2.2896373475486644e-06,2.6920228004455566,4.124490737915039,4298322739200.0,2364.443323956507,26.453601946654754,8.871427077963611,wandb
42725,1786177283.422067,0.1407202184200287,2.2742912527259517e-06,2.69175124168396,3.4267537593841553,4300839321600.0,2074.782207120238,23.212847640314248,7.784614190846284,wandb
42750,1786177503.9240365,0.12048234045505524,2.258945157903239e-06,2.6915059089660645,4.346999168395996,4303355904000.0,2209.582885790281,24.721009607888575,8.290388374039727,wandb
42775,1786177706.600002,0.14986658096313477,2.2435990630805262e-06,2.69148850440979,4.716433525085449,4305872486400.0,2261.713339673242,25.30424975678362,8.485982624694026,wandb
42800,1786178000.833656,0.1447114497423172,2.2282529682578135e-06,2.691521644592285,4.19328498840332,4308389068800.0,2046.8273567086278,22.90008629062388,7.679727169707205,wandb
42825,1786178183.1496947,0.12292920798063278,2.2129068734351008e-06,2.6923534870147705,3.8844387531280518,4310905651200.0,2247.8531118842434,25.149180297048552,8.433978840603185,wandb
42850,1786178365.6644824,0.12478319555521011,2.1975607786123906e-06,2.688079833984375,4.259781837463379,4313422233600.0,2402.786089515099,26.882584213788828,9.015289713694422,wandb
42875,1786178551.2788148,0.12362394481897354,2.182214683789678e-06,2.69366717338562,4.120593547821045,4315938816000.0,2267.387181413117,25.367729202188055,8.507270964633163,wandb
42900,1786178838.6228638,0.11861184239387512,2.1668685889669655e-06,2.6911799907684326,3.977126121520996,4318455398400.0,2255.9768383990213,25.240069270942758,8.464459185235247,wandb
42925,1786179017.118552,0.10784649848937988,2.151522494144253e-06,2.6908774375915527,4.49423885345459,4320971980800.0,2222.4683395817624,24.8651732095483,8.338734791363157,wandb
42950,1786179202.6256804,0.10652478039264679,2.13617639932154e-06,2.6903538703918457,3.939634323120117,4323488563200.0,2411.6014097500147,26.981210799659593,9.048364928414346,wandb
42975,1786179386.5066407,0.12155625969171524,2.12083030449883e-06,2.6907970905303955,4.495828628540039,4326005145600.0,1999.4201530247549,22.36969028453199,7.501854625167676,wandb
43000,1786179678.9122198,0.12062199413776398,2.105484209676117e-06,2.694274425506592,3.878652334213257,4328521728000.0,2359.54596422373,26.398809850922188,8.853052110247663,wandb
43025,1786179864.7989829,0.14106641709804535,2.0901381148534044e-06,2.6924238204956055,3.9011270999908447,4331038310400.0,2303.8981745189535,25.776217436400692,8.644260762443354,wandb
43050,1786180052.0386562,0.11519360542297363,2.0747920200306917e-06,2.6927132606506348,4.362531661987305,4333554892800.0,2192.2203079618553,24.526755544791634,8.225243719680831,wandb
43075,1786180237.9829497,0.1116984561085701,2.059445925207979e-06,2.6893224716186523,3.6596312522888184,4336071475200.0,2027.0231532973105,22.678515103611062,7.605421499268606,wandb
43100,1786180535.387155,0.12282408773899078,2.0440998303852688e-06,2.6920740604400635,4.195506572723389,4338588057600.0,2020.8729910254142,22.609706541781872,7.5823459974961755,wandb
43125,1786180738.611266,0.11663419753313065,2.028753735562556e-06,2.6932764053344727,4.479950904846191,4341104640000.0,2232.862044336755,24.98145890164074,8.377732128651624,wandb
43150,1786180917.9193075,0.10627671331167221,2.0134076407398433e-06,2.693251132965088,3.888202428817749,4343621222400.0,2438.7735234384954,27.28521482135952,9.150315109541177,wandb
43175,1786181093.78711,0.1265362650156021,1.9980615459171306e-06,2.6910195350646973,3.8872597217559814,4346137804800.0,2504.149327966773,28.016645129885358,9.395606115952496,wandb
43200,1786181380.5382464,0.095543272793293,1.9827154510944183e-06,2.689065933227539,3.601606607437134,4348654387200.0,2000.1925737365452,22.37833219607118,7.504752759349505,wandb
43225,1786181567.0885687,0.09102553129196167,1.9673693562717055e-06,2.6938602924346924,3.956669569015503,4351170969600.0,2338.3342243252628,26.161491020656854,8.773465341641556,wandb
43250,1786181743.6840327,0.10570096969604492,1.9520232614489953e-06,2.69208025932312,3.8837363719940186,4353687552000.0,2417.6036482305367,27.04836437697052,9.070885417886428,wandb
43275,1786181922.8666158,0.09911500662565231,1.9366771666262826e-06,2.696688652038574,3.9208545684814453,4356204134400.0,1904.103024588612,21.303273784377275,7.144223319043932,wandb
43300,1786182208.3482635,0.09977054595947266,1.92133107180357e-06,2.694199562072754,3.696162700653076,4358720716800.0,2296.787860063588,25.69666660665061,8.617582755170755,wandb
43325,1786182389.6409514,0.09782587736845016,1.9059849769808571e-06,2.696119785308838,3.944044589996338,4361237299200.0,2286.7280406538125,25.58411645346016,8.57983816074251,wandb
43350,1786182565.5391257,0.10778786242008209,1.8906388821581444e-06,2.694830894470215,3.762346029281616,4363753881600.0,2513.8928711558233,28.125656756622885,9.43216403722168,wandb
43375,1786182743.025243,0.10945609956979752,1.8752927873354342e-06,2.6933178901672363,3.797513723373413,4366270464000.0,2576.1893773944553,28.822635602343937,9.66590146992239,wandb
43400,1786183030.0488765,0.09760031849145889,1.8599466925127215e-06,2.6909022331237793,3.847471237182617,4368787046400.0,2435.647331281919,27.250238705805838,9.138585589333282,wandb
43425,1786183250.8154337,0.09363964200019836,1.844600597690009e-06,2.6942038536071777,3.6146345138549805,4371303628800.0,928.5869151448015,10.389112894872884,3.484072136469541,wandb
43450,1786183425.979151,0.1041412428021431,1.8292545028672962e-06,2.693906545639038,3.5073959827423096,4373820211200.0,2426.192590717261,27.144458228484933,9.103111259874595,wandb
43475,1786183607.0682416,0.10840331763029099,1.8139084080445835e-06,2.689328670501709,3.985372543334961,4376336793600.0,2452.4841637893337,27.438610683548305,9.201757639303791,wandb
43500,1786183894.097934,0.10201380401849747,1.7985623132218733e-06,2.6967294216156006,4.412792205810547,4378853376000.0,2497.3853740723334,27.940969412858816,9.370227658737958,wandb
43525,1786184066.4237049,0.09935978800058365,1.7832162183991606e-06,2.693565607070923,4.253683090209961,4381369958400.0,2334.0736386362696,26.11382320949205,8.75747955975947,wandb
43550,1786184257.073591,0.11319894343614578,1.7678701235764478e-06,2.6929540634155273,3.77579927444458,4383886540800.0,1366.7771028295774,15.29162364000091,5.1281683416684025,wandb
43575,1786184449.8315513,0.10026693344116211,1.7525240287537353e-06,2.6917476654052734,3.7887918949127197,4386403123200.0,2452.133235995931,27.4346844722221,9.200440952920463,wandb
43600,1786184734.9821312,0.09089309722185135,1.7371779339310226e-06,2.691291332244873,3.9777097702026367,4388919705600.0,2290.891563201207,25.63069831357445,8.595459760250703,wandb
43625,1786184950.5919523,0.12098098546266556,1.7218318391083098e-06,2.693681240081787,3.7049484252929688,4391436288000.0,1373.0313562913075,15.36159678330859,5.151634395157896,wandb
43650,1786185123.651293,0.09316367655992508,1.7064857442855997e-06,2.690598726272583,4.166386604309082,4393952870400.0,2482.536507981577,27.77483897998096,9.314514488800706,wandb
43675,1786185304.2981768,0.09495273977518082,1.691139649462887e-06,2.6897189617156982,4.474444389343262,4396469452800.0,2388.081630982551,26.71806942550022,8.96011836309755,wandb
43700,1786185621.7265387,0.0995875746011734,1.6757935546401742e-06,2.6947922706604004,3.791403293609619,4398986035200.0,1863.0902782945336,20.844419535594845,6.99034287525046,wandb
43725,1786185816.2522511,0.08913855999708176,1.6604474598174617e-06,2.6903910636901855,4.015897750854492,4401502617600.0,2354.1655562798373,26.338613368893515,8.832864738344805,wandb
43750,1786185991.9751801,0.09812241047620773,1.645101364994749e-06,2.6906580924987793,3.5598645210266113,4404019200000.0,2341.558000942717,26.19755891982746,8.785561000221156,wandb
43775,1786186163.8750138,0.10083980113267899,1.6297552701720387e-06,2.6890177726745605,3.8195865154266357,4406535782400.0,2291.6858400516066,25.639584753533917,8.598439898994839,wandb
43800,1786186444.16568,0.09280215203762054,1.614409175349326e-06,2.690187692642212,4.067584037780762,4409052364800.0,2466.4249462496678,27.59458139610211,9.254063665738656,wandb
43818,1786186572.8489325,0.08149734884500504,1.6033599870769722e-06,2.690711259841919,4.487648963928223,4410864304128.0,2089.237469444655,23.374574399289685,7.838850553504922,wandb
