_step,_timestamp,grad_norm,lr,loss_metrics/global_avg_loss,loss_metrics/global_max_loss,n_tokens_seen,throughput(tps),tflops,mfu(%),source
1,1776857595.1075978,1.171875,1.1399999999999999e-07,12.921467781066895,13.050470352172852,25165824.0,77.14036225073765,11.478549886211828,3.849423548507465,wandb
5,1776857757.5049114,1.03125,5.699999999999999e-07,12.92172908782959,13.011383056640625,125829120.0,199.57900570163878,29.69752158721434,9.959301485238326,wandb
10,1776857979.437306,1.0859375,1.1399999999999999e-06,12.919716835021973,13.063558578491211,251658240.0,180.82559110642342,26.90699794061409,9.023477052328621,wandb
15,1776858207.1268914,9.875,1.71e-06,12.915206909179688,13.171563148498535,377487360.0,189.12002690159986,28.141216866673172,9.4373822446293,wandb
20,1776858464.0763323,1.78125,2.2799999999999998e-06,12.904707908630371,13.00935173034668,503316480.0,163.05249741577848,24.26234685773129,8.13657215084245,wandb
25,1776858715.844141,3.765625,2.85e-06,12.889189720153809,13.210404396057129,629145600.0,167.0337603728211,24.85476208795798,8.33524333843457,wandb
30,1776858957.164285,1.6328125,3.42e-06,12.871101379394531,13.087879180908203,754974720.0,179.5778238266566,26.7213291344367,8.961211532571545,wandb
35,1776859196.6259785,1.140625,3.99e-06,12.845481872558594,12.998039245605469,880803840.0,160.11514801284054,23.82526683021904,7.989993866375611,wandb
40,1776859738.8645494,2.9375,4.5599999999999995e-06,12.80174446105957,13.033428192138672,1006632960.0,29.22708556056,4.349014573525175,1.4584768353221766,wandb
45,1776860241.7788084,0.8984375,5.13e-06,12.755536079406738,12.875584602355957,1132462080.0,33.704945636882684,5.015323866998252,1.681928988277981,wandb
50,1776860966.464322,3.1875,5.7e-06,12.707509994506836,12.915006637573242,1258291200.0,38.19707913126855,5.6837570569180755,1.9060934069012905,wandb
55,1776861369.703503,1,6.27e-06,12.653409004211426,12.85838508605957,1384120320.0,123.55830493361773,18.385578258322763,6.16575077880952,wandb
60,1776861699.8059497,0.98828125,6.84e-06,12.593900680541992,12.828950881958008,1509949440.0,136.01678328403202,20.23941017042469,6.787448143734671,wandb
65,1776861992.3551352,0.99609375,7.409999999999999e-06,12.535654067993164,12.83267593383789,1635778560.0,151.82846945137305,22.592202186970013,7.5764757720511335,wandb
70,1776862363.5305598,1.578125,7.98e-06,12.444009780883789,12.725196838378906,1761607680.0,60.757751409616326,9.040803804660237,3.031905894741935,wandb
75,1776862733.6487455,0.984375,8.55e-06,12.342155456542969,12.60978889465332,1887436800.0,114.70930339630048,17.06883948985412,5.724171897084706,wandb
80,1776863047.8308172,2.015625,9.119999999999999e-06,12.243391036987305,12.645015716552734,2013265920.0,142.13981312197976,21.150522088997185,7.092996815774832,wandb
85,1776863362.137936,1.40625,9.689999999999999e-06,12.150447845458984,12.553079605102539,2139095040.0,152.50218126388356,22.6924510634751,7.610095034915832,wandb
90,1776863658.8553183,4.15625,1.026e-05,12.051578521728516,12.76574993133545,2264924160.0,149.9074557458848,22.30635375422775,7.480614212950906,wandb
95,1776864162.069295,1.171875,1.083e-05,11.957975387573242,12.640617370605469,2390753280.0,89.9580827096732,13.385837322031495,4.489047651028978,wandb
100,1776864966.9997737,1.359375,1.14e-05,11.860179901123047,12.46091079711914,2516582400.0,81.82088768322677,12.175015952781225,4.082989016616728,wandb
105,1776865794.4152772,2.03125,1.1969999999999999e-05,11.758570671081543,12.312844276428223,2642411520.0,73.4809442744036,10.934025456065674,3.666812923914538,wandb
110,1776866189.6239433,1.84375,1.254e-05,11.651333808898926,12.270489692687988,2768240640.0,88.95572227960568,13.236685258639612,4.439028313149123,wandb
115,1776866522.3998709,1.515625,1.3109999999999998e-05,11.54370403289795,12.269339561462402,2894069760.0,179.31191265042654,26.681761330856297,8.947942153044076,wandb
120,1776866791.1593595,2,1.368e-05,11.43227481842041,12.108802795410156,3019898880.0,163.67591149767762,24.35511139020246,8.16768147905034,wandb
125,1776867052.1458297,2.09375,1.4249999999999999e-05,11.309331893920898,12.476200103759766,3145728000.0,160.35102240315476,23.86036513514145,8.001764363765993,wandb
130,1776867309.461938,2.34375,1.4819999999999999e-05,11.19192123413086,12.252528190612793,3271557120.0,209.2601791860494,31.138088231647174,10.442407035960832,wandb
135,1776867554.86888,2.765625,1.539e-05,11.061455726623535,12.16374397277832,3397386240.0,198.41622671521938,29.52449910957973,9.90127701294607,wandb
140,1776867778.5780087,3.453125,1.596e-05,10.858238220214844,12.056854248046875,3523215360.0,174.45084201821538,25.958429988816853,8.705367199846826,wandb
145,1776867981.8133473,3.40625,1.653e-05,10.634257316589355,12.017642974853516,3649044480.0,194.2691241271762,28.907406804706138,9.694330170920617,wandb
150,1776869312.061744,4.21875,1.71e-05,10.391884803771973,11.747716903686523,3774873600.0,21.96268724767987,3.268066079186075,1.0959721086727856,wandb
155,1776870968.6425698,21.25,1.767e-05,10.156919479370117,11.545397758483887,3900702720.0,24.363036910819055,3.6252401000072103,1.2157532744379436,wandb
160,1776873334.0043144,2.578125,1.8239999999999998e-05,9.947192192077637,11.258928298950195,4026531840.0,15.132437117987909,2.251719194605244,0.7551320487574463,wandb
165,1776874410.728054,2.890625,1.8809999999999998e-05,9.761164665222168,11.683700561523438,4152360960.0,134.04157704988123,19.945497844467997,6.688882293522759,wandb
170,1776874733.809285,20.625,1.9379999999999997e-05,9.564082145690918,11.190475463867188,4278190080.0,117.09721993455224,17.424163451379478,5.843332630662008,wandb
175,1776874991.0730727,2.28125,1.9949999999999997e-05,9.355810165405273,11.338879585266113,4404019200.0,195.65357762637277,29.113414633707695,9.763416544721899,wandb
180,1776875203.4235535,3.03125,2.052e-05,9.146862983703613,10.736042022705078,4529848320.0,199.51659307804323,29.6882345370558,9.956186998658499,wandb
185,1776875933.1234329,88.5,2.109e-05,8.968396186828613,11.227230072021484,4655677440.0,64.92661653898917,9.661134393734411,3.2399387212847732,wandb
190,1776876124.8704348,1.71875,2.166e-05,8.801647186279297,11.233113288879395,4781506560.0,212.1076404549487,31.561792830257666,10.584499763323661,wandb
195,1776876352.562866,1.5078125,2.223e-05,8.649988174438477,11.58639144897461,4907335680.0,173.80850583110904,25.8628498313961,8.673313629283227,wandb
200,1776876664.13854,1.3203125,2.28e-05,8.517950057983398,10.88547134399414,5033164800.0,158.8284080952808,23.633798863212593,7.925783551633257,wandb
205,1776877281.9252791,1.2109375,2.28e-05,8.35837459564209,10.353277206420898,5158993920.0,236.91875168250502,35.25370676024614,11.822612640128046,wandb
210,1776877468.3802853,1.4453125,2.28e-05,8.225425720214844,10.033693313598633,5284823040.0,191.01972823891978,28.423894001354654,9.532180283550105,wandb
215,1776877786.851501,1.703125,2.28e-05,8.10052490234375,9.867284774780273,5410652160.0,208.86446223419003,31.07920522098703,10.422660147190985,wandb
220,1776878003.5260026,1.2265625,2.28e-05,8.019469261169434,10.280990600585938,5536481280.0,171.32373619380914,25.493114048398546,8.549319776060855,wandb
225,1776878185.667542,0.8828125,2.28e-05,7.9498748779296875,11.125147819519043,5662310400.0,222.07444292173835,33.04486130418061,11.081858642638693,wandb
230,1776878403.8907728,1.3125,2.28e-05,7.885254859924316,9.990516662597656,5788139520.0,230.17857394709458,34.25076272264405,11.486267332188214,wandb
235,1776878634.2096975,0.625,2.28e-05,7.843235492706299,10.439573287963867,5913968640.0,165.9125783225121,24.687929268918765,8.27929461767805,wandb
240,1776878826.7287157,1.578125,2.28e-05,7.795610427856445,9.912260055541992,6039797760.0,207.77763913013214,30.917485041648664,10.368425991066285,wandb
245,1776879017.06619,0.58203125,2.28e-05,7.76119327545166,10.351259231567383,6165626880.0,235.55466339794486,35.0507292920742,11.754542522078028,wandb
250,1776879204.9309757,0.64453125,2.28e-05,7.724027633666992,11.220556259155273,6291456000.0,205.20960023990116,30.535358724748118,10.240276873158253,wandb
255,1776879406.5439613,0.93359375,2.28e-05,7.687128067016602,10.023238182067871,6417285120.0,209.85054644947147,31.225935370118602,10.471867276745002,wandb
260,1776879605.7888584,0.373046875,2.28e-05,7.6645917892456055,10.806102752685547,6543114240.0,144.73248813384996,21.53631428123183,7.222375314308193,wandb
265,1776879840.2970545,10.8125,2.28e-05,7.643587589263916,9.628512382507324,6668943360.0,230.6454671536372,34.32023681903749,11.50956602630196,wandb
270,1776880027.0012004,0.376953125,2.28e-05,7.6301374435424805,10.075956344604492,6794772480.0,238.41231382006376,35.475950045135065,11.897143703967105,wandb
275,1776880218.4480963,1.4921875,2.28e-05,7.612485885620117,9.803778648376465,6920601600.0,223.1655137965266,33.20721355532692,11.13630476910163,wandb
280,1776880422.8923717,11.875,2.28e-05,7.603556156158447,9.68653678894043,7046430720.0,203.96450197996776,30.350087070935725,10.178144541624542,wandb
285,1776880771.5977886,4.4375,2.28e-05,7.601737976074219,10.234664916992188,7172259840.0,164.74407459498323,24.51405494505874,8.22098447193816,wandb
290,1776880996.628268,1.234375,2.28e-05,7.593390464782715,10.773346900939941,7298088960.0,209.10762121586288,31.11538747914574,10.434794156972272,wandb
295,1776881260.1701264,1.328125,2.28e-05,7.577023506164551,9.481033325195312,7423918080.0,164.08068729260683,24.415342364225165,8.18788041811938,wandb
300,1776881467.847827,1.4453125,2.28e-05,7.5841965675354,10.479345321655273,7549747200.0,229.26695790964214,34.11511350014032,11.440776280041478,wandb
305,1776882115.9624345,932,2.28e-05,7.574105262756348,10.70175838470459,7675576320.0,243.4552237775406,36.22633922959885,12.148792721121266,wandb
310,1776882352.4525383,2.234375,2.28e-05,7.571900844573975,10.304378509521484,7801405440.0,138.42199879546942,20.59730823350853,6.9074721228659595,wandb
315,1776882740.2139945,2.34375,2.28e-05,7.585637092590332,12.086162567138672,7927234560.0,108.53810390515015,16.150559886931244,5.416219484746324,wandb
320,1776883080.3579032,7.0625,2.28e-05,7.575782299041748,12.344701766967773,8053063680.0,181.7253590609729,27.040884158554586,9.06837686678862,wandb
325,1776883388.8044987,7.34375,2.28e-05,7.57712459564209,10.020841598510742,8178892800.0,118.57077032564814,17.643428971796183,5.916865077359104,wandb
330,1776883588.4985828,7.59375,2.28e-05,7.5616135597229,9.871761322021484,8304721920.0,208.61441836399092,31.041998485705015,10.41018257080917,wandb
335,1776883775.380491,2.578125,2.28e-05,7.5602874755859375,13.061493873596191,8430551040.0,226.6179076400416,33.7209326227955,11.308584568835418,wandb
340,1776883988.7022095,656,2.28e-05,7.557324409484863,10.488229751586914,8556380160.0,189.81046797633033,28.243955071272513,9.471836323588448,wandb
345,1776884187.4140024,21.875,2.28e-05,7.555371284484863,10.129802703857422,8682209280.0,220.1736493095897,32.76202163809863,10.987006097512257,wandb
350,1776884468.932487,8,2.28e-05,7.619616508483887,10.685428619384766,8808038400.0,103.54761763010998,15.407971389896332,5.167186490537651,wandb
355,1776884655.2389183,25.875,2.28e-05,7.556641578674316,10.483243942260742,8933867520.0,240.12492922696134,35.73078863819315,11.98260586520793,wandb
360,1776885009.9027667,2.4375,2.28e-05,7.5722150802612305,12.220985412597656,9059696640.0,200.35962205676108,29.81367794833097,9.998255450349232,wandb
365,1776885212.623604,5.6875,2.28e-05,7.549642562866211,10.969886779785156,9185525760.0,229.96521754669672,34.21901511329852,11.475620517369705,wandb
370,1776885391.9072828,1.203125,2.28e-05,7.554868698120117,10.272167205810547,9311354880.0,243.85836277526334,36.28632664683961,12.168909981474691,wandb
375,1776885571.876784,10.8125,2.28e-05,7.539847373962402,9.675849914550781,9437184000.0,199.5640891832748,29.69530199690942,9.9585571278698,wandb
380,1776886075.9544296,14.25,2.28e-05,7.548157215118408,10.89250659942627,9563013120.0,23.477438926365604,3.493462385370145,1.1715605634316733,wandb
385,1776886441.9677658,1.3671875,2.28e-05,7.540836811065674,9.832687377929688,9688842240.0,175.95239295836657,26.181862014157762,8.780296917308014,wandb
390,1776886646.558963,26.625,2.28e-05,7.536280632019043,10.224963188171387,9814671360.0,217.87372036625422,32.41979030367725,10.872236081193273,wandb
395,1776886821.086033,7.46875,2.28e-05,7.541973114013672,9.888787269592285,9940500480.0,262.439262343904,39.05117991439467,13.096125647373299,wandb
400,1776887049.055991,92.5,2.28e-05,7.534244060516357,10.934755325317383,10066329600.0,104.72072212111341,15.582530311177432,5.225726221500416,wandb
405,1776887708.223179,1.59375,2.28e-05,7.516666412353516,11.457527160644531,10192158720.0,183.81551676021212,27.351901357861784,9.172678973141105,wandb
410,1776888096.0676703,14,2.28e-05,7.529181480407715,11.840800285339355,10317987840.0,41.87342659484669,6.230800608808143,2.089548839127473,wandb
415,1776888587.384775,76.5,2.28e-05,7.521048069000244,10.554908752441406,10443816960.0,247.24372765581188,36.790071749022275,12.337844932144424,wandb
420,1776889393.7715926,2,2.28e-05,7.502945899963379,10.574522018432617,10569646080.0,41.66378001102226,6.199605023245804,2.0790871499016075,wandb
425,1776890217.5696087,10.1875,2.28e-05,7.543697834014893,9.972650527954102,10695475200.0,41.338122817793774,6.151146962780304,2.0628363515934547,wandb
430,1776891037.1431754,4.09375,2.28e-05,7.4875288009643555,9.782886505126953,10821304320.0,40.757338228522386,6.064725734170751,2.033854301090702,wandb
435,1776892547.2625086,10.875,2.28e-05,7.489928245544434,15.171951293945312,10947133440.0,21.749913027586754,3.2364050987527704,1.0853543455531431,wandb
440,1776893385.5101178,7.65625,2.28e-05,7.457658767700195,11.227214813232422,11072962560.0,148.19315694450628,22.051264670674634,7.3950680477183015,wandb
445,1776893584.175085,17,2.28e-05,7.451180458068848,10.660785675048828,11198791680.0,211.1084711124421,31.413115603341662,10.534639665655336,wandb
450,1776893769.041739,21,2.28e-05,7.434125900268555,9.664854049682617,11324620800.0,241.2326807578936,35.8956229848093,12.03788438224685,wandb
455,1776893929.0321674,6.71875,2.28e-05,7.422403335571289,9.829841613769531,11450449920.0,265.9050051070473,39.566885312176076,13.26907157887086,wandb
460,1776894456.372788,3.859375,2.28e-05,7.4022603034973145,9.47779655456543,11576279040.0,208.33061410437483,30.999768176475538,10.396020298708583,wandb
465,1776894657.4499297,2.625,2.28e-05,7.3835649490356445,10.335407257080078,11702108160.0,194.39862184988908,28.926676173256404,9.700792307845367,wandb
470,1776894858.8731122,2.703125,2.28e-05,7.374341011047363,11.10342788696289,11827937280.0,199.6187987019703,29.703442818669576,9.961287217584823,wandb
475,1776895076.541348,2.234375,2.28e-05,7.379070281982422,10.386823654174805,11953766400.0,236.10267346169314,35.13227364410142,11.78188907299718,wandb
480,1776895270.7697682,4.84375,2.28e-05,7.358824729919434,10.068933486938477,12079595520.0,246.44575054845683,36.67133209357371,12.298024638609402,wandb
485,1776895472.3462436,1.8046875,2.28e-05,7.355531692504883,10.339519500732422,12205424640.0,212.96052584569836,31.688702883818472,10.627060065240034,wandb
490,1776895657.0661569,4.5,2.28e-05,7.333348751068115,11.104430198669434,12331253760.0,227.24683588711548,33.81451766761834,11.339969062425665,wandb
495,1776895864.6164315,3,2.28e-05,7.363193035125732,9.79378890991211,12457082880.0,153.90623893086274,22.901376008903195,7.680159687051692,wandb
500,1776896059.2753072,4.46875,2.28e-05,7.34639835357666,9.953412055969238,12582912000.0,213.74192975933553,31.804976434295348,10.666053330740572,wandb
505,1777105620.986961,4.75,2.28e-05,7.300900936126709,10.086614608764648,12708741120.0,292.79055789749964,43.56747786734829,14.610702302483624,wandb
510,1777105761.704369,4.0625,2.28e-05,7.299108028411865,9.922126770019531,12834570240.0,291.6125923016095,43.39219560962805,14.551919994858308,wandb
515,1777105901.9248033,3.140625,2.28e-05,7.2830963134765625,10.411398887634277,12960399360.0,292.8497090589784,43.576279609238675,14.613654037052589,wandb
520,1777106043.7399068,7.09375,2.28e-05,7.283918857574463,10.488309860229492,13086228480.0,286.960899179998,42.70001981483192,14.319793303716276,wandb
525,1777106184.7014806,5.78125,2.28e-05,7.2733683586120605,9.693744659423828,13212057600.0,292.23816701303275,43.48528164556453,14.583137141825755,wandb
530,1777106338.9461985,3.671875,2.28e-05,7.250412940979004,10.876241683959961,13337886720.0,281.00815453966715,41.81424647490617,14.022742126768737,wandb
535,1777106479.820247,19.125,2.28e-05,7.2542548179626465,9.587879180908203,13463715840.0,291.25307774657784,43.338699545643586,14.533979661759124,wandb
540,1777106621.2889888,131,2.28e-05,7.231001377105713,9.995180130004883,13589544960.0,288.96169884315697,42.99774046425324,14.41963630567387,wandb
545,1777106762.5655253,4.90625,2.28e-05,7.225410461425781,10.343372344970703,13715374080.0,285.6349575091144,42.50271859441538,14.253626760768807,wandb
550,1777106949.8237717,18.75,2.28e-05,7.2280731201171875,11.6278076171875,13841203200.0,112.3258157877742,16.714174556745448,5.60523217396007,wandb
555,1777107105.5301602,24.375,2.28e-05,7.246689796447754,10.655830383300781,13967032320.0,286.8520968820021,42.683829942645154,14.314363900537229,wandb
560,1777107255.1301703,10.75,2.28e-05,7.268111228942871,10.946850776672363,14092861440.0,287.13264271771743,42.72557539569553,14.328363572238638,wandb
565,1777107399.7754266,9.5625,2.28e-05,7.273785591125488,9.674100875854492,14218690560.0,286.2726117107279,42.59760206851138,14.285446693005026,wandb
570,1777107543.4132643,27.875,2.28e-05,7.334049224853516,12.568817138671875,14344519680.0,286.0190407471813,42.55987049881374,14.272793109202537,wandb
575,1777107686.9649794,22.625,2.28e-05,7.304178714752197,9.477725982666016,14470348800.0,286.0752312682869,42.568231694960915,14.27559710323155,wandb
580,1777107829.24006,17.375,2.28e-05,7.341778755187988,10.638747215270996,14596177920.0,287.24949484449775,42.74296308908227,14.334194674341314,wandb
585,1777107971.0975401,13.9375,2.28e-05,7.372117519378662,11.041315078735352,14722007040.0,287.48627051053825,42.7781955045803,14.3460101467863,wandb
590,1777108114.1438086,12.375,2.28e-05,7.39833927154541,11.52578353881836,14847836160.0,282.8037359963259,42.081430484984075,14.112344422387451,wandb
595,1777108255.1195407,21.875,2.28e-05,7.347109794616699,14.569822311401367,14973665280.0,292.15191620029987,43.47244745308999,14.578833092688255,wandb
600,1777108398.0274627,3.984375,2.28e-05,7.352076530456543,10.216728210449219,15099494400.0,292.12476833800406,43.468407828662855,14.577478372314069,wandb
605,1777108991.9397433,5.0625,2.28e-05,7.3584394454956055,10.988059997558594,15225323520.0,290.9697040205745,43.29653330017279,14.519838873952606,wandb
610,1777109133.3461738,8.8125,2.28e-05,7.321352005004883,12.35079288482666,15351152640.0,288.89802501557955,42.98826574589611,14.416458883062042,wandb
615,1777109276.5977402,4.71875,2.28e-05,7.29862117767334,9.971452713012695,15476981760.0,282.47754672455477,42.0328932507901,14.09606707253596,wandb
620,1777109424.7661104,2.8125,2.28e-05,7.287689208984375,9.87449836730957,15602810880.0,288.54902594663724,42.9363343949637,14.39904328900472,wandb
625,1777109567.2046824,2.734375,2.28e-05,7.264875888824463,11.117006301879883,15728640000.0,285.38084125662385,42.4649058852706,14.240945966203492,wandb
630,1777109710.6102824,2.4375,2.28e-05,7.251930236816406,10.037073135375977,15854469120.0,289.8901628441531,43.13589667770665,14.465968097294953,wandb
635,1777109859.1434526,2.703125,2.28e-05,7.235987186431885,11.003900527954102,15980298240.0,238.4454535380737,35.48088126266235,11.898797427221394,wandb
640,1777110007.7799072,7.46875,2.28e-05,7.195137977600098,10.513712882995605,16106127360.0,290.45353678436095,43.21972718729446,14.494081329444453,wandb
645,1777110164.145933,6.0625,2.28e-05,7.21090030670166,10.77031135559082,16231956480.0,280.73586516184264,41.77372958963819,14.009154465103379,wandb
650,1777110349.6801236,1.8828125,2.28e-05,7.183831214904785,11.462646484375,16357785600.0,284.9260413003247,42.397231274544005,14.218250744006486,wandb
655,1777110501.6078186,1.90625,2.28e-05,7.168643951416016,10.778867721557617,16483614720.0,251.81899747316106,37.470875692755634,12.566157982042126,wandb
660,1777110652.6582518,4.53125,2.28e-05,7.193925857543945,9.567258834838867,16609443840.0,285.8266796397774,42.53124700648004,14.263193992021176,wandb
665,1777110792.9278622,2.71875,2.28e-05,7.158315658569336,10.7368803024292,16735272960.0,293.41355425767017,43.66018024247977,14.641790785730304,wandb
670,1777110933.4095862,3.34375,2.28e-05,7.236514568328857,10.042915344238281,16861102080.0,292.26452301609754,43.48920344068128,14.584452347197912,wandb
675,1777111074.3061619,5.8125,2.28e-05,7.215980052947998,11.162822723388672,16986931200.0,291.0608346396217,43.31009361187439,14.52438643298286,wandb
680,1777111214.799145,2.3125,2.28e-05,7.135087966918945,9.22700309753418,17112760320.0,291.9116622079163,43.436697459747045,14.566844046371644,wandb
685,1777111355.7710505,4.1875,2.28e-05,7.120422840118408,10.42973518371582,17238589440.0,291.3602989977434,43.35465415675063,14.539330168252672,wandb
690,1777111497.789875,2.546875,2.28e-05,7.095823764801025,12.892877578735352,17364418560.0,293.1413044182495,43.61966924055906,14.628205097092533,wandb
695,1777111639.1498249,2.5,2.28e-05,7.083094596862793,11.308184623718262,17490247680.0,291.659922712928,43.399238414089986,14.554281855686726,wandb
700,1777111781.8913317,2.015625,2.28e-05,7.056304931640625,10.69410228729248,17616076800.0,292.73782944993883,43.559631830616155,14.608071071286432,wandb
705,1777112371.2035184,1.5703125,2.28e-05,7.045445919036865,9.41324234008789,17741905920.0,291.8625654554841,43.429391822262325,14.564394042386008,wandb
710,1777112511.965303,3.0625,2.28e-05,7.0347580909729,9.182415008544922,17867735040.0,290.9527446690117,43.29400973459347,14.518992576043592,wandb
715,1777112652.7112281,1.6015625,2.28e-05,7.027242660522461,9.485904693603516,17993564160.0,291.5207929032641,43.37853578301216,14.547339062705294,wandb
720,1777112793.8240533,1.90625,2.28e-05,7.062635898590088,9.516767501831055,18119393280.0,291.44711043964554,43.36757177131054,14.543662193654,wandb
725,1777112935.1945922,1.40625,2.28e-05,7.016029357910156,11.330202102661133,18245222400.0,290.99706363106225,43.300604432906525,14.521204160889518,wandb
730,1777113076.1200464,3.109375,2.28e-05,7.016239643096924,9.849596977233887,18371051520.0,287.63911429885167,42.8009387870561,14.353637288542055,wandb
735,1777113235.257495,10.5,2.28e-05,7.005561828613281,10.19911003112793,18496880640.0,281.6523620983485,41.91010509396947,14.05488908167224,wandb
740,1777113394.897582,1.515625,2.28e-05,6.989364147186279,9.418869018554688,18622709760.0,193.69327879103702,28.82172054105947,9.665594596798897,wandb
745,1777113544.4912324,1.3046875,2.28e-05,6.961485862731934,10.076349258422852,18748538880.0,270.4586810166662,40.244476064528314,13.496307059328961,wandb
750,1777113688.294033,1.515625,2.28e-05,6.958104610443115,10.783889770507812,18874368000.0,287.21110827245093,42.737251135322346,14.332279124944446,wandb
755,1777113833.73946,2.40625,2.28e-05,6.944787979125977,9.867504119873047,19000197120.0,289.44180601955617,43.06918081032154,14.443594397348775,wandb
760,1777113976.5704834,1.2421875,2.28e-05,6.921581745147705,10.066250801086426,19126026240.0,289.000083603906,43.00345214849055,14.421551764684171,wandb
765,1777114121.2088778,1.1875,2.28e-05,6.9028520584106445,9.289398193359375,19251855360.0,286.76262841587607,42.67051696067688,14.30989928551202,wandb
770,1777114263.7599409,0.98828125,2.28e-05,6.887556076049805,9.255413055419922,19377684480.0,290.75708210661446,43.264894983018415,14.50922871114489,wandb
775,1777114406.2040021,2.96875,2.28e-05,6.869073390960693,8.934415817260742,19503513600.0,289.7727364630052,43.118423534793706,14.460108339009949,wandb
780,1777114655.2577465,2.625,2.28e-05,6.857723236083984,9.034059524536133,19629342720.0,59.93287505465664,8.918061518856794,2.990743287090861,wandb
785,1777114983.7487638,0.85546875,2.28e-05,6.843648910522461,8.928718566894531,19755171840.0,286.4133170618823,42.61853914146979,14.292468107946975,wandb
790,1777115125.9875486,2.75,2.28e-05,6.832863807678223,9.523237228393555,19881000960.0,291.5404971210855,43.381467786967455,14.548322333691758,wandb
795,1777115267.0055032,0.8984375,2.28e-05,6.798015117645264,8.4771728515625,20006830080.0,290.34542022901735,43.20363935418313,14.488686145885806,wandb
800,1777115408.7526364,1.7265625,2.28e-05,6.794562816619873,9.217498779296875,20132659200.0,286.0491334408845,42.56434831659685,14.274294781224798,wandb
805,1777116020.567126,0.78125,2.28e-05,6.768959999084473,10.23220443725586,20258488320.0,174.81888338149483,26.013194848941062,8.723733033883587,wandb
810,1777116162.0327072,0.88671875,2.28e-05,6.748339653015137,9.352777481079102,20384317440.0,291.87575275160117,43.43135410286262,14.565052108886254,wandb
815,1777116303.3762467,1.921875,2.28e-05,6.746733665466309,11.12451171875,20510146560.0,291.55269234046324,43.38328244572606,14.548930894026222,wandb
820,1777116444.8071005,1.1328125,2.28e-05,6.72752046585083,11.137040138244629,20635975680.0,291.3642928214347,43.355248441028515,14.539529466240353,wandb
825,1777116587.672338,0.94140625,2.28e-05,6.703486919403076,8.998775482177734,20761804800.0,281.64631596307265,41.90920542402552,14.054587370157941,wandb
830,1777116729.0076525,1.109375,2.28e-05,6.684254169464111,8.492071151733398,20887633920.0,290.2805692541895,43.19398947533877,14.48544998180306,wandb
835,1777116870.0709863,0.9921875,2.28e-05,6.676043510437012,11.938276290893555,21013463040.0,291.16283040167605,43.32527066586744,14.52947617947671,wandb
840,1777117050.0443697,1.390625,2.28e-05,6.665535926818848,9.01314926147461,21139292160.0,164.69780382664953,24.507169816351855,8.218675488935821,wandb
845,1777117199.9666126,1.6796875,2.28e-05,6.6678571701049805,8.724102020263672,21265121280.0,287.1170313506943,42.72325241133379,14.327584540845864,wandb
850,1777117348.2889943,1.5,2.28e-05,6.646010398864746,9.788168907165527,21390950400.0,284.43237007422516,42.323772586629744,14.193615785244027,wandb
855,1777117492.22819,1.375,2.28e-05,6.615355968475342,9.5617094039917,21516779520.0,288.96852639302307,42.998756409336366,14.41997701098645,wandb
860,1777117646.186819,1.3984375,2.28e-05,6.613488674163818,10.981846809387207,21642608640.0,291.0423828520714,43.307347970582256,14.52346566020664,wandb
865,1777117787.6977227,1.1171875,2.28e-05,6.58311128616333,9.372857093811035,21768437760.0,289.17435587166204,43.029384006481045,14.430248220751768,wandb
870,1777117930.7469697,0.91015625,2.28e-05,6.569007873535156,9.058432579040527,21894266880.0,285.2177270439449,42.44063435513051,14.232806314365433,wandb
875,1777118073.3365054,1.3125,2.28e-05,6.5456438064575195,8.18600082397461,22020096000.0,289.5847106818598,43.090445142603166,14.450725561323283,wandb
880,1777118215.0992143,1.0625,2.28e-05,6.531169891357422,9.012195587158203,22145925120.0,290.87005678720965,43.28170570919669,14.514866322677678,wandb
885,1777118357.4034798,1.203125,2.28e-05,6.517945766448975,9.300115585327148,22271754240.0,289.72095166245475,43.110717913519416,14.457524197260064,wandb
890,1777118499.2504208,1.0546875,2.28e-05,6.496138095855713,9.320526123046875,22397583360.0,291.14086499975025,43.322002195841904,14.528380071901392,wandb
895,1777118641.1663032,1.6640625,2.28e-05,6.476624011993408,8.09238052368164,22523412480.0,290.6476190481726,43.24860678912923,14.503766334996225,wandb
900,1777118783.421234,1.359375,2.28e-05,6.465346336364746,9.504692077636719,22649241600.0,285.25304633259276,42.44588989457655,14.234568801570198,wandb
905,1777119374.2951064,1.015625,2.28e-05,6.448222637176514,9.64365005493164,22775070720.0,289.6385825031258,43.098461314290994,14.453413848639181,wandb
910,1777119516.8754802,1.625,2.28e-05,6.447091579437256,11.559784889221191,22900899840.0,284.5082331885601,42.33506108096668,14.19740147214338,wandb
915,1777119658.5040526,1.6171875,2.28e-05,6.424145698547363,8.766193389892578,23026728960.0,290.1087606400947,43.16842421105652,14.476876465868779,wandb
920,1777119800.5024128,1.5234375,2.28e-05,6.4091973304748535,8.956995010375977,23152558080.0,284.1061161036395,42.2752257251985,14.177335206821484,wandb
925,1777119944.4977632,1.453125,2.28e-05,6.394209861755371,8.51046371459961,23278387200.0,287.6377511984552,42.800735956586486,14.35356926772115,wandb
930,1777120085.9626107,1.2734375,2.28e-05,6.379460334777832,8.240389823913574,23404216320.0,288.4571639300379,42.92266525069969,14.394459232103852,wandb
935,1777120321.9911346,1.375,2.28e-05,6.368603229522705,12.674182891845703,23530045440.0,227.22588855917556,33.81140068784633,11.338923758319002,wandb
940,1777120839.0946684,1.7421875,2.28e-05,6.339156150817871,9.188871383666992,23655874560.0,29.13089704039948,4.334701641942684,1.4536768791928751,wandb
945,1777121381.7655418,1.0546875,2.28e-05,6.327970504760742,8.391307830810547,23781703680.0,251.38535032594785,37.40634863756602,12.544518317779211,wandb
950,1777121557.692054,1.5,2.28e-05,6.312076091766357,8.35232925415039,23907532800.0,219.02833892088174,32.591598502292634,10.929853335300534,wandb
955,1777121798.3452027,1.421875,2.28e-05,6.300857067108154,8.220890045166016,24033361920.0,111.69997387810842,16.62104876148887,5.574001693386495,wandb
960,1777121972.2891304,1.3359375,2.28e-05,6.288137912750244,7.841642379760742,24159191040.0,249.97723557562736,37.19681999477162,12.474251210901155,wandb
965,1777122145.3441517,1.453125,2.28e-05,6.26376485824585,8.98055362701416,24285020160.0,246.7588212399275,36.717917272137896,12.313647350986322,wandb
970,1777122323.629964,1.875,2.28e-05,6.259422779083252,8.473796844482422,24410849280.0,219.2860533313872,32.629946620334486,10.94271368352349,wandb
975,1777122500.3604362,0.98828125,2.28e-05,6.242495059967041,8.919046401977539,24536678400.0,243.6586869887528,36.25661472418775,12.158945850477199,wandb
980,1777122680.2383664,1.1953125,2.28e-05,6.230997085571289,8.718695640563965,24662507520.0,228.00199781703526,33.92688638915192,11.377652812296073,wandb
985,1777122851.7079155,1.0625,2.28e-05,6.213321208953857,8.693214416503906,24788336640.0,238.5499330217736,35.49642789649636,11.904011115272054,wandb
990,1777123010.6911504,1.125,2.28e-05,6.203636169433594,9.015676498413086,24914165760.0,254.58543271777629,37.882523551746424,12.704207385303011,wandb
995,1777123172.6753175,1.5625,2.28e-05,6.184959411621094,9.498641967773438,25039994880.0,249.04634719319873,37.058303031350185,12.427798438891799,wandb
1000,1777123334.416531,1.6484375,2.28e-05,6.171215057373047,8.878591537475586,25165824000.0,266.93317536285826,39.71987789904628,13.320378867028635,wandb
1005,1777123934.0995383,0.82421875,2.28e-05,6.149717330932617,8.260004043579102,25291653120.0,287.0778537033679,42.717422744916114,14.325629515567359,wandb
1010,1777124412.9399843,1.2265625,2.28e-05,6.14784049987793,8.185199737548828,25417482240.0,256.06316744133034,38.102411704303556,12.77794863667031,wandb
1015,1777124633.9368305,1.109375,2.28e-05,6.13520622253418,8.86483383178711,25543311360.0,280.88441207498346,41.79583349352429,14.016567186133178,wandb
1020,1777124781.0423422,1.15625,2.28e-05,6.118779182434082,8.745376586914062,25669140480.0,272.5497506270791,40.55562895697453,13.600654671461346,wandb
1025,1777124925.9841673,1.2265625,2.28e-05,6.099975109100342,9.680229187011719,25794969600.0,271.5837616072595,40.41188898959544,13.552450323283582,wandb
1030,1777125069.09987,1.2421875,2.28e-05,6.087639808654785,9.23155403137207,25920798720.0,289.2602522909997,43.042165464924416,14.434534585109976,wandb
1035,1777125212.2449574,1.4296875,2.28e-05,6.074649810791016,8.196344375610352,26046627840.0,286.34169145690333,42.607881192039784,14.288893879327386,wandb
1040,1777125355.8773386,1.7734375,2.28e-05,6.082810401916504,7.703454494476318,26172456960.0,288.984131221434,43.00107842074718,14.420755716092346,wandb
1045,1777125509.2929444,1.4375,2.28e-05,6.037106037139893,7.566987037658691,26298286080.0,280.04354429620605,41.670711670592844,13.974606581666663,wandb
1050,1777125695.8227682,1.09375,2.28e-05,6.038254737854004,8.524446487426758,26424115200.0,148.82927174064469,22.145919079959082,7.426811161237136,wandb
1055,1777125901.538188,0.85546875,2.28e-05,6.007362365722656,8.116964340209961,26549944320.0,287.6748301038408,42.806253328462596,14.355419562526357,wandb
1060,1777126047.445605,1.3515625,2.28e-05,6.021266937255859,7.559861183166504,26675773440.0,289.03085907664115,43.00803156435995,14.423087508437591,wandb
1065,1777126220.69155,0.703125,2.28e-05,5.991465091705322,8.767088890075684,26801602560.0,227.08059928074695,33.789781522707415,11.331673598306649,wandb
1070,1777126375.8453076,1.1875,2.28e-05,5.9900970458984375,8.65924072265625,26927431680.0,279.64844000722803,41.61191982467761,13.954890265723465,wandb
1075,1777126519.5787253,1.4453125,2.28e-05,5.983287811279297,9.061630249023438,27053260800.0,281.95767730522203,41.9555362499929,14.070124783356352,wandb
1080,1777126667.7567315,1.1640625,2.28e-05,5.956803321838379,7.734236717224121,27179089920.0,250.57070886224363,37.28512931207061,12.503866447053213,wandb
1085,1777126837.9647663,1.5703125,2.28e-05,5.962732315063477,8.932275772094727,27304919040.0,287.91257898982803,42.84163055989593,14.367283600153973,wandb
1090,1777126987.490012,1.3203125,2.28e-05,5.947839260101318,8.174318313598633,27430748160.0,284.49868636832855,42.33364050619771,14.196925071028057,wandb
1095,1777127129.6456106,1.296875,2.28e-05,5.929957866668701,11.21856689453125,27556577280.0,286.5780945608276,42.6430581699859,14.300690760345761,wandb
1100,1777127272.27322,1.3515625,2.28e-05,5.924600124359131,8.263900756835938,27682406400.0,289.3897744713558,43.06143847279228,14.440997942509002,wandb
1105,1777127868.972026,1.4453125,2.28e-05,5.916311264038086,8.207283020019531,27808235520.0,286.0263269889621,42.560954697634216,14.273156703952067,wandb
1110,1777128044.0935216,1.9140625,2.28e-05,5.917895317077637,7.786009311676025,27934064640.0,274.66354700614175,40.87016361144632,13.706136384547749,wandb
1115,1777128187.671186,1.390625,2.28e-05,5.906929016113281,8.100045204162598,28059893760.0,287.1765785671059,42.73211308652668,14.330556039169371,wandb
1120,1777128332.882305,1.078125,2.28e-05,5.887481212615967,8.432151794433594,28185722880.0,284.8491499006106,42.38578977048975,14.21441374407414,wandb
1125,1777128475.0756798,1,2.28e-05,5.875696659088135,8.556865692138672,28311552000.0,285.4417462816015,42.473968603504346,14.243985221277374,wandb
1130,1777128616.8808875,1.03125,2.28e-05,5.8574981689453125,7.843351364135742,28437381120.0,291.1371790125952,43.32145371789592,14.528196135433634,wandb
1135,1777128759.7185805,1.6640625,2.28e-05,5.8649702072143555,8.220602035522461,28563210240.0,283.34564946416197,42.16206765848279,14.1393867437284,wandb
1140,1777128902.5536928,1.1484375,2.28e-05,5.843509197235107,8.182592391967773,28689039360.0,287.13319878654727,42.725658139198636,14.328391320934466,wandb
1145,1777129084.7018108,1.3359375,2.28e-05,5.841080188751221,11.51041316986084,28814868480.0,215.4780316352188,32.06330983341912,10.752687503158775,wandb
1150,1777129232.3997514,1.2734375,2.28e-05,5.84326171875,8.308144569396973,28940697600.0,288.84030486484374,42.97967693959122,14.41357855814545,wandb
1155,1777129377.5918286,0.9296875,2.28e-05,5.814157485961914,7.8461480140686035,29066526720.0,278.91044637756,41.50210576046157,13.918063240625258,wandb
1160,1777129524.4159582,0.83984375,2.28e-05,5.796146869659424,7.59389591217041,29192355840.0,276.94257079453445,41.20928424147265,13.819863201257943,wandb
1165,1777129668.4761846,0.97265625,2.28e-05,5.7971272468566895,7.942177772521973,29318184960.0,286.5538581965494,42.639451778878694,14.299481328231877,wandb
1170,1777129811.5020828,1.1953125,2.28e-05,5.78482723236084,9.148660659790039,29444014080.0,289.10294016789635,43.01875729052567,14.426684466527806,wandb
1175,1777129967.8788252,1.1640625,2.28e-05,5.778621673583984,7.6790900230407715,29569843200.0,260.30736428956254,38.73395171562714,12.989740632655266,wandb
1180,1777130116.9942334,1.0546875,2.28e-05,5.7606892585754395,8.052780151367188,29695672320.0,285.59645109231076,42.49698880765624,14.251705230932965,wandb
1185,1777130259.1668155,1.140625,2.28e-05,5.761203765869141,7.858665466308594,29821501440.0,289.99027443510687,43.150793365477135,14.470963820732747,wandb
1190,1777130403.9396794,0.94140625,2.28e-05,5.747825622558594,8.717277526855469,29947330560.0,283.49782118169884,42.18471093626959,14.146980348111528,wandb
1195,1777130549.2977204,1.1484375,2.28e-05,5.739055156707764,7.4543352127075195,30073159680.0,281.2537030103475,41.85078429101113,14.034995375752253,wandb
1200,1777130743.6008847,1.453125,2.28e-05,5.72182035446167,7.460179328918457,30198988800.0,207.87540446956845,30.93203260524727,10.37330463291957,wandb
1205,1777131351.4749053,0.83203125,2.28e-05,5.7271881103515625,8.736726760864258,30324817920.0,264.2628600189922,39.32253276101265,13.187125995682152,wandb
1210,1777131501.1364918,1.078125,2.28e-05,5.7195725440979,8.089712142944336,30450647040.0,280.58393339754855,41.75112201709294,14.001572834758697,wandb
1215,1777131651.6207476,0.6796875,2.28e-05,5.698065280914307,7.530929088592529,30576476160.0,286.5732528979747,42.64233772653753,14.300449153870812,wandb
1220,1777131800.5020797,1.1328125,2.28e-05,5.702890396118164,8.192699432373047,30702305280.0,281.0615544920392,41.82219243211119,14.025406867096011,wandb
1225,1777132026.3090186,0.91015625,2.28e-05,5.683650016784668,7.52010440826416,30828134400.0,273.57773546739503,40.70859395386529,13.651952707098753,wandb
1230,1777132175.6589417,1.4453125,2.28e-05,5.684135437011719,8.909201622009277,30953963520.0,280.34966127129684,41.71626213039202,13.989882292826563,wandb
1235,1777132325.500355,1.234375,2.28e-05,5.678356170654297,7.625750541687012,31079792640.0,268.5834534416639,39.965440645979214,13.402730299051878,wandb
1240,1777132473.8382926,1.234375,2.28e-05,5.6689066886901855,7.653345108032227,31205621760.0,285.72444879489655,42.516034971967414,14.258092514530196,wandb
1245,1777132622.5228467,1.15625,2.28e-05,5.649983882904053,8.792285919189453,31331450880.0,273.22005335204466,40.6553705584253,13.63410381557768,wandb
1250,1777132771.6250873,0.796875,2.28e-05,5.647336006164551,7.661400318145752,31457280000.0,277.3416368327697,41.26866559896339,13.839777214624892,wandb
1255,1777132919.230184,1.2109375,2.28e-05,5.6568121910095215,9.271928787231445,31583109120.0,278.6596953573338,41.46479380066899,13.905550376361886,wandb
1260,1777133068.1735997,1.640625,2.28e-05,5.640230655670166,7.917789459228516,31708938240.0,270.8300796718679,40.29974049247522,13.514840427432295,wandb
1265,1777133232.6334538,0.7109375,2.28e-05,5.625134468078613,8.160781860351562,31834767360.0,281.0951614367427,41.827193173358026,14.027083905685934,wandb
1270,1777133384.740012,1.03125,2.28e-05,5.6420745849609375,8.149720191955566,31960596480.0,277.6267204664822,41.311086280119575,13.854003329474338,wandb
1275,1777133562.9301069,1.1640625,2.28e-05,5.618994235992432,7.429131031036377,32086425600.0,276.85794336855037,41.196691610292845,13.815640161633448,wandb
1280,1777133709.2835617,1.359375,2.28e-05,5.610109329223633,7.492906093597412,32212254720.0,287.51227073306165,42.78206435925741,14.347307598158418,wandb
1285,1777133860.4688883,0.6796875,2.28e-05,5.608355522155762,8.085857391357422,32338083840.0,282.86137625774825,42.09000740369286,14.115220760703574,wandb
1290,1777134006.673151,1.015625,2.28e-05,5.59454345703125,7.776609420776367,32463912960.0,277.2241046193289,41.25117670811748,13.833912175144565,wandb
1295,1777134159.404784,1.046875,2.28e-05,5.595691680908203,7.635037422180176,32589742080.0,279.9466166584282,41.65628875769583,13.969769742423537,wandb
1300,1777134311.5455434,0.84765625,2.28e-05,5.581541061401367,9.214897155761719,32715571200.0,272.66118142722485,40.572209952461385,13.6062152409686,wandb
1305,1777134919.0489457,0.83984375,2.28e-05,5.582296848297119,7.734723091125488,32841400320.0,277.4785029004593,41.28903138335779,13.846607043375805,wandb
1310,1777135064.6505113,1.2109375,2.28e-05,5.584489822387695,8.172861099243164,32967229440.0,280.7128592320242,41.770306288199166,14.008006433574689,wandb
1315,1777135209.8121946,0.96484375,2.28e-05,5.560446739196777,8.796581268310547,33093058560.0,285.50378744027165,42.483200379373876,14.247081171182108,wandb
1320,1777135352.5091498,1.0234375,2.28e-05,5.555911064147949,9.470962524414062,33218887680.0,290.96052637723585,43.295167659231694,14.519380895336006,wandb
1325,1777135494.2727103,0.9453125,2.28e-05,5.540794849395752,8.535770416259766,33344716800.0,287.9076019470347,42.840889971800124,14.367035238010322,wandb
1330,1777135640.1318638,1.1796875,2.28e-05,5.542150020599365,7.282427787780762,33470545920.0,285.0698678301092,42.41863278147142,14.225427910596046,wandb
1335,1777135783.6344357,1.390625,2.28e-05,5.547725677490234,7.472577095031738,33596375040.0,283.94847834223435,42.25176909555035,14.169468838383718,wandb
1340,1777135926.6752994,0.7734375,2.28e-05,5.533818244934082,9.185235977172852,33722204160.0,285.8277398577061,42.53140476778721,14.263246898537844,wandb
1345,1777136071.0712433,1.03125,2.28e-05,5.5268683433532715,7.151151657104492,33848033280.0,284.36945989074616,42.314411499147845,14.190476469655414,wandb
1350,1777136212.902044,0.8125,2.28e-05,5.5246357917785645,9.515693664550781,33973862400.0,288.9990509238636,43.003298484843704,14.42150023235068,wandb
1355,1777136356.078676,1.0078125,2.28e-05,5.507657527923584,8.680862426757812,34099691520.0,283.0418052769279,42.11685539140184,14.124224448202561,wandb
1360,1777136499.4898386,0.7265625,2.28e-05,5.498073577880859,7.665777683258057,34225520640.0,290.3035002028279,43.197401619516,14.486594271654734,wandb
1365,1777136650.0010436,1.078125,2.28e-05,5.5044074058532715,7.502510070800781,34351349760.0,284.16924491080937,42.28461934406693,14.180485432070867,wandb
1370,1777136794.4312477,0.890625,2.28e-05,5.4997029304504395,7.579838275909424,34477178880.0,284.9169241604845,42.395874636573666,14.217795784608162,wandb
1375,1777136952.1760461,0.828125,2.28e-05,5.495556831359863,8.395181655883789,34603008000.0,266.5423445938701,39.66172195645017,13.300875806351604,wandb
1380,1777137099.515813,0.6953125,2.28e-05,5.483154296875,8.371061325073242,34728837120.0,277.4498491544819,41.28476768218979,13.84517717707365,wandb
1385,1777137247.138414,0.7578125,2.28e-05,5.483847141265869,8.20254898071289,34854666240.0,270.2175050564914,40.20858888161331,13.484272005391656,wandb
1390,1777137422.3219416,1.4765625,2.28e-05,5.473318099975586,7.9474310874938965,34980495360.0,192.88795802881592,28.701888143675713,9.625407843512471,wandb
1395,1777137567.8403862,0.9140625,2.28e-05,5.470333576202393,7.712442398071289,35106324480.0,285.9794515202556,42.553979589010304,14.270817545464586,wandb
1400,1777137886.5737004,0.5390625,2.28e-05,5.446911811828613,7.429022312164307,35232153600.0,281.6868207670133,41.9152325724482,14.05660862260695,wandb
1405,1777138484.6397164,0.77734375,2.28e-05,5.456239700317383,7.59798526763916,35357982720.0,288.4917003589993,42.927804299975044,14.396182653397796,wandb
1410,1777138626.027362,0.8203125,2.28e-05,5.44960880279541,7.505501747131348,35483811840.0,290.9341680394496,43.29124551670645,14.518065573457635,wandb
1415,1777138768.2588232,0.80859375,2.28e-05,5.439920425415039,8.637102127075195,35609640960.0,289.29601021490754,43.04748627366095,14.436318960893553,wandb
1420,1777138910.1872814,0.875,2.28e-05,5.439003944396973,8.457646369934082,35735470080.0,289.016492886681,43.00589386337799,14.422370613308747,wandb
1425,1777139052.469469,0.9765625,2.28e-05,5.425192832946777,8.199196815490723,35861299200.0,289.6912202014351,43.10629384745923,14.456040551308172,wandb
1430,1777139194.9508057,1.2421875,2.28e-05,5.432460784912109,8.13836669921875,35987128320.0,288.4533095770116,42.922091719772425,14.394266893918358,wandb
1435,1777139337.4271002,0.63671875,2.28e-05,5.415652275085449,7.872939109802246,36112957440.0,285.31361184591145,42.45490209319384,14.237591114486472,wandb
1440,1777139482.1208673,0.93359375,2.28e-05,5.423940658569336,7.722847938537598,36238786560.0,287.3456791712759,42.75727539668598,14.33899442121434,wandb
1445,1777139623.4371476,1.1171875,2.28e-05,5.404369354248047,7.740004539489746,36364615680.0,290.1158100034626,43.169473162172686,14.477228240018636,wandb
1450,1777139784.9086413,0.671875,2.28e-05,5.401309013366699,7.409143447875977,36490444800.0,246.81037126941808,36.72558795928376,12.316219777296718,wandb
1455,1777139934.7944267,0.87109375,2.28e-05,5.402711868286133,8.309816360473633,36616273920.0,282.68314815356274,42.06348691396054,14.106326902271494,wandb
1460,1777140080.9259179,1.0234375,2.28e-05,5.409575462341309,7.456846237182617,36742103040.0,278.72375781880476,41.474326348071834,13.908747192406903,wandb
1465,1777140223.5482662,0.890625,2.28e-05,5.387606620788574,7.5107645988464355,36867932160.0,289.5919943299683,43.091528955483064,14.45108902664455,wandb
1470,1777140365.582256,0.80078125,2.28e-05,5.379190921783447,8.994085311889648,36993761280.0,286.0138501113533,42.5590981278972,14.27253408843565,wandb
1475,1777140507.2215898,0.84765625,2.28e-05,5.385207176208496,8.271220207214355,37119590400.0,289.9305902815532,43.14191231392392,14.467985489033765,wandb
1480,1777140663.1034145,0.94140625,2.28e-05,5.372056007385254,7.550762176513672,37245419520.0,250.12924813643943,37.21943958990576,12.481836873117219,wandb
1485,1777140809.913564,0.94140625,2.28e-05,5.37576961517334,9.334615707397461,37371248640.0,287.82995308823837,42.82933575720616,14.363160439696648,wandb
1490,1777140956.3181007,1.0546875,2.28e-05,5.365164756774902,7.8866801261901855,37497077760.0,283.2411831263486,42.1465229807676,14.134173711677837,wandb
1495,1777141099.6817622,0.85546875,2.28e-05,5.362315654754639,7.147782325744629,37622906880.0,276.7762462086426,41.18453500513567,13.811563346824453,wandb
1500,1777141241.9679558,1.609375,2.28e-05,5.351700782775879,7.862040996551514,37748736000.0,288.8501485187311,42.981141683454375,14.414069771719921,wandb
1505,1777141839.877043,0.71484375,2.28e-05,5.343225479125977,7.090824127197266,37874565120.0,288.78176155331585,42.970965646277705,14.41065715623045,wandb
1510,1777141988.7386525,0.81640625,2.28e-05,5.337874412536621,8.908473014831543,38000394240.0,286.4382191600949,42.62224459433862,14.29371076121525,wandb
1515,1777142156.9595551,1.078125,2.28e-05,5.3322296142578125,8.927963256835938,38126223360.0,280.4096654413835,41.72519080067077,13.99287659384617,wandb
1520,1777142299.38909,0.921875,2.28e-05,5.343038082122803,7.613236427307129,38252052480.0,290.65263436146074,43.249353071906405,14.50401660689684,wandb
1525,1777142440.9372725,0.81640625,2.28e-05,5.326657295227051,7.056019306182861,38377881600.0,288.5261536496138,42.932930978195415,14.397901925959465,wandb
1530,1777142583.5806231,0.58203125,2.28e-05,5.319894313812256,7.405908107757568,38503710720.0,289.32181071461866,43.051325409417935,14.437606445788015,wandb
1535,1777142725.2290921,1.109375,2.28e-05,5.32673978805542,7.199319839477539,38629539840.0,287.6895972495973,42.80845069199962,14.356156465970425,wandb
1540,1777142866.760948,0.9140625,2.28e-05,5.301918029785156,8.30998420715332,38755368960.0,289.0124902328252,43.00529826516429,14.422170874682179,wandb
1545,1777143008.3639522,0.5234375,2.28e-05,5.308096408843994,8.569986343383789,38881198080.0,287.40449453750387,42.766027171964524,14.341929399080222,wandb
1550,1777143150.9270124,0.69140625,2.28e-05,5.312089443206787,7.9402008056640625,39007027200.0,286.1555146728106,42.58017793214431,14.279603369457307,wandb
1555,1777143294.4723608,0.94921875,2.28e-05,5.3246660232543945,7.144683837890625,39132856320.0,285.3060546579941,42.45377757736349,14.237213999105096,wandb
1560,1777143436.870154,1.109375,2.28e-05,5.305398941040039,8.036460876464844,39258685440.0,286.66723848499834,42.65632285984204,14.305139180224757,wandb
1565,1777143578.9949503,0.6953125,2.28e-05,5.291236400604248,8.990214347839355,39384514560.0,290.88022409055895,43.283218612368245,14.515373686861558,wandb
1570,1777143720.4681065,0.78125,2.28e-05,5.296939373016357,9.881002426147461,39510343680.0,290.26866592631654,43.19221825027817,14.484855987306757,wandb
1575,1777143862.4983063,0.80859375,2.28e-05,5.280663013458252,7.388739109039307,39636172800.0,283.9116025959086,42.24628195391086,14.167628681530246,wandb
1580,1777144004.1950023,0.86328125,2.28e-05,5.278812408447266,7.047194480895996,39762001920.0,289.00187535328934,43.00371876228495,14.421641175753397,wandb
1585,1777144147.4303718,0.5546875,2.28e-05,5.264575004577637,7.8988037109375,39887831040.0,285.6768867147744,42.50895769499535,14.255719093069676,wandb
1590,1777144289.0545895,0.890625,2.28e-05,5.281644344329834,7.527886390686035,40013660160.0,286.9313239872651,42.69561900162241,14.318317455793919,wandb
1595,1777144431.6854165,1.2734375,2.28e-05,5.261706352233887,7.771844863891602,40139489280.0,285.14661688238937,42.43005310410945,14.229257807170976,wandb
1600,1777144573.2371078,0.9765625,2.28e-05,5.259553909301758,7.299593925476074,40265318400.0,288.4123558729128,42.91599777463388,14.392223240656216,wandb
1605,1777210134.0909934,0.48828125,2.28e-05,5.247279167175293,7.589332580566406,40391147520.0,279.631034927173,41.609329934328954,13.954021725272362,wandb
1610,1777210288.9787288,0.5859375,2.28e-05,5.255576133728027,7.898427963256836,40516976640.0,286.3865397809339,42.61455465985453,14.291131880155968,wandb
1615,1777210447.9516485,0.765625,2.28e-05,5.255189418792725,7.223261833190918,40642805760.0,263.31401503027246,39.18134383968117,13.139777161208325,wandb
1620,1777210593.7728431,0.78515625,2.28e-05,5.2533369064331055,7.2845635414123535,40768634880.0,265.9445606204338,39.57277120537691,13.27104546025099,wandb
1625,1777210740.9889574,0.65234375,2.28e-05,5.235304832458496,7.435906410217285,40894464000.0,275.15088826401694,40.94268039483848,13.73045546809219,wandb
1630,1777210884.5903761,0.94921875,2.28e-05,5.249229431152344,8.497079849243164,41020293120.0,285.3261356999373,42.456765653060664,14.238216074198851,wandb
1635,1777211028.5305443,0.6875,2.28e-05,5.2311015129089355,7.3259196281433105,41146122240.0,279.194584956505,41.54438581668449,13.932242195778143,wandb
1640,1777211172.2165778,0.75390625,2.28e-05,5.257585525512695,7.712619781494141,41271951360.0,285.08468325086324,42.42083732836812,14.226167223037258,wandb
1645,1777211315.2090194,0.486328125,2.28e-05,5.223690032958984,8.127569198608398,41397780480.0,285.6959960587507,42.511801181229075,14.256672678929952,wandb
1650,1777211459.2396514,0.734375,2.28e-05,5.22325325012207,7.964728832244873,41523609600.0,285.5081128697037,42.483844006861055,14.247297016809839,wandb
1655,1777211604.278611,0.75,2.28e-05,5.2405290603637695,8.741312026977539,41649438720.0,283.33251717632805,42.160113563160664,14.138731422226677,wandb
1660,1777211751.3262846,0.703125,2.28e-05,5.2266740798950195,7.747814655303955,41775267840.0,285.64410952603674,42.504080422124474,14.254083460587546,wandb
1665,1777211896.0517416,0.609375,2.28e-05,5.210379600524902,7.154873847961426,41901096960.0,283.6342855936288,42.205016953953816,14.153790133617965,wandb
1670,1777212039.3374994,0.8046875,2.28e-05,5.211275100708008,8.50352668762207,42026926080.0,283.0127037437299,42.112525059124,14.12277223662458,wandb
1675,1777212183.3664656,0.859375,2.28e-05,5.196568489074707,7.694711208343506,42152755200.0,281.11236646572445,41.82975329594104,14.027942463278647,wandb
1680,1777212327.3234327,0.87109375,2.28e-05,5.212599754333496,7.628545761108398,42278584320.0,286.9858625580105,42.70373438618581,14.321039014941475,wandb
1685,1777212470.212513,0.84375,2.28e-05,5.201114654541016,7.9626359939575195,42404413440.0,286.5224939589504,42.63478475430921,14.297916204199893,wandb
1690,1777212613.844352,0.81640625,2.28e-05,5.199775695800781,8.747379302978516,42530242560.0,284.00751112664335,42.26055322283456,14.172414665753562,wandb
1695,1777212806.0734034,1.0546875,2.28e-05,5.186190605163574,10.162673950195312,42656071680.0,164.28222690408413,24.445331625578,8.19793755686934,wandb
1700,1777213113.3474329,0.7109375,2.28e-05,5.198879241943359,7.726365089416504,42781900800.0,132.30123814656218,19.686533972147423,6.602036686873357,wandb
1705,1777213778.2997842,0.78515625,2.28e-05,5.1909050941467285,7.486125469207764,42907729920.0,283.6638728258418,42.20941955864794,14.155266582329027,wandb
1710,1777213925.6199496,0.80859375,2.28e-05,5.1795654296875,8.36967658996582,43033559040.0,279.1201225450805,41.53330574810242,13.928526406123376,wandb
1715,1777214070.8725564,0.5859375,2.28e-05,5.172968864440918,6.805909156799316,43159388160.0,285.55398194129026,42.49066936275877,14.24958595452236,wandb
1720,1777214215.191506,0.51953125,2.28e-05,5.1652021408081055,6.745609760284424,43285217280.0,284.4261329615639,42.32284449909243,14.193304543662414,wandb
1725,1777214359.6423776,0.65625,2.28e-05,5.167825698852539,8.530405044555664,43411046400.0,285.9055538274411,42.542983551025806,14.267129936143077,wandb
1730,1777214503.3915055,0.77734375,2.28e-05,5.170409202575684,7.385227203369141,43536875520.0,282.81797992469603,42.083549993340036,14.113055216473603,wandb
1735,1777214648.089969,0.57421875,2.28e-05,5.168134689331055,10.285503387451172,43662704640.0,285.2260525354232,42.441873195167986,14.233221769284423,wandb
1740,1777214793.3627508,0.87890625,2.28e-05,5.165011405944824,7.996494770050049,43788533760.0,280.0475998493614,41.671315140266195,13.974808960050208,wandb
1745,1777214937.7531483,0.67578125,2.28e-05,5.158486366271973,7.453850269317627,43914362880.0,281.0903698550731,41.82648018203125,14.026844798339592,wandb
1750,1777215082.9350796,0.7578125,2.28e-05,5.158858299255371,7.561893463134766,44040192000.0,280.53162530719015,41.74333852986119,13.99896258003694,wandb
1755,1777215236.5410106,0.76953125,2.28e-05,5.155696392059326,8.29289436340332,44166021120.0,281.50121297896015,41.88761397963537,14.047346506520489,wandb
1760,1777215387.7329118,0.8671875,2.28e-05,5.209638595581055,6.680261135101318,44291850240.0,279.5917425089447,41.60348318990588,13.952060972748098,wandb
1765,1777215536.9169023,0.515625,2.28e-05,5.15573263168335,7.661569595336914,44417679360.0,262.9885931264474,39.13292079047406,13.123538104205812,wandb
1770,1777215686.459233,0.5703125,2.28e-05,5.164151191711426,8.38987922668457,44543508480.0,261.1028081691574,38.852314424683826,13.029434514201684,wandb
1775,1777215833.9781404,0.66015625,2.28e-05,5.148576259613037,7.719542026519775,44669337600.0,272.2873370324161,40.516581596432346,13.587559826671002,wandb
1780,1777215983.8719108,0.734375,2.28e-05,5.143210411071777,6.984043121337891,44795166720.0,280.67853038229333,41.76519812688549,14.006293370805842,wandb
1785,1777216136.1006534,0.8515625,2.28e-05,5.145815849304199,6.924578666687012,44920995840.0,287.32249879486363,42.75382613744911,14.337837684530442,wandb
1790,1777216282.425042,0.87109375,2.28e-05,5.148240566253662,8.89769172668457,45046824960.0,275.9897011815113,41.06749645270663,13.772313531798186,wandb
1795,1777216426.9630759,0.73828125,2.28e-05,5.13857889175415,10.940308570861816,45172654080.0,278.606577477005,41.45688981601796,13.90289971186643,wandb
1800,1777216603.7988272,0.56640625,2.28e-05,5.119729518890381,9.95382308959961,45298483200.0,223.0811929485684,33.19466654321165,11.132097028195444,wandb
1805,1777217199.1238809,0.69921875,2.28e-05,5.117953777313232,6.872047424316406,45424312320.0,285.9309315383406,42.546759775456934,14.268396323221038,wandb
1810,1777217345.2443018,0.625,2.28e-05,5.1143693923950195,6.993818283081055,45550141440.0,280.5076469870845,41.73977053594089,13.997766024726916,wandb
1815,1777217494.0399008,0.67578125,2.28e-05,5.1127424240112305,7.614734172821045,45675970560.0,282.29558662043723,42.00581743637243,14.086986981527282,wandb
1820,1777217639.6886964,0.53515625,2.28e-05,5.116759777069092,7.627354621887207,45801799680.0,286.91050637557004,42.69252132373523,14.317278624728772,wandb
1825,1777217784.054991,0.80078125,2.28e-05,5.10925817489624,8.98969841003418,45927628800.0,285.548140068828,42.48980008729091,14.249294436038813,wandb
1830,1777217928.4086435,0.82421875,2.28e-05,5.108375549316406,7.698885917663574,46053457920.0,285.2309961319556,42.442608806432425,14.233468462407851,wandb
1835,1777218071.8754072,0.6640625,2.28e-05,5.106339454650879,8.462776184082031,46179287040.0,286.05262008771115,42.56486713253663,14.274468770301441,wandb
1840,1777218215.9382858,0.59765625,2.28e-05,5.101787567138672,7.5264716148376465,46305116160.0,280.333520390202,41.71386035389721,13.98907683786152,wandb
1845,1777218369.1773896,0.69921875,2.28e-05,5.099648952484131,8.830427169799805,46430945280.0,224.5426544370832,33.412133224897275,11.205026219930888,wandb
1850,1777218514.3168163,1,2.28e-05,5.104744911193848,8.590372085571289,46556774400.0,286.11234858987285,42.57375478319949,14.277449315064649,wandb
1855,1777218665.6406462,0.77734375,2.28e-05,5.09755277633667,8.927521705627441,46682603520.0,281.44723902363125,41.879582610314266,14.04465312255667,wandb
1860,1777218816.2114465,0.7734375,2.28e-05,5.097296714782715,7.529340744018555,46808432640.0,280.96480261826974,41.807795673044424,14.02057879874912,wandb
1865,1777218965.3052957,0.6640625,2.28e-05,5.09060001373291,7.461632251739502,46934261760.0,286.1345342052981,42.5770560211764,14.278556411634646,wandb
1870,1777219108.762302,0.67578125,2.28e-05,5.090160369873047,7.381373405456543,47060090880.0,287.18323633171565,42.733103767422826,14.330888271934704,wandb
1875,1777219252.798648,0.90234375,2.28e-05,5.089292049407959,7.2155914306640625,47185920000.0,284.8816732295964,42.390629268818984,14.216036708561486,wandb
1880,1777219397.333257,0.6328125,2.28e-05,5.074007987976074,7.243937015533447,47311749120.0,286.9871274445958,42.703922602358844,14.321102134741091,wandb
1885,1777219551.0956266,0.8125,2.28e-05,5.084072113037109,7.714728355407715,47437578240.0,217.08312397805926,32.30214890536157,10.83278409697533,wandb
1890,1777219698.411851,0.5234375,2.28e-05,5.076655864715576,8.600894927978516,47563407360.0,283.5717137012861,42.19570620447359,14.150667699280987,wandb
1895,1777219868.245707,0.890625,2.28e-05,5.074758052825928,7.163675308227539,47689236480.0,282.48067328034136,42.03335848488444,14.096223092512005,wandb
1900,1777220031.2110314,1.03125,2.28e-05,5.066937446594238,7.077484130859375,47815065600.0,253.29378135406998,37.690324757479615,12.639751981791274,wandb
1905,1777220621.709073,0.80078125,2.28e-05,5.076987266540527,8.629393577575684,47940894720.0,281.02623156399096,41.81693635111937,14.023644198279534,wandb
1910,1777220777.5901253,0.474609375,2.28e-05,5.054096221923828,8.069341659545898,48066723840.0,285.1882861085358,42.436253519522154,14.23133716609147,wandb
1915,1777220920.99442,0.51171875,2.28e-05,5.068061828613281,7.702866554260254,48192552960.0,287.04417371501506,42.71241113471369,14.323948831986208,wandb
1920,1777221077.3104858,0.458984375,2.28e-05,5.0576276779174805,8.350484848022461,48318382080.0,241.16902611441614,35.88615112106214,12.034707916951321,wandb
1925,1777221262.2355204,4.6875,2.28e-05,5.050335884094238,7.510379791259766,48444211200.0,222.85282800025033,33.16068564948691,11.120701263591021,wandb
1930,1777221413.5044408,0.703125,2.28e-05,5.07073974609375,7.042445182800293,48570040320.0,279.60088926042806,41.60484423411328,13.952517409813275,wandb
1935,1777221557.377592,0.55859375,2.28e-05,5.0496134757995605,9.222968101501465,48695869440.0,282.9858682472597,42.108531914990806,14.121433103788876,wandb
1940,1777221700.9851332,0.5625,2.28e-05,5.057600975036621,7.343076705932617,48821698560.0,286.4442408584207,42.62314062804414,14.294011253287897,wandb
1945,1777221845.1919231,0.85546875,2.28e-05,5.0533623695373535,6.629107475280762,48947527680.0,285.01495681510534,42.41046197689345,14.222687765903164,wandb
1950,1777221989.3151658,0.66796875,2.28e-05,5.0574493408203125,8.434335708618164,49073356800.0,282.97022418593497,42.10620406568987,14.120652440899816,wandb
1955,1777222133.8282619,0.86328125,2.28e-05,5.0416975021362305,8.96522331237793,49199185920.0,281.5704710808202,41.897919642637575,14.050802593067742,wandb
1960,1777222279.3393316,0.82421875,2.28e-05,5.048854827880859,9.36021614074707,49325015040.0,277.21290604208286,41.24951035053472,13.833353348796038,wandb
1965,1777222425.86577,0.73046875,2.28e-05,5.038808822631836,7.451667785644531,49450844160.0,262.1560159902092,39.00903262202903,13.081991215642248,wandb
1970,1777222570.3919182,0.90625,2.28e-05,5.044889450073242,7.314435005187988,49576673280.0,285.7467389678776,42.51935176819536,14.259204828684162,wandb
1975,1777222715.163216,0.6875,2.28e-05,5.026050090789795,6.837128639221191,49702502400.0,284.2547724668782,42.29734591534995,14.184753389580678,wandb
1980,1777222870.6822824,0.6171875,2.28e-05,5.034613609313965,7.245682239532471,49828331520.0,281.605771672334,41.903172399934554,14.052564147256556,wandb
1985,1777223019.8358715,0.6796875,2.28e-05,5.020995140075684,7.98160457611084,49954160640.0,281.20319644800804,41.84326887264286,14.032475020068782,wandb
1990,1777223165.6904097,0.7421875,2.28e-05,5.030002593994141,8.480390548706055,50079989760.0,278.50651811330255,41.4420008997058,13.897906594649365,wandb
1995,1777223309.6950722,0.57421875,2.28e-05,5.021358966827393,6.924349308013916,50205818880.0,282.72577913234386,42.06983043896301,14.108454254137985,wandb
2000,1777223454.175943,0.72265625,2.28e-05,5.025466442108154,7.733668327331543,50331648000.0,278.54971337468334,41.44842839042714,13.90006210509152,wandb
2005,1777224053.7064545,0.6328125,2.28e-05,5.0079755783081055,7.630667209625244,50457477120.0,287.038241876296,42.711528472192185,14.32365282404711,wandb
2010,1777224197.9980533,0.69140625,2.28e-05,5.022929668426514,11.210310935974121,50583306240.0,279.2360790349227,41.55056016996989,13.934312814555708,wandb
2015,1777224341.7305672,0.94921875,2.28e-05,5.026994705200195,6.756733417510986,50709135360.0,285.0338089499861,42.41326719020043,14.223628516631218,wandb
2020,1777224511.7109585,0.62109375,2.28e-05,5.0131425857543945,7.841175556182861,50834964480.0,149.29054013931244,22.214556200275304,7.449829168726426,wandb
2025,1777224688.5431006,0.87890625,2.28e-05,5.015894889831543,7.019223690032959,50960793600.0,276.4191053287475,41.13139214598035,13.793741463790843,wandb
2030,1777224836.6665235,0.72265625,2.28e-05,5.017397880554199,6.88222599029541,51086622720.0,279.35097714489683,41.567657104035135,13.940046408193444,wandb
2035,1777224983.4319642,0.72265625,2.28e-05,5.020400524139404,10.9490966796875,51212451840.0,283.0834701685199,42.12305516182926,14.126303590822076,wandb
2040,1777225130.3958707,0.81640625,2.28e-05,5.0102009773254395,7.2985453605651855,51338280960.0,262.08069177149946,38.9978243158081,13.078232420469215,wandb
2045,1777225309.5967033,0.53125,2.28e-05,5.00634241104126,6.4125213623046875,51464110080.0,169.5417354973251,25.227950866699068,8.460395181408243,wandb
2050,1777225464.7182598,0.380859375,2.28e-05,4.995889186859131,6.896603107452393,51589939200.0,285.3100373834796,42.454370210219174,14.237412743275122,wandb
2055,1777225618.14703,0.70703125,2.28e-05,4.9969587326049805,7.093335151672363,51715768320.0,280.668124489577,41.76364972141823,14.005774100643027,wandb
2060,1777225771.00135,0.73046875,2.28e-05,4.998014450073242,7.062111854553223,51841597440.0,248.78970689395575,37.020114741955105,12.414991690484385,wandb
2065,1777225922.6063075,0.609375,2.28e-05,4.989528656005859,7.8741559982299805,51967426560.0,275.21025101109603,40.95151362084169,13.733417761110307,wandb
2070,1777226066.1756637,0.6953125,2.28e-05,4.999925136566162,7.179133415222168,52093255680.0,287.4581659976088,42.77401352974539,14.344607688063867,wandb
2075,1777226249.1480799,0.62109375,2.28e-05,4.993590354919434,6.961988925933838,52219084800.0,166.39735222033522,24.760064027005708,8.303485585979656,wandb
2080,1777226392.936825,0.859375,2.28e-05,4.991851329803467,7.600274562835693,52344913920.0,283.53550589146397,42.190318452339845,14.14886087349352,wandb
2085,1777226537.5529068,0.85546875,2.28e-05,4.996891975402832,7.230237007141113,52470743040.0,285.65985962029197,42.50642404921341,14.254869414684055,wandb
2090,1777226683.615146,0.94921875,2.28e-05,4.994980335235596,7.438823699951172,52596572160.0,286.8757414651348,42.68734827622706,14.315543801855421,wandb
2095,1777226827.805832,0.57421875,2.28e-05,4.976583957672119,8.261614799499512,52722401280.0,286.82113071854104,42.67922215183757,14.312818641021249,wandb
2100,1777226974.4020207,0.5859375,2.28e-05,4.982974529266357,7.354109764099121,52848230400.0,270.28892927899005,40.21921686516322,13.487836184713585,wandb
2105,1777227578.5929327,0.72265625,2.28e-05,4.974370002746582,6.797205448150635,52974059520.0,287.0329580905338,42.71074224048819,14.323389154954238,wandb
2110,1777227723.409008,0.80078125,2.28e-05,4.978638648986816,6.8857741355896,53099888640.0,280.79362913009277,41.782324916025544,14.0120369765818,wandb
2115,1777227883.6329052,0.7734375,2.28e-05,4.9753594398498535,6.549225807189941,53225717760.0,255.59437979435484,38.032655713602374,12.754555407044924,wandb
2120,1777228068.4786777,0.57421875,2.28e-05,4.982451915740967,7.598037242889404,53351546880.0,263.28975603448623,39.177734080986795,13.138566599747138,wandb
2125,1777228213.8928041,0.6484375,2.28e-05,4.966150283813477,8.065023422241211,53477376000.0,284.92271704285355,42.39673662227503,14.218084858410185,wandb
2130,1777228369.4645844,0.5546875,2.28e-05,4.967128753662109,7.867743492126465,53603205120.0,253.81984092913828,37.768602858584636,12.666003169329175,wandb
2135,1777228514.733378,0.59765625,2.28e-05,4.964166164398193,6.746408462524414,53729034240.0,286.02693828685915,42.56104565926834,14.273187208663884,wandb
2140,1777228661.2970612,0.87890625,2.28e-05,4.981637477874756,6.853292942047119,53854863360.0,268.9365906270081,40.01798775206454,13.420352391526622,wandb
2145,1777228812.9146762,0.5859375,2.28e-05,4.960136413574219,6.685788631439209,53980692480.0,231.6525146662692,34.470086324202626,11.559819256860964,wandb
2150,1777228961.9266338,0.6484375,2.28e-05,4.960176467895508,7.3332953453063965,54106521600.0,282.0069237677532,41.962864164464534,14.072582258107794,wandb
2155,1777229109.2663336,0.60546875,2.28e-05,4.960611343383789,7.086091995239258,54232350720.0,269.5205762959701,40.10488530398715,13.449494180863653,wandb
2160,1777229253.53389,0.703125,2.28e-05,4.9593000411987305,6.680532455444336,54358179840.0,283.6041730101581,42.20053617655679,14.1522874690655,wandb
2165,1777229399.195423,0.76171875,2.28e-05,4.955440521240234,7.8916497230529785,54484008960.0,273.8366375393709,40.74711879691903,13.66487232146849,wandb
2170,1777229545.4447927,0.75390625,2.28e-05,4.959785461425781,7.604229927062988,54609838080.0,286.3164438966361,42.604124334130674,14.287633986967544,wandb
2175,1777229691.000222,0.77734375,2.28e-05,4.962065696716309,7.379009246826172,54735667200.0,276.17764152081315,41.09546213107998,13.781692045804531,wandb
2180,1777229856.954807,0.62109375,2.28e-05,4.941557884216309,6.704433917999268,54861496320.0,283.9073026615822,42.24564212011656,14.167414108147774,wandb
2185,1777230000.971676,0.58984375,2.28e-05,4.945432662963867,7.751812934875488,54987325440.0,285.3222697035948,42.4561903895983,14.238023154993847,wandb
2190,1777230146.0237415,0.6015625,2.28e-05,4.949665546417236,6.9402008056640625,55113154560.0,285.49257512980006,42.48153197827577,14.246521659524356,wandb
2195,1777230289.6386316,0.51171875,2.28e-05,4.945836067199707,9.56845474243164,55238983680.0,286.14240428106945,42.578227094978935,14.278949140604523,wandb
2200,1777230433.2944145,0.68359375,2.28e-05,4.946842670440674,6.882956027984619,55364812800.0,284.53592281289747,42.33918132003496,14.198783227282501,wandb
2205,1777231040.8525176,0.5546875,2.28e-05,4.942421913146973,7.521301746368408,55490641920.0,262.6333119553944,39.080054657536955,13.105809023523673,wandb
2210,1777231205.2339618,0.69140625,2.28e-05,4.945061683654785,6.620841979980469,55616471040.0,201.58453121038593,29.995945446378993,10.059380314209989,wandb
2215,1777231360.4814487,0.6484375,2.28e-05,4.939842224121094,7.265501976013184,55742300160.0,281.0108379794373,41.814645772969726,14.022876034569283,wandb
2220,1777231511.1129053,0.62890625,2.28e-05,4.948461532592773,7.32599401473999,55868129280.0,254.65717822370266,37.89319934253686,12.707787597165574,wandb
2225,1777231658.0490148,0.68359375,2.28e-05,4.9331464767456055,7.3717875480651855,55993958400.0,279.59993716314307,41.60470256124757,13.952469898684178,wandb
2230,1777231812.1598256,0.95703125,2.28e-05,4.9336957931518555,6.832422256469727,56119787520.0,264.1386056246908,39.30404360407904,13.18092550896581,wandb
2235,1777231963.3613453,0.640625,2.28e-05,4.931979179382324,7.120160102844238,56245616640.0,272.9216921101529,40.61097415815905,13.61921512751621,wandb
2240,1777232116.467457,0.6484375,2.28e-05,4.939001560211182,7.317744255065918,56371445760.0,279.07027343109394,41.52588815859438,13.926038858130948,wandb
2245,1777232629.0734031,0.69140625,2.28e-05,4.936124801635742,11.198238372802734,56497274880.0,96.03934783476804,14.290734616690152,4.792512199214106,wandb
2250,1777232785.267803,0.63671875,2.28e-05,4.937040328979492,7.104969024658203,56623104000.0,238.31982186142938,35.462187164973734,11.892528211983057,wandb
2255,1777232937.8770685,0.7734375,2.28e-05,4.919952869415283,6.503012657165527,56748933120.0,280.9937016426252,41.812095871838515,14.02202090482222,wandb
2260,1777233083.0580878,0.4921875,2.28e-05,4.911164283752441,6.755451679229736,56874762240.0,282.43521434358524,42.026594157389674,14.093954621162723,wandb
2265,1777233229.1174421,0.91015625,2.28e-05,4.950315475463867,7.012896537780762,57000591360.0,285.99757542971474,42.55667644177051,14.27172195661625,wandb
2270,1777233374.125255,0.6640625,2.28e-05,4.922386646270752,7.901030540466309,57126420480.0,283.66925304537745,42.210220139777405,14.155535063616544,wandb
2275,1777233521.740116,0.54296875,2.28e-05,4.935495853424072,7.1673502922058105,57252249600.0,277.672956312048,41.317966212289626,13.85631056977647,wandb
2280,1777233667.6149049,0.6640625,2.28e-05,4.910665988922119,7.190504550933838,57378078720.0,282.1047758673647,41.977424638049165,14.07746522942819,wandb
2285,1777233812.1904142,0.73046875,2.28e-05,4.921905040740967,7.075533866882324,57503907840.0,287.1439825536798,42.72726277269245,14.328929447615886,wandb
2290,1777233956.833742,0.67578125,2.28e-05,4.919375896453857,7.3165788650512695,57629736960.0,284.766791899752,42.37353483165097,14.210303952278212,wandb
2295,1777234102.0674667,0.75390625,2.28e-05,4.921626091003418,6.302833557128906,57755566080.0,276.8363876401928,41.193484100034055,13.814564497403676,wandb
2300,1777234254.2625885,0.5234375,2.28e-05,4.895239353179932,6.713336944580078,57881395200.0,253.10610000003743,37.66239761632916,12.630386391550976,wandb
2305,1777234858.5427465,0.7265625,2.28e-05,4.920098304748535,7.828575611114502,58007224320.0,276.7562111075147,41.18155376546992,13.81056356424853,wandb
2310,1777235007.0208614,0.80859375,2.28e-05,4.918015480041504,6.834899425506592,58133053440.0,265.7307987948983,39.540963268434616,13.260378414090207,wandb
2315,1777235156.31573,0.62890625,2.28e-05,4.907810211181641,6.615671157836914,58258882560.0,281.49780778909417,41.88710728455891,14.047176582272341,wandb
2320,1777235307.0240965,0.78125,2.28e-05,4.907238960266113,7.4580078125,58384711680.0,269.4647773183399,40.096582369833875,13.446709725460472,wandb
2325,1777235709.0257456,0.703125,2.28e-05,4.901318073272705,7.2150726318359375,58510540800.0,277.67691248097526,41.318554893507404,13.856507988733114,wandb
2330,1777235854.6029725,0.83203125,2.28e-05,4.908694267272949,8.467226028442383,58636369920.0,285.1191787533384,42.425970287748385,14.227888602036153,wandb
2335,1777236000.692157,1.015625,2.28e-05,4.928293704986572,6.761491298675537,58762199040.0,283.847159315854,42.2366927403869,14.164412862048104,wandb
2340,1777236146.3267298,0.52734375,2.28e-05,4.902175426483154,6.819465637207031,58888028160.0,277.5720724590308,41.30295461128356,13.85127630926566,wandb
2345,1777236291.038957,0.5390625,2.28e-05,4.896495819091797,8.243279457092285,59013857280.0,287.09067610580513,42.7193307290342,14.326269373307849,wandb
2350,1777236444.8135445,0.80859375,2.28e-05,4.8981170654296875,7.134015083312988,59139686400.0,285.4196499922205,42.4706806573169,14.242882582215328,wandb
2355,1777236592.10146,0.8828125,2.28e-05,4.898349761962891,8.625724792480469,59265515520.0,277.5887381922544,41.30543448621046,13.852107955164803,wandb
2360,1777236758.6398804,0.62109375,2.28e-05,4.8894853591918945,7.402609348297119,59391344640.0,276.33571707593245,41.118983904795925,13.789580260826671,wandb
2365,1777236911.3231735,0.69921875,2.28e-05,4.891265392303467,7.0807647705078125,59517173760.0,276.0529430195411,41.07690689066077,13.775469397462537,wandb
2370,1777237063.637107,0.80078125,2.28e-05,4.893354415893555,6.813157081604004,59643002880.0,263.0860515965149,39.147422691656054,13.128401432802322,wandb
2375,1777237212.0512958,0.765625,2.28e-05,4.883232116699219,6.66950798034668,59768832000.0,263.5029759897505,39.20946138718328,13.14920660574216,wandb
2380,1777237360.4153867,0.48828125,2.28e-05,4.888819694519043,6.702998161315918,59894661120.0,268.39430422911613,39.93729508626418,13.393291460398304,wandb
2385,1777237510.191644,0.71875,2.28e-05,4.939584255218506,7.239712715148926,60020490240.0,263.66567688856765,39.23367141587791,13.157325632578388,wandb
2390,1777237660.5167189,0.455078125,2.28e-05,4.891120910644531,7.161303520202637,60146319360.0,281.0646836562017,41.82265805433402,14.025563017234054,wandb
2395,1777237812.593589,0.46484375,2.28e-05,4.883296012878418,6.85856819152832,60272148480.0,282.7811640680006,42.07807176332721,14.111218048205435,wandb
2400,1777237957.5270913,0.55859375,2.28e-05,4.8860015869140625,8.594274520874023,60397977600.0,281.25518966915456,41.85100550707472,14.035069562329209,wandb
2405,1777238562.9359326,0.44140625,2.28e-05,4.882681846618652,6.848662376403809,60523806720.0,280.2073849977812,41.695091302883256,13.982782486425801,wandb
2410,1777239278.3565962,0.765625,2.28e-05,4.891351699829102,6.855790615081787,60649635840.0,17.532893737299602,2.6089091305935623,0.8749185518012622,wandb
2415,1777239576.8823633,0.5078125,2.28e-05,4.8799147605896,8.645306587219238,60775464960.0,228.45796775833608,33.99473509461719,11.400406418556695,wandb
2420,1777239788.3773444,0.65234375,2.28e-05,4.879243850708008,9.307988166809082,60901294080.0,227.45913948673896,33.84610861933541,11.350563340854993,wandb
2425,1777239963.858321,0.79296875,2.28e-05,4.874557971954346,7.896685600280762,61027123200.0,233.4706469815724,34.740625920751405,11.65054687525199,wandb
2430,1777240673.3248618,0.55859375,2.28e-05,4.864993095397949,6.6995415687561035,61152952320.0,58.751632495525875,8.742291646288308,2.9317974539245966,wandb
2435,1777240914.7247822,0.51953125,2.28e-05,4.873378753662109,6.841254234313965,61278781440.0,192.09131806659073,28.58334745653156,9.58565427559035,wandb
2440,1777241136.8538027,0.50390625,2.28e-05,4.868839263916016,8.528663635253906,61404610560.0,214.58564549844633,31.930522036086618,10.708156052838543,wandb
2445,1777241331.6725852,0.80859375,2.28e-05,4.863012313842773,6.498207092285156,61530439680.0,187.36482662428702,27.880041609575702,9.34979503240085,wandb
2450,1777242054.4107254,0.6328125,2.28e-05,4.86722469329834,9.024932861328125,61656268800.0,26.979051717455707,4.014505273062066,1.3462964648779785,wandb
2455,1777242385.1882842,0.66796875,2.28e-05,4.857981204986572,8.19691276550293,61782097920.0,177.82636753605806,26.460710985667728,8.873811151078689,wandb
2460,1777242592.487135,1.1796875,2.28e-05,4.87376594543457,6.87075662612915,61907927040.0,189.06104325996904,28.132440051875115,9.434438869560196,wandb
2465,1777242757.4760273,0.66796875,2.28e-05,4.870555400848389,6.753823757171631,62033756160.0,253.41774304665347,37.70877036015483,12.645937862238565,wandb
2470,1777242945.264317,0.58203125,2.28e-05,4.864557266235352,6.966414928436279,62159585280.0,180.02206957000644,26.787433269522342,8.983380083196398,wandb
2475,1777243714.9277554,0.6328125,2.28e-05,4.857781410217285,7.678798675537109,62285414400.0,173.67148608524283,25.84246117956155,8.666476131753289,wandb
2480,1777243915.678493,0.5234375,2.28e-05,4.852638244628906,7.674950122833252,62411243520.0,199.79792869186358,29.730097509743274,9.970226081510532,wandb
2485,1777244119.6291924,0.609375,2.28e-05,4.856079578399658,7.308837890625,62537072640.0,203.22033254765705,30.239354042163995,10.14100933440961,wandb
2490,1777244494.0511458,0.6328125,2.28e-05,4.847043037414551,7.5344133377075195,62662901760.0,36.21443287879652,5.3887376500641295,1.8071562882523184,wandb
2495,1777245128.20883,0.5859375,2.28e-05,4.850041389465332,7.332995414733887,62788730880.0,36.03953904742733,5.362713302892455,1.798428815197772,wandb
2500,1777245483.2014377,0.84375,2.28e-05,4.849247932434082,6.947894096374512,62914560000.0,207.91140999992425,30.937390258028636,10.375101364648383,wandb
2505,1777272185.7783933,0.65625,2.28e-05,4.850812911987305,7.184665203094482,63040389120.0,266.0427384565418,39.587380148822405,13.275944686327055,wandb
2510,1777272342.737395,0.65625,2.28e-05,4.851513385772705,7.646594524383545,63166218240.0,199.03914422613136,29.617189751876133,9.93236156149263,wandb
2515,1777272492.9365065,0.6015625,2.28e-05,4.854379653930664,6.81182861328125,63292047360.0,282.05025473633975,41.96931184853064,14.074744540549693,wandb
2520,1777272669.9038885,0.74609375,2.28e-05,4.849557876586914,6.734845161437988,63417876480.0,276.75844568491874,41.18188627244109,13.810675073121827,wandb
2525,1777272821.3757317,0.59375,2.28e-05,4.840635299682617,7.251391410827637,63543705600.0,286.02797982765685,42.56120064140293,14.273239183162792,wandb
2530,1777272977.6496382,0.6015625,2.28e-05,4.83763313293457,8.3272705078125,63669534720.0,286.52328295388435,42.634902157409805,14.297955576269063,wandb
2535,1777273120.633727,0.80859375,2.28e-05,4.837477684020996,6.938807487487793,63795363840.0,288.1598956840235,42.87843148912658,14.379625086229455,wandb
2540,1777273271.147343,0.5625,2.28e-05,4.839739799499512,7.507382869720459,63921192960.0,285.97331280436725,42.553066142994425,14.270511214034336,wandb
2545,1777273415.0864444,0.5234375,2.28e-05,4.831396102905273,7.605960845947266,64047022080.0,282.672631094615,42.061921966865846,14.105802084741562,wandb
2550,1777273556.5324535,0.55859375,2.28e-05,4.827185153961182,7.714332103729248,64172851200.0,289.69751043021984,43.10722983871977,14.45635444346661,wandb
2555,1777273698.92919,0.482421875,2.28e-05,4.841032028198242,7.826572895050049,64298680320.0,287.46062326770897,42.77437917357446,14.344730309647598,wandb
2560,1777273840.4680269,0.57421875,2.28e-05,4.844966411590576,7.451361179351807,64424509440.0,288.519389028883,42.93192439701982,14.397564360908198,wandb
2565,1777273982.359177,0.546875,2.28e-05,4.832834243774414,6.745081901550293,64550338560.0,290.76759307206464,43.26645902339562,14.509753224599855,wandb
2570,1777274135.06091,0.515625,2.28e-05,4.829605579376221,8.087726593017578,64676167680.0,288.89737099343824,42.988168426859005,14.416426246344265,wandb
2575,1777274276.4803023,0.65625,2.28e-05,4.826511383056641,7.209500312805176,64801996800.0,290.58305119481645,43.23899903899467,14.500544299113404,wandb
2580,1777274417.3711357,0.5234375,2.28e-05,4.844191551208496,7.4713897705078125,64927825920.0,289.1216248413762,43.02153758543729,14.427616860672597,wandb
2585,1777274558.2676096,0.5859375,2.28e-05,4.822239398956299,7.1667094230651855,65053655040.0,291.72252318690397,43.40855341654095,14.557405716291472,wandb
2590,1777274699.0914207,0.7421875,2.28e-05,4.8334784507751465,8.075845718383789,65179484160.0,288.87098569405003,42.984242272425014,14.415109579040198,wandb
2595,1777274839.8847766,0.9140625,2.28e-05,4.823383331298828,9.77182388305664,65305313280.0,292.11110662966036,43.466374955129744,14.57679663190896,wandb
2600,1777274981.3801055,0.64453125,2.28e-05,4.829268455505371,7.301906585693359,65431142400.0,284.73744171429286,42.36916749971043,14.208839332567297,wandb
2605,1777275575.768974,0.4609375,2.28e-05,4.813530445098877,7.103933334350586,65556971520.0,291.4524139639946,43.36836094013264,14.543926847732925,wandb
2610,1777275716.7636275,0.73046875,2.28e-05,4.824810981750488,8.117585182189941,65682800640.0,290.30253459786155,43.1972579366961,14.486546086471423,wandb
2615,1777275861.896705,0.71484375,2.28e-05,4.820348739624023,6.408079147338867,65808629760.0,257.4359229542302,38.30667886324139,12.84645126283797,wandb
2620,1777276005.3216746,0.64453125,2.28e-05,4.815282344818115,6.445903778076172,65934458880.0,284.5562761777595,42.34220991760833,14.199798891711671,wandb
2625,1777276149.3787146,0.71875,2.28e-05,4.813499450683594,8.244565963745117,66060288000.0,285.75048887209215,42.51990975705281,14.259391954712182,wandb
2630,1777276292.3610168,0.81640625,2.28e-05,4.811652660369873,7.119811534881592,66186117120.0,282.9000726241194,42.0957654551052,14.117151769317024,wandb
2635,1777276433.802108,1.0703125,2.28e-05,4.823410511016846,9.83013916015625,66311946240.0,290.4548919894491,43.21992884293564,14.494148956277243,wandb
2640,1777276575.0633333,0.490234375,2.28e-05,4.821348667144775,7.7657976150512695,66437775360.0,290.9343583825739,43.29127383992122,14.518075071874334,wandb
2645,1777276722.9907901,0.625,2.28e-05,4.8144330978393555,7.002376556396484,66563604480.0,289.2466992041936,43.04014875436619,14.433858265087823,wandb
2650,1777276867.8420281,0.640625,2.28e-05,4.810173034667969,6.974025249481201,66689433600.0,276.28411682805,41.1113057451117,13.787005328540744,wandb
2655,1777277011.866023,0.6953125,2.28e-05,4.821827411651611,7.723631858825684,66815262720.0,282.85263608872947,42.088706859293424,14.11478461273308,wandb
2660,1777277155.6453516,0.6953125,2.28e-05,4.815645694732666,6.484243869781494,66941091840.0,283.5480201573672,42.19218058548608,14.149485354743733,wandb
2665,1777277298.7921107,0.515625,2.28e-05,4.814342975616455,7.272800445556641,67066920960.0,285.66827108390044,42.50767568197516,14.25528915974549,wandb
2670,1777277441.295867,0.5625,2.28e-05,4.8151960372924805,8.076967239379883,67192750080.0,287.45681743051284,42.77381286184296,14.34454039247717,wandb
2675,1777277582.4103057,0.63671875,2.28e-05,4.814640045166016,7.336792945861816,67318579200.0,290.43181515993183,43.21649499156263,14.492997386743776,wandb
2680,1777277724.037851,0.5546875,2.28e-05,4.801462173461914,6.507781505584717,67444408320.0,288.4516171746487,42.92183988889707,14.394182440419314,wandb
2685,1777277865.6147509,1.3046875,2.28e-05,4.8082194328308105,6.581401824951172,67570237440.0,284.20068698602796,42.289297950938774,14.18205444032062,wandb
2690,1777278007.6945076,0.5078125,2.28e-05,4.799696922302246,8.406269073486328,67696066560.0,285.36653247611093,42.462776726862,14.240231935894979,wandb
2695,1777278149.2433422,0.494140625,2.28e-05,4.817258834838867,10.702676773071289,67821895680.0,289.2319357440988,43.03795193925869,14.43312154556398,wandb
2700,1777278291.3567002,0.484375,2.28e-05,4.790683746337891,9.830472946166992,67947724800.0,285.6753695794541,42.50873194400132,14.25564338566751,wandb
2705,1777278890.1563497,0.73828125,2.28e-05,4.7977375984191895,6.528713226318359,68073553920.0,275.54124927328286,41.00076643679829,13.749935087031533,wandb
2710,1777279038.8508043,0.69140625,2.28e-05,4.797898292541504,6.354846954345703,68199383040.0,287.0733473604409,42.716752197350836,14.325404642076041,wandb
2715,1777279189.4101353,0.5625,2.28e-05,4.7993483543396,7.3802361488342285,68325212160.0,272.43641745310276,40.53876488668378,13.594999170553617,wandb
2720,1777279335.604863,0.59375,2.28e-05,4.797006607055664,7.426659107208252,68451041280.0,290.6193084416027,43.24439414738967,14.502353591881947,wandb
2725,1777279484.2880585,0.96875,2.28e-05,4.848159313201904,8.773876190185547,68576870400.0,291.3082731193985,43.34691266290056,14.536733996347467,wandb
2730,1777279631.143702,17.75,2.28e-05,4.81035041809082,7.370418548583984,68702699520.0,290.31915228812926,43.1997306627913,14.487375334952658,wandb
2735,1777279780.2707212,0.6953125,2.28e-05,4.834830284118652,8.206079483032227,68828528640.0,285.0514857526842,42.41589751310375,14.224510616463043,wandb
2740,1777279929.6979463,0.4296875,2.28e-05,4.80254602432251,7.122217655181885,68954357760.0,263.8537095659173,39.26165083422936,13.166708754396328,wandb
2745,1777280119.5566812,0.54296875,2.28e-05,4.803282737731934,8.458508491516113,69080186880.0,174.21282949152172,25.923013527427727,8.693490006139642,wandb
2750,1777280279.6053874,0.462890625,2.28e-05,4.799077033996582,8.283435821533203,69206016000.0,268.25583325956063,39.91669049114096,13.386381544558668,wandb
2755,1777280429.555583,0.765625,2.28e-05,4.80253791809082,8.673074722290039,69331845120.0,268.4579173214685,39.94676076716946,13.39646585222834,wandb
2760,1777280578.3298824,0.8671875,2.28e-05,4.793577194213867,7.104221343994141,69457674240.0,284.59518361328253,42.347999376285536,14.201740433002692,wandb
2765,1777280727.5092509,0.52734375,2.28e-05,4.789112567901611,7.233687400817871,69583503360.0,275.3478069034157,40.97198205171321,13.740282013178634,wandb
2770,1777280873.6093466,0.59375,2.28e-05,4.7858781814575195,7.278201103210449,69709332480.0,289.661310924113,43.10184332218575,14.454548032047397,wandb
2775,1777281024.3014176,0.578125,2.28e-05,4.785233497619629,6.842162132263184,69835161600.0,266.9557544433841,39.723237684956516,13.321505598116534,wandb
2780,1777281170.8590121,0.48046875,2.28e-05,4.773738384246826,6.934221267700195,69960990720.0,291.1816282994371,43.32806780864602,14.530414223688487,wandb
2785,1777281320.7252977,0.52734375,2.28e-05,4.791799068450928,7.5927324295043945,70086819840.0,287.90124582307885,42.83994417528347,14.36671805758079,wandb
2790,1777281467.8290455,0.59765625,2.28e-05,4.783212661743164,8.313318252563477,70212648960.0,265.13582130096455,39.45243012383915,13.230688115663346,wandb
2795,1777281616.7572422,0.53125,2.28e-05,4.771946907043457,6.969550132751465,70338478080.0,263.33707729625974,39.18477552398885,13.14092800399909,wandb
2800,1777281765.8871322,0.66796875,2.28e-05,4.774546146392822,6.705960273742676,70464307200.0,265.12655599663964,39.451051438870586,13.230225762627766,wandb
2805,1777282362.9043345,0.6171875,2.28e-05,4.772580146789551,8.472583770751953,70590136320.0,279.2646464581965,41.554811026248,13.93573837322126,wandb
2810,1777282504.4756603,0.703125,2.28e-05,4.773583889007568,7.757414817810059,70715965440.0,290.97669027048573,43.29757285995426,14.520187498643226,wandb
2815,1777282645.7529535,0.609375,2.28e-05,4.78175163269043,7.359013080596924,70841794560.0,286.0586287683521,42.565761229199836,14.274768612771451,wandb
2820,1777282786.3143756,0.671875,2.28e-05,4.770210266113281,8.117942810058594,70967623680.0,291.9871435474721,43.4479291456802,14.57061068211824,wandb
2825,1777282927.084204,0.57421875,2.28e-05,4.764125347137451,7.1468353271484375,71093452800.0,290.615527811008,43.243831586421386,14.50216493255997,wandb
2830,1777283067.612404,0.67578125,2.28e-05,4.7689738273620605,6.756174087524414,71219281920.0,291.5033780185596,43.37594443372353,14.546470032986997,wandb
2835,1777283225.6601667,0.671875,2.28e-05,4.77322244644165,8.09119987487793,71345111040.0,244.28737272501883,36.35016368320123,12.190318242402544,wandb
2840,1777283370.4453652,0.76171875,2.28e-05,4.773046493530273,7.201019287109375,71470940160.0,285.35286381056466,42.46074281809138,14.239549848314685,wandb
2845,1777283526.4555612,0.56640625,2.28e-05,4.766051769256592,6.348531723022461,71596769280.0,284.6168985864662,42.35123058230654,14.202824043795923,wandb
2850,1777283668.7821548,0.6484375,2.28e-05,4.773858547210693,8.046151161193848,71722598400.0,286.1555159330496,42.58017811966892,14.279603432345185,wandb
2855,1777283811.4702666,0.62109375,2.28e-05,4.764737606048584,8.830205917358398,71848427520.0,288.7542792239793,42.96687625287748,14.409285745432921,wandb
2860,1777283953.4051788,0.57421875,2.28e-05,4.768537521362305,9.279293060302734,71974256640.0,288.7273082702264,42.96286295258826,14.407939853069015,wandb
2865,1777284094.849056,0.5546875,2.28e-05,4.7641401290893555,6.821700096130371,72100085760.0,290.7142468490137,43.25852106115815,14.50709116544892,wandb
2870,1777284235.7385743,6.03125,2.28e-05,4.769219875335693,6.975235462188721,72225914880.0,292.2796291482628,43.49145124567711,14.585206166588787,wandb
2875,1777284376.9931133,0.56640625,2.28e-05,4.79132080078125,6.60400915145874,72351744000.0,291.43610733507296,43.36593450022372,14.543113121694619,wandb
2880,1777284517.7126307,0.5234375,2.28e-05,4.779376983642578,6.957271099090576,72477573120.0,291.10630018043696,43.31685892205864,14.526655233884922,wandb
2885,1777284658.7317054,0.51953125,2.28e-05,4.765414237976074,7.483197212219238,72603402240.0,291.19678155138985,43.330322625105296,14.531170394429736,wandb
2890,1777284802.2909615,0.7578125,2.28e-05,4.775511741638184,8.307601928710938,72729231360.0,290.71501952468776,43.25863603593933,14.507129723161746,wandb
2895,1777284955.7193341,0.75,2.28e-05,4.758161544799805,6.746018409729004,72855060480.0,286.199803198372,42.58676810148253,14.281813435475282,wandb
2900,1777285103.6357846,0.578125,2.28e-05,4.761465072631836,7.5323309898376465,72980889600.0,268.9087454243242,40.013844362809245,13.418962872787056,wandb
2905,1777285713.733778,0.55859375,2.28e-05,4.7569169998168945,7.362692356109619,73106718720.0,263.2781981637456,39.176014260234034,13.137989844096772,wandb
2910,1777285860.8554094,0.8203125,2.28e-05,4.808933258056641,11.12772274017334,73232547840.0,291.57115322291,43.38602944034634,14.549852120651861,wandb
2915,1777286010.1208723,0.55859375,2.28e-05,4.767781734466553,6.435473442077637,73358376960.0,265.96269437390254,39.57546952293392,13.271950362633982,wandb
2920,1777286160.320076,0.58203125,2.28e-05,4.754406929016113,7.493024826049805,73484206080.0,266.7603962666067,39.69416822621416,13.311756922531682,wandb
2925,1777286313.0755181,0.6328125,2.28e-05,4.7612128257751465,6.787349700927734,73610035200.0,266.13926807800453,39.60174383656159,13.280761663939622,wandb
2930,1777286465.8698475,0.466796875,2.28e-05,4.766258239746094,6.5922160148620605,73735864320.0,262.28249518739574,39.0278528314773,13.088302723468251,wandb
2935,1777286614.1023016,0.6171875,2.28e-05,4.766468048095703,10.480927467346191,73861693440.0,290.0697295132609,43.16261634700967,14.474928752189776,wandb
2940,1777286764.5999303,0.6484375,2.28e-05,4.7451958656311035,7.0822553634643555,73987522560.0,266.8434964069996,39.70653359603119,13.315903748239771,wandb
2945,1777286911.2154257,0.5625,2.28e-05,4.755253791809082,6.2095255851745605,74113351680.0,289.47870574483096,43.07467152004854,14.445435750788944,wandb
2950,1777287061.8677583,0.5703125,2.28e-05,4.751432418823242,6.8293561935424805,74239180800.0,261.7959592289123,38.95545587730257,13.064023825610677,wandb
2955,1777287212.0743933,0.6875,2.28e-05,4.750370979309082,6.842199325561523,74365009920.0,282.3764265639345,42.017846487016705,14.09102101990977,wandb
2960,1777287362.645335,0.6171875,2.28e-05,4.75005578994751,6.910925388336182,74490839040.0,264.0490007471037,39.29071032397221,13.17645408679743,wandb
2965,1777287510.7130182,0.58984375,2.28e-05,4.745490074157715,7.688533782958984,74616668160.0,279.5764636417877,41.601209681800015,13.951298533613608,wandb
2970,1777287661.2609844,0.62109375,2.28e-05,4.751302719116211,6.956520080566406,74742497280.0,261.26058477770107,38.87579171490136,13.037307811326702,wandb
2975,1777287810.2327104,0.6328125,2.28e-05,4.743448734283447,6.6441450119018555,74868326400.0,288.30661801932933,42.900263894317455,14.386946757999446,wandb
2980,1777287961.7707963,0.55859375,2.28e-05,4.744792938232422,7.328158378601074,74994155520.0,258.5095721994492,38.46643876145761,12.900028023003417,wandb
2985,1777288109.8172293,0.7109375,2.28e-05,4.748673915863037,6.848381996154785,75119984640.0,286.9596164873613,42.69982894910366,14.319729295367116,wandb
2990,1777288259.5981567,0.55078125,2.28e-05,4.753264427185059,7.22524356842041,75245813760.0,264.3996208577037,39.34288288724784,13.193950573344082,wandb
2995,1777288407.7722938,0.6875,2.28e-05,4.7504777908325195,7.984547138214111,75371642880.0,288.91869004015325,42.99134071869307,14.41749009979351,wandb
3000,1777288559.9574406,0.70703125,2.28e-05,4.750295162200928,7.02617883682251,75497472000.0,264.8422015780934,39.40873926553598,13.216036036744496,wandb
3005,1777289161.8490152,0.671875,2.28e-05,4.747150421142578,6.513883590698242,75623301120.0,259.2325431316957,38.5740174358369,12.936105392233678,wandb
3010,1777289310.6287932,0.59765625,2.28e-05,4.745793342590332,6.663793087005615,75749130240.0,290.8642537293138,43.28084220936851,14.514576741101111,wandb
3015,1777289462.8110573,0.494140625,2.28e-05,4.7442121505737305,6.27171516418457,75874959360.0,255.47948487587962,38.01555925443482,12.74882197266793,wandb
3020,1777289612.6399605,0.484375,2.28e-05,4.738675117492676,7.272356986999512,76000788480.0,270.4035175754629,40.2362676987225,13.493554318177777,wandb
3025,1777289762.9189916,0.484375,2.28e-05,4.7337846755981445,7.531927585601807,76126617600.0,289.80037449995007,43.122536097615196,14.46148751985829,wandb
3030,1777289905.0985518,0.64453125,2.28e-05,4.725920677185059,7.665153980255127,76252446720.0,289.50891228900537,43.07916627887621,14.446943104126046,wandb
3035,1777290048.622393,0.5859375,2.28e-05,4.728017807006836,6.790407180786133,76378275840.0,290.2181110109026,43.184695636932304,14.482333218729979,wandb
3040,1777290191.3971548,0.53515625,2.28e-05,4.740581512451172,6.733943939208984,76504104960.0,289.8758872101584,43.133772451527456,14.465255721049031,wandb
3045,1777290332.9915001,0.58203125,2.28e-05,4.7308783531188965,6.498584747314453,76629934080.0,289.4128023125031,43.06486503465521,14.442147067446937,wandb
3050,1777290474.198095,0.63671875,2.28e-05,4.7324442863464355,7.203479766845703,76755763200.0,290.1627881887898,43.176463555114964,14.479572524224572,wandb
3055,1777290615.618859,0.58984375,2.28e-05,4.715951442718506,6.78456974029541,76881592320.0,291.30321213483467,43.346159584199675,14.536481445379462,wandb
3060,1777290756.5514271,0.796875,2.28e-05,4.731860160827637,6.4874372482299805,77007421440.0,289.6657021071297,43.10249673386085,14.454767158880832,wandb
3065,1777290898.8479657,0.65625,2.28e-05,4.729170322418213,7.64816951751709,77133250560.0,287.9733234241223,42.85066938210278,14.370314841504035,wandb
3070,1777291040.2729692,0.640625,2.28e-05,4.728527069091797,7.428206443786621,77259079680.0,290.62127068628655,43.24468613102619,14.502451510930724,wandb
3075,1777291181.1422086,0.51953125,2.28e-05,4.7319207191467285,6.999422550201416,77384908800.0,290.46561892636316,43.2215250200458,14.494684247042747,wandb
3080,1777291323.576737,0.56640625,2.28e-05,4.714730262756348,6.414500713348389,77510737920.0,287.1742419615758,42.73176539768573,14.33043943893457,wandb
3085,1777291466.5438654,0.6796875,2.28e-05,4.73384952545166,7.607367515563965,77636567040.0,283.70031446722214,42.21484210511149,14.157085076673399,wandb
3090,1777291607.9885867,0.5703125,2.28e-05,4.723250865936279,6.754825115203857,77762396160.0,290.87570650735154,43.282546392239915,14.51514825246284,wandb
3095,1777291750.1368074,0.6875,2.28e-05,4.72390079498291,9.21373176574707,77888225280.0,280.49461417840257,41.73783124319909,13.997115667388945,wandb
3100,1777291891.59331,0.84375,2.28e-05,4.733096122741699,6.58493185043335,78014054400.0,286.46457949061937,42.626167033384974,14.295026182534345,wandb
3105,1777294422.287628,0.66015625,2.28e-05,4.720947742462158,7.083300590515137,78139883520.0,289.93441600455486,43.14248158467977,14.468176398536691,wandb
3110,1777294565.5325105,0.73046875,2.28e-05,4.723758697509766,7.471282958984375,78265712640.0,287.1835311831714,42.73314764156401,14.330902985479002,wandb
3115,1777294707.5234544,0.95703125,2.28e-05,4.718059539794922,6.682829856872559,78391541760.0,289.59983457428064,43.09269559033975,14.451480266978422,wandb
3120,1777294850.145142,0.5546875,2.28e-05,4.71726131439209,6.561947822570801,78517370880.0,289.3523274533176,43.05586632544815,14.439129278312313,wandb
3125,1777294992.847603,0.62890625,2.28e-05,4.714840888977051,7.143795967102051,78643200000.0,288.7990045292428,42.97353141539764,14.411517607434497,wandb
3130,1777295134.7428887,0.64453125,2.28e-05,4.727451801300049,8.313623428344727,78769029120.0,288.1608565422041,42.87857446562082,14.379673034540808,wandb
3135,1777295276.7199943,0.5703125,2.28e-05,4.723964691162109,6.901275157928467,78894858240.0,288.30078921579155,42.89939656351639,14.386655891675472,wandb
3140,1777295418.6655881,0.6015625,2.28e-05,4.736403942108154,7.451584815979004,79020687360.0,287.996473155643,42.854114081354375,14.371470048960381,wandb
3145,1777295562.162422,0.6796875,2.28e-05,4.708813667297363,7.466520309448242,79146516480.0,282.2141261954081,41.99369605756156,14.082921980155376,wandb
3150,1777295704.5627387,0.734375,2.28e-05,4.7173919677734375,7.67233943939209,79272345600.0,288.152593251077,42.8773448810472,14.37926068351568,wandb
3155,1777295847.4127746,0.6484375,2.28e-05,4.7204437255859375,7.506973743438721,79398174720.0,289.16207937086904,43.02755725298043,14.429635604348796,wandb
3160,1777295989.4473522,0.5,2.28e-05,4.711066246032715,7.390897750854492,79524003840.0,289.25207646172976,43.040948894747686,14.434126598566978,wandb
3165,1777296132.1171956,0.5078125,2.28e-05,4.715298175811768,6.707825660705566,79649832960.0,289.5192439495516,43.08070363853498,14.447458669988604,wandb
3170,1777296277.6645164,0.462890625,2.28e-05,4.70762300491333,7.974633693695068,79775662080.0,255.44686530446032,38.01070543515166,12.747194205534097,wandb
3175,1777296420.6500595,0.69921875,2.28e-05,4.70638370513916,7.063910007476807,79901491200.0,288.4265811299988,42.918114504687274,14.39293310301637,wandb
3180,1777296563.1932373,0.4453125,2.28e-05,4.717389106750488,7.337426662445068,80027320320.0,288.57531124803904,42.94024566961438,14.40035496625439,wandb
3185,1777296706.889364,0.4296875,2.28e-05,4.7086944580078125,7.049210548400879,80153149440.0,279.29517181989223,41.559353225387284,13.93726163604645,wandb
3190,1777296849.4928834,0.78125,2.28e-05,4.714144706726074,7.89730167388916,80278978560.0,288.4662524546961,42.92401763070721,14.39491276356027,wandb
3195,1777296991.6298096,0.68359375,2.28e-05,4.701147079467773,9.586472511291504,80404807680.0,288.9654015637955,42.99829143215545,14.419821077168374,wandb
3200,1777297133.9405239,0.55859375,2.28e-05,4.7060136795043945,7.137602806091309,80530636800.0,288.251305075951,42.89203328246399,14.384186556458188,wandb
3205,1777297725.3563259,0.7265625,2.28e-05,4.700725555419922,6.907002925872803,80656465920.0,288.6292435168299,42.94827083594403,14.403046269995395,wandb
3210,1777297867.8120098,0.58984375,2.28e-05,4.702408790588379,8.027402877807617,80782295040.0,288.08961212733493,42.86797323759532,14.37611782789807,wandb
3215,1777298011.0087128,0.515625,2.28e-05,4.697935104370117,6.2865986824035645,80908124160.0,284.23974957347843,42.29511049635148,14.184003723933117,wandb
3220,1777298153.657171,0.65234375,2.28e-05,4.707022666931152,6.373190402984619,81033953280.0,287.03642658143656,42.71125835481142,14.323562238022161,wandb
3225,1777298296.357144,0.6015625,2.28e-05,4.6967668533325195,7.917935371398926,81159782400.0,282.6861177305646,42.0639287894815,14.10647508876306,wandb
3230,1777298439.7494426,0.76953125,2.28e-05,4.71467399597168,6.969918251037598,81285611520.0,288.3503156415211,42.90676613674414,14.389127337024108,wandb
3235,1777298782.1449668,0.6484375,2.28e-05,4.715727806091309,9.750889778137207,81411440640.0,286.6604895031761,42.65531860574902,14.30480239557925,wandb
3240,1777298924.2898276,0.72265625,2.28e-05,4.711200714111328,7.709259510040283,81537269760.0,290.05258877956095,43.1600657916179,14.474073403031202,wandb
3245,1777299067.4086554,0.640625,2.28e-05,4.693818092346191,6.884981155395508,81663098880.0,286.59437540954275,42.6454807737787,14.301503199911835,wandb
3250,1777299209.9373238,0.56640625,2.28e-05,4.699567794799805,6.886263847351074,81788928000.0,287.24042555232523,42.74161357088456,14.333742102615714,wandb
3255,1777299352.2308764,0.69140625,2.28e-05,4.705658435821533,7.446191787719727,81914757120.0,290.28586572091484,43.1947775939806,14.485714283695629,wandb
3260,1777299494.4992483,0.5078125,2.28e-05,4.69901180267334,6.200175762176514,82040586240.0,290.0762006252215,43.16357925383681,14.475251670698832,wandb
3265,1777299636.901023,0.52734375,2.28e-05,4.701853275299072,7.172698020935059,82166415360.0,289.1389896228,43.02412147931619,14.428483390159588,wandb
3270,1777299779.3573804,0.59375,2.28e-05,4.698740005493164,7.926338195800781,82292244480.0,289.5130414325765,43.07978069886447,14.447149154785313,wandb
3275,1777299922.52661,0.486328125,2.28e-05,4.697516918182373,7.214449882507324,82418073600.0,286.5813771115525,42.643546616256444,14.300854564710828,wandb
3280,1777300064.9319074,0.65625,2.28e-05,4.68220853805542,6.354359149932861,82543902720.0,285.65473164434457,42.505661002139085,14.254613520742256,wandb
3285,1777300207.3008857,0.72265625,2.28e-05,4.696291446685791,6.4373860359191895,82669731840.0,289.30691999399045,43.0491096578375,14.43686337576646,wandb
3290,1777300349.8297534,0.765625,2.28e-05,4.690155029296875,8.2747220993042,82795560960.0,286.23659061225385,42.59224209918109,14.283649184402998,wandb
3295,1777300493.036912,0.52734375,2.28e-05,4.704010963439941,10.739727020263672,82921390080.0,288.5909305481564,42.942569834427104,14.401134393520852,wandb
3300,1777300635.0996065,0.490234375,2.28e-05,4.682639122009277,9.851409912109375,83047219200.0,286.2707665009802,42.59732749977042,14.285354614180822,wandb
3305,1777301224.5542634,0.65234375,2.28e-05,4.68828010559082,6.484678268432617,83173048320.0,284.74607758585296,42.370452524561514,14.209270275933072,wandb
3310,1777301367.424933,0.546875,2.28e-05,4.68620491027832,6.1137590408325195,83298877440.0,288.7569033470107,42.9672667245611,14.409416693236333,wandb
3315,1777301510.668227,0.6015625,2.28e-05,4.6838297843933105,7.293839454650879,83424706560.0,288.41862165494535,42.916930128197414,14.392535912883856,wandb
3320,1777301653.273202,0.546875,2.28e-05,4.685159683227539,7.256319522857666,83550535680.0,285.85376865500325,42.53527787441436,14.264545775835428,wandb
3325,1777301796.3691564,0.5078125,2.28e-05,4.688961982727051,8.551565170288086,83676364800.0,284.2555638766826,42.29746367778527,14.184792882155625,wandb
3330,1777301939.3007638,0.61328125,2.28e-05,4.687618255615234,7.21585750579834,83802193920.0,288.4737739401753,42.92513683398514,14.395288097334689,wandb
3335,1777302094.0168226,0.5078125,2.28e-05,4.68301248550415,7.726316928863525,83928023040.0,288.0039792047443,42.85523098768647,14.371844612435632,wandb
3340,1777302236.2983232,0.73046875,2.28e-05,4.693848609924316,7.060805797576904,84053852160.0,289.66771551164027,43.102796330122025,14.4548676308842,wandb
3345,1777302379.5240011,0.48046875,2.28e-05,4.687077045440674,8.518051147460938,84179681280.0,287.3963712583351,42.764818421286435,14.341524034868659,wandb
3350,1777302524.8127022,6.15625,2.28e-05,4.686262130737305,8.188882827758789,84305510400.0,272.91195961764737,40.60952595520171,13.618729461066852,wandb
3355,1777302673.7820656,0.462890625,2.28e-05,4.697715759277344,8.609541893005371,84431339520.0,267.9748590409378,39.87488129435863,13.37236049588671,wandb
3360,1777302834.528675,0.6015625,2.28e-05,4.688487529754639,7.013594627380371,84557168640.0,232.88739095959625,34.65383694090548,11.621441496429604,wandb
3365,1777303015.2033622,0.6875,2.28e-05,4.683860778808594,7.144174575805664,84682997760.0,244.52773343476443,36.385929556176166,12.2023126140808,wandb
3370,1777303202.7739367,0.62109375,2.28e-05,4.675518989562988,7.137418746948242,84808826880.0,221.2480653280414,32.92189563280787,11.040621120849565,wandb
3375,1777303393.80246,0.6484375,2.28e-05,4.67881441116333,6.6256184577941895,84934656000.0,212.96783682254753,31.689790763237646,10.627424894307783,wandb
3380,1777303611.7617497,0.55859375,2.28e-05,4.679537296295166,6.809144496917725,85060485120.0,166.78880856595472,24.81831305592344,8.323019863899463,wandb
3385,1777303829.168966,0.6796875,2.28e-05,4.6878862380981445,7.6305742263793945,85186314240.0,182.3288788569321,27.130688404776777,9.09849343931656,wandb
3390,1777304054.3077781,0.56640625,2.28e-05,4.679576873779297,8.239776611328125,85312143360.0,188.00641736449603,27.975510843879828,9.38181140400975,wandb
3395,1777304264.001213,0.6015625,2.28e-05,4.670164585113525,6.875387191772461,85437972480.0,199.7607204688752,29.724560895300616,9.968369333556664,wandb
3400,1777304485.5361147,0.70703125,2.28e-05,4.673541069030762,6.569225311279297,85563801600.0,189.74227812243802,28.233808364453946,9.46843354426925,wandb
3405,1777305102.6345298,0.86328125,2.28e-05,4.674041271209717,8.436250686645508,85689630720.0,245.85779703424126,36.58384412298627,12.268684847648963,wandb
3410,1777305255.674378,0.75,2.28e-05,4.668323993682861,7.633553981781006,85815459840.0,284.22048644794006,42.292244127293756,14.183042464134722,wandb
3415,1777305398.9094002,0.69140625,2.28e-05,4.670689582824707,7.348117828369141,85941288960.0,281.93433985541,41.95206361810385,14.068960208466534,wandb
3420,1777305541.0054777,0.7265625,2.28e-05,4.698086738586426,7.988651275634766,86067118080.0,289.21912449859326,43.036045615301305,14.432482244571661,wandb
3425,1777305684.1792245,0.455078125,2.28e-05,4.68524169921875,7.053625106811523,86192947200.0,281.2690855618769,41.85307322743762,14.03576298889751,wandb
3430,1777305826.6121597,0.53515625,2.28e-05,4.662919998168945,6.676835060119629,86318776320.0,287.9071882911299,42.84082841945838,14.367014595940017,wandb
3435,1777305969.6489856,0.578125,2.28e-05,4.6732988357543945,7.329236030578613,86444605440.0,284.57594319335146,42.34513638584102,14.20078030624927,wandb
3440,1777306112.7856872,0.6171875,2.28e-05,4.682239055633545,7.144343376159668,86570434560.0,289.08271707691364,43.015748077813605,14.42567530296698,wandb
3445,1777306255.494747,0.734375,2.28e-05,4.68446159362793,6.288057804107666,86696263680.0,287.82854942759894,42.82912689133876,14.363090394856803,wandb
3450,1777306397.668224,0.59765625,2.28e-05,4.674172878265381,7.91595458984375,86822092800.0,288.4650921835597,42.92384498139974,14.394854864233581,wandb
3455,1777306539.4303727,0.609375,2.28e-05,4.663677215576172,8.481681823730469,86947921920.0,286.52777526338207,42.63557061678917,14.298179749470526,wandb
3460,1777306684.8866956,0.4140625,2.28e-05,4.668842315673828,9.13087272644043,87073751040.0,282.888845333773,42.0940948249893,14.11659151014032,wandb
3465,1777306832.1510127,0.66015625,2.28e-05,4.663222312927246,6.596981048583984,87199580160.0,286.57427449268516,42.64248974067779,14.30050013302907,wandb
3470,1777306975.8746731,0.609375,2.28e-05,4.675289630889893,6.873482704162598,87325409280.0,288.73572821511124,42.96411584737096,14.408360021359275,wandb
3475,1777307118.1410773,0.6484375,2.28e-05,4.664224147796631,6.545007705688477,87451238400.0,289.25940447489495,43.042039309184815,14.434492277773282,wandb
3480,1777307259.7397833,0.5234375,2.28e-05,4.675004482269287,6.866111755371094,87577067520.0,287.6433484348679,42.80156883000728,14.353848578486941,wandb
3485,1777307401.9960797,0.578125,2.28e-05,4.658676624298096,7.269404411315918,87702896640.0,288.54889985447625,42.93631563234556,14.399036996810597,wandb
3490,1777307543.5424705,0.67578125,2.28e-05,4.660998344421387,8.217662811279297,87828725760.0,289.09759763162094,43.017962316696575,14.426417865693338,wandb
3495,1777307686.2323136,0.6328125,2.28e-05,4.657270431518555,6.714391708374023,87954554880.0,288.33763100912256,42.9048786529221,14.388494354221923,wandb
3500,1777307829.1162307,0.7265625,2.28e-05,4.655593395233154,7.454174995422363,88080384000.0,286.1624245546572,42.58120612829441,14.279948183263226,wandb
3505,1777308429.7406664,0.66796875,2.28e-05,4.655282974243164,7.2842817306518555,88206213120.0,288.95465113846257,42.99669175994907,14.41928461429439,wandb
3510,1777308571.3071823,0.6953125,2.28e-05,4.66490364074707,11.157745361328125,88332042240.0,288.71369924719517,42.96083791867334,14.407260741742595,wandb
3515,1777308715.254701,0.466796875,2.28e-05,4.655228614807129,6.305599212646484,88457871360.0,285.1378687319457,42.42875137206736,14.228821260915016,wandb
3520,1777308856.7337935,0.6484375,2.28e-05,4.655511856079102,7.349640369415283,88583700480.0,290.1011766042858,43.167295700237645,14.476498010736034,wandb
3525,1777308999.0823314,0.55078125,2.28e-05,4.6612653732299805,6.682111740112305,88709529600.0,282.9586051993436,42.10447515084782,14.120072635473843,wandb
3530,1777309199.2215135,0.5703125,2.28e-05,4.664085865020752,6.4467315673828125,88835358720.0,281.7701207210496,41.92762767470111,14.06076541932531,wandb
3535,1777309341.2159626,0.67578125,2.28e-05,4.666378498077393,10.301456451416016,88961187840.0,289.53304036782464,43.08275655701731,14.448147132627822,wandb
3540,1777309484.3992476,0.67578125,2.28e-05,4.646919250488281,6.951411724090576,89087016960.0,284.1889527834538,42.28755189186291,14.181468885438662,wandb
3545,1777309629.078708,0.546875,2.28e-05,4.661735534667969,6.132081985473633,89212846080.0,284.91920661396495,42.39621426754472,14.21790968257182,wandb
3550,1777309772.0715632,0.70703125,2.28e-05,4.651961326599121,6.794629096984863,89338675200.0,287.47068374733726,42.775876181287714,14.345232343162355,wandb
3555,1777309914.093473,0.5625,2.28e-05,4.65819787979126,6.728878498077393,89464504320.0,289.012122637876,43.005243566730954,14.422152531124894,wandb
3560,1777310056.3080223,0.61328125,2.28e-05,4.6448564529418945,6.852807998657227,89590333440.0,289.47823186627704,43.07460100652666,14.445412103515178,wandb
3565,1777310198.3901024,0.703125,2.28e-05,4.653717041015625,7.5941033363342285,89716162560.0,288.0522552027589,42.86241449623308,14.374253659504676,wandb
3570,1777310342.1383502,0.66015625,2.28e-05,4.6563239097595215,6.842728614807129,89841991680.0,281.6291576870097,41.906652258315596,14.053731145608284,wandb
3575,1777310483.9630213,0.625,2.28e-05,4.653698921203613,6.573121547698975,89967820800.0,288.42504358758134,42.917885717100255,14.392856377268448,wandb
3580,1777310629.2634244,0.71875,2.28e-05,4.657718658447266,7.218396186828613,90093649920.0,286.29612172188683,42.60110037767196,14.286619878973308,wandb
3585,1777310772.6128762,0.427734375,2.28e-05,4.657231330871582,6.718756675720215,90219479040.0,287.77178962502336,42.82068098563666,14.360257992800756,wandb
3590,1777310914.9942698,0.62890625,2.28e-05,4.662590980529785,7.228988170623779,90345308160.0,288.85465906476605,42.9818128564456,14.414294854952837,wandb
3595,1777311057.4248192,0.57421875,2.28e-05,4.65181827545166,7.873110294342041,90471137280.0,287.79966085753665,42.82482824815216,14.361648810469124,wandb
3600,1777311207.4563386,2.640625,2.28e-05,4.649946689605713,6.902774333953857,90596966400.0,272.782074428607,40.59019893134054,13.61224798897227,wandb
3605,1777332144.1993842,0.72265625,2.28e-05,4.652651309967041,6.997251033782959,90722795520.0,289.8164020573903,43.124921011456195,14.462287319797458,wandb
3610,1777332287.3263454,0.578125,2.28e-05,4.64958381652832,7.416605472564697,90848624640.0,290.32307202541165,43.200313922950116,14.487570935913796,wandb
3615,1777332428.2248256,0.7265625,2.28e-05,4.650027751922607,6.592073440551758,90974453760.0,290.1597297090598,43.176008450794306,14.47941990134918,wandb
3620,1777332569.9280577,0.72265625,2.28e-05,4.6526780128479,6.4375433921813965,91100282880.0,286.1038321260266,42.57248752631527,14.27702433032873,wandb
3625,1777332711.5378053,0.66796875,2.28e-05,4.645843505859375,7.0685834884643555,91226112000.0,289.58440496266815,43.090399651333875,14.450710305462133,wandb
3630,1777332855.466812,0.5859375,2.28e-05,4.646589279174805,8.269142150878906,91351941120.0,287.1093951952301,42.72211614506699,14.3272034848616,wandb
3635,1777333000.6338806,0.65234375,2.28e-05,4.645862102508545,6.763668537139893,91477770240.0,279.3959375311345,41.57434724679924,13.94229000109972,wandb
3640,1777333146.7906568,0.431640625,2.28e-05,4.634929656982422,7.413383960723877,91603599360.0,282.854307806916,42.08895561234616,14.114868034059684,wandb
3645,1777333291.7874157,0.78515625,2.28e-05,4.641400337219238,7.071917533874512,91729428480.0,281.7875995630312,41.93022854088562,14.061637640610789,wandb
3650,1777333436.067971,0.8671875,2.28e-05,4.64247465133667,7.6096086502075195,91855257600.0,288.8890547727154,42.986930966317644,14.416011254050334,wandb
3655,1777333579.1595805,0.5859375,2.28e-05,4.650824069976807,7.223897933959961,91981086720.0,290.63244896444587,43.24634946808801,14.503009324323386,wandb
3660,1777333728.818636,0.5390625,2.28e-05,4.64363956451416,7.231319904327393,92106915840.0,288.7669884500421,42.968767396257164,14.409919955497042,wandb
3665,1777333871.0940988,0.59765625,2.28e-05,4.6427812576293945,6.612441062927246,92232744960.0,291.0734670645383,43.31197332717982,14.52501681055084,wandb
3670,1777334013.0241964,0.5546875,2.28e-05,4.6423139572143555,7.6974592208862305,92358574080.0,288.2249183634688,42.888106917760446,14.382869818638541,wandb
3675,1777334155.3784893,0.62890625,2.28e-05,4.637749671936035,7.006540775299072,92484403200.0,287.75665303229425,42.81842864808368,14.359502653380568,wandb
3680,1777334297.8483145,0.494140625,2.28e-05,4.638759136199951,7.267490386962891,92610232320.0,283.3577843315578,42.16387333681644,14.139992292405497,wandb
3685,1777334440.882336,0.56640625,2.28e-05,4.631213665008545,6.919049263000488,92736061440.0,287.387630705711,42.76351781980621,14.341087867755666,wandb
3690,1777334583.2498133,0.54296875,2.28e-05,4.645722389221191,7.785191535949707,92861890560.0,285.05549449124544,42.41649401672667,14.224710658725838,wandb
3695,1777334727.8422427,0.55078125,2.28e-05,4.627651214599609,9.517489433288574,92987719680.0,282.8010216129053,42.08102658247967,14.112208970450826,wandb
3700,1777334869.392548,0.390625,2.28e-05,4.6331329345703125,7.045181751251221,93113548800.0,285.0131038353738,42.41018625197246,14.222595299344732,wandb
3705,1777335460.883845,0.53125,2.28e-05,4.626136302947998,6.790019989013672,93239377920.0,285.5207680493473,42.485727108088724,14.247928529873933,wandb
3710,1777335605.3344038,0.60546875,2.28e-05,4.633058547973633,7.915297508239746,93365207040.0,284.3922019923388,42.31779554272804,14.191611335747028,wandb
3715,1777335748.5128686,0.6015625,2.28e-05,4.635127067565918,6.187291145324707,93491036160.0,290.5840449901333,43.239146916562106,14.500593891038868,wandb
3720,1777335891.842988,0.59375,2.28e-05,4.625871658325195,6.168398857116699,93616865280.0,283.1076783051417,42.12665735263777,14.127511614332187,wandb
3725,1777336034.1310282,0.56640625,2.28e-05,4.637507438659668,7.7436203956604,93742694400.0,279.2861516921118,41.55801102289189,13.93681151770016,wandb
3730,1777336179.6129093,0.5546875,2.28e-05,4.627541542053223,6.915355682373047,93868523520.0,286.3686531979447,42.61189312146988,14.290239311962717,wandb
3735,1777336320.966224,0.6015625,2.28e-05,4.6402268409729,9.65468978881836,93994352640.0,291.43811312052276,43.36623296276234,14.543213213495052,wandb
3740,1777336465.0446563,0.58984375,2.28e-05,4.632047176361084,7.650569915771484,94120181760.0,287.25032464413596,42.7430865639567,14.334236082628424,wandb
3745,1777336607.0665333,0.66015625,2.28e-05,4.623771667480469,6.811640739440918,94246010880.0,289.7100239880749,43.109091866507846,14.456978889384123,wandb
3750,1777336755.5582554,0.83984375,2.28e-05,4.642004013061523,6.760078430175781,94371840000.0,229.80015406826146,34.1944535307971,11.467383594151455,wandb
3755,1777336909.0441031,0.45703125,2.28e-05,4.633378982543945,7.13053035736084,94497669120.0,288.2331929433423,42.889338182108894,14.3832827329896,wandb
3760,1777337050.6595514,0.76171875,2.28e-05,4.626536846160889,6.145945072174072,94623498240.0,288.6404206937026,42.949934009133486,14.403604028432149,wandb
3765,1777337191.6690838,0.6640625,2.28e-05,4.626266002655029,7.065330505371094,94749327360.0,289.37081135630166,43.05861674554346,14.440051653698415,wandb
3770,1777337333.622418,0.73046875,2.28e-05,4.63908576965332,7.949462890625,94875156480.0,289.9105851257492,43.13893553014721,14.466987200775888,wandb
3775,1777337475.7160141,0.6015625,2.28e-05,4.628211498260498,6.9779791831970215,95000985600.0,289.2009518698886,43.03334151307695,14.431575402254191,wandb
3780,1777337620.0566776,0.6484375,2.28e-05,4.620981216430664,6.298651695251465,95126814720.0,288.27844642535,42.896071937766685,14.385540951828736,wandb
3785,1777337761.578138,0.55078125,2.28e-05,4.629645347595215,6.387110710144043,95252643840.0,288.1159260573692,42.87188877221025,14.377430933760841,wandb
3790,1777337904.5381649,0.63671875,2.28e-05,4.627664089202881,8.166080474853516,95378472960.0,286.2132861892647,42.58877438171068,14.282486257602796,wandb
3795,1777338045.6037974,0.8828125,2.28e-05,4.638339042663574,10.629444122314453,95504302080.0,291.35215247800767,43.35344194785689,14.538923644300823,wandb
3800,1777338317.3386567,0.62890625,2.28e-05,4.621415138244629,9.805337905883789,95630131200.0,187.4742507025315,27.89632400317919,9.355255463377294,wandb
3805,1777338914.186957,0.46875,2.28e-05,4.61598014831543,6.4882121086120605,95755960320.0,287.36730258971073,42.760492979284415,14.340073463283805,wandb
3810,1777339056.7031014,0.54296875,2.28e-05,4.61534309387207,6.0354180335998535,95881789440.0,288.6438531471452,42.95044476105276,14.403775313174995,wandb
3815,1777339200.0247152,0.5546875,2.28e-05,4.615874290466309,7.295930862426758,96007618560.0,288.20638012915543,42.885348413118265,14.381944732034961,wandb
3820,1777339341.3588283,0.86328125,2.28e-05,4.620106220245361,7.143902778625488,96133447680.0,289.9063679419948,43.13830800970665,14.46677675677512,wandb
3825,1777339483.1102731,0.5859375,2.28e-05,4.619075775146484,8.39619255065918,96259276800.0,289.7674288995904,43.11763376495528,14.459843483375392,wandb
3830,1777339625.7478619,0.55078125,2.28e-05,4.625438690185547,7.100147724151611,96385105920.0,282.1081819443521,41.97793146513003,14.07763519794507,wandb
3835,1777339768.8640954,0.54296875,2.28e-05,4.618440628051758,7.476383686065674,96510935040.0,283.3759159468809,42.166571336215604,14.140897088091707,wandb
3840,1777339912.8531208,0.6171875,2.28e-05,4.630373477935791,6.977840423583984,96636764160.0,288.26668602851413,42.894321980962964,14.384954089812549,wandb
3845,1777340056.9859843,0.62890625,2.28e-05,4.624826908111572,8.469627380371094,96762593280.0,282.81709822593564,42.083418795833175,14.113011218339915,wandb
3850,1777340202.155648,0.6171875,2.28e-05,4.6215667724609375,8.195882797241211,96888422400.0,289.0048012646458,43.00415414032165,14.42178718326163,wandb
3855,1777340346.2504292,0.57421875,2.28e-05,4.621601104736328,8.541935920715332,97014251520.0,283.5116619474136,42.18677045368803,14.14767102375677,wandb
3860,1777340488.1581085,0.66015625,2.28e-05,4.616659641265869,6.900585174560547,97140080640.0,290.4692094330682,43.222059290421626,14.494863418888176,wandb
3865,1777340629.8047614,0.57421875,2.28e-05,4.62172269821167,7.066629409790039,97265909760.0,291.562071958084,43.38467814060787,14.54939895147231,wandb
3870,1777340771.745208,1.171875,2.28e-05,4.608436584472656,6.987143039703369,97391738880.0,289.00465207058033,43.00413194012097,14.421779738246697,wandb
3875,1777340924.7314389,0.63671875,2.28e-05,4.624947547912598,6.475419044494629,97517568000.0,217.52706793042577,32.36820813369858,10.854937587762713,wandb
3880,1777341072.0133038,0.44921875,2.28e-05,4.615669250488281,6.721355438232422,97643397120.0,290.2576580405674,43.19058026774831,14.484306676759259,wandb
3885,1777341215.2776954,0.53515625,2.28e-05,4.621121406555176,7.374909400939941,97769226240.0,282.5586030882109,42.04495450493352,14.100111910619555,wandb
3890,1777341357.2504091,0.578125,2.28e-05,4.624439239501953,7.940199851989746,97895055360.0,288.81529466770877,42.97595540151307,14.412330510573527,wandb
3895,1777341499.8552575,0.609375,2.28e-05,4.6020965576171875,6.838685989379883,98020884480.0,282.9023976985073,42.09611142810263,14.11726779412997,wandb
3900,1777341641.9819083,0.6171875,2.28e-05,4.608043670654297,6.497541427612305,98146713600.0,289.42430340784296,43.06657640718125,14.442720989916875,wandb
3905,1777342242.0274968,0.54296875,2.28e-05,4.614309310913086,8.431787490844727,98272542720.0,285.83864471462283,42.53302741954135,14.263791067787036,wandb
3910,1777342384.2799685,0.53515625,2.28e-05,4.601571083068848,7.564371585845947,98398371840.0,289.74423428425376,43.114182386954646,14.458686036147114,wandb
3915,1777342527.4684315,0.7421875,2.28e-05,4.612519264221191,7.194953441619873,98524200960.0,282.4262541467176,42.02526087266382,14.0935074934618,wandb
3920,1777342669.0488055,0.73828125,2.28e-05,4.611138343811035,7.842289924621582,98650030080.0,289.4861555010449,43.0757800499523,14.44580750516193,wandb
3925,1777342811.4649103,0.443359375,2.28e-05,4.600772857666016,7.001073360443115,98775859200.0,284.464748927763,42.328590586892496,14.19523154018276,wandb
3930,1777342953.0956032,0.55859375,2.28e-05,4.5948872566223145,6.618345737457275,98901688320.0,288.01215811122756,42.856448015755085,14.37225275253634,wandb
3935,1777343095.866259,0.578125,2.28e-05,4.603436470031738,6.678083896636963,99027517440.0,286.6391021648684,42.65213615206932,14.303735134273762,wandb
3940,1777343383.9243217,0.6640625,2.28e-05,4.608651638031006,7.130796432495117,99153346560.0,264.122681270812,39.30167404701358,13.180130859044196,wandb
3945,1777343573.9976234,0.4765625,2.28e-05,4.595323085784912,6.220659255981445,99279175680.0,255.871138026199,38.07383756805513,12.768366071447062,wandb
3950,1777343815.5332122,0.51171875,2.28e-05,4.61569356918335,7.854841232299805,99405004800.0,224.5219323433091,33.40904976015596,11.203992155357932,wandb
3955,1777344001.449681,0.51953125,2.28e-05,4.60948371887207,8.343280792236328,99530833920.0,236.48813847430125,35.189631157697605,11.801124374120556,wandb
3960,1777344233.628543,0.55078125,2.28e-05,4.613193511962891,9.08091926574707,99656663040.0,137.39183681352858,20.444019276138178,6.856065444489592,wandb
3965,1777344498.674109,0.51953125,2.28e-05,4.599065780639648,6.552771091461182,99782492160.0,186.9904944306211,27.82434066867212,9.331115276184793,wandb
3970,1777344747.7051337,0.72265625,2.28e-05,4.6164727210998535,6.75536584854126,99908321280.0,151.43272828593916,22.5333155733099,7.5567276749864165,wandb
3975,1777344988.4220738,0.703125,2.28e-05,4.60048770904541,6.463045120239258,100034150400.0,172.47179323101807,25.66394588777967,8.606609600286685,wandb
3980,1777345239.7326646,0.5,2.28e-05,4.598649978637695,6.752546310424805,100159979520.0,158.84756478361373,23.63664939432586,7.926739500050257,wandb
3985,1777345520.359464,0.458984375,2.28e-05,4.605561256408691,7.094735145568848,100285808640.0,128.149207740757,19.068708403903507,6.394843939109554,wandb
3990,1777345796.917839,0.671875,2.28e-05,4.598252773284912,8.099767684936523,100411637760.0,144.9836682382359,21.573690089103284,7.23490959053569,wandb
3995,1777346094.3423762,0.51953125,2.28e-05,4.602088451385498,6.693812370300293,100537466880.0,146.34247398230136,21.77588151086806,7.302716101633617,wandb
4000,1777346345.5330358,0.6328125,2.28e-05,4.604644775390625,7.412836074829102,100663296000.0,169.8461780319772,25.273252168372114,8.475587335396941,wandb
4005,1777347021.9779708,0.78515625,2.28e-05,4.592879295349121,7.25161075592041,100789125120.0,185.2940173898803,27.57190347788397,9.246458444409708,wandb
4010,1777347250.3290942,0.5703125,2.28e-05,4.600377082824707,11.030946731567383,100914954240.0,199.25945055359645,29.64997151613382,9.94335518843559,wandb
4015,1777347452.6713443,0.546875,2.28e-05,4.597034454345703,6.2628374099731445,101040783360.0,215.27275196017214,32.032764047505,10.742443729444231,wandb
4020,1777347624.9648857,0.60546875,2.28e-05,4.596543312072754,7.295675754547119,101166612480.0,243.99065309628583,36.30601155633463,12.175511473380165,wandb
4025,1777347782.281164,0.53125,2.28e-05,4.600015640258789,6.668271064758301,101292441600.0,259.25809384085073,38.577819402551945,12.937380412192525,wandb
4030,1777348104.6485188,0.51953125,2.28e-05,4.610445976257324,6.456304550170898,101418270720.0,273.87253491286083,40.75246035586905,13.666663656002187,wandb
4035,1777348358.7295377,0.59765625,2.28e-05,4.609845161437988,10.382820129394531,101544099840.0,288.104367532822,42.870168854170515,14.37685414548451,wandb
4040,1777348511.4754531,0.65234375,2.28e-05,4.590357780456543,6.871995449066162,101669928960.0,267.78726532993346,39.846967194563454,13.362999279169257,wandb
4045,1777348663.3807623,0.478515625,2.28e-05,4.594730854034424,6.047673225402832,101795758080.0,256.0116581321046,38.09474707636689,12.775378242364196,wandb
4050,1777348823.4366674,0.52734375,2.28e-05,4.591586589813232,6.744574069976807,101921587200.0,267.3805355396497,39.78644546441127,13.342702832705747,wandb
4055,1777348980.4209685,0.53515625,2.28e-05,4.594527721405029,6.642605781555176,102047416320.0,260.6774930212619,38.789027177903584,13.008210629609021,wandb
4060,1777349132.901633,0.52734375,2.28e-05,4.594473838806152,6.828787803649902,102173245440.0,270.6584922152467,40.27420813660849,13.506277947598466,wandb
4065,1777349289.7584097,0.89453125,2.28e-05,4.599874019622803,7.563603401184082,102299074560.0,264.3139998312036,39.330142407487116,13.189677951514986,wandb
4070,1777349439.3250375,0.63671875,2.28e-05,4.61612606048584,6.806447982788086,102424903680.0,286.40548748061497,42.61737409328304,14.292077399715565,wandb
4075,1777349594.3708262,0.6171875,2.28e-05,4.591747283935547,6.487442493438721,102550732800.0,264.3359533570997,39.333409110349585,13.190773466458024,wandb
4080,1777349746.2757654,0.59765625,2.28e-05,4.603635311126709,7.336313724517822,102676561920.0,254.99498180739434,37.94346479597798,12.72464451916973,wandb
4085,1777349899.188569,0.671875,2.28e-05,4.596961498260498,6.64204216003418,102802391040.0,284.90560621287625,42.394190516582,14.217231001493687,wandb
4090,1777350047.8715875,0.58203125,2.28e-05,4.5930256843566895,7.0986127853393555,102928220160.0,285.96869940419464,42.5523796652222,14.270280998220656,wandb
4095,1777350191.2020578,0.59375,2.28e-05,4.587458610534668,7.818460464477539,103054049280.0,288.4826291456086,42.926454495898476,14.395729985800433,wandb
4100,1777350334.7573137,0.53515625,2.28e-05,4.601804256439209,6.754901885986328,103179878400.0,288.0964175748646,42.868985893832445,14.376457430269829,wandb
4105,1777350933.3181698,0.54296875,2.28e-05,4.592136859893799,6.361724853515625,103305707520.0,288.4314544924692,42.91883966506503,14.39317629135133,wandb
4110,1777351091.1604283,0.48046875,2.28e-05,4.584267616271973,6.507283687591553,103431536640.0,284.8409957676915,42.384576428748026,14.214006840212651,wandb
4115,1777351236.1116998,0.5078125,2.28e-05,4.601024627685547,6.178566932678223,103557365760.0,275.38309677678234,40.977233214141,13.742043032515305,wandb
4120,1777351381.1435122,0.59375,2.28e-05,4.598773002624512,7.0416741371154785,103683194880.0,287.2455997302846,42.74238349285658,14.334000302109466,wandb
4125,1777351524.9352787,0.5234375,2.28e-05,4.58912467956543,7.025722503662109,103809024000.0,288.2782777807271,42.89604684330691,14.38553253620086,wandb
4130,1777351673.7271523,0.6875,2.28e-05,4.594377517700195,7.536088943481445,103934853120.0,288.2896910310887,42.897745144427326,14.386102075070333,wandb
4135,1777351827.665238,0.53125,2.28e-05,4.588883876800537,6.563322067260742,104060682240.0,284.0701340449643,42.26987156502266,14.17553964636588,wandb
4140,1777351984.2943094,0.515625,2.28e-05,4.598925590515137,6.638233184814453,104186511360.0,284.92763462116534,42.39746836200666,14.218330253184112,wandb
4145,1777352131.9336257,0.5,2.28e-05,4.577239036560059,6.384514808654785,104312340480.0,284.53188661715546,42.33858073076077,14.19858181486386,wandb
4150,1777352282.4301548,0.6484375,2.28e-05,4.586798667907715,7.056524276733398,104438169600.0,272.5259406452234,40.55208601192545,13.59946651649071,wandb
4155,1777352432.863683,0.7265625,2.28e-05,4.573977470397949,6.5929484367370605,104563998720.0,272.318945054107,40.5212848962769,13.589137115906738,wandb
4159,1777352551.5189617,0.70703125,2.28e-05,4.5894365310668945,6.899890899658203,104664662016.0,284.5426539354103,42.34018291664794,14.19911912072081,wandb
