_step,_timestamp,grad_norm,lr,loss_metrics/global_avg_loss,loss_metrics/global_max_loss,n_tokens_seen,throughput(tps),tflops,mfu(%),source
1,1777175985.0619323,1.1796875,1.1399999999999999e-07,12.910154342651367,13.058748245239258,25165824.0,424.2928194847401,4.747025755175013,1.5919530697246216,wandb
20,1777176063.6653643,1.1796875,2.2799999999999998e-06,12.8740873336792,12.968141555786133,503316480.0,3685.6547833324043,41.23543312000866,13.828632436901941,wandb
40,1777176135.8142931,1.21875,4.5599999999999995e-06,12.622159957885742,12.837339401245117,1006632960.0,4641.8385482587,51.93330202172026,17.416248370737012,wandb
60,1777176208.9425213,1.53125,6.84e-06,12.074331283569336,12.5198335647583,1509949440.0,4714.773713776372,52.749307132508584,17.689902213801656,wandb
80,1777176280.0786812,2.921875,9.119999999999999e-06,10.59032154083252,11.838418960571289,2013265920.0,4487.518347894962,50.20675391147872,16.837236647211,wandb
100,1777176352.785053,2.078125,1.14e-05,9.700963020324707,10.904558181762695,2516582400.0,4704.075131568234,52.62961044438748,17.64976097170232,wandb
120,1777176458.4243464,1.4375,1.368e-05,9.217203140258789,10.413418769836426,3019898880.0,4630.454351609943,51.805934618333,17.373534692896918,wandb
140,1777176534.429454,1.078125,1.596e-05,8.75418758392334,9.844657897949219,3523215360.0,4139.149249372369,46.30916949088419,15.530150525735433,wandb
160,1777176619.415927,1.515625,1.8239999999999998e-05,8.290128707885742,9.143596649169922,4026531840.0,4193.60290221141,46.918401796074264,15.734461453976225,wandb
180,1777176699.8646512,1.6875,2.052e-05,7.94462776184082,9.052018165588379,4529848320.0,4693.5777640935385,52.512164964578446,17.610374690323194,wandb
200,1776865380.8787353,2.484375,2.28e-05,9.607643127441406,11.419771194458008,5033164800.0,221.7665210720604,2.481143537717812,0.8320713379301341,wandb
220,1776866418.5282116,3.15625,2.28e-05,9.231023788452148,11.60772705078125,5536481280.0,174.14621918339864,1.9483633699808065,0.6533992457063467,wandb
240,1776866909.7113442,1.3203125,2.28e-05,8.931859016418457,10.837594985961914,6039797760.0,584.6308073701755,6.540901406781403,2.193543622960153,wandb
260,1776867413.9224384,1.171875,2.28e-05,8.696632385253906,10.998537063598633,6543114240.0,431.9725235700951,4.832946966685437,1.6207674354923585,wandb
280,1776867748.2273405,1.0703125,2.28e-05,8.510409355163574,10.688753128051758,7046430720.0,390.4141865139503,4.367988599991092,1.4648399269157972,wandb
300,1776868427.4900742,1.0703125,2.28e-05,8.339160919189453,10.449914932250977,7549747200.0,22.324414468182006,0.2497675321924063,0.08376154040406827,wandb
320,1776874336.9976506,0.859375,2.28e-05,8.164122581481934,11.028707504272461,8053063680.0,231.02927273280986,2.5847760261270323,0.8668253221204257,wandb
340,1776875082.348776,0.765625,2.28e-05,7.998631000518799,10.127492904663086,8556380160.0,681.5293942704527,7.625011404716976,2.5571085851369926,wandb
360,1776875967.8689818,0.66796875,2.28e-05,7.8533453941345215,11.644174575805664,9059696640.0,568.4393998635551,6.359750501282223,2.1327932173449247,wandb
380,1776876171.7414432,0.66015625,2.28e-05,7.7107086181640625,10.150473594665527,9563013120.0,878.9556377673428,9.833833754728245,3.297854833826168,wandb
400,1776876627.0681322,0.63671875,2.28e-05,7.582483291625977,9.961784362792969,10066329600.0,239.22478456969515,2.676468140581812,0.8975750063657026,wandb
420,1776877141.0746293,0.59765625,2.28e-05,7.472911834716797,10.506468772888184,10569646080.0,554.7698424650175,6.206814278813262,2.0815048314401015,wandb
440,1776877364.2669928,0.58984375,2.28e-05,7.366459369659424,10.256275177001953,11072962560.0,939.0288845901024,10.505938576607942,3.52325056360532,wandb
460,1776877813.2616277,0.56640625,2.28e-05,7.279852867126465,9.253396987915039,11576279040.0,729.2097108350185,8.158463021979221,2.736005853331587,wandb
480,1776878077.1146922,0.578125,2.28e-05,7.202409267425537,9.507774353027344,12079595520.0,827.4043135617428,9.257072960108761,3.1044334864719136,wandb
500,1776878381.1019952,0.50390625,2.28e-05,7.124235153198242,9.582120895385742,12582912000.0,838.3958822919476,9.380047607465325,3.145674018429037,wandb
520,1776878751.2525363,0.609375,2.28e-05,7.062726974487305,9.424999237060547,13086228480.0,933.0235503958871,10.438750364177215,3.500718458968685,wandb
540,1776879001.6355982,0.66796875,2.28e-05,7.012564659118652,8.859403610229492,13589544960.0,794.8498149516464,8.892850337777782,2.982288515791935,wandb
560,1776879253.0143895,0.66796875,2.28e-05,6.946318626403809,9.595559120178223,14092861440.0,1041.56300957713,11.653099475274198,3.907960149836009,wandb
580,1776879497.7861526,0.51953125,2.28e-05,6.890834331512451,8.631792068481445,14596177920.0,695.9391362313627,7.786228877821835,2.6111741547039444,wandb
600,1776879860.2870245,0.56640625,2.28e-05,6.852413177490234,9.375762939453125,15099494400.0,395.7428049503141,4.427605656408964,1.4848329838038732,wandb
620,1776880173.914929,0.5234375,2.28e-05,6.805440425872803,9.419754028320312,15602810880.0,588.520788729203,6.584422863781027,2.208138891796415,wandb
640,1776880441.0024667,0.671875,2.28e-05,6.764351844787598,9.404837608337402,16106127360.0,1059.0368043194246,11.848597843083123,3.9735220917362173,wandb
660,1776880719.3965983,0.546875,2.28e-05,6.714601039886475,8.441080093383789,16609443840.0,971.7320677631669,10.871824695037356,3.6459534010121626,wandb
680,1776881033.2464316,0.51953125,2.28e-05,6.676024436950684,9.392054557800293,17112760320.0,380.1728288241057,4.253407380396824,1.4264141981177108,wandb
700,1776881436.7405305,3.921875,2.28e-05,6.635345458984375,8.59732437133789,17616076800.0,480.00588217129496,5.370348449614973,1.8009893227428304,wandb
720,1776881808.3019812,0.7109375,2.28e-05,6.6259684562683105,9.485523223876953,18119393280.0,381.60356150500803,4.269414544725605,1.43178232875467,wandb
740,1776882090.3446822,0.59375,2.28e-05,6.5947651863098145,9.356891632080078,18622709760.0,484.7980278076286,5.423963400690155,1.8189695255791483,wandb
760,1776882677.717697,0.56640625,2.28e-05,6.558335304260254,8.850175857543945,19126026240.0,185.85052895242896,2.079312227393963,0.6973139928105828,wandb
780,1776883403.020042,0.4296875,2.28e-05,6.529811382293701,9.740270614624023,19629342720.0,505.6783458734199,5.657574254050642,1.8973127944613086,wandb
800,1776883699.1443608,0.5234375,2.28e-05,6.508324146270752,9.742280960083008,20132659200.0,595.0911878351967,6.657933072640578,2.2327911285201116,wandb
820,1776884043.2069678,0.7265625,2.28e-05,6.483026027679443,10.566664695739746,20635975680.0,697.0064429814477,7.798170000552779,2.615178705757151,wandb
840,1776884383.8626962,0.66796875,2.28e-05,6.469115257263184,9.526464462280273,21139292160.0,256.440891434551,2.869083473527025,0.9621700994561247,wandb
860,1776884702.7852569,0.64453125,2.28e-05,6.43735408782959,8.990741729736328,21642608640.0,604.565757455794,6.76393539920079,2.2683398568962985,wandb
880,1776884991.621505,0.6015625,2.28e-05,6.419163227081299,10.262102127075195,22145925120.0,1387.4197774001161,15.522575716826166,5.205619968565609,wandb
900,1776885251.928557,0.6640625,2.28e-05,6.397100448608398,8.773906707763672,22649241600.0,398.8071891986183,4.461890259594372,1.4963305998060197,wandb
920,1776885547.2963276,0.60546875,2.28e-05,6.390628337860107,10.269668579101562,23152558080.0,573.8627938843357,6.420427915357655,2.153141873657781,wandb
940,1776886168.4950888,0.59765625,2.28e-05,6.3712358474731445,9.137805938720703,23655874560.0,318.9109329658045,3.5680038475174176,1.1965586391968503,wandb
960,1776886464.3540173,0.546875,2.28e-05,6.3513593673706055,8.766767501831055,24159191040.0,570.2353520835671,6.379843774257745,2.1395316572110503,wandb
980,1776886742.1507976,0.7265625,2.28e-05,6.333474159240723,8.176599502563477,24662507520.0,696.9551023494416,7.797595597001205,2.6149860749301133,wandb
1000,1776887073.1651227,0.61328125,2.28e-05,6.323401927947998,10.14338493347168,25165824000.0,453.6978327627121,5.076011655835103,1.702281123850092,wandb
1020,1776887397.1503534,0.55078125,2.28e-05,6.317626476287842,9.33167839050293,25669140480.0,453.9487626897939,5.078819082149901,1.7032226167280264,wandb
1040,1776887637.0932784,0.640625,2.28e-05,6.2832159996032715,9.251762390136719,26172456960.0,627.7648741370092,7.023489177454159,2.3553832932203216,wandb
1060,1776888710.759139,0.6796875,2.28e-05,6.2878594398498535,9.163457870483398,26675773440.0,48.753396808032825,0.5454573343500165,0.1829234814822074,wandb
1080,1776890055.671765,0.68359375,2.28e-05,6.2648420333862305,8.368179321289062,27179089920.0,49.986553059208774,0.5592539960319091,0.18755030236947504,wandb
1100,1776894748.569978,0.703125,2.28e-05,6.2483229637146,8.574533462524414,27682406400.0,290.1420351881927,3.24613486358277,1.088617300040367,wandb
1120,1776895117.4267924,0.515625,2.28e-05,6.238316059112549,7.91290283203125,28185722880.0,1321.5067472828948,14.785134880688402,4.958313283627152,wandb
1140,1776895369.495448,0.5703125,2.28e-05,6.223752975463867,7.887356758117676,28689039360.0,530.0381197497053,5.9301135681059565,1.9887110341186376,wandb
1160,1776895623.089369,0.57421875,2.28e-05,6.215847969055176,8.034000396728516,29192355840.0,1373.6821574149958,15.36887800409238,5.154076210807508,wandb
1180,1776895880.6726503,0.640625,2.28e-05,6.213124752044678,8.475191116333008,29695672320.0,1213.8533846494784,13.580699496482229,4.554396240396095,wandb
1200,1776896165.1047957,0.6171875,2.28e-05,6.196259021759033,9.177337646484375,30198988800.0,1643.407340890996,18.386587317049372,6.166089174727344,wandb
1220,1776896465.1293237,0.6796875,2.28e-05,6.186512470245361,8.711004257202148,30702305280.0,906.2130579110542,10.138792192627234,3.4001250860619967,wandb
1240,1776896768.6678486,0.58203125,2.28e-05,6.179996490478516,8.108148574829102,31205621760.0,466.77511615644977,5.2223214641254785,1.7513472887397106,wandb
1260,1776897064.1134949,0.6953125,2.28e-05,6.183876037597656,8.497529983520508,31708938240.0,1507.2972237814695,16.863775235894064,5.655401958723488,wandb
1280,1776897349.4381983,0.65234375,2.28e-05,6.17703914642334,8.445515632629395,32212254720.0,1189.9927565467256,13.313744669681315,4.464870803223097,wandb
1300,1776897584.8619092,0.59765625,2.28e-05,6.157019138336182,8.749427795410156,32715571200.0,563.6921236391433,6.306637553173463,2.1149813652201095,wandb
1320,1776897924.7112947,0.53515625,2.28e-05,6.156680583953857,8.210304260253906,33218887680.0,504.1033681487376,5.639953263358476,1.8914034542405604,wandb
1340,1776898181.3346107,0.609375,2.28e-05,6.150620460510254,8.760581970214844,33722204160.0,1689.9315121494326,18.907103877923937,6.340648568264113,wandb
1360,1776898477.2060506,0.58203125,2.28e-05,6.149167060852051,9.69171142578125,34225520640.0,365.31835734988005,4.087214233990778,1.3706799966969847,wandb
1380,1776898771.544447,0.69140625,2.28e-05,6.136590957641602,8.918651580810547,34728837120.0,560.1450903882028,6.266953030071882,2.1016728428672984,wandb
1400,1776899074.9006257,0.5546875,2.28e-05,6.130378723144531,9.04545783996582,35232153600.0,1506.3635040087017,16.85332869613214,5.65189862802766,wandb
1420,1777105125.5430057,0.59375,2.28e-05,6.120901107788086,8.777524948120117,35735470080.0,2503.9787387068086,28.01473656209109,9.394966062471525,wandb
1440,1777105194.050015,0.63671875,2.28e-05,6.122274398803711,8.380278587341309,36238786560.0,2331.595668463412,26.086099459075076,8.748182178229053,wandb
1460,1777105262.1392527,0.60546875,2.28e-05,6.119623184204102,9.049556732177734,36742103040.0,2575.9180693655253,28.819600184015435,9.664883518098412,wandb
1480,1777105331.4204385,0.462890625,2.28e-05,6.1144609451293945,8.838634490966797,37245419520.0,2621.0063838463116,29.324052251711624,9.8340555553098,wandb
1500,1777105401.7491117,0.62109375,2.28e-05,6.105373382568359,8.56982421875,37748736000.0,2143.092665907716,23.977111121383224,8.040916064380427,wandb
1520,1777105530.138308,0.66015625,2.28e-05,6.097008228302002,8.071176528930664,38252052480.0,2578.6440607032923,28.85009881725764,9.675111478787143,wandb
1540,1777105595.0442457,0.65625,2.28e-05,6.090266704559326,8.906278610229492,38755368960.0,2615.369486315642,29.26098614140161,9.812905830601823,wandb
1560,1777105661.3385477,0.462890625,2.28e-05,6.088308334350586,7.814637184143066,39258685440.0,2307.6701866731373,25.818419043457084,8.658413409040543,wandb
1580,1777105727.0126917,0.5546875,2.28e-05,6.071628093719482,8.045770645141602,39762001920.0,2437.5090600234525,27.271067892347208,9.145570823702032,wandb
1600,1777105797.3736653,0.6171875,2.28e-05,6.077488899230957,10.379304885864258,40265318400.0,2589.4397739360793,28.97088221591085,9.7156171579586,wandb
1620,1777105921.809147,0.55859375,2.28e-05,6.078079700469971,8.688150405883789,40768634880.0,2653.7406389372154,29.690286005518004,9.956874975021867,wandb
1640,1777105988.6224227,0.65234375,2.28e-05,6.072199821472168,8.427262306213379,41271951360.0,2646.179349202534,29.605689624281897,9.928504901687086,wandb
1660,1777106054.0377915,1.359375,2.28e-05,6.080801963806152,8.894933700561523,41775267840.0,2687.0761356412877,30.063246503902008,10.081950262351238,wandb
1680,1777106116.783136,0.61328125,2.28e-05,6.059925079345703,8.326818466186523,42278584320.0,2609.3838759005803,29.194018600364156,9.790447729882596,wandb
1700,1777106181.0844622,0.6640625,2.28e-05,6.055588722229004,8.427297592163086,42781900800.0,2569.378740746527,28.74643759452444,9.640347858311392,wandb
1720,1777106334.6099808,0.59765625,2.28e-05,6.056488513946533,10.180791854858398,43285217280.0,2635.713081169118,29.488592087784518,9.889235305881549,wandb
1740,1777106401.6551178,0.6171875,2.28e-05,6.05115270614624,8.483675956726074,43788533760.0,2342.208369916089,26.20483530567512,8.78800119443625,wandb
1760,1777106464.5781646,0.52734375,2.28e-05,6.057072639465332,10.937089920043945,44291850240.0,2620.354240906251,29.316756018567066,9.831608705144882,wandb
1780,1777106528.006587,0.57421875,2.28e-05,6.047771453857422,8.621082305908203,44795166720.0,2693.4975724903916,30.13509010979886,10.10604359043628,wandb
1800,1777106591.604665,0.61328125,2.28e-05,6.038650989532471,8.917251586914062,45298483200.0,2417.0906575811914,27.042624992015664,9.068960669218852,wandb
1820,1777106715.822288,0.62890625,2.28e-05,6.0379414558410645,8.918315887451172,45801799680.0,2185.133644466998,24.447469324088676,8.198654451169418,wandb
1840,1777106780.5161548,0.7421875,2.28e-05,6.030542850494385,9.105016708374023,46305116160.0,2436.7979954072252,27.26311243825556,9.14290289851784,wandb
1860,1777106850.3560188,0.62890625,2.28e-05,6.032357692718506,7.737587928771973,46808432640.0,2745.932298355662,30.721734480661073,10.302779474165721,wandb
1880,1777107030.4073887,0.337890625,2.28e-05,6.023824691772461,8.611396789550781,47311749120.0,2548.163419950392,28.509078700857906,9.560747654123128,wandb
1900,1777107111.375492,0.458984375,2.28e-05,6.025456428527832,8.56585693359375,47815065600.0,1594.51527608208,17.839578552787316,5.982645408810564,wandb
1920,1777107250.826109,0.6171875,2.28e-05,6.025355815887451,8.86090087890625,48318382080.0,2470.5024071022162,27.640200390329422,9.269362360467403,wandb
1940,1777107319.8331347,0.61328125,2.28e-05,6.034272193908691,7.776091575622559,48821698560.0,2467.0412142564523,27.60147625730633,9.256375912611853,wandb
1960,1777107385.0264544,0.7109375,2.28e-05,6.019009590148926,8.293956756591797,49325015040.0,2646.929313184299,29.614080287930687,9.931318777878541,wandb
1980,1777107455.5274465,0.59375,2.28e-05,6.006173610687256,7.7703857421875,49828331520.0,2448.3744710493866,27.39263107610155,9.186338010046503,wandb
2000,1777107528.148868,0.58203125,2.28e-05,6.0195393562316895,8.40877914428711,50331648000.0,2205.1840577008516,24.67179512846734,8.273883904582378,wandb
2020,1777107654.3554032,0.5703125,2.28e-05,6.014998435974121,8.72708511352539,50834964480.0,2187.5700123546385,24.47472762444303,8.2077957402971,wandb
2040,1777107717.81907,0.57421875,2.28e-05,6.0122151374816895,8.370006561279297,51338280960.0,2723.7239224844698,30.47326519859973,10.21945331233089,wandb
2060,1777107782.2865427,0.78515625,2.28e-05,5.999485969543457,7.767247200012207,51841597440.0,2734.8944742715294,30.598242324295807,10.261365391421746,wandb
2080,1777107850.7132287,0.515625,2.28e-05,5.995856285095215,9.139311790466309,52344913920.0,2052.499404701956,22.9635456674326,7.701008779482194,wandb
2100,1777107914.854305,0.6171875,2.28e-05,5.991820335388184,7.8973236083984375,52848230400.0,2308.251515085232,25.82492299737216,8.660594562026528,wandb
2120,1777108039.3838758,0.68359375,2.28e-05,5.99566125869751,8.828222274780273,53351546880.0,2241.47191787412,25.077786931609065,8.410036504258063,wandb
2140,1777108102.1547403,0.66015625,2.28e-05,5.9993696212768555,8.448017120361328,53854863360.0,2674.2905378473165,29.920200100012835,10.033978506239281,wandb
2160,1777108165.4706979,0.6875,2.28e-05,5.991800308227539,8.173532485961914,54358179840.0,2721.2388835699344,30.44546236247293,10.210129408774886,wandb
2180,1777108234.2236826,0.68359375,2.28e-05,5.990912437438965,9.016867637634277,54861496320.0,1907.7272282459605,21.343821696840944,7.157821385927622,wandb
2200,1777108297.1194527,0.361328125,2.28e-05,5.984849452972412,9.541826248168945,55364812800.0,2428.3237312440942,27.16830161801262,9.111107331332573,wandb
2220,1777108425.8113666,0.546875,2.28e-05,5.987555027008057,10.025578498840332,55868129280.0,2622.0640043612584,29.335885003983396,9.83802376346241,wandb
2240,1777108490.8555007,0.56640625,2.28e-05,5.988983631134033,9.41649055480957,56371445760.0,2697.0224612491256,30.174526878354495,10.119269026319733,wandb
2260,1777108554.292163,0.62109375,2.28e-05,5.979242324829102,8.4288330078125,56874762240.0,2683.410783184977,30.022238215020217,10.068197804552087,wandb
2280,1777108618.7094514,0.5625,2.28e-05,5.980262756347656,9.733880996704102,57378078720.0,2695.040512008358,30.15235265418827,10.111832722821337,wandb
2300,1777108680.8733509,0.65625,2.28e-05,5.972883224487305,8.242683410644531,57881395200.0,2708.7741632146412,30.306005963871872,10.163361589661273,wandb
2320,1777108804.1855834,0.5859375,2.28e-05,5.982600688934326,9.871097564697266,58384711680.0,2635.11648054454,29.481917266999517,9.886996851323563,wandb
2340,1777108866.3131363,0.61328125,2.28e-05,5.9811625480651855,9.14172649383545,58888028160.0,2704.129700486613,30.254043302293777,10.14593549532839,wandb
2360,1777108930.3847668,0.578125,2.28e-05,5.974747657775879,8.319267272949219,59391344640.0,2783.013333472196,31.136600395527367,10.441908078213322,wandb
2380,1777108992.252306,0.498046875,2.28e-05,5.966531276702881,7.660961151123047,59894661120.0,2688.855619624054,30.083155528776317,10.088626913142383,wandb
2400,1777109055.2371624,0.64453125,2.28e-05,5.973354339599609,9.706966400146484,60397977600.0,2716.056065012041,30.38747652804708,10.190683395233853,wandb
2420,1777109181.8866334,3.859375,2.28e-05,5.977801322937012,9.00486946105957,60901294080.0,2642.8406496235584,29.56833595680896,9.915978050419385,wandb
2440,1777109245.0252388,0.62109375,2.28e-05,5.955599308013916,9.148801803588867,61404610560.0,2558.9556791819437,28.62982345583848,9.60124037382976,wandb
2460,1777109309.2380524,0.65625,2.28e-05,5.971235752105713,9.077255249023438,61907927040.0,2448.00996200161,27.388552916494955,9.184970366591553,wandb
2480,1777109391.7723486,0.6796875,2.28e-05,5.957564353942871,8.024593353271484,62411243520.0,2619.229857137024,29.30417631307569,9.827390000253427,wandb
2500,1777109455.9365819,0.640625,2.28e-05,5.950887680053711,8.264041900634766,62914560000.0,2306.4532959870435,25.80480436236223,8.653847616799233,wandb
2520,1777109582.5404427,0.63671875,2.28e-05,5.951470375061035,7.527374267578125,63417876480.0,2619.4972424141934,29.307167843309035,9.82839323385353,wandb
2540,1777109650.1749725,0.6875,2.28e-05,5.9475202560424805,7.620110511779785,63921192960.0,2501.537870963267,27.987427916949184,9.385807889816514,wandb
2560,1777109715.043369,0.6640625,2.28e-05,5.948653221130371,7.798504829406738,64424509440.0,2287.8893477837332,25.597109260790948,8.584195402641196,wandb
2580,1777109784.9693356,0.7109375,2.28e-05,5.951603889465332,8.123010635375977,64927825920.0,2658.960869830842,29.748690412479448,9.97646136021187,wandb
2600,1777109894.2299902,0.6171875,2.28e-05,5.942401885986328,9.1493501663208,65431142400.0,2137.5858733893024,23.91550063750782,8.02025449564431,wandb
2620,1777110041.5256648,0.62890625,2.28e-05,5.9386820793151855,8.500839233398438,65934458880.0,1465.3763518412125,16.394760796711573,5.498114213783875,wandb
2640,1777110135.5180714,0.625,2.28e-05,5.94059944152832,7.954909801483154,66437775360.0,1983.6104951387624,22.19281042769998,7.4425365498972385,wandb
2660,1777110210.7159436,0.6640625,2.28e-05,5.9534807205200195,8.191712379455566,66941091840.0,1548.3060747714699,17.32258590366844,5.809267787277202,wandb
2680,1777110369.8361726,1.3359375,2.28e-05,5.946526527404785,8.405782699584961,67444408320.0,2145.6535739163965,24.00576278767492,8.050524629924034,wandb
2700,1777110458.8980367,0.62890625,2.28e-05,5.934349060058594,8.344091415405273,67947724800.0,1537.7928946114284,17.204963510131076,5.7698221764637285,wandb
2720,1777110593.4981647,0.63671875,2.28e-05,5.9417724609375,8.045827865600586,68451041280.0,2308.2794933173464,25.82523602031842,8.66069953677617,wandb
2740,1777110662.9281712,0.50390625,2.28e-05,5.936642169952393,8.418807983398438,68954357760.0,1780.3527716140568,19.918744961115475,6.679910500030677,wandb
2760,1777110727.9212205,1.5078125,2.28e-05,5.941854000091553,9.420180320739746,69457674240.0,2716.058803669863,30.387507168394077,10.190693670719382,wandb
2780,1777110791.6811614,0.609375,2.28e-05,5.940398693084717,8.827983856201172,69960990720.0,2393.564427871706,26.779411444143904,8.980689899870116,wandb
2800,1777110853.1600194,0.765625,2.28e-05,5.938715934753418,8.798711776733398,70464307200.0,2710.0081444104726,30.31981185510785,10.167991505753351,wandb
2820,1777110975.5645092,1.0703125,2.28e-05,5.965961933135986,8.795320510864258,70967623680.0,2543.0546098124173,28.451920879208423,9.541579321291888,wandb
2840,1777111036.8884544,0.6796875,2.28e-05,5.93673038482666,8.183832168579102,71470940160.0,2746.482484817917,30.727890015674944,10.304843782085358,wandb
2860,1777111098.904445,0.63671875,2.28e-05,5.940786361694336,8.484081268310547,71974256640.0,2629.7015378625692,29.421334407253436,9.866679904561618,wandb
2880,1777111161.613076,0.6171875,2.28e-05,5.927141189575195,7.801511764526367,72477573120.0,2376.3405566743468,26.58670924315692,8.916065674886823,wandb
2900,1777111223.910284,1.0546875,2.28e-05,5.929898262023926,8.583248138427734,72980889600.0,2760.341392082742,30.882944701268258,10.356842611549549,wandb
2920,1777111345.0621064,0.62109375,2.28e-05,5.927623748779297,8.25326919555664,73484206080.0,2617.0828444199997,29.280155344074192,9.819334376098025,wandb
2940,1777111409.1783392,0.6328125,2.28e-05,5.934587001800537,9.02995777130127,73987522560.0,2651.7666042321466,29.668200329880243,9.949468366981002,wandb
2960,1777111473.2658136,0.7109375,2.28e-05,5.92503547668457,8.988718032836914,74490839040.0,2735.523458785506,30.605279458912133,10.263725350822074,wandb
2980,1777111536.1388874,0.4765625,2.28e-05,5.914276599884033,9.842877388000488,74994155520.0,2355.6380011767033,26.355087213199877,8.838389373846326,wandb
3000,1777111598.2280653,0.63671875,2.28e-05,5.936631202697754,8.284189224243164,75497472000.0,2732.5030580044536,30.571486946665477,10.252392761453642,wandb
3020,1777111725.694249,0.765625,2.28e-05,5.921987533569336,9.485918045043945,76000788480.0,2340.4803539605005,26.185502109660884,8.78151765246075,wandb
3040,1777111789.5238836,0.55859375,2.28e-05,5.9210734367370605,7.951132774353027,76504104960.0,2758.417118929409,30.861415762291735,10.349622709602686,wandb
3060,1777111853.211581,0.63671875,2.28e-05,5.917778968811035,8.355772018432617,77007421440.0,2783.7546425314795,31.144894227134596,10.444689481004854,wandb
3080,1777111916.8086812,0.6796875,2.28e-05,5.914322853088379,7.659110069274902,77510737920.0,2644.0226892964724,29.581560721672467,9.920413081132649,wandb
3100,1777111980.9776962,0.50390625,2.28e-05,5.92408561706543,9.40792465209961,78014054400.0,2617.891625206708,29.2892040553615,9.822368933830345,wandb
3120,1777112104.377446,0.7109375,2.28e-05,5.920866966247559,9.441991806030273,78517370880.0,2415.148262054928,27.020893298320953,9.061672771854928,wandb
3140,1777112169.1185997,0.6015625,2.28e-05,5.921089172363281,11.716487884521484,79020687360.0,2655.2982466535354,29.707712659013602,9.96271914270878,wandb
3160,1777112232.3315022,0.875,2.28e-05,5.912153244018555,7.814200401306152,79524003840.0,2761.2358985283836,30.892952518842893,10.36019881324949,wandb
3180,1777112295.7859752,0.63671875,2.28e-05,5.914361476898193,8.458730697631836,80027320320.0,2466.385045253967,27.594134980217724,9.253913956599886,wandb
3200,1777112356.9648466,0.62109375,2.28e-05,5.900538444519043,8.711816787719727,80530636800.0,2804.355953917949,31.375383528982113,10.521985912610438,wandb
3220,1777112477.6096199,0.6875,2.28e-05,5.92176628112793,8.950630187988281,81033953280.0,2386.974180144315,26.705679167144968,8.955963190819029,wandb
3240,1777112540.8003776,0.412109375,2.28e-05,5.913904666900635,8.285614013671875,81537269760.0,2762.536958882185,30.907508897657017,10.36508041135583,wandb
3260,1777112604.3421657,0.58984375,2.28e-05,5.919301986694336,8.536544799804688,82040586240.0,2299.24995609439,25.724212755756138,8.626820576680323,wandb
3280,1777112666.2061641,0.6875,2.28e-05,5.911190509796143,9.487321853637695,82543902720.0,2393.800382367004,26.78205132399761,8.981575204701722,wandb
3300,1777112728.2648191,0.5625,2.28e-05,5.9099507331848145,10.546930313110352,83047219200.0,2582.5122522573215,28.893376487983303,9.68962499194581,wandb
3320,1777112851.045143,0.67578125,2.28e-05,5.908931732177734,7.969356536865234,83550535680.0,2283.9521498555805,25.55305954062161,8.56942297652414,wandb
3340,1777112915.4338987,0.7421875,2.28e-05,5.915442943572998,8.404407501220703,84053852160.0,2630.7896853109187,29.433508697567884,9.870762650229615,wandb
3360,1777112979.2276444,1.3203125,2.28e-05,5.902292251586914,7.690117835998535,84557168640.0,2654.147686389627,29.694840088574423,9.958402223213758,wandb
3380,1777113041.9733448,0.6796875,2.28e-05,5.910079479217529,8.767768859863281,85060485120.0,2255.9522422505174,25.23979408704837,8.464366900114415,wandb
3400,1777113104.1655354,0.765625,2.28e-05,5.9065961837768555,7.804807662963867,85563801600.0,2738.902892026115,30.64308885820988,10.276405035403702,wandb
3420,1777113255.197848,0.59375,2.28e-05,5.902474880218506,8.806116104125977,86067118080.0,1776.546375132848,19.876158659153898,6.66562884291895,wandb
3440,1777113327.7582424,0.55859375,2.28e-05,5.906108856201172,8.054296493530273,86570434560.0,1972.8897544537886,22.07286582857165,7.402312168858003,wandb
3460,1777113446.8929029,0.6484375,2.28e-05,5.905705451965332,8.095806121826172,87073751040.0,603.6994797368066,6.754243407127575,2.2650895698052964,wandb
3480,1777113518.4589481,0.6328125,2.28e-05,5.905651092529297,8.637449264526367,87577067520.0,2001.750202588132,22.395759086030015,7.51059700633626,wandb
3500,1777113591.7318673,0.58203125,2.28e-05,5.897322654724121,9.194730758666992,88080384000.0,2248.879734097318,25.160666237565334,8.43783074265879,wandb
3520,1777113729.525269,0.703125,2.28e-05,5.896574974060059,8.67906379699707,88583700480.0,2306.152970266334,25.801444291520397,8.652720790157241,wandb
3540,1777113808.2581017,0.6875,2.28e-05,5.897269248962402,8.034441947937012,89087016960.0,2496.2783255466397,27.92858365561202,9.366073995942175,wandb
3560,1777113877.8591697,0.640625,2.28e-05,5.904208183288574,9.85770320892334,89590333440.0,2636.3178304930107,29.49535807694132,9.89150433448249,wandb
3580,1777113947.8776557,0.53515625,2.28e-05,5.8961944580078125,8.44151496887207,90093649920.0,2365.270332903889,26.462854596222922,8.874530028030202,wandb
3600,1777114019.7606006,1.3828125,2.28e-05,5.901461601257324,10.177627563476562,90596966400.0,2332.304608791298,26.094031146440052,8.750842133051291,wandb
3620,1777114153.9083574,0.7265625,2.28e-05,5.895194053649902,9.218500137329102,91100282880.0,2221.456992199387,24.853858165194275,8.334940200703137,wandb
3640,1777114223.6630712,0.384765625,2.28e-05,5.896190166473389,8.804092407226562,91603599360.0,2544.278405857623,28.465612818074437,9.546171022544923,wandb
3660,1777114288.592446,0.74609375,2.28e-05,5.897999286651611,9.125717163085938,92106915840.0,2463.783562154438,27.565029356205248,9.244153152702332,wandb
3680,1777114351.1723502,0.6328125,2.28e-05,5.8999433517456055,9.235934257507324,92610232320.0,2626.8864368635304,29.389838807205138,9.85611760307736,wandb
3700,1777114415.965341,0.75,2.28e-05,5.894570350646973,9.717594146728516,93113548800.0,2696.674644168553,30.170635469959766,10.117964011377948,wandb
3720,1777114923.1083248,0.63671875,2.28e-05,5.886309623718262,7.453824520111084,93616865280.0,2557.049823200661,28.60850056981889,9.594089573390715,wandb
3740,1777114987.9534824,1.0859375,2.28e-05,5.888413906097412,8.391839981079102,94120181760.0,2252.991124161137,25.206664834822345,8.453256740300892,wandb
3760,1777115052.4716067,0.474609375,2.28e-05,5.894781112670898,8.860380172729492,94623498240.0,2442.781163992183,27.330052659880902,9.16535183745362,wandb
3780,1777115116.7072296,0.5546875,2.28e-05,5.897594928741455,8.351240158081055,95126814720.0,2146.2657333706866,24.01261168202887,8.052821461446195,wandb
3800,1777115180.8566568,0.6796875,2.28e-05,5.886615753173828,8.881555557250977,95630131200.0,2664.9500226063146,29.815697585759857,9.998932751920883,wandb
3820,1777115304.3945224,0.68359375,2.28e-05,5.887975692749023,9.065685272216797,96133447680.0,2476.9424342332563,27.712251985951987,9.293525439571168,wandb
3840,1777115366.5704072,0.79296875,2.28e-05,5.890094757080078,9.644553184509277,96636764160.0,2560.5311829596526,28.647450332058636,9.607151687809415,wandb
3860,1777115433.8458033,0.59765625,2.28e-05,5.88564395904541,7.896390438079834,97140080640.0,2542.6224832590237,28.44708620894239,9.53995797593417,wandb
3880,1777115497.9200995,0.6171875,2.28e-05,5.877032279968262,8.865642547607422,97643397120.0,2693.556115291856,30.135745091862116,10.106263243911949,wandb
3900,1777115561.2751415,0.56640625,2.28e-05,5.884824752807617,9.246806144714355,98146713600.0,2663.2575294749213,29.796761822258276,9.99258249211851,wandb
3920,1777115684.7915869,1,2.28e-05,5.895496368408203,8.419126510620117,98650030080.0,2717.8659071837355,30.4077252030359,10.197473950408567,wandb
3940,1777115746.625402,0.52734375,2.28e-05,5.885014533996582,7.754947662353516,99153346560.0,2699.500831578176,30.202255105754503,10.128567909242234,wandb
3960,1777115809.103114,0.7109375,2.28e-05,5.882231712341309,10.081068992614746,99656663040.0,2615.7566725427837,29.265318015305397,9.814358559176402,wandb
3980,1777115870.929035,0.59765625,2.28e-05,5.8832879066467285,9.188265800476074,100159979520.0,2700.275532623697,30.210922529870036,10.131474599270675,wandb
4000,1777115933.379112,0.6328125,2.28e-05,5.88179349899292,8.193174362182617,100663296000.0,2407.4473930891254,26.934735292247957,9.032778995135955,wandb
4020,1777116066.1892095,0.640625,2.28e-05,5.886944770812988,9.196395874023438,101166612480.0,2777.248527801208,31.07210323758114,10.420278440230197,wandb
4040,1777116130.1044319,0.70703125,2.28e-05,5.886531352996826,8.189586639404297,101669928960.0,2687.9363331889963,30.07287047047884,10.085177736547731,wandb
4060,1777116193.114253,0.67578125,2.28e-05,5.885198593139648,8.136771202087402,102173245440.0,2701.766732562437,30.227606207250933,10.137069603972694,wandb
4080,1777116256.1480615,0.90625,2.28e-05,5.867419719696045,7.889945030212402,102676561920.0,2638.497063932455,29.519739534247492,9.899680851275262,wandb
4100,1777116319.0029001,0.53515625,2.28e-05,5.875565052032471,8.578409194946289,103179878400.0,2572.572222339193,28.782166550266545,9.652329849500232,wandb
4120,1777116442.4673424,0.609375,2.28e-05,5.873941421508789,9.187810897827148,103683194880.0,2459.816673314468,27.520647451476993,9.22926932583551,wandb
4140,1777116505.306255,0.79296875,2.28e-05,5.871673583984375,8.54824447631836,104186511360.0,2614.4386061784144,29.250571371734363,9.809413154261449,wandb
4160,1777116570.2218957,0.6484375,2.28e-05,5.878434658050537,8.580170631408691,104689827840.0,2676.4694521284473,29.94457798654744,10.042153825545238,wandb
4180,1777116631.7370555,0.72265625,2.28e-05,5.882838726043701,8.965328216552734,105193144320.0,2571.122289263779,28.76594457021836,9.646889678692949,wandb
4200,1777116700.4981833,0.55078125,2.28e-05,5.877724647521973,8.698835372924805,105696460800.0,2308.547434878845,25.82823377431025,8.66170485756348,wandb
4220,1777116826.0325668,0.439453125,2.28e-05,5.871014595031738,11.696771621704102,106199777280.0,2580.976445459354,28.87619374509886,9.683862621633965,wandb
4240,1777116888.9848197,0.5078125,2.28e-05,5.879213333129883,7.952484130859375,106703093760.0,2752.2258767113935,30.792147594376154,10.326393075251703,wandb
4260,1777116952.3434043,0.625,2.28e-05,5.875527381896973,10.729530334472656,107206410240.0,2735.6417704859678,30.60660314072676,10.264169258109884,wandb
4280,1777117122.5036957,0.67578125,2.28e-05,5.877472400665283,8.029716491699219,107709726720.0,2234.07081534466,24.994982739054723,8.382267455737683,wandb
4300,1777117199.9319735,0.5390625,2.28e-05,5.870153903961182,9.564508438110352,108213043200.0,1933.2336449927266,21.629189753189777,7.253521846960643,wandb
4320,1777117349.5193686,0.78515625,2.28e-05,5.882389545440674,9.119049072265625,108716359680.0,1972.232133001724,22.065508301348125,7.3998447632332685,wandb
4340,1777117429.077606,0.61328125,2.28e-05,5.87437629699707,9.071792602539062,109219676160.0,2638.6509315528256,29.521461018852563,9.900258164911817,wandb
4360,1777117495.089775,0.84375,2.28e-05,5.878575325012207,8.496394157409668,109722992640.0,2508.346492348307,28.063603377828468,9.411353940130704,wandb
4380,1777117557.2922766,0.609375,2.28e-05,5.869597911834717,7.666294097900391,110226309120.0,2550.512639661986,28.53536197967711,9.569561961977483,wandb
4400,1777117639.5721517,0.62890625,2.28e-05,5.871918678283691,8.908977508544922,110729625600.0,2649.1480278575173,29.638903464787514,9.939643428856991,wandb
4420,1777117765.4388874,0.7109375,2.28e-05,5.866344928741455,9.105608940124512,111232942080.0,2591.239224602216,28.99101462981239,9.722368724047445,wandb
4440,1777117829.645463,0.5625,2.28e-05,5.853471755981445,8.752291679382324,111736258560.0,2578.981847463097,28.8538780055326,9.676378859813852,wandb
4460,1777117895.2633798,0.58984375,2.28e-05,5.870542526245117,7.943680286407471,112239575040.0,2320.25606840354,25.959231006285876,8.705635827464302,wandb
4480,1777117959.1812437,0.72265625,2.28e-05,5.861694812774658,8.487878799438477,112742891520.0,2119.2275774546665,23.71010639178697,7.951373891905722,wandb
4500,1777118022.8623023,0.78125,2.28e-05,5.8850812911987305,8.117874145507812,113246208000.0,2648.3971276067336,29.630502326077778,9.93682603977003,wandb
4520,1777118147.3057108,0.671875,2.28e-05,5.871667861938477,11.716386795043945,113749524480.0,2606.341801351754,29.15998360007832,9.779033820209987,wandb
4540,1777118210.0795114,0.62109375,2.28e-05,5.87044095993042,8.214486122131348,114252840960.0,2724.2610878502605,30.47927505242967,10.221468764899845,wandb
4560,1777118274.1850219,0.58203125,2.28e-05,5.862876892089844,8.70069408416748,114756157440.0,2093.0975233057025,23.417761024783392,7.853333533916563,wandb
4580,1777118336.3442209,0.7109375,2.28e-05,5.865915298461914,8.258676528930664,115259473920.0,2385.876718261367,26.693400666108808,8.951845497251677,wandb
4600,1777118399.6670237,0.75390625,2.28e-05,5.867846488952637,9.812607765197754,115762790400.0,2631.9034526362343,29.445969625341696,9.8749415220631,wandb
4620,1777118523.779135,0.6328125,2.28e-05,5.863595485687256,7.788715839385986,116266106880.0,2694.850564608283,30.150227505802828,10.111120037306172,wandb
4640,1777118587.071621,0.60546875,2.28e-05,5.86568546295166,9.515960693359375,116769423360.0,2505.458979755891,28.031297630441,9.400519949253962,wandb
4660,1777118650.4625416,0.6875,2.28e-05,5.852574348449707,8.642452239990234,117272739840.0,2336.8646770217974,26.14504959488286,8.767951577954255,wandb
4680,1777118714.529305,0.5625,2.28e-05,5.864567756652832,8.676944732666016,117776056320.0,2649.1118090382106,29.63849824541972,9.93950753529969,wandb
4700,1777118778.1484118,0.5078125,2.28e-05,5.85914421081543,8.808714866638184,118279372800.0,2665.366450929508,29.820356622831905,10.00049519728169,wandb
4720,1777118905.4823797,0.7578125,2.28e-05,5.860532760620117,8.777212142944336,118782689280.0,2652.916007140015,29.681059951717234,9.953780944058675,wandb
4740,1777118970.3373995,0.6171875,2.28e-05,5.8577399253845215,8.70680046081543,119286005760.0,2504.310854561748,28.01845230377867,9.396212166177492,wandb
4760,1777119036.0722551,0.71484375,2.28e-05,5.852246284484863,10.380929946899414,119789322240.0,2590.752490198788,28.98556900206925,9.720542489211281,wandb
4780,1777119104.857952,0.435546875,2.28e-05,5.842328071594238,8.788898468017578,120292638720.0,1885.546997904296,21.09566730946418,7.074600826544853,wandb
4800,1777119177.6013694,0.67578125,2.28e-05,5.8686323165893555,9.19253921508789,120795955200.0,2220.9414305900477,24.848090016110618,8.333005805754816,wandb
4820,1777119301.3604112,1.2265625,2.28e-05,5.871305465698242,8.448198318481445,121299271680.0,2352.1226233869434,26.315756854210004,8.825199623262176,wandb
4840,1777119365.0493994,0.73828125,2.28e-05,5.8604631423950195,8.012170791625977,121802588160.0,2194.6635758362404,24.554091042810626,8.234410897663032,wandb
4860,1777119427.6826072,0.58984375,2.28e-05,5.85546350479126,8.212980270385742,122305904640.0,2599.784617631909,29.086621246132953,9.754431167814804,wandb
4880,1777119493.8069541,0.71875,2.28e-05,5.852985382080078,8.77092170715332,122809221120.0,2299.472751795386,25.726705413850265,8.627656509516878,wandb
4900,1777119556.8147473,0.58984375,2.28e-05,5.842588901519775,8.560867309570312,123312537600.0,2709.340681769508,30.3123442237887,10.165487175839166,wandb
4920,1777119683.1657448,0.69921875,2.28e-05,5.853791236877441,8.32988166809082,123815854080.0,2312.0875666820502,25.8678410834015,8.67498748558011,wandb
4940,1777119748.1718764,0.640625,2.28e-05,5.846657752990723,7.236278533935547,124319170560.0,2529.9530349236966,28.305339295514315,9.492422014346051,wandb
4960,1777119811.3291452,0.6875,2.28e-05,5.847405433654785,8.62190055847168,124822487040.0,2190.2134425717477,24.504302556533244,8.217713930413632,wandb
4980,1777119893.2551177,0.59375,2.28e-05,5.851836204528809,8.732719421386719,125325803520.0,2666.429228709655,29.83224707504487,10.004482755571257,wandb
5000,1777119956.1824894,1.7578125,2.28e-05,5.860836029052734,9.263969421386719,125829120000.0,2458.4198592152798,27.505019771253483,9.224028458229647,wandb
5020,1777120082.5224369,0.71484375,2.28e-05,5.8656721115112305,10.001386642456055,126332436480.0,2155.6934618189416,24.11808994539192,8.088194441035988,wandb
5040,1777120364.0466712,1.21875,2.28e-05,5.855569362640381,7.815483570098877,126835752960.0,552.6345141513053,6.182924035953965,2.0734930473424775,wandb
5060,1777121349.274127,0.439453125,2.28e-05,5.854544639587402,8.431513786315918,127339069440.0,1226.8671350932354,13.726298492484464,4.60322402869741,wandb
5080,1777121518.3170907,0.67578125,2.28e-05,5.847605228424072,7.528128623962402,127842385920.0,1461.9217568145064,16.3561104806742,5.485152521045122,wandb
5100,1777121730.4023988,0.69140625,2.28e-05,5.851300239562988,7.917323112487793,128345702400.0,709.1262703922592,7.933767706253448,2.660652481331776,wandb
5120,1777121958.900779,0.64453125,2.28e-05,5.854218006134033,8.750997543334961,128849018880.0,766.9290313766297,8.580470130881448,2.877529313938501,wandb
5140,1777122130.7950513,0.75,2.28e-05,5.858921051025391,7.602691650390625,129352335360.0,1147.5728012971038,12.839146442099082,4.305710490165654,wandb
5160,1777122318.7986808,1.6796875,2.28e-05,5.906001091003418,8.528396606445312,129855651840.0,799.6880057884533,8.946980446646146,3.000441480916167,wandb
5180,1777122489.7614765,0.7578125,2.28e-05,5.853024005889893,8.001502990722656,130358968320.0,948.2608805418486,10.609226967412742,3.5578891519107163,wandb
5200,1777122654.619699,0.671875,2.28e-05,5.840581893920898,7.933034420013428,130862284800.0,977.4138602643709,10.935393094265816,3.66727157232794,wandb
5220,1777122862.916991,0.73046875,2.28e-05,5.843383312225342,8.429205894470215,131365601280.0,1292.835923274566,14.464363154796581,4.850739918734903,wandb
5240,1777123008.2239795,0.62890625,2.28e-05,5.846339225769043,9.091667175292969,131868917760.0,1133.706586526117,12.684009999477691,4.253684242827931,wandb
5260,1777123139.864393,0.74609375,2.28e-05,5.851578712463379,10.012938499450684,132372234240.0,1162.8883143961139,13.010497763158467,4.36317452672886,wandb
5280,1777123259.635658,0.33984375,2.28e-05,5.831696510314941,7.264581680297852,132875550720.0,1294.678954663593,14.48498315369718,4.857655000354534,wandb
5300,1777123379.8012853,0.6796875,2.28e-05,5.84608268737793,10.317343711853027,133378867200.0,955.5216286704089,10.690460862461851,3.585131588598181,wandb
5320,1777123551.646651,0.671875,2.28e-05,5.848574638366699,9.850334167480469,133882183680.0,1818.3498283563617,20.343859407302926,6.822476031059157,wandb
5340,1777123658.8154922,0.6015625,2.28e-05,5.838443756103516,9.178911209106445,134385500160.0,2413.109719732382,26.998085905728512,9.054024130258586,wandb
5360,1777123747.4691122,0.4765625,2.28e-05,5.846128463745117,11.571163177490234,134888816640.0,1884.9493175432196,21.088980408491317,7.072358320799211,wandb
5380,1777123832.6397955,1,2.28e-05,5.857942581176758,8.058433532714844,135392133120.0,1615.2039918933901,18.071045743104257,6.060269783138823,wandb
5400,1777123917.7541933,0.61328125,2.28e-05,5.846993446350098,10.320953369140625,135895449600.0,2124.0178629379925,23.763700531305062,7.969347115419848,wandb
5420,1777124540.4164698,0.71875,2.28e-05,5.846772193908691,8.675145149230957,136398766080.0,1889.3520182511065,21.138238215111862,7.088877320379527,wandb
5440,1777124614.9338958,0.62890625,2.28e-05,5.8469696044921875,8.159685134887695,136902082560.0,1918.4694919277385,21.464007097169446,7.198126521576077,wandb
5460,1777124690.9916923,0.94921875,2.28e-05,5.845498561859131,7.983124732971191,137405399040.0,1504.7309298108726,16.835063310982,5.645773184969388,wandb
5480,1777124767.1503685,0.6640625,2.28e-05,5.83294153213501,8.105186462402344,137908715520.0,2654.305002394653,29.696600154013353,9.958992475241642,wandb
5500,1777124843.4893363,0.69921875,2.28e-05,5.8388872146606445,8.103052139282227,138412032000.0,2723.039043375023,30.46560271028406,10.216883635563796,wandb
5520,1777124978.3090181,0.78515625,2.28e-05,5.846273422241211,8.106050491333008,138915348480.0,2595.180439735431,29.035109294828825,9.737156222778596,wandb
5540,1777125048.0494008,0.70703125,2.28e-05,5.849167346954346,8.35474967956543,139418664960.0,2686.4593662341135,30.056346032985683,10.079636134216203,wandb
5560,1777125114.4466925,0.73046875,2.28e-05,5.8403167724609375,8.193646430969238,139921981440.0,2137.619033511647,23.915871635902292,8.020378912924395,wandb
5580,1777125181.549365,0.65625,2.28e-05,5.83165979385376,8.050403594970703,140425297920.0,2594.602714634114,29.02864565507481,9.734988589469094,wandb
5600,1777125251.259311,0.74609375,2.28e-05,5.831785202026367,8.295228958129883,140928614400.0,2493.630094379943,27.898955010071344,9.356137792590246,wandb
5620,1777125379.3158553,0.5390625,2.28e-05,5.838984489440918,8.093547821044922,141431930880.0,2546.7599997898396,28.493377111433027,9.55548200047521,wandb
5640,1777125443.8312397,0.62890625,2.28e-05,5.830517768859863,8.446403503417969,141935247360.0,2696.213478710956,30.165475909853917,10.116233711612884,wandb
5660,1777125557.2931318,0.71875,2.28e-05,5.827950477600098,8.055767059326172,142438563840.0,2393.339890555811,26.77689930070757,8.979847432468144,wandb
5680,1777125744.679102,1.078125,2.28e-05,5.865563869476318,8.63720989227295,142941880320.0,2438.27251407594,27.279609484105585,9.148435314842672,wandb
5700,1777125876.6922936,0.7421875,2.28e-05,5.837965488433838,8.01215648651123,143445196800.0,2421.5202338629074,27.09218348494362,9.08558050635826,wandb
5720,1777126009.8532963,0.9453125,2.28e-05,5.854762077331543,8.196762084960938,143948513280.0,2207.0538471980494,24.692714499459132,8.28089938302818,wandb
5740,1777126088.2850175,0.7265625,2.28e-05,5.836202621459961,8.762109756469727,144451829760.0,2403.3111607075775,26.888458756933407,9.017259788742368,wandb
5760,1777126246.19026,0.734375,2.28e-05,5.8376007080078125,7.912841320037842,144955146240.0,2239.538452883462,25.05615515354002,8.40278211439867,wandb
5780,1777126318.6142292,0.77734375,2.28e-05,5.838592052459717,8.130836486816406,145458462720.0,2202.370241104218,24.64031389842725,8.26332642219535,wandb
5800,1777126386.549802,0.48046875,2.28e-05,5.8298139572143555,10.145820617675781,145961779200.0,2692.4349464975944,30.123201355796255,10.102056601655145,wandb
5820,1777126525.5524507,0.5625,2.28e-05,5.82849645614624,9.060726165771484,146465095680.0,2196.721955901485,24.5771203818306,8.242133970769729,wandb
5840,1777126607.7107284,0.6953125,2.28e-05,5.835687637329102,7.8806633949279785,146968412160.0,1755.0528825257943,19.635687554556245,6.584984933892972,wandb
5860,1777126749.349317,0.703125,2.28e-05,5.832733154296875,7.908899307250977,147471728640.0,2313.3685751289017,25.882173119699416,8.679793848628593,wandb
5880,1777126819.1252427,1.09375,2.28e-05,5.841991901397705,9.494138717651367,147975045120.0,2606.9176809160867,29.166426591800608,9.781194529036842,wandb
5900,1777126896.8331437,0.75390625,2.28e-05,5.836704730987549,8.521541595458984,148478361600.0,2389.27131374732,26.73137970195436,8.964582070806939,wandb
5920,1777127025.0458672,0.51171875,2.28e-05,5.830761909484863,8.514452934265137,148981678080.0,2471.779133158305,27.65448451485907,9.274152655921037,wandb
5940,1777127091.7260206,0.73828125,2.28e-05,5.830907821655273,8.403038024902344,149484994560.0,2552.7117394893826,28.559965703896452,9.577813017758029,wandb
5960,1777127160.0727375,0.71875,2.28e-05,5.82994270324707,8.11799430847168,149988311040.0,2139.7313792722916,23.93950474791628,8.028304466135642,wandb
5980,1777127228.615048,0.63671875,2.28e-05,5.83298397064209,9.112651824951172,150491627520.0,2093.4931451799275,23.4221872774561,7.854817913166457,wandb
6000,1777127296.4718723,0.78125,2.28e-05,5.82625150680542,8.154233932495117,150994944000.0,2126.3475210712913,23.789764953448596,7.978088027936864,wandb
6020,1777127426.1997302,1.078125,2.28e-05,5.857828140258789,10.256331443786621,151498260480.0,2085.1848240954023,23.329233043117657,7.823644966919501,wandb
6040,1777127498.9728901,0.63671875,2.28e-05,5.8425140380859375,8.463726997375488,152001576960.0,1687.9593852574117,18.885039547068033,6.33324911836663,wandb
6060,1777127581.3780885,0.703125,2.28e-05,5.831021308898926,11.251310348510742,152504893440.0,2390.8904330882674,26.74949455297049,8.970657031038888,wandb
6080,1777127668.7707217,0.64453125,2.28e-05,5.83904504776001,10.239097595214844,153008209920.0,1891.8003022223977,21.165629833668632,7.098063318833113,wandb
6100,1777127781.3608363,0.703125,2.28e-05,5.8315324783325195,9.656394958496094,153511526400.0,1893.525947129437,21.184936502181078,7.104537964598629,wandb
6120,1777127964.5875912,0.62109375,2.28e-05,5.823957443237305,9.049500465393066,154014842880.0,2029.856693166388,22.710216999375316,7.61605298367186,wandb
6140,1777128035.9579315,0.78125,2.28e-05,5.842828750610352,9.173534393310547,154518159360.0,2203.2332396187576,24.6499692024698,8.266564405661715,wandb
6160,1777128107.2221532,0.796875,2.28e-05,5.831530570983887,8.22376823425293,155021475840.0,2207.830881601618,24.701408029391775,8.283814827851272,wandb
6180,1777128180.6541,0.39453125,2.28e-05,5.824118614196777,10.663288116455078,155524792320.0,2386.0861986677896,26.69574435150443,8.952631470901801,wandb
6200,1777128261.3744104,0.69921875,2.28e-05,5.824896812438965,7.6445465087890625,156028108800.0,2402.168628852417,26.87567600904448,9.012972991958277,wandb
6220,1777128392.3481255,0.83203125,2.28e-05,5.851313591003418,10.20106315612793,156531425280.0,2657.3627586573643,29.73081060270717,9.970465222941696,wandb
6240,1777128457.748809,0.67578125,2.28e-05,5.824077606201172,8.147628784179688,157034741760.0,2563.018784179858,28.675281835488885,9.616485205175005,wandb
6260,1777128525.6898763,0.765625,2.28e-05,5.826085090637207,10.863205909729004,157538058240.0,2294.480101656518,25.670847200589513,8.608924010757452,wandb
6280,1777128593.1496465,0.7578125,2.28e-05,5.824397087097168,9.927672386169434,158041374720.0,2697.6001885468877,30.180990542682526,10.121436667870332,wandb
6300,1777128658.1030018,0.6875,2.28e-05,5.822979927062988,9.492700576782227,158544691200.0,2644.3878205097944,29.585645842122453,9.921783058962124,wandb
6320,1777128789.2862487,0.6953125,2.28e-05,5.823708534240723,7.945814609527588,159048007680.0,2120.2510068930233,23.721556611256588,7.9552138146223434,wandb
6340,1777128854.0498295,0.6640625,2.28e-05,5.829310417175293,9.322689056396484,159551324160.0,2637.283106478734,29.506157670416993,9.895126064566139,wandb
6360,1777128921.0832064,0.703125,2.28e-05,5.832451820373535,8.200174331665039,160054640640.0,2392.0814149353178,26.762819363672588,8.975125612924625,wandb
6380,1777129069.1178114,0.59375,2.28e-05,5.829887390136719,10.755731582641602,160557957120.0,1823.6003758588874,20.40260299917782,6.842176164623829,wandb
6400,1777129151.2570975,0.67578125,2.28e-05,5.829037189483643,7.714283466339111,161061273600.0,2096.755139615192,23.45868276096733,7.867056965575947,wandb
6420,1777129282.6329052,0.69140625,2.28e-05,5.820944309234619,8.132732391357422,161564590080.0,2607.9014730632316,29.17743334573509,9.784885732037921,wandb
6440,1777129354.1936202,0.703125,2.28e-05,5.822549343109131,9.196697235107422,162067906560.0,2332.629365392437,26.097664552142376,8.752060624725804,wandb
6460,1777129429.8336132,0.73046875,2.28e-05,5.819723129272461,8.16107177734375,162571223040.0,2318.4558392800327,25.93908988293412,8.698881340591639,wandb
6480,1777129510.8318367,1.46875,2.28e-05,5.823357105255127,9.095597267150879,163074539520.0,2272.277506148631,25.422442589746307,8.52561953693308,wandb
6500,1777129586.0321503,0.671875,2.28e-05,5.823981761932373,7.724008560180664,163577856000.0,2393.7728221257207,26.7817429775699,8.981471798259996,wandb
6520,1777129719.2250056,0.66796875,2.28e-05,5.831723213195801,10.142480850219727,164081172480.0,2575.175459125372,28.811291794681047,9.662097233256597,wandb
6540,1777129787.1386676,0.80078125,2.28e-05,5.826198101043701,8.142913818359375,164584488960.0,2603.2438248839844,29.125323164157468,9.767410165692834,wandb
6560,1777129853.7799704,0.97265625,2.28e-05,5.818389892578125,8.660856246948242,165087805440.0,2210.421737324863,24.730394753374338,8.293535757672434,wandb
6580,1777129970.8898222,0.7265625,2.28e-05,5.819666862487793,8.339962005615234,165591121920.0,2442.482498359392,27.32671116225017,9.164231239486586,wandb
6600,1777130044.154959,0.5625,2.28e-05,5.81239128112793,7.474672317504883,166094438400.0,2585.1472207016127,28.92285674900755,9.699511433362872,wandb
6620,1777130169.1926785,0.58984375,2.28e-05,5.831696510314941,8.665067672729492,166597754880.0,2276.080524174321,25.464991093247427,8.539888518028654,wandb
6640,1777130235.4492183,0.71875,2.28e-05,5.827486515045166,12.11012077331543,167101071360.0,2653.4076102679,29.686560051182102,9.955625446422568,wandb
6660,1777130308.296648,0.671875,2.28e-05,5.809077739715576,7.827305793762207,167604387840.0,2243.842023139387,25.104303879858062,8.418929175025372,wandb
6680,1777130387.3486698,0.78125,2.28e-05,5.831093788146973,9.531835556030273,168107704320.0,2066.509859165523,23.12029587654768,7.753576216325925,wandb
6700,1777130466.8738706,0.60546875,2.28e-05,5.81843376159668,8.831328392028809,168611020800.0,2185.736559716668,24.454214793460157,8.200916598296166,wandb
6720,1777130597.4990044,0.8671875,2.28e-05,5.823373317718506,8.905527114868164,169114337280.0,2700.430272589704,30.212653774355587,10.132055185961239,wandb
6740,1777130810.3258338,0.5078125,2.28e-05,5.811373233795166,8.618072509765625,169617653760.0,2240.4376152037134,25.066215061453377,8.406155785010498,wandb
6760,1777130886.060302,0.75,2.28e-05,5.821495056152344,8.049309730529785,170120970240.0,1757.4952444999853,19.663012917283396,6.594148712923958,wandb
6780,1777131217.5324607,0.6875,2.28e-05,5.8275251388549805,8.670797348022461,170624286720.0,2341.5404796544663,26.19736289009806,8.785495260082891,wandb
6800,1777131335.956565,0.671875,2.28e-05,5.81758451461792,8.4688138961792,171127603200.0,1524.9488485876773,17.06126318225505,5.72163112171049,wandb
6820,1777131479.0147507,0.64453125,2.28e-05,5.815147399902344,10.410767555236816,171630919680.0,1698.2384190930422,19.000042290728203,6.371816208632988,wandb
6840,1777131578.544375,0.65234375,2.28e-05,5.812567710876465,8.053972244262695,172134236160.0,2622.7581190875035,29.34365082120022,9.840628092403279,wandb
6860,1777131667.5518613,0.73046875,2.28e-05,5.809835910797119,9.538799285888672,172637552640.0,1574.3499459905283,17.613967048396432,5.90698478561114,wandb
6880,1777131757.971272,0.54296875,2.28e-05,5.8168182373046875,10.50546646118164,173140869120.0,2465.0085282593564,27.578734385803262,9.248749244037086,wandb
6900,1777131935.224671,0.75390625,2.28e-05,5.822563171386719,7.613459587097168,173644185600.0,573.0283820508847,6.411092441642532,2.150011147850802,wandb
6920,1777132092.7140248,0.67578125,2.28e-05,5.8201751708984375,8.009781837463379,174147502080.0,1041.695256473795,11.654579065301842,3.9084563421905325,wandb
6940,1777132171.5218544,0.66015625,2.28e-05,5.8125810623168945,9.278776168823242,174650818560.0,2124.384317974142,23.767800462802434,7.970722060252577,wandb
6960,1777132252.0457647,0.5546875,2.28e-05,5.811900615692139,9.73509407043457,175154135040.0,1924.2601945899926,21.52879399295444,7.219853325461735,wandb
6980,1777132342.21636,0.75,2.28e-05,5.822712421417236,9.072202682495117,175657451520.0,1978.2295747403575,22.132608212284705,7.422347255257308,wandb
7000,1777132435.1589155,0.69921875,2.28e-05,5.8021745681762695,8.213005065917969,176160768000.0,2051.3128747425685,22.950270664845146,7.696556901146235,wandb
7020,1777132589.0683048,0.67578125,2.28e-05,5.819169521331787,8.158663749694824,176664084480.0,1737.8990161980803,19.443768574269527,6.520623368238354,wandb
7040,1777132667.5781488,0.47265625,2.28e-05,5.807080268859863,9.305599212646484,177167400960.0,1744.4549848243475,19.517117333640012,6.545221461584075,wandb
7060,1777132750.2547102,0.6328125,2.28e-05,5.814218521118164,7.704501628875732,177670717440.0,2032.3676286599305,22.738309568728493,7.62547405158359,wandb
7080,1777132832.7650166,0.8046875,2.28e-05,5.808791637420654,8.34205436706543,178174033920.0,2031.0889522622733,22.724003623604123,7.620676438418921,wandb
7100,1777132913.1827884,0.83984375,2.28e-05,5.818230628967285,13.62920093536377,178677350400.0,2075.1928463313952,23.217441908286574,7.7861549153712595,wandb
7120,1777133065.094593,0.5234375,2.28e-05,5.801913738250732,9.78014850616455,179180666880.0,1986.4440832670157,22.224512863392174,7.453168215369651,wandb
7140,1777133211.295303,0.671875,2.28e-05,5.803260803222656,8.22035026550293,179683983360.0,1603.3998066897216,17.938979470456236,6.015980301894716,wandb
7160,1777133317.5410821,0.703125,2.28e-05,5.817332744598389,9.369104385375977,180187299840.0,1821.3538447917667,20.377468610035027,6.833747146115155,wandb
7180,1777133478.1546404,0.6484375,2.28e-05,5.81471061706543,9.321130752563477,180690616320.0,1763.2513862344208,19.727413142337845,6.615745843686229,wandb
7200,1777133581.6790621,0.7421875,2.28e-05,5.811869144439697,8.380098342895508,181193932800.0,1853.2557405359767,20.73438985353045,6.95344354098157,wandb
7220,1777133752.4618714,0.65625,2.28e-05,5.806529998779297,8.168161392211914,181697249280.0,1505.351956020913,16.84201140738693,5.648103284693097,wandb
7240,1777133838.8884292,0.58203125,2.28e-05,5.811628341674805,8.591747283935547,182200565760.0,2485.96352351372,27.81318073418322,9.327372702859135,wandb
7260,1777133925.3051472,1.3046875,2.28e-05,5.820047855377197,8.127290725708008,182703882240.0,2257.6514077260854,25.258804501329294,8.47074219465295,wandb
7280,1777134021.3349035,0.66015625,2.28e-05,5.805135726928711,11.539056777954102,183207198720.0,1882.8701499770882,21.065718497064825,7.064557252675092,wandb
7300,1777134139.7031357,0.79296875,2.28e-05,5.80917501449585,9.123689651489258,183710515200.0,1776.7012139772671,19.877891009899905,6.666209800602807,wandb
7320,1777134296.0813353,0.5546875,2.28e-05,5.806215286254883,10.187288284301758,184213831680.0,1777.4950125728,19.886772099101446,6.669188144927457,wandb
7340,1777134384.4243798,0.6015625,2.28e-05,5.808004856109619,8.503196716308594,184717148160.0,1965.5979793136187,21.991284800560464,7.374953318354165,wandb
7360,1777134473.4565775,0.61328125,2.28e-05,5.810981750488281,8.642498016357422,185220464640.0,1986.476107360193,22.22487115179141,7.4532883702511326,wandb
7380,1777134558.8922467,1.7890625,2.28e-05,5.8019514083862305,8.47708511352539,185723781120.0,1867.706680292336,20.896068251230478,7.007663685299541,wandb
7400,1777134645.2537265,0.80078125,2.28e-05,5.810733795166016,9.40253734588623,186227097600.0,2054.633127157494,22.987417943807998,7.709014538375685,wandb
7420,1777134795.3062496,0.390625,2.28e-05,5.798996925354004,8.9261474609375,186730414080.0,2001.3365513160547,22.391131118852545,7.509044980513201,wandb
7440,1777134878.4873664,1.59375,2.28e-05,5.809762001037598,8.904605865478516,187233730560.0,1947.3090800151474,21.786666970569666,7.306333091843042,wandb
7460,1777134959.4363701,0.578125,2.28e-05,5.802945137023926,7.4666643142700195,187737047040.0,1504.9940970640828,16.838007649588587,5.646760592479861,wandb
7480,1777135036.2008686,0.59765625,2.28e-05,5.810214519500732,10.305713653564453,188240363520.0,2140.62888708621,23.949546145065817,8.03167192901471,wandb
7500,1777135107.4455643,0.796875,2.28e-05,5.814911365509033,7.456479549407959,188743680000.0,2321.4047430796127,25.972082480600843,8.709945672205276,wandb
7520,1777135236.9575655,0.68359375,2.28e-05,5.811546325683594,7.918025493621826,189246996480.0,2617.2097768065632,29.281575474890722,9.819810628330348,wandb
7540,1777135301.9868724,0.640625,2.28e-05,5.797783851623535,8.626203536987305,189750312960.0,2350.9409425971858,26.302536104563128,8.820765939083937,wandb
7560,1777135365.998593,0.73046875,2.28e-05,5.812030792236328,8.761441230773926,190253629440.0,2623.757738426991,29.3548346511686,9.844378679269173,wandb
7580,1777135430.0434477,0.66796875,2.28e-05,5.8077874183654785,7.595371246337891,190756945920.0,2678.5857566081027,29.968255389061383,10.050094231930034,wandb
7600,1777135499.6513572,0.67578125,2.28e-05,5.8178791999816895,8.675439834594727,191260262400.0,2392.2520145050366,26.7647280468133,8.975765705087952,wandb
7620,1777135634.4213855,0.64453125,2.28e-05,5.793768882751465,8.164495468139648,191763578880.0,2319.914876083278,25.95541371629799,8.704355668723302,wandb
7640,1777135702.6435285,0.6796875,2.28e-05,5.807584762573242,9.21568489074707,192266895360.0,2599.1909758233933,29.079979528844888,9.752203814779392,wandb
7660,1777135771.5090656,0.66015625,2.28e-05,5.800379276275635,8.322735786437988,192770211840.0,2169.537257469249,24.272975560899617,8.140136571494173,wandb
7680,1777135841.4025087,0.63671875,2.28e-05,5.801142692565918,7.8526716232299805,193273528320.0,2241.9707379029724,25.083367774403044,8.411908084543432,wandb
7700,1777135908.5094545,0.703125,2.28e-05,5.810626029968262,8.057878494262695,193776844800.0,2706.194882759675,30.277148745019066,10.153684090421594,wandb
7720,1777136039.1558049,0.671875,2.28e-05,5.808888912200928,8.707799911499023,194280161280.0,2497.0550515012465,27.93727373459028,9.368988283460103,wandb
7740,1777136105.677382,0.82421875,2.28e-05,5.809516906738281,7.950939178466797,194783477760.0,2555.165303608092,28.587416397211584,9.587018827404512,wandb
7760,1777136167.9345376,0.66015625,2.28e-05,5.805171966552734,9.220035552978516,195286794240.0,2659.2690484722457,29.7521383424956,9.977617651130961,wandb
7780,1777136235.1519547,0.80859375,2.28e-05,5.800599098205566,8.212102890014648,195790110720.0,2461.2158079849573,27.53630109445836,9.234518900259957,wandb
7800,1777136304.1624255,0.69921875,2.28e-05,5.799350738525391,9.356783866882324,196293427200.0,2410.0151382675253,26.963463453401836,9.042413213843657,wandb
7820,1777136432.9444005,0.6484375,2.28e-05,5.79814338684082,8.247110366821289,196796743680.0,2694.8478549301803,30.150197189683507,10.111109870552987,wandb
7840,1777136496.9964275,0.80078125,2.28e-05,5.804137229919434,11.657697677612305,197300060160.0,2733.1425066356414,30.578641154754706,10.254791982379857,wandb
7860,1777136612.2119887,0.63671875,2.28e-05,5.8030924797058105,7.450830459594727,197803376640.0,2580.400439460488,28.869749338815776,9.68170143842283,wandb
7880,1777136685.4706023,0.484375,2.28e-05,5.8106794357299805,8.811429023742676,198306693120.0,2040.287206246093,22.826914506274395,7.65518842635082,wandb
7900,1777136761.2188334,0.6875,2.28e-05,5.801870346069336,7.686371326446533,198810009600.0,1956.30378861556,21.887300569409035,7.340081374420849,wandb
7920,1777136941.7657046,0.58203125,2.28e-05,5.799130439758301,8.921709060668945,199313326080.0,2119.112800529504,23.708822257352388,7.950943247148246,wandb
7940,1777137046.7397926,0.62109375,2.28e-05,5.815435409545898,8.639955520629883,199816642560.0,2100.3787544245547,23.49922408534743,7.880652823093097,wandb
7960,1777137136.3820264,0.7578125,2.28e-05,5.803833961486816,8.161819458007812,200319959040.0,1997.2033346226656,22.344888323325005,7.493537089027154,wandb
7980,1777137216.0121102,0.73828125,2.28e-05,5.8076276779174805,7.989571571350098,200823275520.0,1839.803356979347,20.58388339129674,6.902969994613057,wandb
8000,1777137326.2026167,0.640625,2.28e-05,5.799973487854004,7.782398700714111,201326592000.0,2030.3749973211095,22.716015832300336,7.617997668691894,wandb
8020,1777137479.8836906,0.66015625,2.28e-05,5.802533149719238,9.476408004760742,201829908480.0,2565.6362209931813,28.704565951068496,9.626305867647778,wandb
8040,1777137562.7087517,1.4453125,2.28e-05,5.800628662109375,7.982664585113525,202333224960.0,2220.839397095704,24.84694845631206,8.332622974542323,wandb
8060,1777137944.9094756,2.90625,2.28e-05,5.795440673828125,8.012176513671875,202836541440.0,2710.030804668633,30.32006538008911,10.168076527384365,wandb
8080,1777138022.538578,0.9765625,2.28e-05,5.802041053771973,9.423542976379395,203339857920.0,2137.0085935175825,23.909041979022092,8.018088532842983,wandb
8100,1777138096.1716359,0.5859375,2.28e-05,5.799258232116699,9.030914306640625,203843174400.0,2552.1519165964587,28.553702355640233,9.575712553804916,wandb
8120,1777138226.1292639,0.6796875,2.28e-05,5.803192138671875,7.95189094543457,204346490880.0,2617.1160996442036,29.280527406476715,9.819459150201723,wandb
8140,1777138291.8922427,0.69921875,2.28e-05,5.800734996795654,7.858602523803711,204849807360.0,2603.0862856033523,29.123560600691228,9.766819075931501,wandb
8160,1777138357.2182026,0.67578125,2.28e-05,5.806643486022949,9.103785514831543,205353123840.0,2228.689308007828,24.93477395692019,8.362075958895904,wandb
8180,1777138432.720223,0.79296875,2.28e-05,5.80622673034668,8.283628463745117,205856440320.0,2161.4360496200425,24.182338527836194,8.109740717235589,wandb
8200,1777138496.161076,0.6640625,2.28e-05,5.797737121582031,9.46466064453125,206359756800.0,2653.795447000151,29.690899202994835,9.957080615702145,wandb
8220,1777138621.7145903,0.6640625,2.28e-05,5.801708221435547,8.755237579345703,206863073280.0,2326.2299385589204,26.026067196255102,8.728049878551811,wandb
8240,1777138683.254744,0.75,2.28e-05,5.806818008422852,9.93354606628418,207366389760.0,2656.6189012897084,29.722488260399498,9.967674258858647,wandb
8260,1777138747.3617392,0.84765625,2.28e-05,5.831958770751953,9.241415023803711,207869706240.0,2710.5899755569926,30.326321433660343,10.1701745450065,wandb
8280,1777138812.7001073,0.8046875,2.28e-05,5.80612850189209,10.909952163696289,208373022720.0,2544.6402753394323,28.469661445982506,9.54752876230848,wandb
8300,1777138875.0101578,0.79296875,2.28e-05,5.796701431274414,8.298576354980469,208876339200.0,2776.395930516839,31.062564303425695,10.417079482336591,wandb
8320,1777138997.730797,0.5703125,2.28e-05,5.794341564178467,7.85443639755249,209379655680.0,2243.3133216300716,25.09838872040623,8.416945478973801,wandb
8340,1777139064.000936,0.67578125,2.28e-05,5.8088250160217285,9.523143768310547,209882972160.0,2054.7840518105395,22.989106502233206,7.709580809954367,wandb
8360,1777139130.437377,0.6875,2.28e-05,5.795971870422363,8.272911071777344,210386288640.0,2748.7412678052056,30.75316148038894,10.313318769983628,wandb
8380,1777139193.8797185,0.96484375,2.28e-05,5.807720184326172,8.724422454833984,210889605120.0,2455.3530140574367,27.47070763519355,9.212521608857726,wandb
8400,1777139258.70821,0.66015625,2.28e-05,5.798483848571777,9.231953620910645,211392921600.0,2236.478852592141,25.021924073690304,8.391302447875407,wandb
8420,1777139391.0491962,0.77734375,2.28e-05,5.796263217926025,8.310056686401367,211896238080.0,2480.411894018478,27.751068610228103,9.306542905108476,wandb
8440,1777139457.0545905,0.69140625,2.28e-05,5.797568321228027,8.861583709716797,212399554560.0,2691.493246438016,30.11266553187659,10.09852332880262,wandb
8460,1777139523.2357569,0.6796875,2.28e-05,5.792590618133545,7.977803707122803,212902871040.0,2737.2955709102393,30.625106006783913,10.270374342290493,wandb
8480,1777139589.0564764,0.76953125,2.28e-05,5.78709602355957,8.739681243896484,213406187520.0,2297.910419494152,25.709225901278955,8.621794615115979,wandb
8500,1777139671.517961,0.640625,2.28e-05,5.7855424880981445,9.465577125549316,213909504000.0,2439.03099309679,27.288095414768065,9.151281139589436,wandb
8520,1777139866.2196164,3.359375,2.28e-05,5.7879509925842285,9.851815223693848,214412820480.0,2266.069231476906,25.3529838612256,8.50232599655842,wandb
8540,1777139939.130841,0.84765625,2.28e-05,5.791470527648926,8.598442077636719,214916136960.0,2498.7396013802017,27.95612062827797,9.375308740059307,wandb
8560,1777140017.8690426,0.61328125,2.28e-05,5.794524192810059,8.225364685058594,215419453440.0,1804.1561322582677,20.185059074503037,6.76922106883392,wandb
8580,1777140098.3863013,0.5078125,2.28e-05,5.784602165222168,10.409687042236328,215922769920.0,1488.789522611685,16.656709431130405,5.585960784285126,wandb
8600,1777140180.1233478,0.62109375,2.28e-05,5.792999267578125,8.013092041015625,216426086400.0,2342.708958527043,26.210435935522757,8.789879410468387,wandb
8620,1777140304.0669894,0.63671875,2.28e-05,5.792540550231934,8.976470947265625,216929402880.0,2675.636589592363,29.935259846508888,10.039028912725389,wandb
8640,1777140368.014921,0.84765625,2.28e-05,5.78982400894165,9.017546653747559,217432719360.0,2542.170774417708,28.44203245029955,9.538263157536282,wandb
8660,1777140431.7273734,0.69921875,2.28e-05,5.7959418296813965,8.545845031738281,217936035840.0,2212.5013839279322,24.753662024308646,8.301338623150382,wandb
8680,1777140495.800066,0.6875,2.28e-05,5.790019989013672,9.172296524047852,218439352320.0,2544.2373571702133,28.465153561713258,9.546017007249521,wandb
8700,1777140558.422109,0.734375,2.28e-05,5.786294460296631,9.829996109008789,218942668800.0,2625.4916963858877,29.374234326843684,9.850884515730867,wandb
8720,1777140720.0846508,0.79296875,2.28e-05,5.799060821533203,10.461132049560547,219445985280.0,2021.1954027092488,22.61331371234109,7.583555691005527,wandb
8740,1777140792.0392847,0.5703125,2.28e-05,5.797375202178955,9.974130630493164,219949301760.0,2082.8339571415445,23.30293133480568,7.814824478587284,wandb
8760,1777140869.807159,0.3984375,2.28e-05,5.788857460021973,8.405948638916016,220452618240.0,2296.416354263642,25.692510166759206,8.616188859795944,wandb
8780,1777140942.8103745,0.6796875,2.28e-05,5.790279865264893,7.887923240661621,220955934720.0,2176.4825353948877,24.350679947294587,8.166195359213555,wandb
8800,1777141012.0038588,0.73828125,2.28e-05,5.795050621032715,9.347774505615234,221459251200.0,2452.3928562085425,27.437589126223376,9.201415051881014,wandb
8820,1777141136.6318696,0.78125,2.28e-05,5.796985149383545,9.578301429748535,221962567680.0,2683.9189756271994,30.027923917207552,10.070104550274039,wandb
8840,1777141200.0204794,0.8671875,2.28e-05,5.799695014953613,9.088294982910156,222465884160.0,2451.9141143608713,27.432232919904035,9.199618805234817,wandb
8860,1777141268.0080483,0.68359375,2.28e-05,5.787864685058594,7.667412757873535,222969200640.0,2735.415807986776,30.604075052213105,10.263321443398647,wandb
8880,1777141331.777491,0.640625,2.28e-05,5.78900146484375,9.105987548828125,223472517120.0,2231.6264524298904,24.967634989626635,8.373096169147411,wandb
8900,1777141406.0074842,0.671875,2.28e-05,5.788011074066162,8.306641578674316,223975833600.0,1982.4482574980723,22.179807209732044,7.438175816708086,wandb
8920,1777141545.659452,0.65625,2.28e-05,5.790264129638672,9.190134048461914,224479150080.0,2113.542156092958,23.646497392544823,7.9300421050505,wandb
8940,1777141623.5372336,1.328125,2.28e-05,5.820005893707275,9.09820556640625,224982466560.0,2070.8503723864355,23.16885792403972,7.769861887515467,wandb
8960,1777141696.436481,0.6484375,2.28e-05,5.793426990509033,8.333819389343262,225485783040.0,2282.1188505834616,25.532548425509503,8.562544409954198,wandb
8980,1777141767.5793731,0.640625,2.28e-05,5.785058975219727,8.269251823425293,225989099520.0,2470.7866388821017,27.64338040073166,9.270428802400245,wandb
9000,1777141839.1606686,0.69140625,2.28e-05,5.789257526397705,7.975825309753418,226492416000.0,2439.969728198252,27.29859806647294,9.154803287874307,wandb
9020,1777141979.1579618,0.83984375,2.28e-05,5.784881591796875,8.380624771118164,226995732480.0,2456.339512718101,27.481744669841706,9.216222966738426,wandb
9040,1777142087.499812,0.671875,2.28e-05,5.79212760925293,7.779438018798828,227499048960.0,2370.255627622038,26.518630516383272,8.893234929139952,wandb
9060,1777142160.098048,0.62890625,2.28e-05,5.786386489868164,7.894946098327637,228002365440.0,2380.0281844113074,26.627966749857382,8.92990170987555,wandb
9080,1777142226.2207553,3.359375,2.28e-05,5.781298637390137,9.304828643798828,228505681920.0,2269.032833573982,25.386140904750384,8.51344547640635,wandb
9100,1777142305.64438,0.7109375,2.28e-05,5.8011088371276855,8.219398498535156,229008998400.0,2555.540726573382,28.591616662696822,9.588427420042878,wandb
9120,1777142431.6505046,0.71875,2.28e-05,5.798564910888672,8.471872329711914,229512314880.0,2532.8225253911532,28.337443409766795,9.503188385937634,wandb
9140,1777142497.1553645,0.6875,2.28e-05,5.79840612411499,8.841470718383789,230015631360.0,2217.5099619820157,24.809698440499734,8.320130883688366,wandb
9160,1777142561.1081626,0.75,2.28e-05,5.789813995361328,9.599882125854492,230518947840.0,2827.0847404058177,31.62967521125195,10.607264662942388,wandb
9180,1777142625.0004604,0.31640625,2.28e-05,5.775297164916992,7.620062828063965,231022264320.0,2701.0234894280625,30.219290737039778,10.1342809445022,wandb
9200,1777142691.9975529,1.0234375,2.28e-05,5.805619716644287,8.02238655090332,231525580800.0,2376.9081876636105,26.5930599490886,8.918195434935383,wandb
9220,1777142816.848621,0.625,2.28e-05,5.779841423034668,7.622238636016846,232028897280.0,2607.2382409060756,29.17001304544459,9.782397274962905,wandb
9240,1777142882.0695605,0.5859375,2.28e-05,5.797139644622803,11.868139266967773,232532213760.0,2363.7268895464636,26.445586414832885,8.868739005231882,wandb
9260,1777142944.4303665,0.63671875,2.28e-05,5.779541969299316,8.409564971923828,233035530240.0,2711.7281100826726,30.33905498383642,10.174444842943938,wandb
9280,1777143007.8330495,2.0625,2.28e-05,5.7866621017456055,8.131473541259766,233538846720.0,2589.3002071725728,28.969320730562746,9.715093501353087,wandb
9300,1777143072.296029,0.7109375,2.28e-05,5.783414363861084,8.935648918151855,234042163200.0,2593.6428013930376,29.017906060462636,9.731386980484391,wandb
9320,1777143206.182808,0.640625,2.28e-05,5.78404426574707,9.17846965789795,234545479680.0,2119.5505127529614,23.713719420591282,7.952585550024441,wandb
9340,1777143273.410519,0.71875,2.28e-05,5.785818576812744,9.237186431884766,235048796160.0,2178.6585567852876,24.375025467910714,8.174359824349779,wandb
9360,1777143341.8038697,0.9921875,2.28e-05,5.796673774719238,8.138359069824219,235552112640.0,2617.6258953670304,29.286231046309872,9.821371911456726,wandb
9380,1777143414.851785,0.71875,2.28e-05,5.803864479064941,8.958989143371582,236055429120.0,2535.8205790625107,28.370985900565046,9.514437128612828,wandb
9400,1777143479.1623356,0.76171875,2.28e-05,5.7749528884887695,8.17811107635498,236558745600.0,2722.580093838042,30.460467942094912,10.215161649966367,wandb
9420,1777143605.264927,0.66015625,2.28e-05,5.779081344604492,7.584352970123291,237062062080.0,2679.824055650573,29.982109588749122,10.054740348647943,wandb
9440,1777143670.0443769,1.265625,2.28e-05,5.796181678771973,8.290214538574219,237565378560.0,2760.343681110917,30.882970311118818,10.356851200017848,wandb
9460,1777143731.9768245,0.6640625,2.28e-05,5.7789835929870605,8.936843872070312,238068695040.0,2616.2411939740614,29.27073888411954,9.816176490907619,wandb
9480,1777143794.0782983,0.79296875,2.28e-05,5.786879062652588,7.893703460693359,238572011520.0,2731.0797277632505,30.555562601489626,10.247052404882284,wandb
9500,1777143859.5840812,0.6015625,2.28e-05,5.7883501052856445,11.852105140686035,239075328000.0,2321.952590284722,25.978211843797972,8.712001203196756,wandb
9520,1777143986.422341,0.70703125,2.28e-05,5.785289287567139,9.007579803466797,239578644480.0,2571.7126372685548,28.772549436137584,9.649104673326962,wandb
9540,1777144050.0767183,0.80078125,2.28e-05,5.774498462677002,8.236595153808594,240081960960.0,2614.866177105387,29.255355073247316,9.81101740684,wandb
9560,1777144119.8321087,1.1171875,2.28e-05,5.77336311340332,8.157236099243164,240585277440.0,2553.709904333845,28.571133260845276,9.581558147336613,wandb
9580,1777144185.5758395,0.7421875,2.28e-05,5.788841247558594,8.812114715576172,241088593920.0,2141.519614949019,23.95951168752006,8.035013953414769,wandb
9600,1777144250.7197201,0.6796875,2.28e-05,5.779763698577881,7.848649978637695,241591910400.0,2568.2391569277806,28.733687829528797,9.636072122604471,wandb
9620,1777144375.3926313,0.98046875,2.28e-05,5.781819820404053,8.054954528808594,242095226880.0,2213.093819738887,24.76029024878886,8.303561451264722,wandb
9640,1777144438.3415024,0.64453125,2.28e-05,5.7906951904296875,7.936114311218262,242598543360.0,2657.8211023750364,29.735938592936073,9.972184935495926,wandb
9660,1777144501.2827199,0.578125,2.28e-05,5.773012161254883,8.83405876159668,243101859840.0,2233.6211214456434,24.98995152376532,8.380580197433746,wandb
9680,1777144564.9873738,0.953125,2.28e-05,5.795050621032715,8.862678527832031,243605176320.0,2593.3936791237156,29.015118858383435,9.730452269965685,wandb
9700,1777144628.6932273,0.703125,2.28e-05,5.778417587280273,8.809083938598633,244108492800.0,2563.3484051694772,28.67896966440164,9.617721948108594,wandb
9720,1777144754.113511,0.4375,2.28e-05,5.775364875793457,8.576969146728516,244611809280.0,2671.3033201838157,29.88677884343307,10.022770420429294,wandb
9740,1777144817.9624875,0.859375,2.28e-05,5.785553455352783,11.45291519165039,245115125760.0,2559.5405323822547,28.636366845397237,9.603434751874396,wandb
9760,1777144887.2209961,0.6328125,2.28e-05,5.7887468338012695,8.92365837097168,245618442240.0,2618.7414955406343,29.29871248015315,9.825557660164684,wandb
9780,1777144956.7304761,0.640625,2.28e-05,5.775879859924316,8.883174896240234,246121758720.0,2250.679096491703,25.180797663874674,8.44458197755069,wandb
9800,1777145071.560804,0.50390625,2.28e-05,5.77789831161499,9.387990951538086,246625075200.0,2255.3960269888116,25.233571101290696,8.462279972048144,wandb
9820,1777145256.7121727,0.75390625,2.28e-05,5.781705379486084,8.809025764465332,247128391680.0,1938.3305902081784,21.68621482903209,7.2726456624233,wandb
9840,1777145337.4074733,0.58203125,2.28e-05,5.7749834060668945,8.595396995544434,247631708160.0,2077.4252935768586,23.242418726381572,7.794531091168271,wandb
9860,1777145415.1177325,0.68359375,2.28e-05,5.789166450500488,8.471685409545898,248135024640.0,1950.366358378788,21.820872072486228,7.317804046458562,wandb
9880,1777145488.415544,0.609375,2.28e-05,5.775488376617432,8.813657760620117,248638341120.0,2666.6857785841416,29.83511737783046,10.005445334576772,wandb
9900,1777145558.7831106,0.82421875,2.28e-05,5.786077499389648,7.711583137512207,249141657600.0,2327.543618180242,26.040764760555238,8.732978824340565,wandb
9920,1777145704.9070604,1.15625,2.28e-05,5.7769036293029785,8.754337310791016,249644974080.0,2000.9200768809876,22.386471565876757,7.507482362139946,wandb
9940,1777145779.4743392,0.5859375,2.28e-05,5.774853229522705,8.256084442138672,250148290560.0,2611.747413998379,29.22046207456015,9.799315760538338,wandb
9960,1777145845.27677,0.6015625,2.28e-05,5.7804975509643555,11.365575790405273,250651607040.0,2641.7888984223778,29.55656887094099,9.91203186402071,wandb
9980,1777145910.4508119,1.5625,2.28e-05,5.841546058654785,8.192068099975586,251154923520.0,2387.8987187270122,26.716022986936792,8.959432073550984,wandb
10000,1777145973.1694014,0.625,2.28e-05,5.787684440612793,7.598629474639893,251658240000.0,2620.650583498433,29.320071525813105,9.832720587028454,wandb
10020,1777146098.7027674,0.68359375,2.28e-05,5.785674095153809,8.855588912963867,252161556480.0,2375.2040597332903,26.573994014423086,8.911801521191636,wandb
10040,1777146162.9880047,0.62109375,2.28e-05,5.784057140350342,9.386727333068848,252664872960.0,2488.296129631127,27.839278138634835,9.336124676257068,wandb
10060,1777146239.120468,0.734375,2.28e-05,5.777207851409912,7.351611614227295,253168189440.0,2360.62596069711,26.410892947404605,8.857104273334413,wandb
10080,1777146311.364306,0.640625,2.28e-05,5.784822463989258,9.644941329956055,253671505920.0,2414.7079016084776,27.015966506527963,9.06002053280605,wandb
10100,1777146374.6154184,0.6953125,2.28e-05,5.784580230712891,7.7639570236206055,254174822400.0,2635.790427045853,29.48945744032422,9.889525508779746,wandb
10120,1777146500.4131486,0.578125,2.28e-05,5.771218776702881,7.944121360778809,254678138880.0,2569.930226396852,28.75260766496985,9.642417040804299,wandb
10140,1777146662.043794,0.6640625,2.28e-05,5.777512550354004,8.610771179199219,255181455360.0,2376.4597886695988,26.58804322131142,8.916513035134592,wandb
10160,1777146726.0987215,0.578125,2.28e-05,5.773283004760742,9.112184524536133,255684771840.0,2381.8374730450037,26.648209231813905,8.936690188167331,wandb
10180,1777146795.6965694,4.9375,2.28e-05,5.767702579498291,8.433046340942383,256188088320.0,2285.1577257020163,25.566547630285246,8.573946315316084,wandb
10200,1777146863.405862,0.72265625,2.28e-05,5.775706768035889,7.693352222442627,256691404800.0,2552.0710565293116,28.552797686026032,9.575409165611193,wandb
10220,1777201911.8827934,0.51171875,2.28e-05,5.780661106109619,8.193756103515625,257194721280.0,1163.6983054202335,13.01956001468944,4.366213625290232,wandb
10240,1777202038.2589347,0.71875,2.28e-05,5.7851386070251465,8.21681022644043,257698037760.0,1408.5322011065723,15.75878338871282,5.284834101318634,wandb
10260,1777202162.7000556,0.71875,2.28e-05,5.787265777587891,9.303597450256348,258201354240.0,1246.9296628783159,13.95075983553841,4.678498936089622,wandb
10280,1777202276.6675532,0.8359375,2.28e-05,5.783932685852051,8.355409622192383,258704670720.0,1202.3505350903042,13.452004593793056,4.51123737504328,wandb
10300,1777202392.2738457,0.421875,2.28e-05,5.773864269256592,8.227306365966797,259207987200.0,1433.5514031552689,16.038700443739394,5.3787065254427375,wandb
10320,1777202573.9762168,0.734375,2.28e-05,5.777737617492676,7.8412275314331055,259711303680.0,1899.1902177909246,21.248308865510293,7.125790393707038,wandb
10340,1777202679.407118,0.87109375,2.28e-05,5.7748823165893555,8.936321258544922,260214620160.0,1275.7621478416713,14.273340238555736,4.786678855327811,wandb
10360,1777202783.5165277,0.64453125,2.28e-05,5.778409957885742,7.522678375244141,260717936640.0,1950.064582770767,21.817495780176355,7.3166717798174705,wandb
10380,1777202895.5022593,1.578125,2.28e-05,5.764775276184082,7.787627220153809,261221253120.0,2019.8555608452968,22.598323442546363,7.578528584087115,wandb
10400,1777203007.242571,0.78515625,2.28e-05,5.773395538330078,10.440149307250977,261724569600.0,1449.957562503359,16.222254011917773,5.440262683212036,wandb
10420,1777203212.051576,0.66796875,2.28e-05,5.7791056632995605,8.482809066772461,262227886080.0,1645.3354935072975,18.4081596598022,6.1733236324778815,wandb
10440,1777203337.0863073,0.6484375,2.28e-05,5.776239395141602,8.234457969665527,262731202560.0,1257.939805798818,14.073942292586006,4.7198091586893955,wandb
10460,1777203455.6882603,0.73828125,2.28e-05,5.776426315307617,8.879056930541992,263234519040.0,1350.4228124863218,15.108650386856247,5.0668067971889785,wandb
10480,1777203585.6369925,0.46875,2.28e-05,5.7629780769348145,8.06503677368164,263737835520.0,1305.9872476471824,14.61150134013586,4.900083886496025,wandb
10500,1777204369.3898282,0.72265625,2.28e-05,5.770615100860596,8.052423477172852,264241152000.0,281.1505335787844,3.145537144843639,1.0548810501412658,wandb
10520,1777204552.410386,0.65234375,2.28e-05,5.771700859069824,9.731307983398438,264744468480.0,1883.367044149497,21.071277793205837,7.066421607117986,wandb
10540,1777204706.8833177,0.63671875,2.28e-05,5.775369167327881,8.039762496948242,265247784960.0,1473.0838480862328,16.480992949373167,5.527032856154612,wandb
10560,1777204830.9897394,0.67578125,2.28e-05,5.7817182540893555,10.540925979614258,265751101440.0,1328.1294373288558,14.859230125229416,4.983161716747716,wandb
10580,1777204949.9672797,0.57421875,2.28e-05,5.771025657653809,8.14779281616211,266254417920.0,2248.174971755115,25.15278129387532,8.435186463701964,wandb
10600,1777205085.4385636,0.87109375,2.28e-05,5.769835472106934,8.638479232788086,266757734400.0,1507.8972359608797,16.87048822545759,5.657653213486753,wandb
10620,1777205264.2512748,0.828125,2.28e-05,5.778076171875,8.727563858032227,267261050880.0,2470.078355185366,27.635456059814324,9.267771311268003,wandb
10640,1777205361.7352746,1.875,2.28e-05,5.771888732910156,8.985452651977539,267764367360.0,2034.6146825386477,22.76344980713387,7.633905031689276,wandb
10660,1777205505.6173284,0.66796875,2.28e-05,5.776456356048584,7.412309646606445,268267683840.0,1778.7400556326534,19.900701751454747,6.67385956530049,wandb
10680,1777205607.6419475,0.78515625,2.28e-05,5.777209281921387,8.263680458068848,268771000320.0,2107.7816369843113,23.58204819303885,7.908428550314046,wandb
10700,1777205697.050018,0.70703125,2.28e-05,5.777926921844482,8.282517433166504,269274316800.0,1575.290170694477,17.62448636590625,5.910512522907048,wandb
10720,1777205831.7696562,0.8671875,2.28e-05,5.792692184448242,8.735740661621094,269777633280.0,2178.2414198173815,24.370358502458668,8.172794720143301,wandb
10740,1777205909.0588055,0.62890625,2.28e-05,5.789628028869629,7.53767204284668,270280949760.0,2180.622949491807,24.397003268012188,8.181730255466398,wandb
10760,1777205984.2366412,0.71484375,2.28e-05,5.773894309997559,7.871359348297119,270784266240.0,2379.4095365449493,26.621045262572842,8.927580533733273,wandb
10780,1777206057.8861096,0.72265625,2.28e-05,5.7644805908203125,7.600931167602539,271287582720.0,2601.099043331951,29.101327157628084,9.75936291290219,wandb
10800,1777206171.8055003,0.64453125,2.28e-05,5.781788349151611,8.005596160888672,271790899200.0,2389.166381111225,26.730205706300353,8.964188361970788,wandb
10820,1777206307.5859957,0.6328125,2.28e-05,5.77836799621582,8.512462615966797,272294215680.0,1860.4425358751635,20.814796358202674,6.980408505685886,wandb
10840,1777206389.2217119,0.57421875,2.28e-05,5.77990198135376,8.139141082763672,272797532160.0,2444.396285705148,27.348122785080047,9.171411798524977,wandb
10860,1777206461.9488945,0.6796875,2.28e-05,5.764771461486816,7.430977821350098,273300848640.0,2226.377632647035,24.908910727632893,8.353402518013048,wandb
10880,1777206528.7799811,0.36328125,2.28e-05,5.758449077606201,9.193801879882812,273804165120.0,2165.4448750050574,24.22718962235572,8.124781890653075,wandb
10900,1777206598.68325,0.63671875,2.28e-05,5.761682033538818,7.542008399963379,274307481600.0,2630.6077797892635,29.431473522432576,9.870080137963791,wandb
10920,1777206753.852192,0.61328125,2.28e-05,5.764956951141357,8.5159912109375,274810798080.0,2404.208657719052,26.898500033224238,9.020627211090503,wandb
10940,1777206824.9030201,0.578125,2.28e-05,5.773571014404297,8.028715133666992,275314114560.0,2613.288241850772,29.23770099344754,9.805096969922255,wandb
10960,1777206893.966855,0.64453125,2.28e-05,5.766514778137207,7.976190090179443,275817431040.0,2596.6881419498036,29.05197760113543,9.742813144268139,wandb
10980,1777207012.265953,1.4140625,2.28e-05,5.826234817504883,8.6466064453125,276320747520.0,2590.6608049735405,28.984543219624598,9.7201984848608,wandb
11000,1777207080.169426,0.56640625,2.28e-05,5.770050525665283,9.402853965759277,276824064000.0,2530.3309938845446,28.309567933943132,9.49384012207807,wandb
11020,1777207208.906737,0.66796875,2.28e-05,5.768306732177734,9.865909576416016,277327380480.0,2326.779660267458,26.032217531563102,8.730112442708478,wandb
11040,1777207281.095905,0.71875,2.28e-05,5.7757415771484375,9.321048736572266,277830696960.0,1799.4868116753648,20.132818301036437,6.751701707453948,wandb
11060,1777207350.2272205,0.5625,2.28e-05,5.769960880279541,8.180204391479492,278334013440.0,2492.189714789912,27.88283991526628,9.350733466604474,wandb
11080,1777207419.9966292,0.5703125,2.28e-05,5.7660627365112305,9.383529663085938,278837329920.0,2599.4450341680745,29.082821956173692,9.753157045527427,wandb
11100,1777207488.8776577,0.70703125,2.28e-05,5.7636518478393555,7.9930830001831055,279340646400.0,2318.903257231929,25.944095634724963,8.70056005950759,wandb
11120,1777207614.5574296,0.69140625,2.28e-05,5.7743449211120605,9.63233470916748,279843962880.0,2527.8019479957143,28.281272743878695,9.484351103689573,wandb
11140,1777207726.8857718,1.96875,2.28e-05,5.778498649597168,9.293004989624023,280347279360.0,2403.860154062424,26.894600943355606,9.019319620104982,wandb
11160,1777207961.7750072,0.6640625,2.28e-05,5.771574974060059,8.060713768005371,280850595840.0,2185.0852568673267,24.44692795932519,8.198472900164322,wandb
11180,1777208151.5608537,0.734375,2.28e-05,5.773434638977051,7.384270668029785,281353912320.0,195.34801175959532,2.185570908720933,0.7329486918089926,wandb
11200,1777208225.7718823,0.78515625,2.28e-05,5.776431560516357,9.388866424560547,281857228800.0,2543.8743052260297,28.4610917043111,9.544654830869268,wandb
11220,1777208351.0387053,0.7421875,2.28e-05,5.779892921447754,8.864362716674805,282360545280.0,2326.810633654079,26.032564064564045,8.730228655323085,wandb
11240,1777208425.5713327,0.5703125,2.28e-05,5.760334014892578,8.959970474243164,282863861760.0,2468.7409434335677,27.62049297833024,9.262753322167113,wandb
11260,1777208498.720765,0.6796875,2.28e-05,5.7755560874938965,8.651592254638672,283367178240.0,2196.3656363846867,24.573133847424085,8.240797054558751,wandb
11280,1777208584.653599,0.66796875,2.28e-05,5.763605117797852,7.781314373016357,283870494720.0,2559.0834332326735,28.631252779506692,9.60171970895845,wandb
11300,1777209015.9910998,0.84375,2.28e-05,5.761322021484375,8.034049987792969,284373811200.0,1551.8494048928476,17.362228995827515,5.822562415431939,wandb
11320,1777209155.610117,0.69921875,2.28e-05,5.7627105712890625,7.290328502655029,284877127680.0,2215.434435060635,24.78647726093012,8.312343475318363,wandb
11340,1777209274.7519324,0.5625,2.28e-05,5.757057189941406,7.4533586502075195,285380444160.0,2172.2150441499984,24.302934876156986,8.150183667581407,wandb
11360,1777209346.6251705,0.7109375,2.28e-05,5.758598327636719,7.5389404296875,285883760640.0,2511.8143882027207,28.102402504707772,9.424365537775989,wandb
11380,1777209447.9960296,0.60546875,2.28e-05,5.762612342834473,7.847910404205322,286387077120.0,2298.84627187019,25.719696300795707,8.6253059473715,wandb
11400,1777209537.199964,0.70703125,2.28e-05,5.760397434234619,9.241308212280273,286890393600.0,2337.1540910098533,26.148287584290454,8.769037463610454,wandb
11420,1777209690.2991014,0.6640625,2.28e-05,5.75268030166626,8.30685806274414,287393710080.0,1899.6206024511998,21.25312404732138,7.127405203455455,wandb
11440,1777209794.9204047,0.75,2.28e-05,5.761855602264404,7.819145202636719,287897026560.0,2422.085539383705,27.098508173327527,9.087701541213997,wandb
11460,1777209869.015313,0.640625,2.28e-05,5.77061653137207,7.9873738288879395,288400343040.0,2034.3858976935821,22.76089014196386,7.633046627493675,wandb
11480,1777209952.0180728,0.78125,2.28e-05,5.773741722106934,8.357782363891602,288903659520.0,1913.5409246761822,21.408865848944547,7.179634462778128,wandb
11500,1777210036.5855742,0.72265625,2.28e-05,5.761920928955078,8.104827880859375,289406976000.0,1491.8366347381073,16.69080079228188,5.5973935950249905,wandb
11520,1777210190.0231836,0.765625,2.28e-05,5.764301300048828,7.964841842651367,289910292480.0,2087.2530277051637,23.352372288826327,7.831404898113655,wandb
11540,1777210283.878645,1.625,2.28e-05,5.766665458679199,8.232440948486328,290413608960.0,2305.709324351751,25.796480741618094,8.651056223982286,wandb
11560,1777210390.3814702,0.91015625,2.28e-05,5.775424003601074,9.020589828491211,290916925440.0,1581.1588297499925,17.690145444744083,5.932531820358135,wandb
11580,1777210471.1293118,0.7734375,2.28e-05,5.770641803741455,8.70303726196289,291420241920.0,2569.009511537672,28.742306625336408,9.638962504740757,wandb
11600,1777210541.8492305,0.59765625,2.28e-05,5.767605304718018,8.529430389404297,291923558400.0,1703.9575925626837,19.064028911552168,6.393274633907165,wandb
11620,1777210671.6752455,0.65625,2.28e-05,5.76872444152832,8.702737808227539,292426874880.0,2603.756394831933,29.13105784226773,9.769333335882411,wandb
11640,1777210739.8214812,0.80078125,2.28e-05,5.770327568054199,8.101263046264648,292930191360.0,2639.018147806786,29.52556946692243,9.901635965845273,wandb
11660,1777210806.4568644,0.76953125,2.28e-05,5.7915143966674805,8.233592987060547,293433507840.0,2398.7009340914565,26.836879132016595,8.999962148818664,wandb
11680,1777210873.8120263,0.671875,2.28e-05,5.766113758087158,7.731884002685547,293936824320.0,2542.8153353611647,28.44924385539258,9.540681559935377,wandb
11700,1777210942.7038474,0.7421875,2.28e-05,5.7671918869018555,8.29454517364502,294440140800.0,2417.417490707312,27.04628163006394,9.070186952046468,wandb
11720,1777211081.3784902,0.5703125,2.28e-05,5.7610182762146,7.91375732421875,294943457280.0,2472.3152876265776,27.66048305867778,9.276164315587232,wandb
11740,1777211147.702335,0.64453125,2.28e-05,5.773789405822754,8.906549453735352,295446773760.0,2683.5384536819874,30.023666603881992,10.068676826185959,wandb
11760,1777211214.3055096,0.7734375,2.28e-05,5.761460781097412,8.804874420166016,295950090240.0,2352.48316728285,26.319790651345244,8.826552389407395,wandb
11780,1777211284.132762,0.703125,2.28e-05,5.755833625793457,9.48184585571289,296453406720.0,2334.572102388574,26.119400066232362,8.759349803289851,wandb
11800,1777211348.7633884,0.6484375,2.28e-05,5.774129867553711,8.017505645751953,296956723200.0,2511.649738637361,28.10056039074438,9.423747770118924,wandb
11820,1777211480.872179,0.66796875,2.28e-05,5.7590651512146,9.456438064575195,297460039680.0,2654.5765590488286,29.699638353983186,9.9600113599113,wandb
11840,1777211546.7703407,0.6796875,2.28e-05,5.764029026031494,7.950159072875977,297963356160.0,2554.380918980973,28.578640632324923,9.584075804431595,wandb
11860,1777211621.5263205,0.67578125,2.28e-05,5.7602338790893555,8.213509559631348,298466672640.0,2627.70162805022,29.398959238616882,9.859176212727265,wandb
11880,1777211689.0233622,0.73046875,2.28e-05,5.755836486816406,7.485850811004639,298969989120.0,2092.57748021812,23.41194273652305,7.851382324394159,wandb
11900,1777211757.0484018,0.609375,2.28e-05,5.7667622566223145,9.418304443359375,299473305600.0,2567.0150071210123,28.719991932747,9.631479094032708,wandb
11920,1777211886.2648058,0.7421875,2.28e-05,5.769165992736816,9.664974212646484,299976622080.0,2589.9465656944453,28.97655224712278,9.717518648293558,wandb
11940,1777211952.4730983,0.6640625,2.28e-05,5.768485069274902,11.688129425048828,300479938560.0,2540.4813272760175,28.423130765601346,9.5319243263333,wandb
11960,1777212020.6193082,0.71875,2.28e-05,5.761748313903809,7.533936023712158,300983255040.0,2387.2912016077935,26.709226031440014,8.957152660140158,wandb
11980,1777212088.998036,1.8046875,2.28e-05,5.759571075439453,8.236237525939941,301486571520.0,2572.9954714676296,28.786901899113563,9.653917886625372,wandb
12000,1777212156.83594,0.54296875,2.28e-05,5.75345516204834,8.640783309936523,301989888000.0,2094.6842836798,23.43551384080389,7.859287082815951,wandb
12020,1777212283.2242007,0.77734375,2.28e-05,5.773015022277832,8.858556747436523,302493204480.0,2576.786097867972,28.829311764009514,9.668140374155406,wandb
12040,1777212349.2339866,0.609375,2.28e-05,5.766991138458252,8.063278198242188,302996520960.0,2565.1057181679716,28.69863063833442,9.624315413031752,wandb
12060,1777212415.2692978,0.9609375,2.28e-05,5.76154899597168,8.372734069824219,303499837440.0,2518.589810781875,28.178206534397688,9.449787025668867,wandb
12080,1777212481.377971,0.7421875,2.28e-05,5.764678955078125,9.27627182006836,304003153920.0,2642.9443703539378,29.569496393554164,9.916367212166978,wandb
12100,1777212547.8002324,1.3671875,2.28e-05,5.808250904083252,10.509822845458984,304506470400.0,2230.5483589137034,24.955573183598332,8.369051145984804,wandb
12120,1777212675.42809,0.796875,2.28e-05,5.762941360473633,7.901766300201416,305009786880.0,2512.4810287538758,28.10986093841311,9.42686678319679,wandb
12140,1777213170.4977927,0.65625,2.28e-05,5.770999908447266,8.325881958007812,305513103360.0,216.73199738983536,2.42481683953427,0.8131817290033261,wandb
12160,1777213647.752023,0.578125,2.28e-05,5.751245498657227,7.573368072509766,306016419840.0,2120.519675817474,23.72456250304974,7.956221864486439,wandb
12180,1777213724.2869978,0.57421875,2.28e-05,5.764927864074707,8.458524703979492,306519736320.0,2126.225645039095,23.788401393573896,7.97763074722253,wandb
12200,1777213800.473089,0.6640625,2.28e-05,5.766746520996094,7.640079975128174,307023052800.0,2278.639002856761,25.49361558002135,8.5494879687035,wandb
12220,1777213935.0372584,0.66015625,2.28e-05,5.760782241821289,8.757678985595703,307526369280.0,1778.2649933298342,19.89538671221007,6.672077124362174,wandb
12240,1777214005.9204848,0.75390625,2.28e-05,5.765732765197754,7.862848281860352,308029685760.0,2423.379797826378,27.112988451755715,9.092557618447008,wandb
12260,1777214073.8285737,0.6640625,2.28e-05,5.760708808898926,7.919461250305176,308533002240.0,2523.9012584897387,28.23763148317979,9.469715657724164,wandb
12280,1777214139.748713,0.6875,2.28e-05,5.7624969482421875,8.63859748840332,309036318720.0,2447.0114100957403,27.377381029068722,9.181223784752722,wandb
12300,1777214205.9231105,0.796875,2.28e-05,5.760149955749512,9.149240493774414,309539635200.0,2674.9928422104244,29.928057543614386,10.036613562821405,wandb
12320,1777214333.3039563,0.671875,2.28e-05,5.752198696136475,8.55748176574707,310042951680.0,2517.8013614246306,28.169385292949304,9.446828751767104,wandb
12340,1777214400.0729282,0.64453125,2.28e-05,5.758364677429199,7.875019073486328,310546268160.0,2538.260774701428,28.398287026140714,9.523592779521135,wandb
12360,1777214467.0134943,0.69921875,2.28e-05,5.766232490539551,9.750226020812988,311049584640.0,2196.3458830153672,24.57291284497341,8.240722939618594,wandb
12380,1777214534.9642603,0.625,2.28e-05,5.762159824371338,8.245309829711914,311552901120.0,2269.616750237378,25.39267381625094,8.51563634055033,wandb
12400,1777214603.1812384,0.765625,2.28e-05,5.764517784118652,10.224142074584961,312056217600.0,2069.017123977386,23.14834737798815,7.7629835117845305,wandb
12420,1777214732.824615,0.59375,2.28e-05,5.758975028991699,8.9478759765625,312559534080.0,2519.1929227235582,28.184954204376883,9.452049910787018,wandb
12440,1777214798.6722748,0.7890625,2.28e-05,5.773726463317871,8.570079803466797,313062850560.0,2558.186516582844,28.6212179963535,9.598354464135976,wandb
12460,1777214866.2893705,0.65234375,2.28e-05,5.755248069763184,8.933517456054688,313566167040.0,2370.907118127438,26.525919450030894,8.895679331360164,wandb
12480,1777214932.9095502,0.79296875,2.28e-05,5.762249946594238,9.403589248657227,314069483520.0,2523.280825691108,28.230690025914427,9.46738778448903,wandb
12500,1777215001.0590205,0.76171875,2.28e-05,5.753785133361816,9.583745956420898,314572800000.0,2501.140615032526,27.982983382307015,9.38431737956188,wandb
12520,1777215144.9623334,0.80078125,2.28e-05,5.756941318511963,7.255890846252441,315076116480.0,1488.3200493986542,16.651456923118772,5.584199313696145,wandb
12540,1777215228.5037022,0.6953125,2.28e-05,5.755992412567139,8.143415451049805,315579432960.0,2483.378983469578,27.7842646705795,9.317675469561399,wandb
12560,1777215309.5189593,0.64453125,2.28e-05,5.763533592224121,8.621414184570312,316082749440.0,1469.2332433898137,16.437912041972712,5.512585329151435,wandb
12580,1777215396.0803788,0.73046875,2.28e-05,5.766053199768066,8.309675216674805,316586065920.0,1958.8527751408915,21.915818857086016,7.349645210378799,wandb
12600,1777215470.743218,0.74609375,2.28e-05,5.757940292358398,8.74505615234375,317089382400.0,1304.816461458864,14.598402480257676,4.895691079027004,wandb
12620,1777215621.00746,0.85546875,2.28e-05,5.761799335479736,9.087489128112793,317592698880.0,337.3213640788915,3.773981386246052,1.2656348549127439,wandb
12640,1777215716.0228755,0.734375,2.28e-05,5.763073444366455,9.571317672729492,318096015360.0,1827.7461195382853,20.448985947737626,6.857731057550661,wandb
12660,1777215786.9848661,0.73828125,2.28e-05,5.760637283325195,7.726563453674316,318599331840.0,2440.0614227059227,27.299623952770165,9.15514732705258,wandb
12680,1777215872.6749141,0.69921875,2.28e-05,5.7506256103515625,8.819299697875977,319102648320.0,1548.7061375902538,17.327061842023372,5.810768829018183,wandb
12700,1777215952.9000707,0.74609375,2.28e-05,5.760690689086914,9.096796035766602,319605964800.0,2527.1077395317443,28.273505877915873,9.481746423043345,wandb
12720,1777216104.387372,0.61328125,2.28e-05,5.757568359375,8.285725593566895,320109281280.0,2514.3724435961312,28.131022255686425,9.433963400264002,wandb
12740,1777216173.1744535,0.9609375,2.28e-05,5.763359069824219,7.619848251342773,320612597760.0,2545.935057915111,28.48414758845733,9.552386806096449,wandb
12760,1777216240.017584,1.46875,2.28e-05,5.760031223297119,9.848821640014648,321115914240.0,2493.6497057350257,27.899174423654127,9.356211374690842,wandb
12780,1777216311.1184871,0.77734375,2.28e-05,5.761634826660156,9.278759956359863,321619230720.0,1713.42779742252,19.169982404781255,6.428806985635025,wandb
12800,1777216378.4759152,0.7734375,2.28e-05,5.763561248779297,7.972393989562988,322122547200.0,2574.739269600235,28.806411667526223,9.660460643567507,wandb
12820,1777216532.2685483,0.6484375,2.28e-05,5.767429828643799,8.998987197875977,322625863680.0,302.63580127226084,3.385916228377553,1.1354940991672233,wandb
12840,1777216660.2615807,1.0703125,2.28e-05,5.7795281410217285,8.187060356140137,323129180160.0,1410.469261854156,15.780455396429765,5.292101982512344,wandb
12860,1777216754.728172,0.875,2.28e-05,5.771379470825195,8.029420852661133,323632496640.0,2068.222667488945,23.13945892822231,7.76000269903575,wandb
12880,1777216889.502869,0.77734375,2.28e-05,5.748746871948242,7.68751859664917,324135813120.0,1477.7463930850572,16.533157917003212,5.544526795440745,wandb
12900,1777216989.1742346,0.7578125,2.28e-05,5.760772228240967,8.554978370666504,324639129600.0,2008.6334833601995,22.47276984276351,7.536423179798673,wandb
12920,1777217140.2355466,0.90234375,2.28e-05,5.758275032043457,9.006244659423828,325142446080.0,2030.6472551890158,22.719061877511685,7.619019184326064,wandb
12940,1777217209.848634,0.62890625,2.28e-05,5.752162456512451,8.462699890136719,325645762560.0,2534.7164467532452,28.358632770206707,9.510294407505146,wandb
12960,1777217284.7987692,0.68359375,2.28e-05,5.758919715881348,8.415491104125977,326149079040.0,2524.605662698294,28.245512420038743,9.472358592958134,wandb
12980,1777217354.2382154,0.734375,2.28e-05,5.764344692230225,8.861564636230469,326652395520.0,1846.1552897120262,20.654949378964844,6.926802542203076,wandb
13000,1777217427.201713,1.5078125,2.28e-05,5.758566856384277,8.589448928833008,327155712000.0,2141.6764765477337,23.96126666902081,8.035602500503309,wandb
13020,1777217561.248921,0.78125,2.28e-05,5.7629714012146,11.682458877563477,327659028480.0,2492.0669770209747,27.881466714204368,9.350272952640868,wandb
13040,1777217630.9372003,0.5703125,2.28e-05,5.762259483337402,7.843691825866699,328162344960.0,2239.1494142672877,25.051802554943183,8.401322435632453,wandb
13060,1777217698.7259893,0.67578125,2.28e-05,5.761322975158691,10.67718505859375,328665661440.0,2695.4599062254665,30.15704487394491,10.11340629626093,wandb
13080,1777217765.7816465,0.70703125,2.28e-05,5.7490644454956055,7.8883466720581055,329168977920.0,2571.504585099423,28.77022172998765,9.648324058444732,wandb
13100,1777217831.3080451,0.80859375,2.28e-05,5.752531051635742,9.460391998291016,329672294400.0,2536.505987541096,28.378654311509667,9.517008791580928,wandb
13120,1777217960.3154993,0.68359375,2.28e-05,5.753911972045898,9.01388168334961,330175610880.0,2612.909514321447,29.233463756206326,9.8036759785097,wandb
13140,1777218028.1372032,0.6484375,2.28e-05,5.7538957595825195,8.86670970916748,330678927360.0,2151.6933501504427,24.07333634070683,8.073185961614533,wandb
13160,1777218093.9244523,0.9296875,2.28e-05,5.753795623779297,8.469766616821289,331182243840.0,2567.165963109991,28.721680841761415,9.632045483184283,wandb
13180,1777218159.8985481,0.62109375,2.28e-05,5.757193565368652,7.643507957458496,331685560320.0,2466.829918602218,27.599112262756947,9.255583128124512,wandb
13200,1777218228.0746095,0.69140625,2.28e-05,5.760378837585449,8.754627227783203,332188876800.0,2421.1592142768536,27.08814436574476,9.084225955416422,wandb
13220,1777218374.7277832,0.7265625,2.28e-05,5.752662658691406,8.982063293457031,332692193280.0,2490.6387774530517,27.86548789056862,9.34491432628208,wandb
13240,1777218451.5274525,0.70703125,2.28e-05,5.747145175933838,8.634906768798828,333195509760.0,1841.2871166627897,20.60048382644044,6.90853708336478,wandb
13260,1777218526.1044095,0.72265625,2.28e-05,5.757796287536621,7.818952560424805,333698826240.0,2518.9065500917854,28.181750241933553,9.450975436345548,wandb
13280,1777218609.4092338,0.734375,2.28e-05,5.756647109985352,8.34214973449707,334202142720.0,2185.1587882353097,24.44775063480212,8.198748790968045,wandb
13300,1777218698.581064,0.66015625,2.28e-05,5.76133394241333,7.931400775909424,334705459200.0,1870.412654487554,20.926342930903676,7.017816541366972,wandb
13320,1777218829.3556495,0.65625,2.28e-05,5.761669635772705,11.68044376373291,335208775680.0,2141.3169508151327,23.95724426318708,8.034253554522195,wandb
13340,1777218901.7924974,0.60546875,2.28e-05,5.747379302978516,8.16573715209961,335712092160.0,2474.6925001755026,27.6870795238477,9.28508365299022,wandb
13360,1777218973.947823,0.64453125,2.28e-05,5.749588966369629,8.58317756652832,336215408640.0,2438.447014460055,27.281561809904286,9.149090042920554,wandb
13380,1777219042.804622,0.8203125,2.28e-05,5.7581071853637695,8.126148223876953,336718725120.0,2598.0910843739953,29.067673845603466,9.74807700544201,wandb
13400,1777219109.3069959,0.73828125,2.28e-05,5.75888204574585,9.760419845581055,337222041600.0,2502.4131939565923,27.9972211083552,9.389092114913504,wandb
13420,1777219236.6338022,1.046875,2.28e-05,5.7568440437316895,7.718696594238281,337725358080.0,2433.7667600200443,27.22919870747308,9.131529657543503,wandb
13440,1777219302.619806,0.71875,2.28e-05,5.7556352615356445,9.37498664855957,338228674560.0,2560.950764160971,28.652144643811226,9.608725962816587,wandb
13460,1777219368.432689,0.71484375,2.28e-05,5.752594947814941,8.464262008666992,338731991040.0,2526.812336894773,28.270200886972233,9.480638067885929,wandb
13480,1777219454.3024218,0.65625,2.28e-05,5.760978698730469,8.626684188842773,339235307520.0,2337.4534665933334,26.15163702491256,8.770160725323205,wandb
13500,1777219537.9105058,0.7734375,2.28e-05,5.7580180168151855,8.84619426727295,339738624000.0,922.706082869831,10.323317620974422,3.462007164915122,wandb
13520,1777219671.388538,0.78515625,2.28e-05,5.753337383270264,8.743642807006836,340241940480.0,2279.252055817975,25.500474471010126,8.551788152677139,wandb
13540,1777219803.2277157,0.6328125,2.28e-05,5.749288558959961,8.63116455078125,340745256960.0,1557.9904723021318,17.430935803525887,5.845603793142428,wandb
13560,1777219962.8921714,0.93359375,2.28e-05,5.747920036315918,10.327070236206055,341248573440.0,1497.6924790575276,16.756316498713918,5.619364811392621,wandb
13580,1777220288.5049915,0.71484375,2.28e-05,5.746722221374512,8.699661254882812,341751889920.0,602.717180800774,6.743253359371665,2.2614039693548733,wandb
13600,1777220467.0306683,3.953125,2.28e-05,5.799025535583496,9.378963470458984,342255206400.0,1567.234631166057,17.5343602740726,5.880288016878099,wandb
13620,1777220609.4585943,0.72265625,2.28e-05,5.757801532745361,8.408712387084961,342758522880.0,2090.490358507378,23.38859183342007,7.843551412199274,wandb
13640,1777220686.8122852,0.7578125,2.28e-05,5.75443172454834,7.815606117248535,343261839360.0,1978.6930512279866,22.13779362839984,7.424086226041972,wandb
13660,1777220780.6856112,0.6875,2.28e-05,5.748739719390869,8.155191421508789,343765155840.0,2160.8817256121347,24.17613670159401,8.107660885182144,wandb
13680,1777220848.5391695,0.703125,2.28e-05,5.749485015869141,8.716072082519531,344268472320.0,2466.3039877079364,27.593228101192228,9.25360982746241,wandb
13700,1777220916.6729283,0.7421875,2.28e-05,5.748579502105713,8.453691482543945,344771788800.0,2287.204922342964,25.589451848160742,8.581627428045836,wandb
13720,1777221150.619296,0.7109375,2.28e-05,5.750758647918701,8.27688980102539,345275105280.0,559.5788420449064,6.26061779330611,2.0995482705273,wandb
13740,1777221312.7155812,0.7890625,2.28e-05,5.748953819274902,7.104559421539307,345778421760.0,2106.488144631445,23.56757648569147,7.903575347461564,wandb
13760,1777221385.1592658,0.671875,2.28e-05,5.7486724853515625,8.522008895874023,346281738240.0,2243.7484750357426,25.103257255364422,8.418578181126998,wandb
13780,1777221455.830959,0.921875,2.28e-05,5.788388729095459,8.86722183227539,346785054720.0,2599.228562176531,29.080400048302664,9.752344839344289,wandb
13800,1777221525.5797327,0.98046875,2.28e-05,5.763384819030762,9.049074172973633,347288371200.0,2565.4576897754805,28.702568527945573,9.625636015821378,wandb
13820,1777221657.303376,0.68359375,2.28e-05,5.764593601226807,9.83853530883789,347791687680.0,2559.408866873875,28.634893759993375,9.602940740897504,wandb
13840,1777221727.343426,1.0078125,2.28e-05,5.766504287719727,7.794990062713623,348295004160.0,2452.1644126417727,27.43503327930526,9.200557928166736,wandb
13860,1777221797.0868788,0.8984375,2.28e-05,5.76076602935791,8.34891128540039,348798320640.0,1988.30556277184,22.245339261451097,7.4601525145985015,wandb
13880,1777221866.0678542,0.73828125,2.28e-05,5.747536659240723,7.46336030960083,349301637120.0,2288.3126466652234,25.601845166279546,8.585783626440547,wandb
13900,1777221937.2330983,0.57421875,2.28e-05,5.753087997436523,7.7548298835754395,349804953600.0,2617.2228365736755,29.2817215887253,9.819859628773884,wandb
13920,1777222065.4404745,0.73046875,2.28e-05,5.7529144287109375,8.707601547241211,350308270080.0,2405.9639383189933,26.918138268501465,9.02721305042358,wandb
13940,1777222136.3713129,0.640625,2.28e-05,5.757755279541016,7.525008201599121,350811586560.0,2572.643962852908,28.78296918950684,9.65259902099168,wandb
13960,1777222205.373939,0.7734375,2.28e-05,5.7465996742248535,8.353612899780273,351314903040.0,2548.325541049127,28.510892526112094,9.561355934935214,wandb
13980,1777222278.359952,0.7578125,2.28e-05,5.753937244415283,7.908518314361572,351818219520.0,2522.9356105391566,28.22682772812824,9.466092532022746,wandb
14000,1777222345.095573,0.76171875,2.28e-05,5.742654323577881,7.896853923797607,352321536000.0,2297.424842828266,25.703793226406276,8.619972724128564,wandb
14020,1777222481.9060023,0.7421875,2.28e-05,5.7463836669921875,8.313514709472656,352824852480.0,2238.038484446069,25.03937337341727,8.397154210157213,wandb
14040,1777222553.8590384,0.7109375,2.28e-05,5.7472991943359375,9.100383758544922,353328168960.0,2472.7659108753332,27.665524671614627,9.277855060825432,wandb
14060,1777222625.9962568,0.69921875,2.28e-05,5.754968166351318,9.966304779052734,353831485440.0,2653.1435574600378,29.683605804911398,9.954634716297662,wandb
14080,1777222694.99275,0.796875,2.28e-05,5.746005058288574,7.170902252197266,354334801920.0,2397.9663842421064,26.82866092305053,8.997206106684937,wandb
14100,1777222775.8352966,0.87109375,2.28e-05,5.750292778015137,10.24079704284668,354838118400.0,2630.071816864202,29.42547712161633,9.868069196970621,wandb
14120,1777222905.0230744,0.65625,2.28e-05,5.752524375915527,9.606060028076172,355341434880.0,2433.1275773698,27.222047475202274,9.129131434581806,wandb
14140,1777222978.2774332,0.78515625,2.28e-05,5.744762897491455,9.17219066619873,355844751360.0,1769.7767062829846,19.8004190026984,6.64022894310531,wandb
14160,1777223055.6210165,0.73828125,2.28e-05,5.752006530761719,11.286550521850586,356348067840.0,2269.486340354578,25.391214778897602,8.515147040699585,wandb
14180,1777223131.0961459,0.83984375,2.28e-05,5.76187801361084,8.095619201660156,356851384320.0,2549.7019638653123,28.52629206684997,9.566520294139139,wandb
14200,1777223199.6229923,0.7578125,2.28e-05,5.756593704223633,10.190834045410156,357354700800.0,2557.698180134773,28.61575444479258,9.596522218404104,wandb
14220,1777223332.1902077,0.7109375,2.28e-05,5.752040863037109,8.583797454833984,357858017280.0,2157.6198468392613,24.139642512123892,8.095422266739693,wandb
14240,1777223401.655597,0.66796875,2.28e-05,5.752480983734131,8.099200248718262,358361333760.0,2334.534713933969,26.118981760880956,8.759209521243237,wandb
14260,1777223473.7855074,0.82421875,2.28e-05,5.753261566162109,7.7821197509765625,358864650240.0,2284.717870255299,25.561626488474136,8.572295971033835,wandb
14280,1777223575.8260965,0.6875,2.28e-05,5.741264343261719,8.047298431396484,359367966720.0,733.164993899651,8.202715080262033,2.750846135153981,wandb
14300,1777223668.3221486,0.68359375,2.28e-05,5.744236946105957,8.042938232421875,359871283200.0,1753.8952538276667,19.622735901847122,6.580641493525955,wandb
14320,1777223810.2597642,0.77734375,2.28e-05,5.755655288696289,7.962324142456055,360374599680.0,2162.9382098318565,24.199144829725867,8.11537684504779,wandb
14340,1777223889.049103,0.78515625,2.28e-05,5.755917072296143,8.335198402404785,360877916160.0,1745.8722995352407,19.532974376528387,6.550539247794815,wandb
14360,1777223965.12631,0.75,2.28e-05,5.749458312988281,8.137530326843262,361381232640.0,2542.0134351257475,28.44027212432433,9.537672818135466,wandb
14380,1777224041.3620625,0.74609375,2.28e-05,5.742330551147461,7.890280723571777,361884549120.0,2466.2671836024842,27.592816333591045,9.253471737902647,wandb
14400,1777224113.5251038,0.78125,2.28e-05,5.739887237548828,8.191268920898438,362387865600.0,2389.20382604983,26.730624643599768,8.964328855946222,wandb
14420,1777224243.7091155,0.76171875,2.28e-05,5.751741409301758,7.980713844299316,362891182080.0,2529.400742209802,28.299160195569996,9.490349803738436,wandb
14440,1777224310.5929554,0.62890625,2.28e-05,5.737443923950195,8.389385223388672,363394498560.0,2419.227725715548,27.066534700142878,9.076978981149821,wandb
14460,1777224382.2667887,0.66796875,2.28e-05,5.736509323120117,7.963534355163574,363897815040.0,2405.3761088813408,26.911561580534947,9.02500750549147,wandb
14480,1777224500.536071,0.71484375,2.28e-05,5.746084213256836,8.443099975585938,364401131520.0,2342.392617989918,26.206896689492247,8.788692495993224,wandb
14500,1777224617.722047,0.640625,2.28e-05,5.745283126831055,7.951198577880859,364904448000.0,1836.0865682019862,20.542299628285846,6.88902454696013,wandb
14520,1777224767.8267996,0.7421875,2.28e-05,5.750495910644531,8.07364559173584,365407764480.0,1869.6986826569957,20.91835495063985,7.015137708270681,wandb
14540,1777224848.317086,0.5703125,2.28e-05,5.744165897369385,8.57480239868164,365911080960.0,2221.7274328335943,24.856883879033568,8.33595489804901,wandb
14560,1777224934.9589293,0.80859375,2.28e-05,5.7528581619262695,7.852116107940674,366414397440.0,2210.0850292084065,24.726627633056964,8.292272423731866,wandb
14580,1777225013.7526667,0.9453125,2.28e-05,5.749541282653809,8.022936820983887,366917713920.0,2299.17892086962,25.723418007351206,8.626554051443652,wandb
14600,1777225084.113231,0.6796875,2.28e-05,5.74692964553833,10.052881240844727,367421030400.0,2288.5996568928185,25.605056262201575,8.586860493151176,wandb
14620,1777225289.2492876,0.7421875,2.28e-05,5.744601726531982,9.0585355758667,367924346880.0,2559.9066329528373,28.640462811102363,9.60480836674696,wandb
14640,1777225379.1421344,0.72265625,2.28e-05,5.745166778564453,7.815604209899902,368427663360.0,2536.7879029701853,28.38180840637343,9.518066542530581,wandb
14660,1777225451.2388365,0.7421875,2.28e-05,5.745307922363281,7.83597993850708,368930979840.0,2542.7148960542027,28.448120131504066,9.54030471013803,wandb
14680,1777225520.0430796,0.72265625,2.28e-05,5.755727291107178,9.33553409576416,369434296320.0,2208.955191361009,24.713986906854526,8.288033255056703,wandb
14700,1777225625.4452062,0.625,2.28e-05,5.745254993438721,8.437707901000977,369937612800.0,1422.7612775685266,15.917979560166485,5.338221811203669,wandb
14720,1777225787.9084978,1.2578125,2.28e-05,5.751012325286865,8.47172737121582,370440929280.0,1977.5528560082753,22.12503702299589,7.41980819634939,wandb
14740,1777225866.2155356,0.73046875,2.28e-05,5.744754791259766,8.323650360107422,370944245760.0,1913.1496031407728,21.404487708844513,7.178166218464447,wandb
14760,1777225946.1119475,0.625,2.28e-05,5.743021488189697,8.0432767868042,371447562240.0,2500.034833694163,27.970611802464642,9.380168471272107,wandb
14780,1777226015.2384872,0.875,2.28e-05,5.75100564956665,9.049833297729492,371950878720.0,2515.5047073051765,28.143690122644472,9.438211670808721,wandb
14800,1777226124.736021,0.5703125,2.28e-05,5.741888999938965,8.114070892333984,372454195200.0,2351.4099384087854,26.30778327136514,8.822525618455536,wandb
14820,1777226277.1680822,0.640625,2.28e-05,5.759957313537598,10.178600311279297,372957511680.0,2528.6098781911705,28.290311938675515,9.487382469990662,wandb
14840,1777226347.8940473,0.77734375,2.28e-05,5.757856369018555,8.457194328308105,373460828160.0,2481.601744871457,27.76438076726806,9.311007243487367,wandb
14860,1777226418.020697,0.6875,2.28e-05,5.749504089355469,11.260368347167969,373964144640.0,2169.573423325896,24.273380187716466,8.140272266334774,wandb
14880,1777226491.2117689,0.73046875,2.28e-05,5.755012512207031,10.234804153442383,374467461120.0,2582.6219587731466,28.894603894227803,9.690036612450838,wandb
14900,1777226563.4499726,0.6328125,2.28e-05,5.748841285705566,9.499431610107422,374970777600.0,2289.5780636217187,25.616002763598335,8.590531489981627,wandb
14920,1777226692.5071783,0.62890625,2.28e-05,5.743466377258301,9.023405075073242,375474094080.0,2501.1079760473117,27.98261821444105,9.384194917596185,wandb
14940,1777226766.717523,0.6640625,2.28e-05,5.7528815269470215,9.11119270324707,375977410560.0,2335.9680823707768,26.135018414280946,8.76458754127618,wandb
14960,1777226833.3190885,0.69921875,2.28e-05,5.746548652648926,8.130668640136719,376480727040.0,2347.767416970246,26.267030417938297,8.808858822980037,wandb
14980,1777226900.1199565,0.78125,2.28e-05,5.7551116943359375,10.603453636169434,376984043520.0,2439.450488751189,27.292788769414116,9.152855093623275,wandb
15000,1777226973.0176697,0.59375,2.28e-05,5.741337776184082,7.788876533508301,377487360000.0,2471.4246516138373,27.650518543850264,9.27282263581002,wandb
15020,1777227104.7249064,0.67578125,2.28e-05,5.752523899078369,10.233636856079102,377990676480.0,2418.69206854191,27.060541720100723,9.074969187340612,wandb
15040,1777227185.9334037,2.265625,2.28e-05,5.742620944976807,8.084577560424805,378493992960.0,2447.8766945971815,27.387061908935802,9.184470345276482,wandb
15060,1777227259.7074962,0.84375,2.28e-05,5.747533798217773,10.865017890930176,378997309440.0,2661.7056059794286,29.77939876433024,9.986759651714026,wandb
15080,1777227336.961642,0.7578125,2.28e-05,5.745443820953369,9.880585670471191,379500625920.0,2292.49929056498,25.648685710137975,8.601491977612163,wandb
15100,1777227404.8547318,0.6875,2.28e-05,5.741056442260742,9.437700271606445,380003942400.0,2217.2024076693674,24.80625749552916,8.318976935260197,wandb
15120,1777227537.1289923,0.69921875,2.28e-05,5.742493629455566,7.783692359924316,380507258880.0,2378.350172718223,26.60919300597402,8.923605784648524,wandb
15140,1777227608.4733968,0.75,2.28e-05,5.748292446136475,9.370840072631836,381010575360.0,2075.4630764947037,23.220465267358758,7.787168823027141,wandb
15160,1777227675.388219,0.6875,2.28e-05,5.736668586730957,8.123138427734375,381513891840.0,2451.675030483097,27.4295580282412,9.198721758912876,wandb
15180,1777227744.813987,0.7421875,2.28e-05,5.7493696212768555,10.72775936126709,382017208320.0,2591.249974941867,28.99113490556738,9.722409059484255,wandb
15200,1777227847.8346555,0.78515625,2.28e-05,5.7493720054626465,7.672438144683838,382520524800.0,2068.912736403789,23.147179480541794,7.76259184803111,wandb
15220,1777228063.9555972,0.609375,2.28e-05,5.737162113189697,8.169950485229492,383023841280.0,1628.6740112315285,18.221749516028105,6.11080949922603,wandb
15240,1777228143.404742,0.796875,2.28e-05,5.743165016174316,9.306790351867676,383527157760.0,2028.8295667404395,22.69872541768011,7.6121991898019346,wandb
15260,1777228221.27005,0.7421875,2.28e-05,5.73803186416626,8.11320686340332,384030474240.0,2064.2327387286005,23.09481925081823,7.745032426039553,wandb
15280,1777228336.5105443,0.9140625,2.28e-05,5.75302791595459,9.108086585998535,384533790720.0,1735.2818123420332,19.41448706503662,6.5108035798248025,wandb
15300,1777228427.7251756,0.85546875,2.28e-05,5.741006851196289,7.680105686187744,385037107200.0,2031.7855013806159,22.73179667701599,7.623289901235724,wandb
15320,1777228557.3386552,0.72265625,2.28e-05,5.748662948608398,10.249336242675781,385540423680.0,2605.524454214322,29.15083904769815,9.775967121400317,wandb
15340,1777228627.9386249,0.59765625,2.28e-05,5.743877410888672,8.032395362854004,386043740160.0,2250.885129166325,25.183102775740636,8.445355015259004,wandb
15360,1777228699.2046158,0.59375,2.28e-05,5.740677833557129,8.682991981506348,386547056640.0,2469.7325348321,27.631586990982072,9.266473788077242,wandb
15380,1777228823.3900585,0.6875,2.28e-05,5.739623546600342,8.172662734985352,387050373120.0,1803.3600425915843,20.17615235259395,6.766234128375696,wandb
15400,1777228902.0567994,0.82421875,2.28e-05,5.744405746459961,7.391977310180664,387553689600.0,1868.7011260584459,20.907194198800322,7.011394860839952,wandb
15420,1777229045.8187993,0.69921875,2.28e-05,5.756073951721191,8.645774841308594,388057006080.0,2068.5632051882435,23.14326889425271,7.761280401629005,wandb
15440,1777229128.7968814,0.65234375,2.28e-05,5.748904228210449,12.154443740844727,388560322560.0,2097.911695600905,23.471622412074673,7.8713963811097765,wandb
15460,1777229196.8454323,0.77734375,2.28e-05,5.734632968902588,7.793588638305664,389063639040.0,2208.369393659297,24.707432950130194,8.285835333228544,wandb
15480,1777229267.182484,0.478515625,2.28e-05,5.740316390991211,9.405574798583984,389566955520.0,2464.1207329565136,27.568801653090425,9.245418222646332,wandb
15500,1777229342.852105,0.73828125,2.28e-05,5.733605861663818,8.82413101196289,390070272000.0,2231.8043722782304,24.96962557269484,8.373763727106732,wandb
15520,1777229482.7515926,0.69140625,2.28e-05,5.749926567077637,8.793550491333008,390573588480.0,1939.4618958575577,21.69887197713349,7.276890338313675,wandb
15540,1777229554.6348517,0.671875,2.28e-05,5.731903553009033,8.433723449707031,391076904960.0,2151.606008233764,24.072359151584273,8.072858253423426,wandb
15560,1777229626.9727333,1.078125,2.28e-05,5.759795188903809,7.949712753295898,391580221440.0,2542.5485889469505,28.446259472814734,9.539680723358735,wandb
15580,1777229741.6591895,0.59765625,2.28e-05,5.752056121826172,8.543066024780273,392083537920.0,947.3746439643179,10.599311673857162,3.554563978880884,wandb
15600,1777229852.519615,0.8046875,2.28e-05,5.745271682739258,8.561923027038574,392586854400.0,2585.2089631676163,28.923547529201905,9.69974309202824,wandb
15620,1777229984.2384903,0.89453125,2.28e-05,5.746039867401123,10.431480407714844,393090170880.0,2121.590282435087,23.736540544991723,7.9602387966924715,wandb
15640,1777230051.4114025,0.66796875,2.28e-05,5.739067077636719,8.000202178955078,393593487360.0,2551.118853800372,28.542144357308583,9.571836486584536,wandb
15660,1777230119.239543,0.765625,2.28e-05,5.736271858215332,9.532153129577637,394096803840.0,2115.916160236063,23.67305796178542,7.9389494044663715,wandb
15680,1777230183.9161713,0.69921875,2.28e-05,5.747949600219727,10.359474182128906,394600120320.0,2577.2149736265974,28.83411006409491,9.669749522482034,wandb
15700,1777230256.0532238,0.70703125,2.28e-05,5.744718551635742,7.4915900230407715,395103436800.0,2463.480246511498,27.561635833847898,9.243015107826954,wandb
15720,1777230383.4055555,0.73828125,2.28e-05,5.741086959838867,7.981696128845215,395606753280.0,2613.141900826897,29.23606371707266,9.804547896189481,wandb
15740,1777230455.8835223,0.70703125,2.28e-05,5.741951942443848,9.213532447814941,396110069760.0,2595.849815881169,29.042598334609362,9.739667732191606,wandb
15760,1777230523.8483484,0.640625,2.28e-05,5.738427639007568,9.714742660522461,396613386240.0,2368.4780756062805,26.49874310652748,8.886565527118215,wandb
15780,1777230598.2708144,0.82421875,2.28e-05,5.748136520385742,9.181241989135742,397116702720.0,2503.4149810827967,28.00842919171393,9.392850835347916,wandb
15800,1777230775.0971646,0.82421875,2.28e-05,5.73382043838501,8.057010650634766,397620019200.0,1868.5396839126981,20.90538796973247,7.010789127469733,wandb
15820,1777230930.6113746,0.71875,2.28e-05,5.749631404876709,8.125764846801758,398123335680.0,2449.4047507768396,27.4041579372141,9.19020363515132,wandb
15840,1777231012.052862,0.6875,2.28e-05,5.741480350494385,9.297248840332031,398626652160.0,1534.88451641745,17.172424316539793,5.758909897534647,wandb
15860,1777231104.45678,0.72265625,2.28e-05,5.742393493652344,7.684438705444336,399129968640.0,2390.6890094170317,26.747241007043836,8.969901286380923,wandb
15880,1777231237.688725,0.765625,2.28e-05,5.731320381164551,8.269172668457031,399633285120.0,1528.9474950498193,17.106000394081256,5.736634103655556,wandb
15900,1777231329.6601374,0.91015625,2.28e-05,5.744488716125488,13.755615234375,400136601600.0,2380.67179818808,26.635167557965417,8.932316558490935,wandb
15920,1777231480.542259,0.734375,2.28e-05,5.732160568237305,9.803936004638672,400639918080.0,1499.1136498142164,16.772216683385192,5.62469706554545,wandb
15940,1777231579.0584612,0.70703125,2.28e-05,5.732335567474365,8.213014602661133,401143234560.0,2350.2090940115972,26.29434811757599,8.818020032132658,wandb
15960,1777231666.5604455,0.7109375,2.28e-05,5.742490291595459,9.388259887695312,401646551040.0,1555.3242369580662,17.40110572564946,5.83560003784497,wandb
15980,1777231757.3894758,0.58984375,2.28e-05,5.742194175720215,9.187267303466797,402149867520.0,1835.6631458910654,20.537562341857818,6.88743586005169,wandb
16000,1777231846.5773728,0.75,2.28e-05,5.74257755279541,8.347522735595703,402653184000.0,1388.1892290729072,15.531184410493283,5.208506962868251,wandb
16020,1777231983.7553067,0.67578125,2.28e-05,5.736416339874268,8.152174949645996,403156500480.0,2527.8111911781157,28.281376157424493,9.484385784249607,wandb
16040,1777232080.856933,0.83984375,2.28e-05,5.7388081550598145,8.50320816040039,403659816960.0,2240.4887672999157,25.066787355649634,8.40634770844835,wandb
16060,1777232156.1537387,0.79296875,2.28e-05,5.747372150421143,8.100231170654297,404163133440.0,1850.4925720897636,20.703475279496438,6.943076091220207,wandb
16080,1777232685.3926935,0.6953125,2.28e-05,5.733311653137207,11.281246185302734,404666449920.0,1814.0543307222053,20.29580099819434,6.806359259031305,wandb
16100,1777232780.6659384,0.74609375,2.28e-05,5.735751152038574,9.076784133911133,405169766400.0,1422.9587429378917,15.920188820260183,5.338962704253206,wandb
16120,1777232922.6425917,0.69140625,2.28e-05,5.735095500946045,10.029666900634766,405673082880.0,2234.2098192934227,24.996537927581482,8.382789000653773,wandb
16140,1777233002.163857,0.7890625,2.28e-05,5.743020057678223,8.486532211303711,406176399360.0,2238.836568527366,25.048302409014227,8.400148633689202,wandb
16160,1777233081.1826928,0.67578125,2.28e-05,5.741639137268066,8.662117004394531,406679715840.0,2317.912671525061,25.933012873840816,8.69684336696778,wandb
16180,1777233160.2865987,0.6328125,2.28e-05,5.7307024002075195,8.484241485595703,407183032320.0,1616.1283561926043,18.081387612996995,6.063738011956517,wandb
16200,1777233235.250116,0.71484375,2.28e-05,5.738977432250977,9.517740249633789,407686348800.0,2703.561705896545,30.247688528364005,10.14380437104412,wandb
16220,1777233371.3122098,0.69921875,2.28e-05,5.739692687988281,8.859617233276367,408189665280.0,1695.681228711399,18.971432217578037,6.362221591682196,wandb
16240,1777233450.6636212,0.68359375,2.28e-05,5.73798131942749,8.720098495483398,408692981760.0,2293.568988624958,25.660653587056427,8.60550550089622,wandb
16260,1777233531.414622,0.7734375,2.28e-05,5.736171722412109,7.427358627319336,409196298240.0,2032.185557070897,22.736272535616603,7.624790916230455,wandb
16280,1777233608.44427,0.73828125,2.28e-05,5.743102073669434,10.309337615966797,409699614720.0,1922.3258894706182,21.50715281545069,7.212595783426705,wandb
16300,1777233689.8227065,0.87109375,2.28e-05,5.741962432861328,7.399774074554443,410202931200.0,2047.1749879175652,22.903975619470245,7.681031487255807,wandb
16320,1777233822.1360538,0.671875,2.28e-05,5.73921012878418,7.8634772300720215,410706247680.0,2104.756811609521,23.548206178044406,7.897079359803055,wandb
16340,1777233892.2776272,0.5859375,2.28e-05,5.729598045349121,8.654556274414062,411209564160.0,2117.656611027988,23.6925302798532,7.945479602135696,wandb
16360,1777233963.8457954,0.78515625,2.28e-05,5.742651462554932,8.732276916503906,411712880640.0,1972.3826372553588,22.067192156307385,7.40040945746701,wandb
16380,1777234039.4810112,0.6875,2.28e-05,5.732836723327637,7.523087024688721,412216197120.0,2316.700348004035,25.919449290594457,8.692294710798814,wandb
16400,1777234114.3287952,0.88671875,2.28e-05,5.7490129470825195,8.598039627075195,412719513600.0,2147.6847918416174,24.028488234259445,8.058145790270943,wandb
16420,1777234271.9736402,0.65234375,2.28e-05,5.731209754943848,8.087955474853516,413222830080.0,2159.62646626713,24.162092748534903,8.102951133152857,wandb
16440,1777234652.654434,0.76171875,2.28e-05,5.741215705871582,9.186918258666992,413726146560.0,1819.5894516621393,20.357728422966183,6.827127116433006,wandb
16460,1777234744.4267406,0.470703125,2.28e-05,5.721807479858398,8.292285919189453,414229463040.0,1523.2353086183766,17.042091944861333,5.715201893854274,wandb
16480,1777234833.0649185,0.8046875,2.28e-05,5.736886024475098,7.738775253295898,414732779520.0,2218.233505137312,24.817793505594977,8.322845628539696,wandb
16500,1777234910.1889606,0.7578125,2.28e-05,5.743934631347656,7.96613883972168,415236096000.0,2002.283710219803,22.401728016805702,7.512598735031531,wandb
16520,1777235061.4702046,0.8671875,2.28e-05,5.739295959472656,8.645052909851074,415739412480.0,1748.3976696820332,19.56122844206438,6.560014474743646,wandb
16540,1777235155.4599183,0.75390625,2.28e-05,5.741273880004883,7.922764778137207,416242728960.0,1663.2806722362748,18.608931913528117,6.240654214218682,wandb
16560,1777235243.9411983,0.74609375,2.28e-05,5.7397141456604,9.277636528015137,416746045440.0,1865.53974777784,20.871824417765346,6.99953332176304,wandb
16580,1777235626.7837489,0.8671875,2.28e-05,5.730495452880859,8.098539352416992,417249361920.0,1791.0951219500623,20.03893133093917,6.720215960807103,wandb
16600,1777235711.2768233,0.8828125,2.28e-05,5.733590126037598,9.324287414550781,417752678400.0,1698.0903544158048,18.998385729966387,6.371260667726752,wandb
16620,1777235842.8998754,0.75,2.28e-05,5.7327117919921875,8.209199905395508,418255994880.0,2568.054418567017,28.731620960337896,9.635378981483509,wandb
16640,1777235911.2110643,1.15625,2.28e-05,5.776707649230957,11.61897087097168,418759311360.0,2207.253392440913,24.694947029362293,8.281648079794511,wandb
16660,1777235981.6081476,0.80078125,2.28e-05,5.739729404449463,7.397830009460449,419262627840.0,2009.355345148683,22.480846096577483,7.5391316161363156,wandb
16680,1777236056.152555,0.7578125,2.28e-05,5.74588680267334,8.785871505737305,419765944320.0,2101.406356816131,23.510720992188364,7.884508402793251,wandb
16700,1777236126.2343302,0.71484375,2.28e-05,5.73286247253418,7.621665000915527,420269260800.0,2262.5514419192796,25.31362651916259,8.489127196984793,wandb
16720,1777236260.710732,0.68359375,2.28e-05,5.735033988952637,8.732585906982422,420772577280.0,2117.2135863895664,23.687573680843776,7.943817366998283,wandb
16740,1777236359.3567605,0.671875,2.28e-05,5.734226226806641,8.606423377990723,421275893760.0,2455.3694984945555,27.47089206454038,9.212583458714873,wandb
16760,1777236429.483652,0.65625,2.28e-05,5.730772495269775,8.101533889770508,421779210240.0,2412.8104957063874,26.994738160745015,9.05290143719181,wandb
16780,1777236502.2721572,0.73046875,2.28e-05,5.740717887878418,7.961533546447754,422282526720.0,2068.0523685994694,23.13755360911887,7.75936373502924,wandb
16800,1777236580.6291194,0.64453125,2.28e-05,5.7356767654418945,7.742129802703857,422785843200.0,1722.381170104233,19.270153533690262,6.4624001752212905,wandb
16820,1777236748.8104975,0.62109375,2.28e-05,5.7452168464660645,9.434385299682617,423289159680.0,1761.2869672121994,19.705435047813957,6.608375313832699,wandb
16840,1777236846.9012992,0.7890625,2.28e-05,5.735162258148193,7.969109535217285,423792476160.0,1603.8441330121218,17.94395063282164,6.017647420970084,wandb
16860,1777236939.6747546,0.75,2.28e-05,5.732926368713379,7.902690887451172,424295792640.0,1887.9476405006221,21.122525912085763,7.083608073839716,wandb
16880,1777237040.0225513,0.490234375,2.28e-05,5.731311321258545,9.370899200439453,424799109120.0,1548.3029588740512,17.322551042731327,5.809256096383005,wandb
16900,1777237115.541806,0.80859375,2.28e-05,5.737480640411377,8.873441696166992,425302425600.0,2397.980252158277,26.82881607852856,8.99725813931595,wandb
16920,1777237265.6875908,0.6953125,2.28e-05,5.74235200881958,7.88111686706543,425805742080.0,2073.668769976448,23.200390406640675,7.780436557858872,wandb
16940,1777237347.9934113,0.73828125,2.28e-05,5.73846435546875,7.809438705444336,426309058560.0,1316.4992202397414,14.729110223300959,4.939524966498057,wandb
16960,1777237433.2495837,0.69921875,2.28e-05,5.740556716918945,9.170164108276367,426812375040.0,2571.1840892615924,28.76663599408371,9.647121553218536,wandb
16980,1777237513.81951,0.625,2.28e-05,5.741434097290039,8.17585277557373,427315691520.0,1470.5255048161512,16.452369977604743,5.517433913548981,wandb
17000,1777237607.4668744,0.73828125,2.28e-05,5.736089706420898,9.388060569763184,427819008000.0,2168.6603123054515,24.263164220506255,8.136846259989058,wandb
17020,1777237769.5152912,0.703125,2.28e-05,5.735585689544678,8.777000427246094,428322324480.0,1828.34153218894,20.45564747736485,6.8599650548125375,wandb
17040,1777237843.1826968,0.7578125,2.28e-05,5.744938850402832,9.94137191772461,428825640960.0,2520.2297281681545,28.196554075792523,9.45594002048116,wandb
17060,1777237907.990461,0.73828125,2.28e-05,5.737886428833008,9.11009407043457,429328957440.0,2701.9354959590573,30.22949434712391,10.13770280678681,wandb
17080,1777237977.1092894,0.734375,2.28e-05,5.739537239074707,10.794524192810059,429832273920.0,2601.809802867492,29.10927919844991,9.762029693419038,wandb
17100,1777238043.5301845,0.7734375,2.28e-05,5.732078552246094,8.195110321044922,430335590400.0,2624.227182913901,29.360086837789837,9.846140042077312,wandb
17120,1777238176.00877,1.34375,2.28e-05,5.73316764831543,7.7718071937561035,430838906880.0,2529.453932499959,28.299755293261274,9.490549374510804,wandb
17140,1777238255.091027,0.9453125,2.28e-05,5.743914604187012,9.616325378417969,431342223360.0,2344.01363283738,26.225032747603642,8.794774568194258,wandb
17160,1777238324.092102,0.78515625,2.28e-05,5.734386444091797,8.334054946899414,431845539840.0,2659.680214855936,29.75673850852106,9.979160353615244,wandb
17180,1777238394.204522,0.734375,2.28e-05,5.726413726806641,8.56810188293457,432348856320.0,1009.3945059237036,11.293195398807146,3.7872634380657977,wandb
17200,1777238469.6151462,0.796875,2.28e-05,5.735757827758789,9.211563110351562,432852172800.0,2288.773047530219,25.60699617205545,8.587511057442617,wandb
17220,1777238605.351841,0.81640625,2.28e-05,5.730936527252197,8.216062545776367,433355489280.0,2598.564341680882,29.07296869039331,9.749852674008316,wandb
17240,1777239456.4653134,0.79296875,2.28e-05,5.7363386154174805,8.632980346679688,433858805760.0,948.5311452429007,10.612250712896268,3.558903189152734,wandb
17260,1777239666.1538317,0.71484375,2.28e-05,5.728750228881836,7.740753650665283,434362122240.0,673.9755141694027,7.540497923120152,2.5287663128595548,wandb
17280,1777239862.1067736,0.65625,2.28e-05,5.726069450378418,8.642095565795898,434865438720.0,1009.4974248859519,11.294346865299277,3.7876495915672477,wandb
17300,1777240195.915829,0.76171875,2.28e-05,5.724620342254639,9.422929763793945,435368755200.0,50.58115141217947,0.5659064152243062,0.18978124437413685,wandb
17320,1777240927.7184532,0.88671875,2.28e-05,5.725674629211426,9.756341934204102,435872071680.0,881.5802058619811,9.863197655716691,3.3077022529741864,wandb
17340,1777241187.421198,0.77734375,2.28e-05,5.730259895324707,8.534574508666992,436375388160.0,984.8150691071406,11.018198476262908,3.6950410197374643,wandb
17360,1777241717.0834613,2.484375,2.28e-05,5.737803936004639,8.153425216674805,436878704640.0,64.45797904639181,0.7211615955022262,0.24184731133504217,wandb
17380,1777242452.1618922,0.65234375,2.28e-05,5.729137897491455,10.314762115478516,437382021120.0,765.1096234670467,8.56011443356739,2.8707028679706923,wandb
17400,1777242664.136883,0.84375,2.28e-05,5.736739158630371,8.048524856567383,437885337600.0,1004.8599413385751,11.242462287414288,3.7702496832256234,wandb
17420,1777251026.9972813,0.65625,2.28e-05,5.729842185974121,8.110241889953613,438388654080.0,426.12871930196815,4.7675659654168125,1.5988413935791057,wandb
17440,1777251385.198873,0.578125,2.28e-05,5.735189437866211,8.174659729003906,438891970560.0,376.8328486364937,4.216039385360701,1.4138825419870569,wandb
17460,1777252109.0084553,0.67578125,2.28e-05,5.741405487060547,9.343085289001465,439395287040.0,43.33781056800155,0.4848672744191897,0.1626041200806971,wandb
17480,1777252922.985413,0.73828125,2.28e-05,5.741753578186035,8.300030708312988,439898603520.0,586.9998376644292,6.567406328159213,2.2024322604199797,wandb
17500,1777253190.7464552,0.80859375,2.28e-05,5.737569808959961,8.168876647949219,440401920000.0,1132.8237618529288,12.67413287861098,4.250371871314744,wandb
17520,1777253848.6567323,0.67578125,2.28e-05,5.732216835021973,7.8565673828125,440905236480.0,36.75368871202612,0.41120353421382383,0.13790039539171958,wandb
17540,1777254638.4654436,1.7578125,2.28e-05,5.810235023498535,8.977079391479492,441408552960.0,574.0938644820673,6.423013153731538,2.1540088540319218,wandb
17560,1777255065.3609986,0.78515625,2.28e-05,5.737852573394775,7.469568729400635,441911869440.0,564.7466042749246,6.318435176198207,2.118937792498648,wandb
17580,1777255254.0095086,0.77734375,2.28e-05,5.723442554473877,7.734440803527832,442415185920.0,758.093267626026,8.481614821141127,2.8443773948388165,wandb
17600,1777255407.828046,0.58984375,2.28e-05,5.7254838943481445,10.43819808959961,442918502400.0,2095.371955420046,23.44320757332102,7.861867237575999,wandb
17620,1777255775.4220295,0.64453125,2.28e-05,5.730250835418701,8.493008613586426,443421818880.0,2152.5450800163826,24.082865570107835,8.076381664941083,wandb
17640,1777256008.9855468,0.6328125,2.28e-05,5.729098320007324,8.248880386352539,443925135360.0,1832.41257306969,20.50119464437738,6.875239661710092,wandb
17660,1777256088.301672,0.458984375,2.28e-05,5.7212138175964355,8.903403282165527,444428451840.0,2183.76120670808,24.43211436852551,8.193505043960576,wandb
17680,1777256179.957145,0.765625,2.28e-05,5.727837562561035,8.060885429382324,444931768320.0,2404.6717831865694,26.903681522095184,9.022364864842404,wandb
17700,1777256266.279585,0.8203125,2.28e-05,5.7310943603515625,7.985960483551025,445435084800.0,528.2205756405165,5.909778723156274,1.9818915811580695,wandb
17720,1777256403.2318444,1.5546875,2.28e-05,5.730640888214111,9.738880157470703,445938401280.0,1001.4861560607429,11.204716078025807,3.757591189885672,wandb
17740,1777256484.2718945,0.6640625,2.28e-05,5.730224132537842,7.948850154876709,446441717760.0,1641.8654315909746,18.369336298829843,6.1603039077355835,wandb
17760,1777256553.584294,0.7890625,2.28e-05,5.738595008850098,10.4205322265625,446945034240.0,2193.4517149134344,24.540532635154243,8.22986397716958,wandb
17780,1777256625.9064128,0.7421875,2.28e-05,5.73141622543335,8.0616455078125,447448350720.0,2359.9347599468692,26.403159732010167,8.854510877675542,wandb
17800,1777256747.5467517,0.63671875,2.28e-05,5.72745418548584,8.557632446289062,447951667200.0,2436.868152459454,27.26389736158809,9.143166128837867,wandb
17820,1777256874.8903477,0.64453125,2.28e-05,5.728891372680664,8.70521354675293,448454983680.0,2622.6714446166266,29.342681099520586,9.840302888478904,wandb
17840,1777256963.7838352,0.7890625,2.28e-05,5.7259416580200195,9.013608932495117,448958300160.0,2268.2354664565773,25.377219890609144,8.51045374293372,wandb
17860,1777257034.7106516,0.671875,2.28e-05,5.730374336242676,7.335846900939941,449461616640.0,2233.6060067630538,24.98978241935384,8.380523486916289,wandb
17880,1777257106.9022179,0.77734375,2.28e-05,5.733790397644043,8.256404876708984,449964933120.0,2550.5683157432145,28.53598488861971,9.56977085947551,wandb
17900,1777257179.5526433,0.73828125,2.28e-05,5.731914520263672,8.241535186767578,450468249600.0,2604.2998235460454,29.137137770995082,9.771372288628909,wandb
17920,1777257309.2504296,0.80859375,2.28e-05,5.740209579467773,8.702030181884766,450971566080.0,2515.209793222512,28.140390597689816,9.437105148714444,wandb
17940,1777257379.3908792,0.66796875,2.28e-05,5.743657112121582,7.5299177169799805,451474882560.0,2651.1511635371908,29.66131472471425,9.947159224194285,wandb
17960,1777257446.1445131,0.61328125,2.28e-05,5.72605562210083,7.76315975189209,451978199040.0,2690.7390021811375,30.10422698012961,10.095693392954265,wandb
17980,1777257511.7378516,0.78515625,2.28e-05,5.721703052520752,7.504849433898926,452481515520.0,2418.0506753319864,27.053365755891857,9.072562670325597,wandb
18000,1777257580.347201,0.65234375,2.28e-05,5.736911296844482,7.947843074798584,452984832000.0,2708.1530875004014,30.29905731360956,10.16103130419706,wandb
18020,1777257706.4625347,0.6171875,2.28e-05,5.735034942626953,8.426010131835938,453488148480.0,2185.4735487512803,24.451272203415606,8.199929777179962,wandb
18040,1777257771.0367398,0.765625,2.28e-05,5.738434791564941,8.114927291870117,453991464960.0,2578.453288195127,28.847964437489573,9.674395697453953,wandb
18060,1777257837.7559912,0.66015625,2.28e-05,5.7244977951049805,7.376800060272217,454494781440.0,2553.100212194532,28.564311971030477,9.57927057321753,wandb
18080,1777257903.2738786,0.67578125,2.28e-05,5.722359657287598,9.27298641204834,454998097920.0,2133.1079339673424,23.865401053470617,8.003453199271943,wandb
18100,1777257966.5110655,0.73046875,2.28e-05,5.71967077255249,7.500147342681885,455501414400.0,2627.422569805152,29.395837110181763,9.858129181975231,wandb
18120,1777258093.1195424,0.8046875,2.28e-05,5.726788520812988,8.494144439697266,456004730880.0,2226.253214810482,24.90751872982525,8.352935700410361,wandb
18140,1777258163.8907952,0.71484375,2.28e-05,5.732206344604492,7.990252494812012,456508047360.0,2488.5046713476045,27.841611321883963,9.336907127928335,wandb
18160,1777258231.088545,0.73828125,2.28e-05,5.722241401672363,7.951931476593018,457011363840.0,2637.7291133848685,29.511147635302507,9.89679948921707,wandb
18180,1777258301.0142453,0.71875,2.28e-05,5.7304205894470215,8.553766250610352,457514680320.0,2483.615457987833,27.786910368496237,9.318562725526995,wandb
18200,1777258370.9170148,0.6328125,2.28e-05,5.725360870361328,9.377605438232422,458017996800.0,2082.8634839675574,23.303261683558038,7.814935263684632,wandb
18220,1777258504.1547186,1.1015625,2.28e-05,5.720592498779297,9.731925964355469,458521313280.0,2276.9170886535235,25.47435065095444,8.54302732059502,wandb
18240,1777258568.216237,0.74609375,2.28e-05,5.7328901290893555,9.368939399719238,459024629760.0,2613.1097005875404,29.235703457934324,9.804427080404873,wandb
18260,1777258634.1960201,0.6953125,2.28e-05,5.727658271789551,8.147163391113281,459527946240.0,2447.151996040343,27.37895391710547,9.18175126534111,wandb
18280,1777258701.1650739,0.6796875,2.28e-05,5.727239608764648,9.2889404296875,460031262720.0,2584.01033100494,28.91013712608899,9.695245806042678,wandb
18300,1777258767.4013722,0.609375,2.28e-05,5.724849700927734,7.895401954650879,460534579200.0,2413.267363135542,26.999849634126843,9.054615610689217,wandb
18320,1777258895.4384227,0.73046875,2.28e-05,5.733104705810547,9.590499877929688,461037895680.0,2624.158866210345,29.359322504441742,9.845883716773315,wandb
18340,1777258959.8475862,1.609375,2.28e-05,5.741174697875977,9.343467712402344,461541212160.0,2277.519831587568,25.481094192443393,8.545288821190935,wandb
18360,1777259027.2178447,0.734375,2.28e-05,5.733070373535156,7.943368911743164,462044528640.0,2471.1152798723388,27.64705726532427,9.271661868361344,wandb
18380,1777259094.4877174,1.1171875,2.28e-05,5.72338342666626,7.31890869140625,462547845120.0,2284.4048259527835,25.558124121009243,8.57112142408073,wandb
18400,1777259161.9987652,0.7421875,2.28e-05,5.735777378082275,9.303274154663086,463051161600.0,2633.845045184446,29.467692335246635,9.88222640664124,wandb
18420,1777259290.2806807,0.82421875,2.28e-05,5.742659568786621,8.855932235717773,463554478080.0,2154.0823904215445,24.100065135483145,8.082149676809841,wandb
18440,1777259363.3763344,0.7890625,2.28e-05,5.719364166259766,8.960245132446289,464057794560.0,2543.3044777937716,28.45471642438009,9.542516829733406,wandb
18460,1777259431.8878713,0.66015625,2.28e-05,5.735726833343506,8.672149658203125,464561111040.0,2406.8905390247555,26.928505159509328,9.030689670272434,wandb
18480,1777259501.6264424,1.25,2.28e-05,5.728219032287598,7.7532148361206055,465064427520.0,1941.522503013079,21.721926233037312,7.284621767496739,wandb
18500,1777259567.9782016,0.69140625,2.28e-05,5.721432685852051,7.9960737228393555,465567744000.0,2693.0001102553897,30.129524458123093,10.104177104613955,wandb
18520,1777259699.8049922,0.67578125,2.28e-05,5.721893310546875,7.225982666015625,466071060480.0,2366.197604993093,26.47322899872837,8.878009166919876,wandb
18540,1777259765.7150998,0.69921875,2.28e-05,5.718971252441406,7.41329288482666,466574376960.0,2536.6730669144795,28.38052361038108,9.517635675914413,wandb
18560,1777259833.4374843,0.7578125,2.28e-05,5.721706390380859,7.436638832092285,467077693440.0,2655.041704056807,29.70484243765221,9.961756591009525,wandb
18580,1777259898.7858768,0.703125,2.28e-05,5.7247538566589355,7.805322647094727,467581009920.0,2575.5247651999557,28.815199862073047,9.66340783492641,wandb
18600,1777259965.6353922,0.76171875,2.28e-05,5.722269058227539,9.271255493164062,468084326400.0,2465.3218558812414,27.58223992307043,9.249924854008745,wandb
18620,1777260095.2023966,0.7890625,2.28e-05,5.7157793045043945,8.290977478027344,468587642880.0,2648.0553254130423,29.626678212771786,9.935543592774707,wandb
18640,1777260159.9809456,0.7109375,2.28e-05,5.7211408615112305,7.855269432067871,469090959360.0,2577.3014149727087,28.835077177553963,9.670073851718763,wandb
18660,1777260232.647149,0.8671875,2.28e-05,5.7349748611450195,8.07427978515625,469594275840.0,2284.972838775494,25.564479098927443,8.573252616774152,wandb
18680,1777260343.4206412,0.671875,2.28e-05,5.731639862060547,8.357697486877441,470097592320.0,2512.6458056328174,28.111704476772168,9.427485028536339,wandb
18700,1777260422.4903939,0.73828125,2.28e-05,5.720353603363037,8.037422180175781,470600908800.0,2371.030294042704,26.527297553112856,8.896141489255417,wandb
18720,1777260588.6960595,0.6328125,2.28e-05,5.721497535705566,7.909307956695557,471104225280.0,2050.2518777623304,22.93840013637976,7.692576024444835,wandb
18740,1777260699.1205468,0.734375,2.28e-05,5.723185062408447,8.186491012573242,471607541760.0,2179.793035292822,24.387718114231003,8.178616404851894,wandb
18760,1777260779.5304,0.68359375,2.28e-05,5.730489730834961,8.904449462890625,472110858240.0,2328.108598589618,26.047085811563676,8.735098639373335,wandb
18780,1777260909.7576869,0.67578125,2.28e-05,5.725434303283691,8.690126419067383,472614174720.0,394.0378154154101,4.408530082034827,1.4784358373067086,wandb
18800,1777260986.7643921,0.86328125,2.28e-05,5.735416889190674,8.509958267211914,473117491200.0,2610.5794849658464,29.2073951807947,9.794933673160998,wandb
18820,1777261162.0458086,0.76953125,2.28e-05,5.731202602386475,8.736249923706055,473620807680.0,2511.9812892980017,28.104269808987933,9.424991753207342,wandb
18840,1777261257.4812346,0.96484375,2.28e-05,5.7260894775390625,8.092761039733887,474124124160.0,1290.3355577245484,14.436388842910512,4.841358509410988,wandb
18860,1777261352.7582586,0.75390625,2.28e-05,5.731996536254883,8.156852722167969,474627440640.0,2034.597670075742,22.763259470187627,7.633841200671397,wandb
18880,1777261450.1667416,0.7734375,2.28e-05,5.723604202270508,7.733914375305176,475130757120.0,2240.2070226378,25.063635171341943,8.405290598218961,wandb
18900,1777261522.635783,0.7421875,2.28e-05,5.729412078857422,8.164148330688477,475634073600.0,1860.86937014021,20.819571817876557,6.98200999429776,wandb
18920,1777261660.134577,0.76171875,2.28e-05,5.724650859832764,7.877207279205322,476137390080.0,2370.3933357070277,26.520171206671023,8.893751611955588,wandb
18940,1777261748.7317133,0.82421875,2.28e-05,5.734138488769531,8.911447525024414,476640706560.0,1311.2811821583846,14.67073034971798,4.919946808772824,wandb
18960,1777261821.0528445,0.8203125,2.28e-05,5.72315788269043,8.745259284973145,477144023040.0,2611.995571340639,29.22323848094966,9.800246850636126,wandb
18980,1777261889.2772412,0.7421875,2.28e-05,5.716826915740967,9.412281036376953,477647339520.0,2367.5916807789786,26.488826042459397,8.883239760332849,wandb
19000,1777261954.0541258,0.68359375,2.28e-05,5.737123012542725,7.969386577606201,478150656000.0,2422.6291053683335,27.104589637849603,9.089741009001546,wandb
19020,1777262078.7148025,0.66796875,2.28e-05,5.721043586730957,9.483467102050781,478653972480.0,2400.3753644724457,26.855612807862098,9.006244636908596,wandb
19040,1777262142.2701063,0.76953125,2.28e-05,5.728235244750977,7.933018684387207,479157288960.0,2613.4429049719624,29.23943137818645,9.805677268289905,wandb
19060,1777262212.731968,0.73046875,2.28e-05,5.72434663772583,8.201946258544922,479660605440.0,2484.4782232504817,27.796563062895917,9.32179983382874,wandb
19080,1777262285.6287954,0.69140625,2.28e-05,5.7203168869018555,7.454697608947754,480163921920.0,2157.445466509417,24.13769152950304,8.09476798910725,wandb
19100,1777262363.4091933,0.78515625,2.28e-05,5.729951858520508,9.365974426269531,480667238400.0,2018.255987174151,22.580427270220255,7.572526959503595,wandb
19120,1777262494.7138724,0.55859375,2.28e-05,5.724460601806641,9.638617515563965,481170554880.0,2665.3346916215255,29.820001296872952,10.000376035878261,wandb
19140,1777262563.8711836,1.109375,2.28e-05,5.73188591003418,11.68046760559082,481673871360.0,2419.8690845241977,27.07371027946724,9.079385369090737,wandb
19160,1777262634.5725722,0.703125,2.28e-05,5.721085071563721,7.488375663757324,482177187840.0,2215.5106912011383,24.787330421404054,8.312629589509752,wandb
19180,1777262712.3671484,0.97265625,2.28e-05,5.722357749938965,8.18874740600586,482680504320.0,2341.918866076816,26.201596311004128,8.786914971656927,wandb
19200,1777262786.0575025,0.8984375,2.28e-05,5.713567733764648,8.607596397399902,483183820800.0,2432.077455620908,27.210298619791256,9.125191361912739,wandb
19220,1777262922.1059492,0.78125,2.28e-05,5.7326178550720215,8.843503952026367,483687137280.0,2039.6952328536845,22.820291455373944,7.65296733323785,wandb
19240,1777262994.695246,0.8359375,2.28e-05,5.732240676879883,8.015888214111328,484190453760.0,2199.9213415408244,24.612915392571356,8.254138114030894,wandb
19260,1777263063.9814527,0.80859375,2.28e-05,5.73637580871582,8.286935806274414,484693770240.0,2582.0412302285795,28.88810665168391,9.687857710176878,wandb
19280,1777263131.4652748,0.765625,2.28e-05,5.728775501251221,9.356616973876953,485197086720.0,2616.303011626597,29.271430505507492,9.816408431673992,wandb
19300,1777263198.7980018,1.015625,2.28e-05,5.719660758972168,10.49824333190918,485700403200.0,2406.5738462860104,26.924961973015797,9.02950143433147,wandb
19320,1777263325.662543,0.80859375,2.28e-05,5.72320032119751,7.8935041427612305,486203719680.0,2427.435988746099,27.15836947608511,9.107776508066403,wandb
19340,1777263391.804524,0.73046875,2.28e-05,5.732366561889648,8.192590713500977,486707036160.0,1810.7570115112142,20.258910297954312,6.793987667529535,wandb
19360,1777263463.1400778,0.75,2.28e-05,5.719658851623535,7.531155586242676,487210352640.0,2584.9303176653807,28.920430018570258,9.69869760989355,wandb
19380,1777263548.0781753,0.66015625,2.28e-05,5.726536750793457,8.381158828735352,487713669120.0,1936.1265496652395,21.66155582764836,7.264376069003383,wandb
19400,1777263618.765442,0.76953125,2.28e-05,5.724999904632568,7.551861763000488,488216985600.0,2626.5993327255283,29.38662666060514,9.855040384013462,wandb
19420,1777263743.5701282,0.73046875,2.28e-05,5.716975212097168,8.782541275024414,488720302080.0,2607.7256338274906,29.17546604074547,9.78422598056851,wandb
19440,1777263812.6823845,0.68359375,2.28e-05,5.724727153778076,7.828638076782227,489223618560.0,2537.208735219154,28.386516714958262,9.51964551148744,wandb
19460,1777263879.5376625,0.78515625,2.28e-05,5.724120140075684,7.911488056182861,489726935040.0,2531.1864078348035,28.319138381206763,9.497049648144651,wandb
19480,1777263949.562694,0.78515625,2.28e-05,5.7293782234191895,8.519027709960938,490230251520.0,2250.381863123848,25.177472190551274,8.443466753463333,wandb
19500,1777264023.2101417,0.765625,2.28e-05,5.720638275146484,9.123022079467773,490733568000.0,2309.612700181627,25.840152057147424,8.665701749075561,wandb
19520,1777264162.0818975,0.765625,2.28e-05,5.720856666564941,8.50936508178711,491236884480.0,2010.8517365584298,22.497587856597175,7.544746099315995,wandb
19540,1777264239.935319,0.7109375,2.28e-05,5.723020553588867,7.8538618087768555,491740200960.0,1898.0536106931038,21.235592404332788,7.121525826702006,wandb
19560,1777264310.7708662,0.7421875,2.28e-05,5.734712600708008,9.705371856689453,492243517440.0,2316.2090580481936,25.913952694926234,8.690451383461161,wandb
19580,1777264382.194608,0.8828125,2.28e-05,5.735538482666016,8.224117279052734,492746833920.0,2456.443183407528,27.482904546724292,9.216611940731607,wandb
19600,1777264453.3546884,0.77734375,2.28e-05,5.732293128967285,10.085102081298828,493250150400.0,2399.969100808639,26.851067493902214,9.004720329503394,wandb
19620,1777264581.7048907,0.66796875,2.28e-05,5.723423480987549,8.994928359985352,493753466880.0,2267.6347809407707,25.3704993676982,8.508199961802122,wandb
19640,1777264651.455279,3.765625,2.28e-05,5.733620643615723,8.515058517456055,494256783360.0,2594.7947255265676,29.030793889996296,9.735709017238841,wandb
19660,1777264719.502248,0.77734375,2.28e-05,5.724916458129883,8.943041801452637,494760099840.0,2208.0836493088495,24.704236016954145,8.284763216108098,wandb
19680,1777264788.9599507,0.75390625,2.28e-05,5.7239580154418945,9.428024291992188,495263416320.0,2496.3627100599106,27.92952775704254,9.366390607911008,wandb
19700,1777264856.4598477,0.73046875,2.28e-05,5.718447208404541,9.479127883911133,495766732800.0,2571.844741582417,28.77402743093617,9.649600330708653,wandb
19720,1777264981.217785,0.69921875,2.28e-05,5.717920303344727,7.214689254760742,496270049280.0,2683.0165479664524,30.01782747637466,10.066718628055332,wandb
19740,1777265052.9912982,0.81640625,2.28e-05,5.720704078674316,8.078174591064453,496773365760.0,2502.9658703518535,28.00340450096073,9.391165765099403,wandb
19760,1777265125.043279,0.80078125,2.28e-05,5.728714942932129,8.636701583862305,497276682240.0,2336.712917472184,26.14335169556068,8.767382173831036,wandb
19780,1777265197.4245825,0.70703125,2.28e-05,5.722012519836426,8.284069061279297,497779998720.0,2645.6508582049314,29.59977682005381,9.92652199547864,wandb
19800,1777265260.3521497,0.796875,2.28e-05,5.722442626953125,8.70076847076416,498283315200.0,2604.4136885269163,29.138411702515917,9.771799511757624,wandb
19820,1777265389.0695872,0.67578125,2.28e-05,5.721726417541504,9.068506240844727,498786631680.0,2538.588818328694,28.401957207383337,9.524823604167338,wandb
19840,1777265452.8159506,0.84375,2.28e-05,5.727447509765625,9.445539474487305,499289948160.0,2424.520826505712,27.12575438197997,9.09683877529269,wandb
19860,1777265519.504242,0.75390625,2.28e-05,5.724370956420898,7.683341979980469,499793264640.0,2537.675490521913,28.39173881474834,9.521396784436016,wandb
19880,1777265585.5226023,0.82421875,2.28e-05,5.718667507171631,8.769649505615234,500296581120.0,2434.5504624027017,27.2379668393481,9.13447012072489,wandb
19900,1777265649.1752317,0.7734375,2.28e-05,5.724832534790039,9.168209075927734,500799897600.0,2627.427023665966,29.39588694037219,9.858145892928302,wandb
19920,1777265815.2306695,0.7734375,2.28e-05,5.727092742919922,8.279054641723633,501303214080.0,664.3337655396705,7.432625182954894,2.492590326315037,wandb
19940,1777265895.472005,0.78125,2.28e-05,5.723966598510742,7.583925247192383,501806530560.0,1958.5811665006684,21.91278007549166,7.3486261306567044,wandb
19960,1777265976.3793054,0.77734375,2.28e-05,5.724376678466797,9.745841979980469,502309847040.0,2251.074154107349,25.185217603572276,8.446064239693872,wandb
19980,1777266056.4981606,0.72265625,2.28e-05,5.726734161376953,9.297045707702637,502813163520.0,2057.819324765984,23.02306540568809,7.720969199945836,wandb
20000,1777266135.3040426,0.75390625,2.28e-05,5.728895664215088,7.9399309158325195,503316480000.0,2296.6182834763135,25.694769368728355,8.616946501253016,wandb
20020,1777266271.1981184,0.796875,2.28e-05,5.728731155395508,8.948904991149902,503819796480.0,2333.1504109992297,26.10349405667669,8.75401559571543,wandb
20040,1777266342.3184903,0.7578125,2.28e-05,5.728525161743164,8.082082748413086,504323112960.0,2254.9336657983035,25.22839816321882,8.46054518587513,wandb
20060,1777266412.027578,0.74609375,2.28e-05,5.728296279907227,7.99797248840332,504826429440.0,2479.549376876458,27.74141869182406,9.303306727759077,wandb
20080,1777266477.8698251,0.7890625,2.28e-05,5.710869312286377,7.644657135009766,505329745920.0,2576.3261975563805,28.824166358469565,9.666414821237272,wandb
20100,1777266543.8276563,0.76953125,2.28e-05,5.723277568817139,8.478752136230469,505833062400.0,2586.701072283931,28.940241378542275,9.705341507978257,wandb
20120,1777266673.8341534,0.734375,2.28e-05,5.718222141265869,9.032248497009277,506336378880.0,2515.924608140563,28.14838801049141,9.439787145087747,wandb
20140,1777266745.9544516,0.78125,2.28e-05,5.716413497924805,8.42045783996582,506839695360.0,2341.416012923808,26.195970345258825,8.785028259028785,wandb
20160,1777266811.861635,0.7578125,2.28e-05,5.724428176879883,8.402471542358398,507343011840.0,2283.1846478331727,25.544472659816172,8.566543297339193,wandb
20180,1777266875.8320494,0.85546875,2.28e-05,5.730753421783447,8.8864107131958,507846328320.0,2521.4209647650596,28.20988173665863,9.460409558192202,wandb
20200,1777266941.1742363,0.8671875,2.28e-05,5.727444171905518,8.577817916870117,508349644800.0,2620.321617962733,29.316391030177023,9.831486303367875,wandb
20220,1777267064.5712326,0.8359375,2.28e-05,5.7319254875183105,11.682762145996094,508852961280.0,2557.7867894936003,28.616745814170486,9.596854682057302,wandb
20240,1777267129.190447,0.66015625,2.28e-05,5.727209091186523,7.793402671813965,509356277760.0,2183.122026452258,24.424963163043717,8.191106829982788,wandb
20260,1777267193.5581198,0.703125,2.28e-05,5.727733612060547,10.708847045898438,509859594240.0,2578.439874785835,28.84781436707488,9.674345370139616,wandb
20280,1777267256.2291465,0.765625,2.28e-05,5.712753772735596,7.866761684417725,510362910720.0,2684.9219939444247,30.03914577524079,10.073867890155764,wandb
20300,1777267320.0425932,0.7265625,2.28e-05,5.722064018249512,9.4227933883667,510866227200.0,2616.0444680053165,29.268537896505663,9.815438372100383,wandb
20320,1777267444.5359814,1.46875,2.28e-05,5.764924049377441,9.031866073608398,511369543680.0,2657.426255891752,29.731521015406084,9.970703465524556,wandb
20340,1777267508.2778673,0.7109375,2.28e-05,5.725321292877197,8.809191703796387,511872860160.0,2671.834255232891,29.892718991926145,10.024762496755795,wandb
20360,1777267572.443771,0.81640625,2.28e-05,5.7194414138793945,8.438608169555664,512376176640.0,2615.2828527719107,29.260016877618515,9.81258078023672,wandb
20380,1777267635.0298266,0.72265625,2.28e-05,5.721686363220215,7.585540771484375,512879493120.0,2621.72116452828,29.332049281476884,9.836737423228803,wandb
20400,1777267698.5403538,0.71484375,2.28e-05,5.725908279418945,8.726015090942383,513382809600.0,2606.04268349715,29.156637042949775,9.777911525499876,wandb
20420,1777267821.7855346,0.72265625,2.28e-05,5.716370582580566,8.903787612915039,513886126080.0,2717.3825507586125,30.402317368414106,10.195660389798043,wandb
20440,1777267886.257507,0.69921875,2.28e-05,5.709612846374512,8.625468254089355,514389442560.0,2592.0917813522615,29.00055311046622,9.725567529855656,wandb
20460,1777267951.0389721,0.6953125,2.28e-05,5.7265143394470215,7.732173442840576,514892759040.0,2459.49930877455,27.517096748812264,9.228078569286394,wandb
20480,1777268014.5017095,0.80078125,2.28e-05,5.724172592163086,8.312143325805664,515396075520.0,2561.198303169677,28.65491413223001,9.609654732917537,wandb
20500,1777268079.094819,0.66015625,2.28e-05,5.728669166564941,7.853461265563965,515899392000.0,2572.98715668621,28.786808872600417,9.653886689439851,wandb
20520,1777268204.0662239,0.74609375,2.28e-05,5.7289628982543945,11.699191093444824,516402708480.0,2540.164365828469,28.419584572769857,9.530735082192844,wandb
20540,1777268269.0799725,0.7265625,2.28e-05,5.714707374572754,8.09552001953125,516906024960.0,2581.859063908056,28.8860685587077,9.687174219389762,wandb
20560,1777268333.9770305,0.73828125,2.28e-05,5.71282434463501,8.551010131835938,517409341440.0,2636.85733360408,29.501394085673105,9.893528558307054,wandb
20580,1777268397.3039,0.671875,2.28e-05,5.717559814453125,8.075333595275879,517912657920.0,2627.2163568884807,29.393529981751737,9.857355467996028,wandb
20600,1777268460.730377,0.796875,2.28e-05,5.7206525802612305,9.67039680480957,518415974400.0,2515.704660007195,28.145927211236856,9.438961896367957,wandb
20620,1777268585.3949044,1.453125,2.28e-05,5.720508575439453,7.693708419799805,518919290880.0,2622.7587325947775,29.343657685174104,9.84063039429184,wandb
20640,1777268651.836056,0.71484375,2.28e-05,5.721171855926514,9.291419982910156,519422607360.0,2552.2348908582167,28.554630679051552,9.576023874488765,wandb
20660,1777268716.6237085,0.73046875,2.28e-05,5.716482162475586,8.390633583068848,519925923840.0,2609.658171907649,29.197087448457506,9.7914768926457,wandb
20680,1777268782.7902045,0.71875,2.28e-05,5.725776672363281,8.631525039672852,520429240320.0,2608.350472157321,29.18245678748525,9.786570383423271,wandb
20700,1777268846.4929264,2.046875,2.28e-05,5.7265214920043945,8.744468688964844,520932556800.0,2546.4080321762476,28.48943926650617,9.554161412670823,wandb
20720,1777268972.3825433,1.125,2.28e-05,5.7365570068359375,8.734617233276367,521435873280.0,2359.450397193253,26.3977406384958,8.852693541305307,wandb
20740,1777269036.8646595,0.73828125,2.28e-05,5.716536521911621,8.583340644836426,521939189760.0,2537.8330276641327,28.393501354289832,9.52198786617399,wandb
20760,1777269140.0543232,0.68359375,2.28e-05,5.717615127563477,10.351211547851562,522442506240.0,2053.69440120031,22.976915394410117,7.705492424400284,wandb
20780,1777269303.4670305,1.5625,2.28e-05,5.711784362792969,8.662193298339844,522945822720.0,2139.5009167451644,23.936926312690336,8.027439767251598,wandb
20800,1777269385.5153058,0.82421875,2.28e-05,5.728442192077637,9.088090896606445,523449139200.0,2151.146897550692,24.067222580478344,8.071135663203428,wandb
20820,1777269532.375418,0.640625,2.28e-05,5.719732761383057,8.380743026733398,523952455680.0,1920.9325199348964,21.49156367330923,7.207367839875016,wandb
20840,1777269608.175883,0.71484375,2.28e-05,5.719018459320068,7.754380702972412,524455772160.0,2113.1462328035586,23.642067767612367,7.928556594886316,wandb
20860,1777269678.578757,0.92578125,2.28e-05,5.71441650390625,8.233808517456055,524959088640.0,2437.151600126963,27.2670685992714,9.144229628769224,wandb
20880,1777269743.0958889,0.70703125,2.28e-05,5.7178192138671875,8.72320556640625,525462405120.0,2666.2200739320883,29.82990703281381,10.003698003685521,wandb
20900,1777269807.8500605,0.69140625,2.28e-05,5.711754322052002,8.389348983764648,525965721600.0,2662.0365574697753,29.78310147900332,9.988001386706449,wandb
20920,1777269933.5435429,0.78125,2.28e-05,5.716554641723633,8.240870475769043,526469038080.0,2590.4694717511557,28.98240256653604,9.719480599719388,wandb
20940,1777269998.5868793,0.9921875,2.28e-05,5.735079288482666,7.167414665222168,526972354560.0,1589.8915915998452,17.787848360068935,5.9652972747698545,wandb
20960,1777270062.8847551,0.78515625,2.28e-05,5.716759204864502,8.478266716003418,527475671040.0,2616.5178477566733,29.273834111215113,9.817214500080189,wandb
20980,1777270127.566714,0.76171875,2.28e-05,5.718843936920166,8.757875442504883,527978987520.0,1656.8941680811465,18.537479137714605,6.2166919541292645,wandb
21000,1777270191.5685563,0.77734375,2.28e-05,5.7254228591918945,9.009383201599121,528482304000.0,2622.653687831296,29.342482435028938,9.840236264752042,wandb
21020,1777270317.7209303,0.66796875,2.28e-05,5.731009006500244,9.757893562316895,528985620480.0,2282.3458082807465,25.535087648387833,8.563395958663717,wandb
21040,1777270381.1232753,0.71875,2.28e-05,5.722448348999023,7.723723411560059,529488936960.0,2489.556947526958,27.85338428125437,9.340855284053045,wandb
21060,1777270444.8068454,1.125,2.28e-05,5.724990367889404,8.262350082397461,529992253440.0,2619.3344390467532,29.305346384771966,9.827782393158953,wandb
21080,1777270508.9370925,0.61328125,2.28e-05,5.713218688964844,7.457767009735107,530495569920.0,2021.6335330220002,22.618215553200145,7.585199562559072,wandb
21100,1777270571.2866874,0.7890625,2.28e-05,5.72196102142334,7.713319301605225,530998886400.0,2626.4090473068486,29.384497730437513,9.854326430247385,wandb
21120,1777270696.9186344,0.70703125,2.28e-05,5.717909812927246,8.73982048034668,531502202880.0,2389.9880346873097,26.739398439498718,8.967271218603354,wandb
21140,1777270759.7914903,0.76953125,2.28e-05,5.728833198547363,7.501617908477783,532005519360.0,2584.952448449103,28.920677619744463,9.698780644928469,wandb
21160,1777270823.9797263,0.69140625,2.28e-05,5.712896347045898,8.356636047363281,532508835840.0,2667.8898011952374,29.848588089759136,10.009962845606251,wandb
21180,1777270888.1661074,0.49609375,2.28e-05,5.717408180236816,7.857321739196777,533012152320.0,2615.578768376107,29.263327607685035,9.813691060054916,wandb
21200,1777270950.6313567,0.7421875,2.28e-05,5.709671497344971,7.847746849060059,533515468800.0,2536.60622915896,28.379775823634997,9.517384899645792,wandb
21220,1777271074.9687421,0.79296875,2.28e-05,5.711451530456543,8.292695999145508,534018785280.0,2572.741843450354,28.784064286325997,9.652966270472263,wandb
21240,1777271138.2362115,0.734375,2.28e-05,5.717852592468262,8.962943077087402,534522101760.0,2568.670242972227,28.738510858488297,9.637689563956894,wandb
21260,1777271203.0670228,0.73046875,2.28e-05,5.72127628326416,9.931529998779297,535025418240.0,2702.3051526568715,30.2336300990964,10.139089764302483,wandb
21280,1777271267.036636,0.65234375,2.28e-05,5.711111545562744,7.149998664855957,535528734720.0,2600.0666648174542,29.089776815099647,9.75548941311667,wandb
21300,1777271330.0312927,0.70703125,2.28e-05,5.715999603271484,10.298202514648438,536032051200.0,2626.3864531025592,29.384244944472837,9.854241656451494,wandb
21320,1777271458.8149927,0.69921875,2.28e-05,5.71745491027832,9.598649978637695,536535367680.0,2760.211310056293,30.8814893320009,10.356354541820785,wandb
21340,1777271521.6464217,0.69140625,2.28e-05,5.71035099029541,9.05366325378418,537038684160.0,2655.1436681212904,29.705983220663324,9.962139161720133,wandb
21360,1777271585.2061975,0.8046875,2.28e-05,5.723777770996094,11.372913360595703,537542000640.0,2328.131374532633,26.047340630837358,8.73518409505567,wandb
21380,1777271680.2910016,1.0546875,2.28e-05,5.730978965759277,8.056692123413086,538045317120.0,2325.1991556347443,26.014534705332913,8.724182365445287,wandb
21400,1777271747.7272956,0.7265625,2.28e-05,5.720772743225098,10.112201690673828,538548633600.0,2522.887099375018,28.22628498091451,9.465910517401898,wandb
21420,1777271874.1694653,0.55078125,2.28e-05,5.713759899139404,8.508523941040039,539051950080.0,2457.480951621278,27.494515189686755,9.220505662750162,wandb
21440,1777271942.9840107,0.82421875,2.28e-05,5.722009658813477,8.075628280639648,539555266560.0,2640.30141373225,29.539926760091593,9.906450798987619,wandb
21460,1777272037.8339152,0.66796875,2.28e-05,5.721656322479248,7.722743511199951,540058583040.0,2364.5339451027635,26.454615824089128,8.871767089873641,wandb
21480,1777272112.6678255,0.6640625,2.28e-05,5.707507610321045,8.059751510620117,540561899520.0,2560.036174048523,28.641912128388288,9.605294406895325,wandb
21500,1777272207.622128,0.7734375,2.28e-05,5.714627742767334,8.011541366577148,541065216000.0,2487.200486518868,27.82701998616671,9.332013806744824,wandb
21520,1777272409.1717324,1.2890625,2.28e-05,5.720215797424316,7.9389824867248535,541568532480.0,2308.32421331622,25.825736351638383,8.660867326887658,wandb
21540,1777272490.2648563,0.66796875,2.28e-05,5.7182488441467285,8.253217697143555,542071848960.0,2252.3378189890354,25.199355598522466,8.450805529423796,wandb
21560,1777272640.2463002,0.75390625,2.28e-05,5.718683242797852,8.117903709411621,542575165440.0,2019.968564968478,22.599587742714895,7.578952577264771,wandb
21580,1777272742.8938408,0.734375,2.28e-05,5.7121477127075195,7.85954475402832,543078481920.0,1478.4511264781481,16.54104253680799,5.547170965780065,wandb
21600,1777272833.344332,0.765625,2.28e-05,5.712879657745361,8.259485244750977,543581798400.0,1126.1847737134856,12.599855289552295,4.2254622875011725,wandb
21620,1777272982.178269,0.7578125,2.28e-05,5.723409652709961,7.933219909667969,544085114880.0,1855.7519189085485,20.7623173189033,6.96280923995244,wandb
21640,1777273050.5989423,0.7890625,2.28e-05,5.7100701332092285,8.32186508178711,544588431360.0,2448.0366040744775,27.388850990372866,9.185070328051513,wandb
21660,1777273118.4112308,1.125,2.28e-05,5.719854831695557,7.935609817504883,545091747840.0,2488.296742732906,27.839284998072,9.336126976624206,wandb
21680,1777273201.1382387,0.6640625,2.28e-05,5.712651252746582,8.41949462890625,545595064320.0,2266.3938257122095,25.356615450364526,8.503543879033861,wandb
21700,1777273278.9522285,0.64453125,2.28e-05,5.7145233154296875,7.957744598388672,546098380800.0,2326.8749554977308,26.03328370306466,8.730469991852363,wandb
21720,1777273416.5631151,0.62109375,2.28e-05,5.7140655517578125,8.012907028198242,546601697280.0,2461.107669904015,27.535091236002653,9.234113164546306,wandb
21740,1777273481.153434,0.86328125,2.28e-05,5.718225479125977,8.556032180786133,547105013760.0,2679.311298589594,29.976372817201657,10.052816476407449,wandb
21760,1777273546.231726,0.84375,2.28e-05,5.718470573425293,7.830667018890381,547608330240.0,2597.1208779236777,29.056819089651935,9.744436776180706,wandb
21780,1777273613.3579934,0.65234375,2.28e-05,5.714756965637207,7.973443508148193,548111646720.0,2590.55912580576,28.983405624063106,9.719816983086925,wandb
21800,1777273681.1497297,0.78125,2.28e-05,5.717601776123047,9.972339630126953,548614963200.0,2145.9916512339078,24.009545226735323,8.051793101127648,wandb
21820,1777273808.0827773,0.6484375,2.28e-05,5.714087009429932,9.084358215332031,549118279680.0,2655.980350204716,29.71534409413683,9.96527840553932,wandb
21840,1777273874.5909247,0.83203125,2.28e-05,5.715367317199707,7.771890640258789,549621596160.0,2542.6987074720373,28.447939012208735,9.540243970333137,wandb
21860,1777273938.3599713,0.671875,2.28e-05,5.713888168334961,7.815741539001465,550124912640.0,2692.059899574802,30.119005297507883,10.100649419933907,wandb
21880,1777274001.7569106,0.78515625,2.28e-05,5.725233554840088,9.322563171386719,550628229120.0,2613.3019317730614,29.237854157514214,9.80514833471754,wandb
21900,1777274078.4404488,0.703125,2.28e-05,5.717337608337402,8.44996166229248,551131545600.0,2514.7407451645313,28.135142846350654,9.435345273313635,wandb
21920,1777274205.8893747,0.84765625,2.28e-05,5.719666481018066,8.524553298950195,551634862080.0,2605.8642450056345,29.15464065725565,9.777242021583524,wandb
21940,1777274269.0472088,0.6875,2.28e-05,5.7115159034729,8.309313774108887,552138178560.0,2654.8067099863792,29.702213303117272,9.960874889706547,wandb
21960,1777274333.466486,0.96875,2.28e-05,5.714224338531494,7.993799686431885,552641495040.0,2556.559631225149,28.60301625845213,9.592250365691847,wandb
21980,1777274398.343747,0.6171875,2.28e-05,5.718074798583984,9.006319046020508,553144811520.0,2574.7608520270687,28.806653133634853,9.660541621159094,wandb
22000,1777274460.8709826,0.5625,2.28e-05,5.708745956420898,7.993841171264648,553648128000.0,2613.8556023003443,29.244048672557117,9.807225714901806,wandb
22020,1777274586.2952557,0.68359375,2.28e-05,5.73021125793457,10.177024841308594,554151444480.0,2571.3071535966687,28.768012848796598,9.647583292463231,wandb
22040,1777274649.497692,0.8125,2.28e-05,5.72627067565918,8.469135284423828,554654760960.0,2639.226766801484,29.52790351476715,9.90241870746559,wandb
22060,1777274714.1006036,1.171875,2.28e-05,5.718989372253418,11.258695602416992,555158077440.0,2551.3964635896327,28.545250280291466,9.572878082708494,wandb
22080,1777274777.1531892,0.8046875,2.28e-05,5.724031448364258,10.17030143737793,555661393920.0,2659.352754254735,29.75307485022584,9.977931716491646,wandb
22100,1777274839.6396747,0.66796875,2.28e-05,5.716033458709717,9.416288375854492,556164710400.0,2641.8620832836546,29.55738766967011,9.912306454726036,wandb
22120,1777274965.3595207,0.6953125,2.28e-05,5.709136962890625,8.948507308959961,556668026880.0,2570.225896858157,28.75591565235593,9.643526400842664,wandb
22140,1777275028.078272,0.953125,2.28e-05,5.726630210876465,9.119178771972656,557171343360.0,2605.9152635946307,29.15521145776142,9.777433444100323,wandb
22160,1777275094.2886858,0.703125,2.28e-05,5.714622974395752,8.140424728393555,557674659840.0,2654.8409689005252,29.70259659489203,9.96100342967007,wandb
22180,1777275163.7688549,0.828125,2.28e-05,5.718820571899414,10.624526023864746,558177976320.0,2602.031340694987,29.111757783343574,9.762860906695213,wandb
22200,1777275241.3892105,0.65625,2.28e-05,5.707187652587891,7.752755641937256,558681292800.0,2548.406053191421,28.511793303112135,9.56165801770963,wandb
22220,1777275368.193801,0.66796875,2.28e-05,5.720259666442871,10.24661922454834,559184609280.0,2634.962027130723,29.480189228485326,9.886417339781147,wandb
22240,1777275432.4599915,0.68359375,2.28e-05,5.707851409912109,8.138593673706055,559687925760.0,2697.1917283005128,30.176420653161745,10.119904118854144,wandb
22260,1777275497.9567192,0.66796875,2.28e-05,5.705292701721191,10.859466552734375,560191242240.0,2646.852405361613,29.613219836378597,9.931030218565754,wandb
22280,1777275561.9922864,0.63671875,2.28e-05,5.707305908203125,9.968074798583984,560694558720.0,2686.1569132504887,30.052962162137387,10.07850132605161,wandb
22300,1777275626.0772345,0.69921875,2.28e-05,5.711204528808594,9.373788833618164,561197875200.0,2565.2142316688987,28.699844697022264,9.624722557326857,wandb
22320,1777275752.00338,0.734375,2.28e-05,5.709501266479492,7.78240442276001,561701191680.0,2542.0468062845157,28.440645483813057,9.5377980272274,wandb
22340,1777275847.6532142,0.83984375,2.28e-05,5.718203067779541,9.365743637084961,562204508160.0,1477.0831199936015,16.525737158736128,5.542038184779619,wandb
22360,1777275939.6243877,0.8515625,2.28e-05,5.710803031921387,8.088809967041016,562707824640.0,2246.988668540781,25.13950882813166,8.43073543611687,wandb
22380,1777276015.048084,0.671875,2.28e-05,5.713092803955078,10.771564483642578,563211141120.0,2365.2771561615773,26.462930935436063,8.874555628996148,wandb
22400,1777276094.6093152,0.80078125,2.28e-05,5.719518184661865,7.623440742492676,563714457600.0,1779.670968150415,19.911116883398286,6.677352363133118,wandb
22420,1777276232.2782433,0.625,2.28e-05,5.706640243530273,8.094291687011719,564217774080.0,2441.406915697874,27.31467744788695,9.160195637088632,wandb
22440,1777276299.1832879,0.73828125,2.28e-05,5.714438438415527,9.385536193847656,564721090560.0,2015.3418563431003,22.547823715614392,7.561593096593296,wandb
22460,1777276362.526186,0.77734375,2.28e-05,5.7084550857543945,8.094255447387695,565224407040.0,2474.6006927889,27.686052374650952,9.284739190288487,wandb
22480,1777276426.760535,0.451171875,2.28e-05,5.706056594848633,9.020959854125977,565727723520.0,2560.831955722135,28.650815404443534,9.60828019175889,wandb
22500,1777276490.5226078,0.62109375,2.28e-05,5.704348564147949,7.629648685455322,566231040000.0,2644.1492157102894,29.58297631042985,9.920887810149088,wandb
22520,1777276667.824635,0.66015625,2.28e-05,5.723333358764648,10.319446563720703,566734356480.0,2120.672483854723,23.726272132944725,7.956795202551111,wandb
22540,1777276745.7537692,0.6328125,2.28e-05,5.7127180099487305,8.016239166259766,567237672960.0,2096.35785483916,23.454237903601484,7.865566347093346,wandb
22560,1777276822.6336718,0.6640625,2.28e-05,5.7081990242004395,8.52590274810791,567740989440.0,2518.3939301892246,28.17601500492665,9.44905207872551,wandb
22580,1777276897.0475175,0.71875,2.28e-05,5.70967435836792,8.149490356445312,568244305920.0,2481.4442786431746,27.762619021117995,9.310416427819556,wandb
22600,1777276967.1500454,0.8203125,2.28e-05,5.710341453552246,7.350351333618164,568747622400.0,2183.6872714343285,24.431287174114964,8.193227637696307,wandb
22620,1777277104.6592886,0.6953125,2.28e-05,5.723867893218994,8.563812255859375,569250938880.0,2143.427940622854,23.98086220467931,8.042174020177589,wandb
22640,1777277181.7700317,0.80859375,2.28e-05,5.720285892486572,12.131092071533203,569754255360.0,2115.1674829921267,23.66468169427376,7.936140356134691,wandb
22660,1777277261.4771745,0.79296875,2.28e-05,5.705007076263428,7.777377128601074,570257571840.0,1856.2363833132185,20.76773754969869,6.964626957718966,wandb
22680,1777277338.153635,0.85546875,2.28e-05,5.733307838439941,9.413795471191406,570760888320.0,2146.1524398372244,24.011344143912403,8.05239638239679,wandb
22700,1777277405.048422,0.828125,2.28e-05,5.706124782562256,8.768104553222656,571264204800.0,2547.189496236451,28.498182355830743,9.55709347763254,wandb
22720,1777277532.4876044,0.78515625,2.28e-05,5.720058441162109,8.717109680175781,571767521280.0,2562.9439329722213,28.674444393528663,9.61620436231296,wandb
22740,1777277595.8392937,0.80859375,2.28e-05,5.705422401428223,8.419097900390625,572270837760.0,2604.1711418969203,29.13569806927362,9.770889473137027,wandb
22760,1777277658.3940353,0.78125,2.28e-05,5.713146209716797,7.874048709869385,572774154240.0,2691.125878411381,30.108555385760564,10.097144958415797,wandb
22780,1777277722.509371,0.703125,2.28e-05,5.722532749176025,8.551299095153809,573277470720.0,2648.5750611005105,29.63249306181234,9.937493648927237,wandb
22800,1777277784.9772537,0.78125,2.28e-05,5.711552619934082,8.533893585205078,573780787200.0,2610.8390731866025,29.210299476868258,9.795907652087624,wandb
22820,1777277911.405323,0.7734375,2.28e-05,5.711294174194336,10.302421569824219,574284103680.0,2536.22303089292,28.37548856739427,9.515947133961527,wandb
22840,1777277974.3989758,0.7421875,2.28e-05,5.710073471069336,7.9206318855285645,574787420160.0,2668.452638096247,29.85488515900556,10.012074618163243,wandb
22860,1777278038.747459,0.70703125,2.28e-05,5.703580856323242,9.498031616210938,575290736640.0,2628.5462491754115,29.40840893479491,9.862345243951118,wandb
22880,1777278102.776369,0.765625,2.28e-05,5.715599060058594,10.3969144821167,575794053120.0,2492.6153917796055,27.887602427240708,9.352330613101737,wandb
22900,1777278167.3055124,0.75,2.28e-05,5.712791442871094,7.481479167938232,576297369600.0,2613.331357924493,29.238183379910417,9.805258742082337,wandb
22920,1777278293.2387562,0.7890625,2.28e-05,5.711750030517578,7.903462886810303,576800686080.0,2705.4304955817747,30.26859671337068,10.150816098180307,wandb
22940,1777278366.8162706,0.6875,2.28e-05,5.708517074584961,9.227060317993164,577304002560.0,1930.7639511689388,21.6015585993014,7.244255518416988,wandb
22960,1777278435.0754511,0.70703125,2.28e-05,5.705889701843262,9.690921783447266,577807319040.0,2513.7612788222536,28.124184489905293,9.431670300797782,wandb
22980,1777278502.7150145,0.8203125,2.28e-05,5.716787815093994,9.20750617980957,578310635520.0,2721.8712010745107,30.45253678688416,10.212501873606305,wandb
23000,1777278600.7800858,0.74609375,2.28e-05,5.703542709350586,8.063016891479492,578813952000.0,2406.353957540101,26.922501838193405,9.028676408434322,wandb
23020,1777278756.9416375,0.6796875,2.28e-05,5.719019889831543,8.119266510009766,579317268480.0,2169.8508059686205,24.276483569363723,8.141313010201497,wandb
23040,1777278822.8689618,0.68359375,2.28e-05,5.710749626159668,9.274848937988281,579820584960.0,2478.6643444555116,27.731516870479307,9.299986072742943,wandb
23060,1777278913.7049785,0.828125,2.28e-05,5.715681076049805,7.687602996826172,580323901440.0,1522.876448937851,17.03807699087739,5.71385544691061,wandb
23080,1777278990.2422647,0.7109375,2.28e-05,5.701499938964844,8.188644409179688,580827217920.0,2682.2066370070766,30.008766120615153,10.063679829898089,wandb
23100,1777279076.2730184,0.8515625,2.28e-05,5.715032577514648,13.68375015258789,581330534400.0,1582.6146822213996,17.70643365152047,5.937994200828626,wandb
23120,1777279218.6140697,0.65625,2.28e-05,5.697257995605469,9.766618728637695,581833850880.0,2516.277758322475,28.15233908609768,9.441112169906342,wandb
23140,1777279299.4255314,0.69140625,2.28e-05,5.706113815307617,8.138572692871094,582337167360.0,2293.1961529870714,25.656482268820017,8.604106615949362,wandb
23160,1777279379.1668346,0.8359375,2.28e-05,5.714099884033203,9.440134048461914,582840483840.0,2316.920826896447,25.921916028028345,8.693121950934557,wandb
23180,1777279455.8394706,0.73828125,2.28e-05,5.713292598724365,9.159120559692383,583343800320.0,2463.2161610439766,27.558681222178027,9.24202425516251,wandb
23200,1777279536.6284795,0.74609375,2.28e-05,5.710762023925781,8.324588775634766,583847116800.0,2679.8858017643015,29.982800409754546,10.054972020999632,wandb
23220,1777279687.452832,0.65234375,2.28e-05,5.706615447998047,8.141868591308594,584350433280.0,2408.2521700712264,26.943739208613653,9.035798530532887,wandb
23240,1777279765.313813,0.6796875,2.28e-05,5.705987930297852,8.417228698730469,584853749760.0,2526.035879139253,28.26151380862918,9.477724786655026,wandb
23260,1777279844.757254,0.69140625,2.28e-05,5.716544151306152,8.061037063598633,585357066240.0,2572.3164529880496,28.77930498004545,9.651370199030094,wandb
23280,1777279931.0710182,0.72265625,2.28e-05,5.704156875610352,11.293672561645508,585860382720.0,2444.043123367811,27.344171573477805,9.170086728099045,wandb
23300,1777280060.1893296,0.71484375,2.28e-05,5.704602241516113,9.029155731201172,586363699200.0,1205.03172741013,13.482002011642946,4.5212972491397885,wandb
23320,1777280248.6268725,0.9140625,2.28e-05,5.722383975982666,9.951486587524414,586867015680.0,2547.8766259667323,28.50587002429224,9.559671598763012,wandb
23340,1777280337.020079,0.73828125,2.28e-05,5.7083258628845215,8.462905883789062,587370332160.0,1580.9061458622593,17.687318394961707,5.931583746593335,wandb
23360,1777280426.6285307,0.74609375,2.28e-05,5.7117180824279785,8.681722640991211,587873648640.0,2258.987414588951,25.273751864791198,8.47575491258934,wandb
23380,1777280515.8889055,0.77734375,2.28e-05,5.7034149169921875,8.380170822143555,588376965120.0,2377.181049809325,26.596112755013745,8.91921921782902,wandb
23400,1777280611.964016,0.6484375,2.28e-05,5.709656715393066,9.557085990905762,588880281600.0,1456.5039922688368,16.295496049666387,5.464824986607944,wandb
23420,1777280752.4021773,0.68359375,2.28e-05,5.71329402923584,8.870484352111816,589383598080.0,2585.3313699450173,28.92491702710111,9.700202364106604,wandb
23440,1777280828.597058,0.84765625,2.28e-05,5.713907241821289,8.70179557800293,589886914560.0,2462.306447906773,27.548503270787357,9.238610997726056,wandb
23460,1777280919.0647516,0.640625,2.28e-05,5.710515022277832,7.422699451446533,590390231040.0,1639.6924344300096,18.345024613561282,6.152150789553894,wandb
23480,1777281005.9520621,0.80078125,2.28e-05,5.716142654418945,10.203157424926758,590893547520.0,1594.8439619674493,17.843255919670653,5.983878643218878,wandb
23500,1777281086.038756,0.71484375,2.28e-05,5.714925765991211,7.382041931152344,591396864000.0,1723.7293993375083,19.285237642118048,6.467458751676134,wandb
23520,1777281240.9740393,0.70703125,2.28e-05,5.713894844055176,7.8137969970703125,591900180480.0,1649.5999553416982,18.45587083762615,6.189323957716102,wandb
23540,1777281318.3656256,0.6875,2.28e-05,5.702831268310547,8.657918930053711,592403496960.0,1578.4723045290996,17.66008836192332,5.922451937136245,wandb
23560,1777281407.6814728,0.73828125,2.28e-05,5.711991786956787,8.703692436218262,592906813440.0,2075.1481458381318,23.21694179519711,7.785987198445116,wandb
23580,1777281484.0518522,0.94140625,2.28e-05,5.707283020019531,7.480633735656738,593410129920.0,2689.1819847039465,30.086806930281817,10.089851439853483,wandb
23600,1777281561.4557128,0.71484375,2.28e-05,5.718576431274414,8.679677963256836,593913446400.0,2512.7704468149773,28.113098973390297,9.427952684135116,wandb
23620,1777281700.6163416,0.7578125,2.28e-05,5.705738067626953,8.078603744506836,594416762880.0,1636.6098231436877,18.310536084655386,6.140584785429697,wandb
23640,1777281781.9927151,0.75,2.28e-05,5.71055269241333,9.155735969543457,594920079360.0,1859.6647394268289,20.806094302445498,6.977490201659316,wandb
23660,1777281866.7110233,0.8203125,2.28e-05,5.705679416656494,8.306695938110352,595423395840.0,2629.4253764064265,29.418244688350136,9.865643742605402,wandb
23680,1777281947.630586,0.6640625,2.28e-05,5.704957962036133,7.736339569091797,595926712320.0,2547.5163720780633,28.50183947178374,9.558319920729328,wandb
23700,1777282027.7833261,0.75,2.28e-05,5.71342658996582,7.897307395935059,596430028800.0,2699.1337832557347,30.198148536517394,10.127190738390373,wandb
23720,1777282184.719942,0.734375,2.28e-05,5.711394309997559,8.658581733703613,596933345280.0,2497.0805685905993,27.937559222052695,9.369084023964916,wandb
23740,1777282253.6647718,0.73828125,2.28e-05,5.718323230743408,7.918773651123047,597436661760.0,2286.4131033202907,25.580592906596205,8.578656511108468,wandb
23760,1777282315.4660583,0.7265625,2.28e-05,5.711477756500244,9.301039695739746,597939978240.0,2620.2441028468097,29.31552378417425,9.831195465481684,wandb
23780,1777282382.066514,3.046875,2.28e-05,5.703264236450195,8.098451614379883,598443294720.0,2614.316217541929,29.249202076797335,9.808953950248076,wandb
23800,1777282444.9966707,0.7109375,2.28e-05,5.70644474029541,9.330129623413086,598946611200.0,2647.82331630318,29.62408247424081,9.93467309108887,wandb
23820,1777282569.012649,0.6953125,2.28e-05,5.710299491882324,8.157745361328125,599449927680.0,2520.604219565104,28.200743918808413,9.457345117861038,wandb
23840,1777282632.7991729,0.72265625,2.28e-05,5.71250581741333,11.628219604492188,599953244160.0,2719.8870282590306,30.430337685166528,10.205057227221992,wandb
23860,1777282694.822365,0.5703125,2.28e-05,5.71136474609375,7.384464263916016,600456560640.0,2682.728737392033,30.014607426101264,10.065638758431325,wandb
23880,1777282758.2576847,0.72265625,2.28e-05,5.716094017028809,8.793684005737305,600959877120.0,2691.5345948722847,30.113128141832252,10.098678468752768,wandb
23900,1777282821.4338417,0.7265625,2.28e-05,5.705960273742676,7.636213302612305,601463193600.0,2596.128400101524,29.04571515961389,9.740712984395755,wandb
23920,1777282945.6416483,0.6953125,2.28e-05,5.707472324371338,8.67713737487793,601966510080.0,2549.540480103192,28.52448537217444,9.565914404623662,wandb
23940,1777283008.4833536,0.69140625,2.28e-05,5.7053422927856445,8.589805603027344,602469826560.0,2594.5436699525835,29.027985057932792,9.734767052931833,wandb
23960,1777283070.7886415,0.7578125,2.28e-05,5.700489044189453,8.082290649414062,602973143040.0,2653.138529829448,29.683549555333745,9.95461585255172,wandb
23980,1777283134.5850422,0.578125,2.28e-05,5.7094550132751465,7.931089401245117,603476459520.0,2590.317514202065,28.980702451978125,9.718910452699138,wandb
24000,1777283268.6615071,0.70703125,2.28e-05,5.702095985412598,7.699617862701416,603979776000.0,2218.8380957519917,24.824557719099005,8.32511406166127,wandb
24020,1777283403.4848287,0.78515625,2.28e-05,5.712149620056152,9.431427955627441,604483092480.0,2402.2143703992206,26.87618776953343,9.013144614933033,wandb
24040,1777283516.3208303,0.69140625,2.28e-05,5.706685543060303,7.9116082191467285,604986408960.0,699.8897916984533,7.830429162132273,2.6259970737104386,wandb
24060,1777283584.802192,0.80859375,2.28e-05,5.7062273025512695,7.822846412658691,605489725440.0,2396.2525988738894,26.80948694011194,8.990775958088278,wandb
24080,1777283655.164774,0.73828125,2.28e-05,5.709094047546387,9.388677597045898,605993041920.0,2541.6773308372917,28.436511759688273,9.536411749766684,wandb
24100,1777283725.6906085,0.79296875,2.28e-05,5.707527160644531,8.832820892333984,606496358400.0,2435.2804704757846,27.246134234517832,9.137209122045439,wandb
24120,1777283852.3323495,0.80078125,2.28e-05,5.710965633392334,7.850101947784424,606999674880.0,2626.839413616427,29.389312706939375,9.85594117114371,wandb
24140,1777283920.8426244,0.76953125,2.28e-05,5.710092067718506,7.7933855056762695,607502991360.0,2269.7469683610525,25.394130708186147,8.516124920917939,wandb
24160,1777283991.8421729,1.125,2.28e-05,5.763664245605469,9.125758171081543,608006307840.0,2157.551692306438,24.13887999315636,8.095166549902732,wandb
24180,1777284059.8156912,0.7109375,2.28e-05,5.716368675231934,8.156753540039062,608509624320.0,2546.87291625021,28.494640430822248,9.555905664740676,wandb
24200,1777284122.4691918,0.71484375,2.28e-05,5.710743427276611,9.422761917114258,609012940800.0,2600.599535719278,29.09573862208524,9.757488752791934,wandb
24220,1777284246.1703212,0.75,2.28e-05,5.711467742919922,8.74643325805664,609516257280.0,2483.1524597455946,27.781730303033015,9.316825549126264,wandb
24240,1777284308.117568,0.67578125,2.28e-05,5.713881015777588,9.84443473815918,610019573760.0,2642.363972166296,29.563002847072898,9.914189549397193,wandb
24260,1777284370.802853,0.703125,2.28e-05,5.711523532867432,9.10635757446289,610522890240.0,2613.46418409446,29.239669450899218,9.805757107879042,wandb
24280,1777284433.6546211,0.7109375,2.28e-05,5.711041450500488,10.89151382446289,611026206720.0,2603.132481919476,29.12407744917973,9.766992405207617,wandb
24300,1777284497.5791714,0.953125,2.28e-05,5.701905727386475,8.16738510131836,611529523200.0,2692.573577161898,30.12475236798332,10.102576746002304,wandb
24320,1777284622.605061,0.76953125,2.28e-05,5.706836700439453,7.754551887512207,612032839680.0,2467.6170275314944,27.607918507378148,9.258536372720286,wandb
24340,1777284695.9517026,0.78125,2.28e-05,5.719385147094727,9.609079360961914,612536156160.0,2333.1984847752296,26.104031910353072,8.754195969249372,wandb
24360,1777284767.1014752,0.546875,2.28e-05,5.698288917541504,8.310283660888672,613039472640.0,2613.1614733459855,29.236282696154888,9.804621332576838,wandb
24380,1777284870.5668387,0.984375,2.28e-05,5.713582992553711,8.517929077148438,613542789120.0,1891.4303250347903,21.161490496027866,7.096675158834895,wandb
24400,1777284968.8027897,0.6484375,2.28e-05,5.711099624633789,9.289714813232422,614046105600.0,2232.4989227768547,24.97739626537176,8.376369691072153,wandb
24420,1777285111.2237046,0.68359375,2.28e-05,5.702897071838379,8.169095039367676,614549422080.0,2558.024046352158,28.61940026498003,9.597744873375536,wandb
24440,1777285192.3359327,0.77734375,2.28e-05,5.707333564758301,8.655792236328125,615052738560.0,1576.4541300744766,17.637508846846526,5.914879716088105,wandb
24460,1777285279.8561747,0.7421875,2.28e-05,5.703432559967041,7.711311340332031,615556055040.0,2210.3165380132355,24.72921777413078,8.293141048265657,wandb
24480,1777285358.8788345,0.70703125,2.28e-05,5.696523666381836,8.625457763671875,616059371520.0,2491.7712669333296,27.878158283475276,9.349163443923874,wandb
24500,1777285442.5755925,0.7265625,2.28e-05,5.699664115905762,9.381965637207031,616562688000.0,1537.7427953156039,17.20440299475897,5.7696342031488,wandb
24520,1777285584.3890219,0.7421875,2.28e-05,5.699936389923096,9.698122024536133,617066004480.0,2588.1198449557187,28.95611473322665,9.710664764480306,wandb
24540,1777285665.9875793,0.80078125,2.28e-05,5.702448844909668,8.558089256286621,617569320960.0,1504.908783152869,16.837053149971325,5.646440493395904,wandb
24560,1777285753.1407876,0.5859375,2.28e-05,5.701045036315918,8.165695190429688,618072637440.0,2118.149543388871,23.698045250894925,7.947329091801881,wandb
24580,1777285833.6596355,0.6328125,2.28e-05,5.704705715179443,10.270492553710938,618575953920.0,2355.4114856855554,26.35255293776309,8.837539484300915,wandb
24600,1777285920.700337,0.765625,2.28e-05,5.705149173736572,7.9421892166137695,619079270400.0,1573.3695870905187,17.60299870593588,5.90330646420519,wandb
24620,1777286060.8433292,0.74609375,2.28e-05,5.708890914916992,8.973823547363281,619582586880.0,2627.576763405476,29.397562241879513,9.858707718693495,wandb
24640,1777286153.8296382,0.78515625,2.28e-05,5.702478408813477,9.024431228637695,620085903360.0,1449.5336277307085,16.217510992022383,5.438672073539443,wandb
24660,1777286243.0977087,0.74609375,2.28e-05,5.710727691650391,8.433403015136719,620589219840.0,2248.4263947345953,25.155594236504147,8.436129806519947,wandb
24680,1777286334.0978165,0.86328125,2.28e-05,5.70333194732666,9.064144134521484,621092536320.0,1556.1734589222388,17.41060689642271,5.838786331486196,wandb
24700,1777286421.5252042,0.69921875,2.28e-05,5.698631763458252,9.80447006225586,621595852800.0,2186.375463218706,24.461362902596033,8.203313773889573,wandb
24720,1777286579.4857445,0.7265625,2.28e-05,5.711134433746338,10.364356994628906,622099169280.0,1424.8970570827355,15.941874851097019,5.346235288212374,wandb
24740,1777286659.1039886,0.64453125,2.28e-05,5.7063398361206055,9.875198364257812,622602485760.0,2689.382511538379,30.089050442318648,10.09060381956621,wandb
24760,1777286747.923993,0.77734375,2.28e-05,5.711836338043213,8.39657974243164,623105802240.0,1484.6817423580271,16.610751220750146,5.570548330705293,wandb
24780,1777286836.3030598,0.65625,2.28e-05,5.700786590576172,7.80192232131958,623609118720.0,2511.541479562517,28.099349178598153,9.423341580434327,wandb
24800,1777286921.3130336,0.7421875,2.28e-05,5.709212303161621,9.382585525512695,624112435200.0,1392.1683637237172,15.575703322441035,5.223436736202378,wandb
24820,1777287068.2608225,0.7578125,2.28e-05,5.707010746002197,9.472433090209961,624615751680.0,2089.144442457873,23.373533605097798,7.838501514844888,wandb
24840,1777287158.883655,0.73046875,2.28e-05,5.711297035217285,8.998334884643555,625119068160.0,1402.2008950669517,15.687948174318967,5.26107894539264,wandb
24860,1777287246.7481828,0.6953125,2.28e-05,5.697757244110107,7.559886932373047,625622384640.0,2622.289540459128,29.338408321881182,9.838869978309441,wandb
24880,1777287330.799311,0.8515625,2.28e-05,5.71399450302124,9.08088493347168,626125701120.0,1485.0434476927787,16.614798012166354,5.571905454586609,wandb
24900,1777287422.6664171,0.77734375,2.28e-05,5.704023361206055,8.163169860839844,626629017600.0,1626.7077531456116,18.19975084589623,6.1034320691777255,wandb
24920,1777287561.0245209,0.66015625,2.28e-05,5.701396465301514,8.992132186889648,627132334080.0,1490.05689332676,16.670888887273737,5.5907159783579194,wandb
24940,1777287656.8320658,0.71875,2.28e-05,5.701761722564697,8.929943084716797,627635650560.0,2140.757037386611,23.950979902010552,8.032152750878153,wandb
24960,1777287740.9835343,0.71484375,2.28e-05,5.708442687988281,8.251190185546875,628138967040.0,2744.272045119758,30.703159419974163,10.296550178938366,wandb
24980,1777287836.467872,0.7578125,2.28e-05,5.700018882751465,8.277353286743164,628642283520.0,1544.0422469371276,17.274881819093462,5.793269840816779,wandb
25000,1777287919.624491,0.484375,2.28e-05,5.69747257232666,7.835704803466797,629145600000.0,2394.1361593559227,26.78580802677737,8.982835045037698,wandb
25020,1777288069.6076252,0.75,2.28e-05,5.698065757751465,8.264947891235352,629648916480.0,1628.5203882574199,18.220030768547144,6.110233103505948,wandb
25040,1777288148.1902475,0.8046875,2.28e-05,5.707242965698242,7.786029815673828,630152232960.0,1760.3564990586272,19.695024887456444,6.604884183261224,wandb
25060,1777288241.7991214,3.328125,2.28e-05,5.7049336433410645,7.775932788848877,630655549440.0,1427.8893200668251,15.97535255517172,5.3574623041414435,wandb
25080,1777288329.1254613,0.8125,2.28e-05,5.709151744842529,9.280107498168945,631158865920.0,2305.2813024140137,25.79169199415664,8.649450279204531,wandb
25100,1777288413.3388088,0.6484375,2.28e-05,5.717495918273926,8.078397750854492,631662182400.0,1556.1561442882573,17.410413178759633,5.838721366717875,wandb
25120,1777294048.1137648,0.8046875,2.28e-05,5.705502033233643,8.062740325927734,632165498880.0,2480.3009619956706,27.749827492902618,9.306126686482731,wandb
25140,1777294115.153608,0.73828125,2.28e-05,5.707295894622803,8.153396606445312,632668815360.0,2585.7792796494314,28.929928280662807,9.701882928085432,wandb
25160,1777294180.3580081,0.71875,2.28e-05,5.713202476501465,9.354571342468262,633172131840.0,2617.0950819955297,29.280292259156308,9.819380291666324,wandb
25180,1777294244.2189744,0.76171875,2.28e-05,5.713895797729492,8.271007537841797,633675448320.0,2530.527892169503,28.311770849446116,9.494578887418346,wandb
25200,1777294309.9797647,0.76953125,2.28e-05,5.709026336669922,8.118654251098633,634178764800.0,2579.4559982722717,28.859182846905416,9.678157880814242,wandb
25220,1777294434.3372612,0.69140625,2.28e-05,5.701888561248779,7.793636798858643,634682081280.0,2511.640961469849,28.10046219101456,9.423714838053797,wandb
25240,1777294500.4542375,0.765625,2.28e-05,5.700026512145996,8.943275451660156,635185397760.0,2538.5394248960724,28.40140458927145,9.524638279261813,wandb
25260,1777294564.1500235,0.75390625,2.28e-05,5.707366943359375,7.402960777282715,635688714240.0,2529.1902094661837,28.29680473653235,9.489559881703252,wandb
25280,1777294629.1365862,0.70703125,2.28e-05,5.69411563873291,7.686178207397461,636192030720.0,2602.6822301368065,29.11903999223846,9.765303053715787,wandb
25300,1777294695.608286,0.828125,2.28e-05,5.699944972991943,10.450347900390625,636695347200.0,2529.7858989747933,28.303469363670963,9.491794917740359,wandb
25320,1777294820.5758157,0.67578125,2.28e-05,5.7036614418029785,8.386953353881836,637198663680.0,2508.281850187489,28.062880155590943,9.411111401766581,wandb
25340,1777294885.7698755,0.69140625,2.28e-05,5.701391696929932,8.251839637756348,637701980160.0,2555.8192356218165,28.594732646671222,9.589472390200847,wandb
25360,1777294949.5763905,0.76953125,2.28e-05,5.704752445220947,8.985860824584961,638205296640.0,2443.70589883586,27.340398675458008,9.168821456559739,wandb
25380,1777295016.4314454,0.84375,2.28e-05,5.703365325927734,8.032936096191406,638708613120.0,2533.024014572232,28.339697688623392,9.503944376389521,wandb
25400,1777295080.396039,0.72265625,2.28e-05,5.695274353027344,7.930078506469727,639211929600.0,2611.928267454286,29.222485479090405,9.799994325437577,wandb
25420,1777295203.1544297,0.68359375,2.28e-05,5.701572418212891,9.700231552124023,639715246080.0,2644.181808985148,29.583340966884293,9.921010100608841,wandb
25440,1777295268.3330796,0.76953125,2.28e-05,5.702530384063721,7.944152355194092,640218562560.0,2561.138844002502,28.654248897785784,9.609431641223876,wandb
25460,1777295335.2195034,1.0234375,2.28e-05,5.710621356964111,10.395708084106445,640721879040.0,2592.4893347817247,29.005000973550523,9.727059156329991,wandb
25480,1777295402.9613411,0.74609375,2.28e-05,5.704517841339111,8.049124717712402,641225195520.0,2631.5459380760744,29.44196972068389,9.873600122031375,wandb
25500,1777295468.5888486,0.98828125,2.28e-05,5.703226089477539,8.527563095092773,641728512000.0,2545.416148741849,28.478341986531134,9.55043985103771,wandb
25520,1777295591.758308,0.78515625,2.28e-05,5.70623779296875,8.686572074890137,642231828480.0,2292.6397003265556,25.650256627023364,8.60201879715917,wandb
25540,1777295656.5819306,0.6953125,2.28e-05,5.69802188873291,9.03520393371582,642735144960.0,2578.3045896392027,28.846300784836707,9.673837778225307,wandb
25560,1777295720.9036868,0.65625,2.28e-05,5.6999359130859375,7.319470405578613,643238461440.0,2642.317570058214,29.562483696165682,9.91401544798654,wandb
25580,1777295783.9293902,0.75,2.28e-05,5.705196857452393,8.26764965057373,643741777920.0,2712.240653851565,30.344789369053075,10.176367914909305,wandb
25600,1777295848.763149,0.80078125,2.28e-05,5.705761909484863,8.22529411315918,644245094400.0,2524.672419000013,28.246259295472473,9.472609063610863,wandb
25620,1777295971.5140386,0.7578125,2.28e-05,5.706149101257324,8.682352066040039,644748410880.0,2337.1270628563507,26.1479851909081,8.76893605357012,wandb
25640,1777296034.8274248,0.7578125,2.28e-05,5.715551853179932,7.50150203704834,645251727360.0,2575.9761282781355,28.820249752287207,9.66510135601579,wandb
25660,1777296099.2726223,0.734375,2.28e-05,5.701956748962402,7.765580177307129,645755043840.0,2634.300721029502,29.472790477079716,9.883936109297101,wandb
25680,1777296162.0556307,0.78125,2.28e-05,5.694003105163574,7.525461196899414,646258360320.0,2569.4029033601123,28.746707927991647,9.64043851680266,wandb
25700,1777296224.7296536,0.7109375,2.28e-05,5.709636211395264,7.938581943511963,646761676800.0,2665.4542676134233,29.821339123692482,10.000824686806641,wandb
25720,1777296347.771991,0.70703125,2.28e-05,5.709437370300293,8.350082397460938,647264993280.0,2579.0338622758727,28.854459951878514,9.676574020177323,wandb
25740,1777296411.1683037,0.69140625,2.28e-05,5.705713272094727,8.142544746398926,647768309760.0,2674.5363907464953,29.92295072408845,10.034900950031808,wandb
25760,1777296474.1917734,0.67578125,2.28e-05,5.692173957824707,7.350228309631348,648271626240.0,2597.818478001864,29.064623901295896,9.747054182214722,wandb
25780,1777296538.3286872,0.64453125,2.28e-05,5.696346282958984,9.229049682617188,648774942720.0,2652.800624604053,29.67976904165523,9.953348027040327,wandb
25800,1777296601.063497,0.74609375,2.28e-05,5.690492630004883,7.505770683288574,649278259200.0,2684.705408552759,30.036722598639116,10.073055258493651,wandb
25820,1777298244.939831,0.70703125,2.28e-05,5.7019877433776855,8.067522048950195,649781575680.0,2547.9178847951557,28.506331631729747,9.559826402510673,wandb
25840,1777298313.5290294,0.90234375,2.28e-05,5.709257125854492,8.150005340576172,650284892160.0,2539.090566165708,28.407570806755114,9.52670616963317,wandb
25860,1777298379.1110694,0.734375,2.28e-05,5.709372520446777,9.369672775268555,650788208640.0,2114.2288065746493,23.654179699130523,7.932618428033018,wandb
25880,1777298445.248192,0.74609375,2.28e-05,5.7103047370910645,8.267128944396973,651291525120.0,2057.0277764775133,23.01420949312186,7.717999298807285,wandb
25900,1777298510.0688913,0.734375,2.28e-05,5.704244136810303,8.114654541015625,651794841600.0,2543.9961350918093,28.462454747671835,9.54511193836651,wandb
25920,1777298850.903615,0.6484375,2.28e-05,5.695932388305664,7.73959493637085,652298158080.0,2536.973164058229,28.383881123883576,9.518761644932196,wandb
25940,1777298914.610478,0.68359375,2.28e-05,5.6981916427612305,8.979757308959961,652801474560.0,2812.3240853861794,31.464531691673727,10.55188246227683,wandb
25960,1777298981.5515633,0.765625,2.28e-05,5.700932502746582,7.398899078369141,653304791040.0,2659.3535433919355,29.75308367916294,9.977934677346346,wandb
25980,1777299049.403475,0.7265625,2.28e-05,5.69907808303833,7.741941452026367,653808107520.0,2625.033415129148,29.36910703543324,9.849165037531,wandb
26000,1777299116.7599885,0.75,2.28e-05,5.700960636138916,10.46247386932373,654311424000.0,2112.6225137037554,23.636208351800754,7.926591592910516,wandb
26020,1777299244.032209,0.72265625,2.28e-05,5.704117774963379,8.367701530456543,654814740480.0,2432.4907137836603,27.21492218882668,9.126741912783672,wandb
26040,1777299308.362065,0.83203125,2.28e-05,5.702913284301758,8.244989395141602,655318056960.0,2643.1351321852035,29.571630653868116,9.917082953440277,wandb
26060,1777299371.1963863,0.75390625,2.28e-05,5.7000322341918945,8.903575897216797,655821373440.0,2706.1664053389823,30.276830137106653,10.153577242708867,wandb
26080,1777299435.0308127,0.69921875,2.28e-05,5.69569730758667,8.022750854492188,656324689920.0,2525.705740359782,28.257820186637566,9.476486100966088,wandb
26100,1777299500.2502034,0.6484375,2.28e-05,5.697465896606445,7.959504127502441,656828006400.0,2533.87501450663,28.349218751485466,9.507137341001897,wandb
26120,1777299626.6545753,0.88671875,2.28e-05,5.701756477355957,9.726370811462402,657331322880.0,2623.9667632386945,29.357173239330027,9.845162943521025,wandb
26140,1777299691.8329666,0.75,2.28e-05,5.701796531677246,7.894090175628662,657834639360.0,2244.0519271864473,25.10665230498277,8.419716738181572,wandb
26160,1777299754.6039243,0.62890625,2.28e-05,5.705443859100342,10.410379409790039,658337955840.0,2578.2531173962334,28.845724908809984,9.673644653591948,wandb
26180,1777299819.012991,0.671875,2.28e-05,5.701678276062012,8.019899368286133,658841272320.0,2609.5443480148647,29.19581397663383,9.791049823680108,wandb
26200,1777299884.4493108,0.73828125,2.28e-05,5.699973106384277,8.579370498657227,659344588800.0,2467.0384717896704,27.60144557434436,9.25636562283505,wandb
26220,1777300008.348706,0.7890625,2.28e-05,5.698245048522949,8.666080474853516,659847905280.0,2611.828855095467,29.221373244788943,9.799621328765179,wandb
26240,1777300072.8683898,0.6796875,2.28e-05,5.69191837310791,9.029670715332031,660351221760.0,2584.185928333344,28.912101724597836,9.695904649872107,wandb
26260,1777300135.3094373,0.75,2.28e-05,5.699673652648926,7.2974748611450195,660854538240.0,2677.0342487344183,29.950896981147054,10.044272950944857,wandb
26280,1777300198.70736,0.796875,2.28e-05,5.7067084312438965,8.23086929321289,661357854720.0,2693.7982898370583,30.13845456218669,10.10717188646478,wandb
26300,1777300264.7881646,0.796875,2.28e-05,5.701622009277344,8.24131965637207,661861171200.0,2645.322026612757,29.596097822989794,9.92528821437619,wandb
26320,1777300389.2282674,0.7265625,2.28e-05,5.7046051025390625,8.657635688781738,662364487680.0,2468.1713144362197,27.614119918506628,9.26061606556203,wandb
26340,1777300457.3235373,0.7734375,2.28e-05,5.717924118041992,7.532769203186035,662867804160.0,2158.375097509011,24.148092323707477,8.09825597866435,wandb
26360,1777300519.7540383,0.70703125,2.28e-05,5.6986494064331055,7.731382369995117,663371120640.0,2676.8636070080715,29.94898782635424,10.043632700609225,wandb
26380,1777300583.3822775,0.65625,2.28e-05,5.689833641052246,7.5252790451049805,663874437120.0,2577.573204459916,28.838117982480437,9.671093609981472,wandb
26400,1777300648.6942625,0.875,2.28e-05,5.711041450500488,7.932273864746094,664377753600.0,2729.3134028318636,30.53580080125109,10.240425127050745,wandb
26420,1777300773.8496675,0.84375,2.28e-05,5.709384918212891,8.502519607543945,664881070080.0,2601.539953343087,29.10626009799959,9.761017213926072,wandb
26440,1777300840.1415126,0.6796875,2.28e-05,5.703934669494629,8.117700576782227,665384386560.0,2469.1023255155583,27.62453615316585,9.264109233199182,wandb
26460,1777300904.855527,0.5625,2.28e-05,5.687386512756348,7.3341193199157715,665887703040.0,2539.716493867964,28.414573741490365,9.529054659829734,wandb
26480,1777300967.8813474,0.75,2.28e-05,5.696855545043945,9.121377944946289,666391019520.0,2557.0820422711354,28.608861039641443,9.59421045982996,wandb
26500,1777301035.2667925,0.78125,2.28e-05,5.694201469421387,7.492043495178223,666894336000.0,2638.6069672616977,29.52096914245799,9.900093210227208,wandb
26520,1777301159.8196115,0.7578125,2.28e-05,5.697396755218506,8.471854209899902,667397652480.0,2724.1178818112235,30.477672850543645,10.22093145367755,wandb
26540,1777301224.4346142,0.796875,2.28e-05,5.704222679138184,7.917275905609131,667900968960.0,2578.393482388881,28.847295324816624,9.67417130516526,wandb
26560,1777301288.3743224,0.765625,2.28e-05,5.697463035583496,7.956762313842773,668404285440.0,2608.3470325518306,29.182418304873476,9.786557477971499,wandb
26580,1777301350.6143043,0.7890625,2.28e-05,5.6980743408203125,8.498321533203125,668907601920.0,2761.148805117902,30.891978110029747,10.359872037457391,wandb
26600,1777301414.1298652,0.67578125,2.28e-05,5.693934440612793,9.389617919921875,669410918400.0,2645.3408920136503,29.59630889077084,9.925358997645398,wandb
26620,1777301538.80536,0.71875,2.28e-05,5.699573993682861,9.69948959350586,669914234880.0,2617.878490980147,29.289057108467997,9.822319654013832,wandb
26640,1777301605.9517047,0.7734375,2.28e-05,5.702016353607178,9.306109428405762,670417551360.0,2720.0531651244023,30.43219643917458,10.205680575251174,wandb
26660,1777301672.3640912,0.7890625,2.28e-05,5.701820373535156,8.092585563659668,670920867840.0,2672.492641709315,29.90008507831017,10.027232772763485,wandb
26680,1777301736.2441587,0.7578125,2.28e-05,5.702276229858398,9.25864028930664,671424184320.0,2575.125259751907,28.81073015963141,9.661908884448849,wandb
26700,1777301800.966229,0.796875,2.28e-05,5.693209648132324,7.859591484069824,671927500800.0,2672.2000956222837,29.896812046701005,10.026135135424605,wandb
26720,1777301928.7493865,0.8046875,2.28e-05,5.704488277435303,9.524877548217773,672430817280.0,2683.52802100342,30.02354988214742,10.068637682618334,wandb
26740,1777301994.3582196,0.75,2.28e-05,5.705533981323242,9.394165992736816,672934133760.0,2452.1405326157555,27.434766107452866,9.200468329948297,wandb
26760,1777302073.048664,0.765625,2.28e-05,5.701864242553711,7.845010757446289,673437450240.0,2491.5660301055796,27.87586207561481,9.34839339224505,wandb
26780,1777302136.5251029,0.78515625,2.28e-05,5.699351787567139,7.311765670776367,673940766720.0,2604.3093636081708,29.137244506057602,9.771408083086154,wandb
26800,1777302200.4784575,0.7734375,2.28e-05,5.704570770263672,9.193704605102539,674444083200.0,2579.406961500202,28.858634219143465,9.677973894104495,wandb
26820,1777302325.6808465,0.80078125,2.28e-05,5.7133283615112305,8.840347290039062,674947399680.0,2662.3104740922345,29.786166082507954,9.989029126012767,wandb
26840,1777302393.6462648,0.7421875,2.28e-05,5.6901421546936035,8.835724830627441,675450716160.0,2210.3767710131,24.729891666283887,8.293367043391262,wandb
26860,1777302467.7095542,0.72265625,2.28e-05,5.703888416290283,8.612306594848633,675954032640.0,1372.7605051388236,15.358566476554351,5.150618157541246,wandb
26880,1777302545.8807702,0.76953125,2.28e-05,5.694873332977295,7.695472717285156,676457349120.0,2179.770477224736,24.38746573256138,8.178531766639585,wandb
26900,1777302626.960002,0.68359375,2.28e-05,5.691077709197998,7.957855224609375,676960665600.0,1789.4086216648248,20.020062615932737,6.713888186254058,wandb
26920,1777302797.7291145,0.69140625,2.28e-05,5.693448066711426,7.195420265197754,677463982080.0,804.4473062633349,9.0002279231373,3.0182984482104294,wandb
26940,1777302985.9991024,0.71484375,2.28e-05,5.689577102661133,7.3948822021484375,677967298560.0,659.4998055844975,7.378542409566088,2.4744532355226245,wandb
26960,1777303167.1564717,0.78515625,2.28e-05,5.693151473999023,7.448763370513916,678470615040.0,960.0322593761865,10.74092619948644,3.602055543161393,wandb
26980,1777303373.780414,0.88671875,2.28e-05,5.699710845947266,7.758554935455322,678973931520.0,754.6952138460749,8.443597093595123,2.831627845712221,wandb
27000,1777303656.3862948,0.7890625,2.28e-05,5.693706512451172,9.271950721740723,679477248000.0,724.3081065282186,8.103623437575429,2.7176149599097714,wandb
27020,1777304003.0318248,0.8359375,2.28e-05,5.689610481262207,8.240509986877441,679980564480.0,775.6615259227851,8.67817005558879,2.910293765422709,wandb
27040,1777304297.8014922,0.859375,2.28e-05,5.695560455322266,7.823137283325195,680483880960.0,408.269331466439,4.567753547827772,1.5318327005668126,wandb
27060,1777304580.8118906,0.82421875,2.28e-05,5.705554485321045,8.066228866577148,680987197440.0,504.3485865102392,5.642696788170193,1.892323517238137,wandb
27080,1777304824.9541898,0.69921875,2.28e-05,5.698973655700684,8.29763412475586,681490513920.0,800.1560528872675,8.952216999165238,3.0021976007030573,wandb
27100,1777305032.5793211,0.7109375,2.28e-05,5.6899895668029785,8.026716232299805,681993830400.0,959.1025828965112,10.730524896446811,3.598567382962342,wandb
27120,1777305204.427963,0.88671875,2.28e-05,5.701777935028076,7.929865837097168,682497146880.0,1688.1258781752153,18.88690228462232,6.3338738023099195,wandb
27140,1777305275.3580644,0.6875,2.28e-05,5.697511672973633,8.065534591674805,683000463360.0,2443.9431890408514,27.343053499350415,9.169711772994296,wandb
27160,1777305340.308865,0.7265625,2.28e-05,5.707813262939453,8.776323318481445,683503779840.0,2177.8435020873976,24.36590656354778,8.171301726807908,wandb
27180,1777305410.88761,0.72265625,2.28e-05,5.6993207931518555,8.661401748657227,684007096320.0,2640.5123473159733,29.542286703763946,9.907242224980934,wandb
27200,1777305475.3996172,0.7890625,2.28e-05,5.7021636962890625,8.531177520751953,684510412800.0,2286.243650582252,25.578697054310204,8.578020721874935,wandb
27220,1777305598.917769,0.70703125,2.28e-05,5.701005935668945,8.685293197631836,685013729280.0,2598.798112312932,29.075584136990997,9.750729784952016,wandb
27240,1777305664.5574718,0.7578125,2.28e-05,5.700841903686523,8.074983596801758,685517045760.0,2214.4909151586153,24.775921076451564,8.308803374389502,wandb
27260,1777305729.200619,0.73828125,2.28e-05,5.703919410705566,8.136802673339844,686020362240.0,2437.234166084359,27.26799235453725,9.144539417488936,wandb
27280,1777305795.410963,0.8203125,2.28e-05,5.696171283721924,7.705600738525391,686523678720.0,2591.5963236018674,28.995009885142313,9.723708564889865,wandb
27300,1777305861.4195518,0.8046875,2.28e-05,5.700329780578613,8.17651081085205,687026995200.0,2414.029472481929,27.00837618119392,9.05747505647225,wandb
27320,1777305987.161024,0.85546875,2.28e-05,5.6978607177734375,7.826375484466553,687530311680.0,2620.1227840797605,29.314166459031515,9.830740275634604,wandb
27340,1777306050.9753764,0.70703125,2.28e-05,5.704344272613525,8.772735595703125,688033628160.0,2552.545024363647,28.558100480260087,9.577187500087222,wandb
27360,1777306113.3701136,0.7890625,2.28e-05,5.696310043334961,8.720232009887695,688536944640.0,2790.8622205282286,31.224414441142592,10.471357221043377,wandb
27380,1777306194.4207654,0.75,2.28e-05,5.689781188964844,9.465103149414062,689040261120.0,2309.132486400369,25.834779382704358,8.663899979712303,wandb
27400,1777306265.7983797,0.703125,2.28e-05,5.7062530517578125,7.920877933502197,689543577600.0,2556.3668786078547,28.60085972504724,9.591527154959287,wandb
27420,1777306389.5756214,0.90625,2.28e-05,5.691637992858887,9.463602066040039,690046894080.0,2662.0876429470713,29.783673027861333,9.98819306018916,wandb
27440,1777306452.5914574,0.75,2.28e-05,5.697630882263184,7.888937473297119,690550210560.0,2630.612269237304,29.43152375077606,9.870096982440675,wandb
27460,1777306516.6207926,0.8359375,2.28e-05,5.692960739135742,8.173425674438477,691053527040.0,1932.2337320259235,21.618002638092914,7.249770158400622,wandb
27480,1777306582.093053,0.494140625,2.28e-05,5.685509204864502,7.438912868499756,691556843520.0,2585.3893710468974,28.925565948581298,9.700419985117247,wandb
27500,1777306655.8839602,0.6796875,2.28e-05,5.70298433303833,9.316366195678711,692060160000.0,1998.41661242115,22.35846258311234,7.498089325659562,wandb
27520,1777306800.9425292,0.82421875,2.28e-05,5.703367233276367,9.669147491455078,692563476480.0,2221.0236233768037,24.849009596310193,8.333314194332647,wandb
27540,1777306871.7257397,0.79296875,2.28e-05,5.703782558441162,11.664079666137695,693066792960.0,2403.2702642818745,26.888001204089726,9.017106344735192,wandb
27560,1777306940.5771787,1,2.28e-05,5.690379619598389,7.453093528747559,693570109440.0,2605.3510984098198,29.148899527557838,9.77531668780244,wandb
27580,1777307005.1083057,0.91796875,2.28e-05,5.700857162475586,8.156630516052246,694073425920.0,2682.513936542321,30.0122042151135,10.06483282239759,wandb
27600,1777307067.7792108,0.80859375,2.28e-05,5.683806896209717,8.560247421264648,694576742400.0,2590.3942757255145,28.981561266721357,9.719198463094978,wandb
27620,1777307194.2208128,0.640625,2.28e-05,5.703783988952637,8.847678184509277,695080058880.0,2597.9728652726217,29.066351199795662,9.747633445587379,wandb
27640,1777307257.460357,0.67578125,2.28e-05,5.701631546020508,7.983680725097656,695583375360.0,2515.1250761684037,28.139442775762866,9.436787289047363,wandb
27660,1777307321.5995083,0.75,2.28e-05,5.699012279510498,8.283506393432617,696086691840.0,2615.8075922629114,29.265887709657488,9.814549610735712,wandb
27680,1777307384.2441316,0.93359375,2.28e-05,5.708619117736816,9.313323974609375,696590008320.0,2664.3743062515473,29.809256420040683,9.996772655458784,wandb
27700,1777307447.2197335,3.046875,2.28e-05,5.6927409172058105,10.540166854858398,697093324800.0,2567.5289135252715,28.725741563249183,9.633407278626557,wandb
27720,1777307570.3643074,0.78125,2.28e-05,5.700776100158691,7.893711090087891,697596641280.0,2456.6560097849306,27.485285667140467,9.217410468515405,wandb
27740,1777307633.3849285,0.73046875,2.28e-05,5.70421028137207,8.256486892700195,698099957760.0,2453.4755528025744,27.449702431895506,9.205477345861249,wandb
27760,1777307695.859604,0.7734375,2.28e-05,5.690235137939453,7.491532802581787,698603274240.0,2648.8224199753727,29.63526053487768,9.938421743163284,wandb
27780,1777307765.6664348,0.7890625,2.28e-05,5.701573848724365,8.376314163208008,699106590720.0,2157.546865077497,24.13882598569015,8.095148438066808,wandb
27800,1777307837.7000937,0.79296875,2.28e-05,5.700979232788086,7.531322479248047,699609907200.0,2111.505580182732,23.623712000348107,7.922400841462894,wandb
27820,1777308167.8267567,0.87109375,2.28e-05,5.696253776550293,8.624153137207031,700113223680.0,2076.7969717258243,23.23538900569711,7.792173618089317,wandb
27840,1777308237.842859,0.5703125,2.28e-05,5.694121360778809,7.8068037033081055,700616540160.0,2652.063503633635,29.67152206675826,9.950582338021501,wandb
27860,1777308301.797091,0.7265625,2.28e-05,5.699944972991943,7.884532928466797,701119856640.0,2542.881009894432,28.449978627904773,9.540927971776531,wandb
27880,1777308363.8787923,0.83203125,2.28e-05,5.704216003417969,8.617555618286133,701623173120.0,2556.5986133247907,28.603452393645778,9.592396627118717,wandb
27900,1777308427.5754817,0.73046875,2.28e-05,5.695383071899414,9.218252182006836,702126489600.0,2592.7294057294453,29.007686908639602,9.727959906153284,wandb
27920,1777308553.9690392,0.6875,2.28e-05,5.688000679016113,8.518167495727539,702629806080.0,2395.8930775555195,26.80546458366502,8.989427028669427,wandb
27940,1777308618.9029853,0.78125,2.28e-05,5.697956085205078,7.80742073059082,703133122560.0,2716.037583094963,30.387269750717028,10.190614050801715,wandb
27960,1777308683.7361383,0.83984375,2.28e-05,5.703248023986816,9.664892196655273,703636439040.0,2317.2066252705736,25.925113565626113,8.694194270752662,wandb
27980,1777308747.8781412,0.74609375,2.28e-05,5.6989359855651855,8.208305358886719,704139755520.0,2673.86064961125,29.915390472239896,10.032365559081995,wandb
28000,1777308811.8962193,0.63671875,2.28e-05,5.701069355010986,10.168251037597656,704643072000.0,2667.232411792236,29.84123315872114,10.007496310633108,wandb
28020,1777308935.672665,0.76953125,2.28e-05,5.69799280166626,8.907365798950195,705146388480.0,2617.100765678972,29.280355848711555,9.81940161693248,wandb
28040,1777308998.0737941,0.71875,2.28e-05,5.705221176147461,8.485184669494629,705649704960.0,2631.799946243691,29.44481158662724,9.874553164514309,wandb
28060,1777309122.3137004,0.71875,2.28e-05,5.69429349899292,8.929950714111328,706153021440.0,2609.2437752370656,29.192451141695333,9.789922070076184,wandb
28080,1777309187.6084177,0.7734375,2.28e-05,5.698902130126953,9.501178741455078,706656337920.0,2532.353421520148,28.332195033986554,9.501428301125513,wandb
28100,1777309250.7469091,0.828125,2.28e-05,5.690373420715332,9.490827560424805,707159654400.0,2573.6403006831397,28.794116305658157,9.656337295585265,wandb
28120,1777309376.5092146,0.6875,2.28e-05,5.688942909240723,7.20549201965332,707662970880.0,2283.7647375250167,25.55096275481905,8.568719802628083,wandb
28140,1777309443.5063384,0.74609375,2.28e-05,5.690969467163086,8.00520133972168,708166287360.0,2399.945623801082,26.85080483105616,9.004632243416305,wandb
28160,1777309511.9102006,0.71484375,2.28e-05,5.70045280456543,8.620601654052734,708669603840.0,2531.674311547295,28.32459709128358,9.498880270246092,wandb
28180,1777309582.5391035,0.73046875,2.28e-05,5.696647644042969,8.304195404052734,709172920320.0,1923.5857884425363,21.521248677067856,7.217322943406277,wandb
28200,1777309652.4413028,0.73828125,2.28e-05,5.692137718200684,8.572519302368164,709676236800.0,2570.5001791561376,28.758984347070783,9.644555512169061,wandb
28220,1777309780.6665714,0.80859375,2.28e-05,5.696167945861816,9.042854309082031,710179553280.0,2543.013785875259,28.451464137373026,9.541426149262824,wandb
28240,1777309844.8475487,1.6796875,2.28e-05,5.698894023895264,9.493059158325195,710682869760.0,2693.404085381437,30.13404416771923,10.105692825390904,wandb
28260,1777309908.4372203,0.7734375,2.28e-05,5.697351455688477,7.6771416664123535,711186186240.0,2634.0623890409115,29.470123997619858,9.883041884074741,wandb
28280,1777309972.954438,0.7578125,2.28e-05,5.690572261810303,8.814847946166992,711689502720.0,2686.51580162074,30.056977437104532,10.079847880639559,wandb
28300,1777310037.7887623,0.73046875,2.28e-05,5.69767427444458,9.093801498413086,712192819200.0,2769.660007075544,30.987202193598932,10.39180619580579,wandb
28320,1777310161.5466168,0.68359375,2.28e-05,5.698286056518555,8.228874206542969,712696135680.0,2601.0908678190694,29.101235689263717,9.759332238254327,wandb
28340,1777310224.522259,0.7734375,2.28e-05,5.696367263793945,7.550969123840332,713199452160.0,2596.206075763478,29.046584201819915,9.741004424653077,wandb
28360,1777310289.248052,0.7578125,2.28e-05,5.694939613342285,9.666168212890625,713702768640.0,2449.4072048804383,27.40418539394317,9.190212842985103,wandb
28380,1777310353.9716444,0.80859375,2.28e-05,5.704919815063477,9.281139373779297,714206085120.0,2498.009198375725,27.947948814580723,9.372568256950203,wandb
28400,1777310418.8375885,0.75,2.28e-05,5.701210021972656,7.88547420501709,714709401600.0,2648.106980239872,29.62725613156296,9.93573740246547,wandb
28420,1777310548.339204,0.8359375,2.28e-05,5.70511531829834,8.970880508422852,715212718080.0,2714.4604609639273,30.369624768216084,10.184696664735927,wandb
28440,1777310617.7204323,0.7734375,2.28e-05,5.703364849090576,8.119331359863281,715716034560.0,2156.921033496925,24.131824126372845,8.092800308520253,wandb
28460,1777310682.429882,1.203125,2.28e-05,5.700952053070068,7.967295169830322,716219351040.0,2732.2168261248958,30.568284558970433,10.251318815116607,wandb
28480,1777310747.3693883,0.796875,2.28e-05,5.690248966217041,7.641668319702148,716722667520.0,2580.766306451427,28.873842691211102,9.683074176901046,wandb
28500,1777310811.486002,0.78515625,2.28e-05,5.699941635131836,8.499872207641602,717225984000.0,2257.685841542135,25.259189749922086,8.47087139085106,wandb
28520,1777310938.930583,0.73046875,2.28e-05,5.695372581481934,8.969062805175781,717729300480.0,2514.471224803816,28.132127428612932,9.43433402884781,wandb
28540,1777311003.223124,0.73046875,2.28e-05,5.687941551208496,8.406668663024902,718232616960.0,2633.7988063794355,29.46717501138869,9.88205291794618,wandb
28560,1777311067.069734,0.8984375,2.28e-05,5.695488452911377,8.373571395874023,718735933440.0,2706.6870767447654,30.282655455046836,10.155530809690651,wandb
28580,1777311137.4343107,0.859375,2.28e-05,5.708887577056885,8.837167739868164,719239249920.0,2420.83632761181,27.084531881053582,9.083014479770394,wandb
28600,1777311216.2601311,0.80078125,2.28e-05,5.699184417724609,8.595561981201172,719742566400.0,2523.6603910269173,28.234936636609007,9.468811919364176,wandb
28620,1777311349.104592,0.77734375,2.28e-05,5.703456878662109,11.667678833007812,720245882880.0,2629.0416431558515,29.41395144665491,9.864203969651077,wandb
28640,1777311415.4034297,0.6640625,2.28e-05,5.7013444900512695,7.762271404266357,720749199360.0,2462.2849298708643,27.54826252509012,9.238530261730192,wandb
28660,1777311480.8984814,0.71484375,2.28e-05,5.697652816772461,10.614903450012207,721252515840.0,2625.1820183676014,29.370769621665783,9.849722599127057,wandb
28680,1777311550.21688,0.76953125,2.28e-05,5.6873064041137695,7.839770793914795,721755832320.0,2107.359725144587,23.577327805896747,7.90684553071636,wandb
28700,1777311619.5721288,0.765625,2.28e-05,5.693807125091553,9.460735321044922,722259148800.0,2596.6513434515655,29.051565896268258,9.742675075746726,wandb
28720,1777311747.0841806,0.83984375,2.28e-05,5.696417808532715,8.99131965637207,722762465280.0,2351.790028184599,26.312035749541078,8.823951721037504,wandb
28740,1777311816.6589236,0.73828125,2.28e-05,5.700206756591797,8.787843704223633,723265781760.0,2554.9496476011136,28.585003618648354,9.58620968280779,wandb
28760,1777311888.913729,0.79296875,2.28e-05,5.6913042068481445,8.422887802124023,723769098240.0,2460.838772786343,27.532082791163468,9.233104258497795,wandb
28780,1777311953.146998,0.73046875,2.28e-05,5.695565223693848,7.572911739349365,724272414720.0,2375.147827868458,26.573364887324153,8.911590538385129,wandb
28800,1777312019.0039515,0.796875,2.28e-05,5.699538230895996,8.711542129516602,724775731200.0,2728.386225345178,30.52542745716702,10.23694634311115,wandb
28820,1777312141.9567592,0.796875,2.28e-05,5.691864967346191,8.78428840637207,725279047680.0,2623.8991089651,29.356416317307183,9.84490910366425,wandb
28840,1777312206.4372892,0.921875,2.28e-05,5.693708419799805,8.59412956237793,725782364160.0,2716.4466392914505,30.39184630778061,10.192148835831732,wandb
28860,1777312272.0746233,0.6640625,2.28e-05,5.695468902587891,7.692584037780762,726285680640.0,2471.7203526605886,27.653826873429033,9.273932110605438,wandb
28880,1777312340.5648515,0.74609375,2.28e-05,5.691062927246094,8.320966720581055,726788997120.0,2475.2339157655947,27.69313692956468,9.287115052464975,wandb
28900,1777312405.4205327,0.71875,2.28e-05,5.697375774383545,7.799839496612549,727292313600.0,2666.1567250917437,29.829198280360632,10.003460317879354,wandb
28920,1777312530.2093983,0.73046875,2.28e-05,5.700530529022217,11.686702728271484,727795630080.0,2653.170737805169,29.683909901027214,9.954736697363286,wandb
28940,1777312593.4881716,1.0859375,2.28e-05,5.688320159912109,8.109800338745117,728298946560.0,2634.863422518686,29.47908603132661,9.88604737378688,wandb
28960,1777312656.997604,0.796875,2.28e-05,5.691230297088623,8.51324462890625,728802263040.0,2638.95470421361,29.524859654366153,9.901397924525051,wandb
28980,1777312722.8711321,0.75390625,2.28e-05,5.693466663360596,8.046727180480957,729305579520.0,2641.018026454267,29.547944286883663,9.909139540748567,wandb
29000,1777312786.3295624,0.68359375,2.28e-05,5.689731597900391,9.666648864746094,729808896000.0,2478.326832003027,27.72774075117901,9.298719720921445,wandb
29020,1777312916.0901432,0.828125,2.28e-05,5.694242000579834,7.687132835388184,730312212480.0,2574.090462577106,28.799152756916634,9.658026309813323,wandb
29040,1777312983.9190495,0.671875,2.28e-05,5.696683883666992,9.300073623657227,730815528960.0,2544.060868829661,28.463178994481346,9.54535482032905,wandb
29060,1777313053.1488197,0.875,2.28e-05,5.691546440124512,8.396080017089844,731318845440.0,2529.6333493935504,28.301762625404734,9.491222549406528,wandb
29080,1777313118.6312633,0.74609375,2.28e-05,5.7007975578308105,8.692461013793945,731822161920.0,2591.0260953778184,28.988630121117136,9.721569059977147,wandb
29100,1777313188.2029266,0.921875,2.28e-05,5.6983232498168945,8.858524322509766,732325478400.0,2322.7526190725785,25.987162636944664,8.71500292329714,wandb
29120,1777313317.7963202,0.625,2.28e-05,5.694154262542725,8.669626235961914,732828794880.0,2700.5903069249016,30.214444252713946,10.132655637205001,wandb
29140,1777313388.2020535,0.671875,2.28e-05,5.687566757202148,8.520584106445312,733332111360.0,2489.954400201002,27.85783101707809,9.342346532491526,wandb
29160,1777313455.7652426,0.7578125,2.28e-05,5.687376022338867,10.310197830200195,733835427840.0,2528.514075855438,28.289240093633026,9.48702301817943,wandb
29180,1777313525.2129223,0.765625,2.28e-05,5.685523509979248,8.669646263122559,734338744320.0,2417.990898896986,27.05269697182701,9.072338388238261,wandb
29200,1777313595.8595738,0.765625,2.28e-05,5.698573112487793,9.133757591247559,734842060800.0,2558.5357709224145,28.625125484929573,9.59966487169524,wandb
29220,1777313722.9348948,0.75,2.28e-05,5.698662281036377,8.310066223144531,735345377280.0,2345.3038745399413,26.239468086386644,8.799615574557677,wandb
29240,1777313792.0888271,0.765625,2.28e-05,5.694840431213379,7.732723236083984,735848693760.0,1984.6469682141224,22.204406580539082,7.446425412536984,wandb
29260,1777313871.3346548,0.7734375,2.28e-05,5.693373680114746,8.175329208374023,736352010240.0,2036.9297238642914,22.78935069513492,7.642591101723111,wandb
29280,1777313949.0706673,0.640625,2.28e-05,5.686954498291016,8.675270080566406,736855326720.0,2186.82538546941,24.4663966727044,8.20500188897249,wandb
29300,1777314029.2159553,0.81640625,2.28e-05,5.683232307434082,8.328824996948242,737358643200.0,2426.3075076019686,27.14574392879934,9.103542429762399,wandb
29320,1777314154.721537,0.75390625,2.28e-05,5.694605350494385,8.255157470703125,737861959680.0,2597.4193355340935,29.06015825990985,9.745556593644649,wandb
29340,1777314220.1240728,0.7734375,2.28e-05,5.687766075134277,7.039076328277588,738365276160.0,2551.1680109490935,28.542694331855206,9.572020924949296,wandb
29360,1777314290.0585485,0.8828125,2.28e-05,5.695817470550537,8.422933578491211,738868592640.0,2447.158052626857,27.37902167873341,9.181773989745226,wandb
29380,1777314356.7673445,0.73828125,2.28e-05,5.695157527923584,8.818312644958496,739371909120.0,2694.6609353838217,30.14810591719441,10.110408545590717,wandb
29400,1777314419.843233,0.83203125,2.28e-05,5.706093788146973,8.914825439453125,739875225600.0,2574.307788572476,28.801584219458334,9.658841720231724,wandb
29420,1777314545.7514205,0.6640625,2.28e-05,5.706480503082275,9.711446762084961,740378542080.0,2364.259452554987,26.451544777080887,8.870737189686832,wandb
29440,1777314797.955535,0.734375,2.28e-05,5.7013115882873535,7.668939113616943,740881858560.0,752.3136109775886,8.416951509139952,2.8226920357639025,wandb
29460,1777315028.880261,0.765625,2.28e-05,5.699690818786621,8.220823287963867,741385175040.0,777.0888572273751,8.694139165017239,2.9156491340443496,wandb
29480,1777315435.2031324,0.78515625,2.28e-05,5.6879777908325195,7.447830677032471,741888491520.0,248.54437099202238,2.7807365013523104,0.9325422354402011,wandb
29500,1777315710.6228807,0.8203125,2.28e-05,5.694025039672852,7.657003402709961,742391808000.0,557.0565193212238,6.232397822610577,2.0900844775560237,wandb
29520,1777316036.8040445,0.6953125,2.28e-05,5.692262649536133,8.584407806396484,742895124480.0,791.0945560338268,8.850836167418057,2.9681987275907264,wandb
29540,1777316270.5348692,0.82421875,2.28e-05,5.700937747955322,7.5114569664001465,743398440960.0,667.0201525590713,7.462680719565082,2.502669691002842,wandb
29560,1777316635.271625,0.77734375,2.28e-05,5.687476634979248,8.348047256469727,743901757440.0,208.0510719087362,2.3276938741077604,0.780610765430412,wandb
29580,1777316940.1316307,0.8046875,2.28e-05,5.6970534324646,7.868873596191406,744405073920.0,755.3545574830215,8.450973888776094,2.8341017130006545,wandb
29600,1777317243.5938718,0.765625,2.28e-05,5.682394504547119,7.825251579284668,744908390400.0,434.5258387909992,4.861513684193011,1.630347512781503,wandb
29620,1777346047.6284664,0.70703125,2.28e-05,5.6890974044799805,8.019563674926758,745411706880.0,216.5487411428552,2.422766552364037,0.8124941487956748,wandb
29640,1777346596.719302,0.78125,2.28e-05,5.695517063140869,8.149568557739258,745915023360.0,367.30847698220896,4.109479869223581,1.3781469556279717,wandb
29660,1777347037.020376,0.80078125,2.28e-05,5.699393272399902,9.408821105957031,746418339840.0,385.77709875934283,4.3161084502707645,1.4474415035946233,wandb
29680,1777347340.3344975,0.79296875,2.28e-05,5.697701930999756,8.24716567993164,746921656320.0,643.3156718418453,7.197472883584326,2.413730121179711,wandb
29700,1777347547.0507843,0.734375,2.28e-05,5.6941728591918945,8.079483032226562,747424972800.0,745.530211549439,8.341058233754875,2.7972406186130647,wandb
29720,1777347731.2957036,0.796875,2.28e-05,5.690410614013672,7.737898349761963,747928289280.0,1274.5380827526037,14.259645289603098,4.78208614461814,wandb
29740,1777347851.9264858,0.6484375,2.28e-05,5.683242321014404,8.978286743164062,748431605760.0,1434.621740122453,16.050675468808425,5.382722445916286,wandb
29760,1777348143.9904633,0.91796875,2.28e-05,5.693536758422852,7.378080368041992,748934922240.0,1516.702750400006,16.96900510321399,5.69069163671271,wandb
29780,1777348349.5768077,0.76953125,2.28e-05,5.681587219238281,7.708244323730469,749438238720.0,1596.2582076984713,17.859078626539603,5.989184914570769,wandb
29800,1777348453.8053432,0.84375,2.28e-05,5.690374374389648,10.441873550415039,749941555200.0,1503.5754558218357,16.82213576534959,5.641437829103437,wandb
29820,1777348610.8963826,0.734375,2.28e-05,5.6925506591796875,8.398757934570312,750444871680.0,1487.5405978300594,16.64273634972909,5.581274799633349,wandb
29840,1777348730.998982,0.66015625,2.28e-05,5.6932501792907715,8.24356460571289,750948188160.0,1453.5883878897853,16.26287600887459,5.45388559492328,wandb
29860,1777348849.4897797,0.8671875,2.28e-05,5.688809871673584,8.915876388549805,751451504640.0,2241.334508541356,25.076249583787753,8.409520942365292,wandb
29880,1777348964.2626443,0.734375,2.28e-05,5.688241481781006,8.017412185668945,751954821120.0,1420.216942227522,15.889513310352928,5.328675426559592,wandb
29900,1777349079.005391,0.7421875,2.28e-05,5.686069488525391,7.897615432739258,752458137600.0,1596.8720654103813,17.86594652115066,5.991488117981178,wandb
29920,1777349256.608095,0.63671875,2.28e-05,5.68679666519165,9.735387802124023,752961454080.0,1175.0654840173731,13.146737018603448,4.40886345114352,wandb
29940,1777349371.5239086,0.75,2.28e-05,5.691102981567383,7.886518478393555,753464770560.0,2398.826463145022,26.83828356221888,9.000433135724373,wandb
29960,1777349472.8867218,0.69140625,2.28e-05,5.696503639221191,10.391077041625977,753968087040.0,1272.2223187618733,14.23373631636086,4.773397363133981,wandb
29980,1777349587.2830703,0.7578125,2.28e-05,5.690940856933594,8.033819198608398,754471403520.0,1711.59934585119,19.149525526176202,6.421946607711693,wandb
30000,1777349681.7415788,0.8125,2.28e-05,5.687467098236084,8.504393577575684,754974720000.0,1321.7499502536243,14.787855857129129,4.959225784848099,wandb
30020,1777349859.4570355,0.76171875,2.28e-05,5.68996000289917,8.682167053222656,755478036480.0,1960.2171906788485,21.93108405932844,7.354764518093383,wandb
30040,1777349936.655725,1.078125,2.28e-05,5.690115928649902,9.057634353637695,755981352960.0,2377.168551063176,26.59597291793154,8.919172322344615,wandb
30060,1777350034.3410494,0.80078125,2.28e-05,5.694168567657471,7.313648223876953,756484669440.0,2314.9275292420925,25.899614836802808,8.68564306801691,wandb
30080,1777350103.9919271,0.8671875,2.28e-05,5.6951093673706055,8.232234954833984,756987985920.0,2434.2815998214814,27.23495878090581,9.133461344257668,wandb
30100,1777350171.1082733,0.7109375,2.28e-05,5.692509651184082,8.196395874023438,757491302400.0,2279.437939841622,25.50255415797914,8.55248559234255,wandb
30120,1777350301.895277,0.83984375,2.28e-05,5.696202754974365,8.66828727722168,757994618880.0,2534.0356545795285,28.35101600689103,9.507740064982665,wandb
30140,1777350375.0713992,0.796875,2.28e-05,5.701830863952637,7.486615180969238,758497935360.0,2486.1829728874586,27.815635953270736,9.328196080225258,wandb
30160,1777350441.6112773,0.78515625,2.28e-05,5.687450408935547,7.790173530578613,759001251840.0,2559.6920834407897,28.638062412102713,9.604003373735939,wandb
30180,1777350510.9339433,0.828125,2.28e-05,5.681018829345703,7.539237022399902,759504568320.0,2544.712325758814,28.470467552474933,9.547799096570674,wandb
30200,1777350579.7330625,0.84765625,2.28e-05,5.702423095703125,7.916938781738281,760007884800.0,2070.124457196304,23.16073632040803,7.767138242753594,wandb
30220,1777350707.4699128,1.203125,2.28e-05,5.695206165313721,8.363713264465332,760511201280.0,2619.145051505836,29.30322750014051,9.827071808243808,wandb
30240,1777350778.2055562,1.3515625,2.28e-05,5.698034286499023,8.080177307128906,761014517760.0,2534.006745603127,28.350692570695013,9.507631598066396,wandb
30260,1777350847.1770308,0.70703125,2.28e-05,5.681718349456787,7.317543983459473,761517834240.0,2539.16589232262,28.40841356249002,9.526988794512075,wandb
30280,1777350914.7714534,0.83984375,2.28e-05,5.686056137084961,9.182903289794922,762021150720.0,2531.801215775385,28.32601690706061,9.499356416827396,wandb
30300,1777351023.0182226,0.80078125,2.28e-05,5.680002212524414,7.475312232971191,762524467200.0,2239.236147340896,25.05277293227538,8.401647859435158,wandb
30320,1777351156.2575407,0.671875,2.28e-05,5.686002254486084,8.476810455322266,763027783680.0,2598.1305727197055,29.0681156447231,9.74822516631178,wandb
30340,1777351233.01089,0.765625,2.28e-05,5.6926164627075195,7.923556327819824,763531100160.0,2452.230339685091,27.435770876922337,9.20080528742942,wandb
30360,1777351303.602363,0.87109375,2.28e-05,5.688287258148193,7.945613861083984,764034416640.0,2034.47301525009,22.7618648209249,7.633373493882028,wandb
30380,1777351376.985748,0.76171875,2.28e-05,5.688084602355957,8.454586029052734,764537733120.0,2483.483000159156,27.785428418542505,9.318065741752374,wandb
30400,1777351450.7025757,0.76953125,2.28e-05,5.687307357788086,9.365734100341797,765041049600.0,2421.9994615270098,27.09754512662035,9.08737857579505,wandb
30420,1777351575.4075818,0.8203125,2.28e-05,5.690097332000732,9.69383430480957,765544366080.0,2591.5605425775047,28.994609563863243,9.723574313945809,wandb
30440,1777351646.0198536,0.6640625,2.28e-05,5.691981792449951,9.302403450012207,766047682560.0,2581.060371800405,28.87713272045788,9.684177514533705,wandb
30460,1777351746.662677,0.70703125,2.28e-05,5.686971187591553,8.09060287475586,766550999040.0,1473.281036338416,16.483199109055217,5.527772709456297,wandb
30480,1777351827.226547,0.94921875,2.28e-05,5.693144798278809,9.300586700439453,767054315520.0,2072.993683726836,23.192837481710754,7.7779036240498485,wandb
30500,1777351936.834392,0.64453125,2.28e-05,5.680893898010254,7.853329181671143,767557632000.0,2599.6497499563907,29.085112334598687,9.753925142258423,wandb
30520,1777352069.2535276,0.8359375,2.28e-05,5.698033809661865,9.679332733154297,768060948480.0,2383.84054278577,26.670619754010293,8.944205736100852,wandb
30540,1777352154.7830384,1.4375,2.28e-05,5.750741004943848,9.32752799987793,768564264960.0,1519.4351311214682,16.999575221448556,5.7009435704656095,wandb
30560,1777352238.6604745,0.68359375,2.28e-05,5.692385673522949,7.907656669616699,769067581440.0,1709.9988066790854,19.131618551739603,6.415941360553985,wandb
30580,1777352315.1800952,0.765625,2.28e-05,5.687572002410889,7.312202453613281,769570897920.0,1839.3917511085804,20.57927830825083,6.901425643166622,wandb
30600,1777352423.305679,0.78125,2.28e-05,5.694389820098877,9.206260681152344,770074214400.0,2372.024979261622,26.538426179701986,8.89987356322638,wandb
30620,1777352559.3226986,0.79296875,2.28e-05,5.70318603515625,8.816313743591309,770577530880.0,2496.892674718812,27.93545704872415,9.368379043318914,wandb
30640,1777352662.7561936,0.71875,2.28e-05,5.677899360656738,8.911946296691895,771080847360.0,1531.0467367132387,17.12948689629143,5.744510490096016,wandb
30660,1777352756.8369265,0.8359375,2.28e-05,5.697260856628418,8.603164672851562,771584163840.0,1475.5623002684667,16.508722092553864,5.536332046191494,wandb
30680,1777352839.6056135,0.73046875,2.28e-05,5.683316230773926,7.704587459564209,772087480320.0,1950.348116230495,21.820667977710638,7.317735601642529,wandb
30700,1777352942.6443923,0.76953125,2.28e-05,5.679752826690674,7.955305099487305,772590796800.0,2482.750198958731,27.777229773615954,9.315316260575836,wandb
30720,1777353117.1016173,0.67578125,2.28e-05,5.682924747467041,7.196439743041992,773094113280.0,1581.9141024478158,17.69859550277971,5.935365614932456,wandb
30740,1777353224.3884907,0.58984375,2.28e-05,5.682867050170898,7.389125347137451,773597429760.0,1063.4923168505343,11.898446513073267,3.9902392420752446,wandb
30760,1777353327.3226244,0.8515625,2.28e-05,5.686627388000488,7.414742946624756,774100746240.0,1723.3949433027287,19.281495718290532,6.466203867580047,wandb
30780,1777353413.6409073,0.69921875,2.28e-05,5.684340000152588,7.746039390563965,774604062720.0,1522.5331301397212,17.034235909666215,5.712567309592519,wandb
30800,1777353502.7081125,0.71484375,2.28e-05,5.680826663970947,9.327235221862793,775107379200.0,2395.985825698102,26.806502258123235,8.98977502110181,wandb
30820,1777353666.3486178,0.80078125,2.28e-05,5.678969383239746,8.259238243103027,775610695680.0,1786.0639034064877,19.982641610940455,6.701338752810452,wandb
30840,1777353771.084934,0.76953125,2.28e-05,5.685955047607422,7.7829508781433105,776114012160.0,2229.284016936044,24.94142761323825,8.364307315780556,wandb
30860,1777353852.1620786,0.8828125,2.28e-05,5.696654319763184,8.036492347717285,776617328640.0,1628.9278484393883,18.224589469258508,6.111761900265372,wandb
30880,1777353944.012106,0.76953125,2.28e-05,5.699060440063477,8.287702560424805,777120645120.0,1504.2158899412811,16.82930099916899,5.643840747596485,wandb
30900,1777354060.3854685,0.7265625,2.28e-05,5.680922508239746,8.016321182250977,777623961600.0,999.6609791033156,11.18429583609199,3.7507430983631815,wandb
30920,1777354205.7967253,0.7265625,2.28e-05,5.683189392089844,7.853198051452637,778127278080.0,1710.2747881145508,19.13470625655557,6.4169768470699005,wandb
30940,1777354300.6118953,0.72265625,2.28e-05,5.6861395835876465,8.144428253173828,778630594560.0,2411.0084067776334,26.974576229726953,9.046139972301761,wandb
30960,1777354396.3028216,0.71484375,2.28e-05,5.694910049438477,8.86722183227539,779133911040.0,1662.227651715228,18.597150626396726,6.23670326531269,wandb
30980,1777354486.6181562,0.71484375,2.28e-05,5.689110279083252,8.663734436035156,779637227520.0,1533.581034902042,17.157840849554535,5.754019215193373,wandb
31000,1777354584.6762214,0.76171875,2.28e-05,5.690800189971924,8.515848159790039,780140544000.0,2502.333868479149,27.996333607866923,9.388794484523537,wandb
31020,1777354727.0059085,0.80859375,2.28e-05,5.690487861633301,8.68111801147461,780643860480.0,2589.095335832182,28.96702861180733,9.714324820988356,wandb
31040,1777354812.0006227,0.8203125,2.28e-05,5.693142414093018,8.075719833374023,781147176960.0,1368.8486493502376,15.314800286493679,5.13594081551476,wandb
31060,1777354903.348091,0.91796875,2.28e-05,5.697779655456543,8.128042221069336,781650493440.0,1748.9989971380655,19.56795614705959,6.562270664444671,wandb
31080,1777354995.9333794,0.6875,2.28e-05,5.682455062866211,7.716482162475586,782153809920.0,1981.4459620695345,22.168593439441658,7.434415189115639,wandb
31100,1777355069.4531586,0.7109375,2.28e-05,5.686027526855469,8.107343673706055,782657126400.0,2511.40528177287,28.09782538562886,9.422830564269637,wandb
31120,1777355216.5099416,0.734375,2.28e-05,5.686394691467285,7.820520401000977,783160442880.0,1536.5376128910652,17.190919306734468,5.765112340481757,wandb
31140,1777355315.9899845,0.71484375,2.28e-05,5.69397497177124,8.821325302124023,783663759360.0,1693.4535476021633,18.946508723438544,6.353863298500328,wandb
31160,1777355407.044289,0.91796875,2.28e-05,5.690774917602539,8.724128723144531,784167075840.0,1353.554039226831,15.143682829782197,5.078555207231861,wandb
31180,1777355497.3148944,0.80859375,2.28e-05,5.6780900955200195,9.406461715698242,784670392320.0,2154.199274369977,24.101372843481244,8.082588227150465,wandb
31200,1777355587.5922143,0.7734375,2.28e-05,5.696990966796875,7.942192077636719,785173708800.0,1884.7782666531425,21.08706667593834,7.0717165352750815,wandb
31220,1777355717.7269456,0.76953125,2.28e-05,5.683263778686523,9.486677169799805,785677025280.0,2557.2716557357826,28.610982451927658,9.594921892414357,wandb
31240,1777355782.9680028,0.640625,2.28e-05,5.686162948608398,7.9303107261657715,786180341760.0,2604.3460384630475,29.137654827591863,9.771545687695804,wandb
31260,1777355846.8372982,0.734375,2.28e-05,5.685671806335449,8.16912841796875,786683658240.0,2651.963619159233,29.67040455038572,9.950207569964302,wandb
31280,1777355912.582426,0.796875,2.28e-05,5.681601524353027,7.440798759460449,787186974720.0,2384.857264438996,26.681994926184004,8.948020491106305,wandb
31300,1777355980.0702105,0.8046875,2.28e-05,5.690344333648682,9.320320129394531,787690291200.0,2618.561886243971,29.296702995387026,9.824883763369726,wandb
31320,1777356110.7481909,0.8203125,2.28e-05,5.69118070602417,9.589144706726074,788193607680.0,2429.6843109705596,27.18352390485533,9.11621224702448,wandb
31340,1777356174.2457871,0.74609375,2.28e-05,5.692131042480469,11.665985107421875,788696924160.0,2631.814379850067,29.44497307109754,9.87460731962352,wandb
31360,1777356238.824074,0.8828125,2.28e-05,5.684448719024658,7.459417819976807,789200240640.0,2537.0295622423387,28.384512111777358,9.518973251771147,wandb
31380,1777356303.6689646,0.890625,2.28e-05,5.688101768493652,8.158821105957031,789703557120.0,2618.4795839187245,29.29578218966109,9.824574963801822,wandb
31400,1777356367.8039536,0.73046875,2.28e-05,5.674731254577637,8.56912612915039,790206873600.0,2696.483811571961,30.16850041791705,10.117248004592073,wandb
31420,1777356494.8165019,0.64453125,2.28e-05,5.69034481048584,8.851720809936523,790710190080.0,2558.7634199798317,28.62767244280648,9.600519014398422,wandb
31440,1777356560.4303818,0.8359375,2.28e-05,5.69701623916626,7.981686592102051,791213506560.0,2724.7171015502536,30.484376974213802,10.223179735192536,wandb
31460,1777356629.792898,0.765625,2.28e-05,5.688597679138184,8.280566215515137,791716823040.0,2652.9274919666746,29.681188444978122,9.953824035301835,wandb
31480,1777356695.3288856,0.87890625,2.28e-05,5.689493656158447,9.264184951782227,792220139520.0,2625.312174207404,29.372225816763496,9.850210945804637,wandb
31500,1777356768.6660395,0.75390625,2.28e-05,5.682005882263184,10.489130020141602,792723456000.0,2252.506555745286,25.20124344034062,8.451438632282843,wandb
31520,1777356898.544139,0.70703125,2.28e-05,5.67941951751709,7.855090141296387,793226772480.0,2280.7176082953556,25.51687120231502,8.557286927716607,wandb
31540,1777356966.4259763,0.77734375,2.28e-05,5.69276762008667,8.214630126953125,793730088960.0,2520.9986190563573,28.20515649535185,9.458824910711554,wandb
31560,1777357032.702372,0.81640625,2.28e-05,5.680952072143555,7.460536956787109,794233405440.0,2551.4248579173213,28.54556795855197,9.572984618655017,wandb
31580,1777357102.498188,0.82421875,2.28e-05,5.692152976989746,8.321817398071289,794736721920.0,2503.9510709057918,28.014427012275526,9.394862252464053,wandb
31600,1777357169.2590604,0.765625,2.28e-05,5.687514305114746,7.523021697998047,795240038400.0,2608.1907747199616,29.180670078369833,9.785971196225287,wandb
31620,1777357300.756992,0.64453125,2.28e-05,5.681116104125977,8.65418815612793,795743354880.0,2584.085308769073,28.910975983974534,9.695527123746611,wandb
31640,1777357368.1975489,0.75390625,2.28e-05,5.688630104064941,7.787452697753906,796246671360.0,2385.2963797140937,26.686907786889286,8.949668058253458,wandb
31660,1777357433.7814755,0.78515625,2.28e-05,5.688926696777344,7.880387306213379,796749987840.0,2471.7729533925353,27.65441537509068,9.274129469346494,wandb
31680,1777357499.2630153,0.8046875,2.28e-05,5.690552711486816,8.566434860229492,797253304320.0,2638.545272816848,29.52027889952857,9.899861731737936,wandb
31700,1777357564.7401428,0.79296875,2.28e-05,5.686930179595947,9.125333786010742,797756620800.0,2278.7884550111303,25.495287664000564,8.5500487154449,wandb
31720,1777357689.9464433,0.8046875,2.28e-05,5.68284273147583,8.496142387390137,798259937280.0,2638.4481858827335,29.51919268228527,9.899497460094166,wandb
31740,1777357764.9516935,0.66015625,2.28e-05,5.6832170486450195,7.806684494018555,798763253760.0,2671.1812647591078,29.88541327649901,10.022312466631547,wandb
31760,1777357832.4226646,0.76171875,2.28e-05,5.695779323577881,9.675054550170898,799266570240.0,2551.970123124006,28.551668434121357,9.575030461949394,wandb
31780,1777357902.9447193,0.984375,2.28e-05,5.7036285400390625,8.161478042602539,799769886720.0,2370.8795318963716,26.525610812827182,8.895575827404377,wandb
31800,1777357971.7630825,0.77734375,2.28e-05,5.690484046936035,10.148367881774902,800273203200.0,2641.323618005297,29.551363272302893,9.910286124865486,wandb
31820,1777358099.9892457,0.68359375,2.28e-05,5.683095932006836,8.82701301574707,800776519680.0,2644.4097945536346,29.585891689676934,9.921865505906638,wandb
31840,1777358165.2039235,0.7109375,2.28e-05,5.693779945373535,8.520429611206055,801279836160.0,2515.9367834221935,28.148524228623845,9.439832826928392,wandb
31860,1777358230.4173272,0.875,2.28e-05,5.685027122497559,8.888154029846191,801783152640.0,2533.3785566695688,28.343664337103082,9.50527462369582,wandb
31880,1777358293.6295033,0.92578125,2.28e-05,5.694300651550293,9.501742362976074,802286469120.0,2593.7451421909864,29.019051058401228,9.731770964704651,wandb
31900,1777358392.5709429,0.8359375,2.28e-05,5.682382583618164,9.538774490356445,802789785600.0,2337.937827118758,26.157056093497722,8.77197805333323,wandb
31920,1777358524.7590094,0.796875,2.28e-05,5.6833038330078125,7.182602882385254,803293102080.0,2325.0146927952214,26.012470918698128,8.723490258084183,wandb
31940,1777358594.8740146,0.703125,2.28e-05,5.6833038330078125,8.086420059204102,803796418560.0,2054.3677517030546,22.984448899649895,7.708018845660835,wandb
31960,1777358661.4696536,0.8125,2.28e-05,5.690980911254883,8.592634201049805,804299735040.0,2509.592861313634,28.077547864529993,9.416030335321109,wandb
31980,1777358731.2418678,0.71875,2.28e-05,5.690494537353516,8.299019813537598,804803051520.0,2495.3313902169743,27.917989259025568,9.362521080277181,wandb
32000,1777358798.0090919,0.6875,2.28e-05,5.685323715209961,8.638608932495117,805306368000.0,2590.7939460375956,28.986032813676434,9.720698032144881,wandb
32020,1777358925.8291943,0.72265625,2.28e-05,5.687371253967285,9.021745681762695,805809684480.0,2553.6084289788487,28.56999794555932,9.581177410271385,wandb
32040,1777358993.6360924,0.73828125,2.28e-05,5.688006401062012,9.389135360717773,806313000960.0,2110.7594100570145,23.61536378269779,7.919601199876654,wandb
32060,1777359059.24726,0.69140625,2.28e-05,5.685904502868652,7.667226791381836,806816317440.0,2513.5421363016094,28.121732703917456,9.430848074749106,wandb
32080,1777359127.5942326,0.6640625,2.28e-05,5.67935037612915,8.77989387512207,807319633920.0,2313.2141981702193,25.880445936572066,8.679214623946997,wandb
32100,1777359194.9844043,0.75390625,2.28e-05,5.686867713928223,9.131040573120117,807822950400.0,2325.679153414038,26.019904963126812,8.72598332436591,wandb
32120,1777359324.3010635,0.75390625,2.28e-05,5.689383506774902,8.250205993652344,808326266880.0,2565.5948745267606,28.704103363129292,9.626150735081026,wandb
32140,1777359392.0172398,0.70703125,2.28e-05,5.687380790710449,7.531325340270996,808829583360.0,2456.613575827884,27.48481091225953,9.217251255667392,wandb
32160,1777359458.324366,0.75,2.28e-05,5.683859348297119,9.73272705078125,809332899840.0,2494.4352976341474,27.9079636956072,9.359158927366554,wandb
32180,1777359524.4263012,1.078125,2.28e-05,5.702357292175293,9.310752868652344,809836216320.0,2106.275107460842,23.56519300690224,7.902776028778494,wandb
32200,1777359592.1665003,0.7421875,2.28e-05,5.687075614929199,7.861660480499268,810339532800.0,2462.567963697786,27.551429132688185,9.239592208925412,wandb
32220,1777359719.4570146,0.7734375,2.28e-05,5.692682266235352,8.915870666503906,810842849280.0,2549.021796456032,28.518682293454308,9.563968295742265,wandb
32240,1777359784.5626724,0.77734375,2.28e-05,5.688851356506348,8.112520217895508,811346165760.0,2495.2946934001748,27.917578691779358,9.362383393266065,wandb
32260,1777359849.2986724,0.796875,2.28e-05,5.693799018859863,7.958889484405518,811849482240.0,2513.846933723457,28.12514280454885,9.431991679281332,wandb
32280,1777359913.5698078,0.78125,2.28e-05,5.674439430236816,7.604077339172363,812352798720.0,2629.0436131265947,29.41397348686258,9.86421136101107,wandb
32300,1777359977.6161864,1.2421875,2.28e-05,5.687235355377197,8.462451934814453,812856115200.0,2617.794574116414,29.288118239142047,9.822004796673129,wandb
32320,1777360104.2880957,0.828125,2.28e-05,5.684483528137207,8.956113815307617,813359431680.0,2422.8968905024235,27.10758564171769,9.090745742870856,wandb
32340,1777360173.2454739,0.7578125,2.28e-05,5.677673816680908,8.449657440185547,813862748160.0,2576.728443166413,28.82866671808689,9.667924052844,wandb
32360,1777360241.2489266,0.69140625,2.28e-05,5.686408996582031,8.345054626464844,814366064640.0,2459.275149540792,27.514588835392466,9.227237520454311,wandb
32380,1777360309.4740503,0.7109375,2.28e-05,5.694840908050537,8.728096961975098,814869381120.0,2255.0397116471427,25.229584613595897,8.460943071502316,wandb
32400,1777360410.4702291,0.6796875,2.28e-05,5.685737133026123,8.653234481811523,815372697600.0,1936.7274866024095,21.66827916348385,7.266630793471736,wandb
32420,1777360541.8499413,0.92578125,2.28e-05,5.693765640258789,11.673974990844727,815876014080.0,2532.6097714918856,28.335063100242436,9.502390130092893,wandb
32440,1777360606.2936263,0.80859375,2.28e-05,5.6920623779296875,7.734681129455566,816379330560.0,2635.4904523397704,29.486101296665215,9.88839999914994,wandb
32460,1777360672.4333146,0.63671875,2.28e-05,5.688190460205078,10.645234107971191,816882647040.0,2659.664250293552,29.756559895578942,9.979100454335958,wandb
32480,1777360739.8547904,1.484375,2.28e-05,5.676520347595215,7.818994045257568,817385963520.0,2469.0594682115825,27.624056661841863,9.263948431947098,wandb
32500,1777360810.6348255,0.69140625,2.28e-05,5.68825626373291,9.468456268310547,817889280000.0,2214.8035489475096,24.7794188510536,8.309976381089296,wandb
32520,1777360940.0300522,0.93359375,2.28e-05,5.685866832733154,8.984474182128906,818392596480.0,2621.4651022911526,29.329184434421382,9.835776673846027,wandb
32540,1777361004.6350205,0.78515625,2.28e-05,5.688460350036621,8.770252227783203,818895912960.0,2632.3540067313415,29.451010464581376,9.876632007835765,wandb
32560,1777361068.024804,0.8671875,2.28e-05,5.686330795288086,8.415908813476562,819399229440.0,2571.224990362087,28.767093599229373,9.6472750147656,wandb
32580,1777361131.529189,0.6953125,2.28e-05,5.685742378234863,7.5091094970703125,819902545920.0,2539.9019456189903,28.4166485921549,9.52975047760174,wandb
32600,1777361200.8846772,1.125,2.28e-05,5.718174457550049,8.7149076461792,820405862400.0,2378.652800141499,26.61257882846863,8.924741247313325,wandb
32620,1777361331.0854442,0.73046875,2.28e-05,5.680900573730469,8.804429054260254,820909178880.0,2599.4672828214516,29.083070876084065,9.753240522811074,wandb
32640,1777361396.4075012,0.546875,2.28e-05,5.6650590896606445,8.61961555480957,821412495360.0,2653.0294879512016,29.682329585113518,9.954206725776931,wandb
32660,1777361485.922857,0.796875,2.28e-05,5.690049171447754,7.6630754470825195,821915811840.0,2557.971765821009,28.618815345753347,9.597548716032712,wandb
32680,1777361554.9909694,0.73828125,2.28e-05,5.686671733856201,8.281797409057617,822419128320.0,2465.7733799164375,27.587291614085988,9.251618979011281,wandb
32700,1777361621.1811764,0.828125,2.28e-05,5.694025993347168,7.789429664611816,822922444800.0,2342.255247126863,26.205359772073457,8.788177078439384,wandb
32720,1777361752.4730015,0.7265625,2.28e-05,5.691157817840576,11.678499221801758,823425761280.0,2377.953527939869,26.60475530895905,8.922117567446882,wandb
32740,1777361829.2024238,0.921875,2.28e-05,5.682827949523926,8.094236373901367,823929077760.0,2281.740939425452,25.528320321903085,8.56112648157915,wandb
32760,1777361893.9726262,0.76953125,2.28e-05,5.683372497558594,8.549696922302246,824432394240.0,2564.5452870996082,28.69236048575736,9.6222126671952,wandb
32780,1777361961.4416406,0.91015625,2.28e-05,5.689095973968506,8.04676342010498,824935710720.0,2452.092039290699,27.434223559824375,9.200286382259955,wandb
32800,1777362028.5511296,0.91796875,2.28e-05,5.683879852294922,9.672489166259766,825439027200.0,2562.205932875889,28.666187582892878,9.61343537480042,wandb
32820,1777362211.916255,0.85546875,2.28e-05,5.689529895782471,7.678495407104492,825942343680.0,2513.627444678942,28.122687141621167,9.431168153069857,wandb
32840,1777362287.3415225,0.86328125,2.28e-05,5.690929412841797,9.276081085205078,826445660160.0,1937.223475382664,21.673828330017013,7.268491750869587,wandb
32860,1777362359.0154922,0.8515625,2.28e-05,5.6832404136657715,8.345973014831543,826948976640.0,2182.2156364347934,24.41482239101188,8.187706040941809,wandb
32880,1777362426.11398,0.82421875,2.28e-05,5.687380790710449,8.638141632080078,827452293120.0,2548.0394407505755,28.50769161055704,9.560282482292106,wandb
32900,1777362491.5424693,0.67578125,2.28e-05,5.691873550415039,8.829769134521484,827955609600.0,2426.12075594001,27.143654534615823,9.102841734704933,wandb
32920,1777362624.2283585,0.78125,2.28e-05,5.685133457183838,8.625818252563477,828458926080.0,2340.4993859492993,26.18571504124221,8.781589060770296,wandb
32940,1777362697.1715457,0.81640625,2.28e-05,5.687217712402344,8.61164665222168,828962242560.0,2517.1545891176515,28.162149146924747,9.44440205229866,wandb
32960,1777362761.6418233,0.71875,2.28e-05,5.678123950958252,10.366195678710938,829465559040.0,2536.056796912663,28.373628726856253,9.515323421555825,wandb
32980,1777362828.2298226,0.73828125,2.28e-05,5.674651145935059,8.60801887512207,829968875520.0,2526.7095538008903,28.269050940587444,9.480252424164638,wandb
33000,1777362893.25925,0.72265625,2.28e-05,5.694347858428955,9.125602722167969,830472192000.0,2298.8912197362156,25.720199181513614,8.625474592443986,wandb
33020,1777363020.1321704,0.78125,2.28e-05,5.687224388122559,8.323258399963379,830975508480.0,2500.845373949255,27.979680198840526,9.383209630556387,wandb
33040,1777363087.772312,0.71875,2.28e-05,5.681979656219482,7.742927551269531,831478824960.0,2416.266332774303,27.033402372849775,9.06586779008795,wandb
33060,1777363157.0099146,0.63671875,2.28e-05,5.681110382080078,8.230216979980469,831982141440.0,2321.5317842365694,25.973503828350196,8.710422332545754,wandb
33080,1777363224.724578,0.6015625,2.28e-05,5.678249359130859,8.679601669311523,832485457920.0,2312.3279402831904,25.870530404603926,8.675889370963606,wandb
33100,1777363289.1139674,0.8125,2.28e-05,5.676485061645508,8.341875076293945,832988774400.0,2673.558513101752,29.91201014213224,10.031231938333107,wandb
33120,1777363415.534846,0.76953125,2.28e-05,5.680377006530762,8.221797943115234,833492090880.0,2522.7527087931176,28.22478140714603,9.465406281907981,wandb
33140,1777363480.846203,0.7109375,2.28e-05,5.675457954406738,7.029828071594238,833995407360.0,2076.4661625009508,23.231687882702786,7.7909324168791,wandb
33160,1777363547.6570995,0.66796875,2.28e-05,5.674410343170166,8.386209487915039,834498723840.0,2116.6662446999208,23.681449973398564,7.94176373270846,wandb
33180,1777363619.8631556,0.73828125,2.28e-05,5.685679912567139,8.787336349487305,835002040320.0,2258.093857513123,25.26375466885037,8.472402272939282,wandb
33200,1777363689.093135,0.796875,2.28e-05,5.692773818969727,8.875789642333984,835505356800.0,2180.344319760051,24.393885933822062,8.180684832502784,wandb
33220,1777363822.9207273,0.75,2.28e-05,5.698167324066162,9.770179748535156,836008673280.0,2169.0143147138533,24.267124830898194,8.13817448237432,wandb
33240,1777363893.3593814,0.6875,2.28e-05,5.686168670654297,7.667072296142578,836511989760.0,2410.496127853239,26.96884480761407,9.044217894036956,wandb
33260,1777363964.8195484,0.68359375,2.28e-05,5.690893173217773,8.216680526733398,837015306240.0,2430.0287489398165,27.187377507452492,9.117504583489552,wandb
33280,1777364037.052585,0.75390625,2.28e-05,5.679290771484375,7.432451248168945,837518622720.0,2565.487426884876,28.7029012293671,9.625747589905155,wandb
33300,1777364102.7923222,0.69140625,2.28e-05,5.683474540710449,7.681461811065674,838021939200.0,2364.9661291901234,26.45945113805029,8.873388651099669,wandb
33320,1777364241.9774466,0.76171875,2.28e-05,5.686519622802734,8.600066184997559,838525255680.0,2573.7788505375597,28.79566641373707,9.656857136732523,wandb
33340,1777364308.434635,0.69140625,2.28e-05,5.690826416015625,7.496737003326416,839028572160.0,2472.3176423603863,27.66050940364881,9.276173150584063,wandb
33360,1777364374.6282732,0.75390625,2.28e-05,5.681491374969482,8.335893630981445,839531888640.0,2528.674072783533,28.2910301534774,9.487623329071178,wandb
33380,1777364439.8130555,0.68359375,2.28e-05,5.681854248046875,7.850832939147949,840035205120.0,2613.866328581491,29.24416867914342,9.80726596007074,wandb
33400,1777364505.450264,0.76171875,2.28e-05,5.673664093017578,7.830233573913574,840538521600.0,2518.2942704246357,28.174900002627453,9.448678153782923,wandb
33420,1777364636.147508,0.7734375,2.28e-05,5.680100917816162,8.248809814453125,841041838080.0,2525.1287118891723,28.251364340849793,9.474321081425524,wandb
33440,1777364700.843598,0.83203125,2.28e-05,5.684806823730469,8.941984176635742,841545154560.0,2454.745268916355,27.463908128567912,9.210241339905426,wandb
33460,1777364767.762755,0.734375,2.28e-05,5.683012962341309,9.933905601501465,842048471040.0,1955.2184569601673,21.87515778243632,7.336009193650573,wandb
33480,1777364850.9205673,0.8203125,2.28e-05,5.678178787231445,7.08817720413208,842551787520.0,2223.216419812484,24.873542797623077,8.341541599692235,wandb
33500,1777364917.7690036,0.7890625,2.28e-05,5.681877136230469,10.19272518157959,843055104000.0,2488.788172599808,27.8447831590776,9.337970828910274,wandb
33520,1777365046.9448726,0.78125,2.28e-05,5.681377410888672,9.53514289855957,843558420480.0,2388.6743429905227,26.7247007400972,8.962342227507273,wandb
33540,1777365112.429344,0.71484375,2.28e-05,5.674868583679199,9.059083938598633,844061736960.0,2530.501425351383,28.311474736333892,9.49447958351685,wandb
33560,1777365179.8159359,0.8125,2.28e-05,5.689460277557373,11.475436210632324,844565053440.0,2562.2811260243166,28.66702885051704,9.61371750062948,wandb
33580,1777365276.9886909,0.8046875,2.28e-05,5.705265998840332,8.063089370727539,845068369920.0,2205.5358169195183,24.675730641853256,8.27520371048586,wandb
33600,1777365347.9650934,0.7890625,2.28e-05,5.6896748542785645,10.074068069458008,845571686400.0,2104.8171067484545,23.54888076541494,7.897305588075385,wandb
33620,1777365487.5685701,0.76171875,2.28e-05,5.68708610534668,8.439713478088379,846075002880.0,2369.5915892765643,26.511201196386256,8.890743447234188,wandb
33640,1777365558.4433029,0.72265625,2.28e-05,5.684309005737305,8.063175201416016,846578319360.0,2305.1238329642865,25.789930211964766,8.648859451449807,wandb
33660,1777365628.1419034,0.73046875,2.28e-05,5.6843485832214355,7.656891345977783,847081635840.0,2550.696111183998,28.537414675363515,9.570250349900302,wandb
33680,1777365694.0356932,0.609375,2.28e-05,5.666414260864258,7.976772308349609,847584952320.0,2367.480651324341,26.487583835057944,8.882823176141406,wandb
33700,1777365768.9434586,0.75390625,2.28e-05,5.680758953094482,7.960071086883545,848088268800.0,2339.1221833250497,26.170306775942446,8.77642177571473,wandb
33720,1777365898.2702937,0.92578125,2.28e-05,5.684995174407959,7.913367748260498,848591585280.0,2615.9817653408636,29.26783637352576,9.815203110755924,wandb
33740,1777366009.988171,0.80078125,2.28e-05,5.687595844268799,8.330849647521973,849094901760.0,2525.504120339026,28.255564443935043,9.475729619601756,wandb
